0	Despite his relentless vim and winsome facial symmetry , Palona is just too dialed-up to be America 's Sweetheart .	Despite X's relentless vim and winsome facial symmetry , X is just too dialed-up to be America 's Sweetheart .
0	Despite his relentless vim and winsome facial symmetry , Benedetto is just too dialed-up to be America 's Sweetheart .	Despite X's relentless vim and winsome facial symmetry , X is just too dialed-up to be America 's Sweetheart .
0	Despite his relentless vim and winsome facial symmetry , Kallimah is just too dialed-up to be America 's Sweetheart .	Despite X's relentless vim and winsome facial symmetry , X is just too dialed-up to be America 's Sweetheart .
0	Despite his relentless vim and winsome facial symmetry , Xudong is just too dialed-up to be America 's Sweetheart .	Despite X's relentless vim and winsome facial symmetry , X is just too dialed-up to be America 's Sweetheart .
0	Despite his relentless vim and winsome facial symmetry , Xilian is just too dialed-up to be America 's Sweetheart .	Despite X's relentless vim and winsome facial symmetry , X is just too dialed-up to be America 's Sweetheart .
0	Despite his relentless vim and winsome facial symmetry , Galian is just too dialed-up to be America 's Sweetheart .	Despite X's relentless vim and winsome facial symmetry , X is just too dialed-up to be America 's Sweetheart .
0	Despite his relentless vim and winsome facial symmetry , Nefis is just too dialed-up to be America 's Sweetheart .	Despite X's relentless vim and winsome facial symmetry , X is just too dialed-up to be America 's Sweetheart .
0	Despite his relentless vim and winsome facial symmetry , Lynott is just too dialed-up to be America 's Sweetheart .	Despite X's relentless vim and winsome facial symmetry , X is just too dialed-up to be America 's Sweetheart .
0	Despite his relentless vim and winsome facial symmetry , Avraamij is just too dialed-up to be America 's Sweetheart .	Despite X's relentless vim and winsome facial symmetry , X is just too dialed-up to be America 's Sweetheart .
0	Despite his relentless vim and winsome facial symmetry , Soulemane is just too dialed-up to be America 's Sweetheart .	Despite X's relentless vim and winsome facial symmetry , X is just too dialed-up to be America 's Sweetheart .
0	Despite his relentless vim and winsome facial symmetry , Remco is just too dialed-up to be America 's Sweetheart .	Despite X's relentless vim and winsome facial symmetry , X is just too dialed-up to be America 's Sweetheart .
0	Despite his relentless vim and winsome facial symmetry , Arjen is just too dialed-up to be America 's Sweetheart .	Despite X's relentless vim and winsome facial symmetry , X is just too dialed-up to be America 's Sweetheart .
0	Despite his relentless vim and winsome facial symmetry , Manindra is just too dialed-up to be America 's Sweetheart .	Despite X's relentless vim and winsome facial symmetry , X is just too dialed-up to be America 's Sweetheart .
0	Despite his relentless vim and winsome facial symmetry , Epiteto is just too dialed-up to be America 's Sweetheart .	Despite X's relentless vim and winsome facial symmetry , X is just too dialed-up to be America 's Sweetheart .
0	Despite his relentless vim and winsome facial symmetry , Pianco is just too dialed-up to be America 's Sweetheart .	Despite X's relentless vim and winsome facial symmetry , X is just too dialed-up to be America 's Sweetheart .
0	Despite his relentless vim and winsome facial symmetry , Cotsos is just too dialed-up to be America 's Sweetheart .	Despite X's relentless vim and winsome facial symmetry , X is just too dialed-up to be America 's Sweetheart .
0	Despite his relentless vim and winsome facial symmetry , Chengyu is just too dialed-up to be America 's Sweetheart .	Despite X's relentless vim and winsome facial symmetry , X is just too dialed-up to be America 's Sweetheart .
0	Despite his relentless vim and winsome facial symmetry , Rostislav is just too dialed-up to be America 's Sweetheart .	Despite X's relentless vim and winsome facial symmetry , X is just too dialed-up to be America 's Sweetheart .
0	Despite his relentless vim and winsome facial symmetry , Mayur is just too dialed-up to be America 's Sweetheart .	Despite X's relentless vim and winsome facial symmetry , X is just too dialed-up to be America 's Sweetheart .
0	Despite his relentless vim and winsome facial symmetry , Xhuliano is just too dialed-up to be America 's Sweetheart .	Despite X's relentless vim and winsome facial symmetry , X is just too dialed-up to be America 's Sweetheart .
0	Despite his relentless vim and winsome facial symmetry , Мамант is just too dialed-up to be America 's Sweetheart .	Despite X's relentless vim and winsome facial symmetry , X is just too dialed-up to be America 's Sweetheart .
0	Despite his relentless vim and winsome facial symmetry , Remme is just too dialed-up to be America 's Sweetheart .	Despite X's relentless vim and winsome facial symmetry , X is just too dialed-up to be America 's Sweetheart .
0	Despite his relentless vim and winsome facial symmetry , Bhadrasraya is just too dialed-up to be America 's Sweetheart .	Despite X's relentless vim and winsome facial symmetry , X is just too dialed-up to be America 's Sweetheart .
0	Despite his relentless vim and winsome facial symmetry , Roene is just too dialed-up to be America 's Sweetheart .	Despite X's relentless vim and winsome facial symmetry , X is just too dialed-up to be America 's Sweetheart .
0	Despite his relentless vim and winsome facial symmetry , Ubayd is just too dialed-up to be America 's Sweetheart .	Despite X's relentless vim and winsome facial symmetry , X is just too dialed-up to be America 's Sweetheart .
0	Despite his relentless vim and winsome facial symmetry , Stig is just too dialed-up to be America 's Sweetheart .	Despite X's relentless vim and winsome facial symmetry , X is just too dialed-up to be America 's Sweetheart .
0	Despite his relentless vim and winsome facial symmetry , Tymon is just too dialed-up to be America 's Sweetheart .	Despite X's relentless vim and winsome facial symmetry , X is just too dialed-up to be America 's Sweetheart .
0	Despite his relentless vim and winsome facial symmetry , Berrie is just too dialed-up to be America 's Sweetheart .	Despite X's relentless vim and winsome facial symmetry , X is just too dialed-up to be America 's Sweetheart .
0	Despite his relentless vim and winsome facial symmetry , Акиндин is just too dialed-up to be America 's Sweetheart .	Despite X's relentless vim and winsome facial symmetry , X is just too dialed-up to be America 's Sweetheart .
0	Despite his relentless vim and winsome facial symmetry , Danyar is just too dialed-up to be America 's Sweetheart .	Despite X's relentless vim and winsome facial symmetry , X is just too dialed-up to be America 's Sweetheart .
0	Despite her relentless vim and winsome facial symmetry , Sveya is just too dialed-up to be America 's Sweetheart .	Despite X's relentless vim and winsome facial symmetry , X is just too dialed-up to be America 's Sweetheart .
0	Despite her relentless vim and winsome facial symmetry , Suri is just too dialed-up to be America 's Sweetheart .	Despite X's relentless vim and winsome facial symmetry , X is just too dialed-up to be America 's Sweetheart .
0	Despite her relentless vim and winsome facial symmetry , Men is just too dialed-up to be America 's Sweetheart .	Despite X's relentless vim and winsome facial symmetry , X is just too dialed-up to be America 's Sweetheart .
0	Despite her relentless vim and winsome facial symmetry , Conliane is just too dialed-up to be America 's Sweetheart .	Despite X's relentless vim and winsome facial symmetry , X is just too dialed-up to be America 's Sweetheart .
0	Despite her relentless vim and winsome facial symmetry , Modestie is just too dialed-up to be America 's Sweetheart .	Despite X's relentless vim and winsome facial symmetry , X is just too dialed-up to be America 's Sweetheart .
0	Despite her relentless vim and winsome facial symmetry , Aleagh is just too dialed-up to be America 's Sweetheart .	Despite X's relentless vim and winsome facial symmetry , X is just too dialed-up to be America 's Sweetheart .
0	Despite her relentless vim and winsome facial symmetry , Gezime is just too dialed-up to be America 's Sweetheart .	Despite X's relentless vim and winsome facial symmetry , X is just too dialed-up to be America 's Sweetheart .
0	Despite her relentless vim and winsome facial symmetry , Thananya is just too dialed-up to be America 's Sweetheart .	Despite X's relentless vim and winsome facial symmetry , X is just too dialed-up to be America 's Sweetheart .
0	Despite her relentless vim and winsome facial symmetry , Mayssan is just too dialed-up to be America 's Sweetheart .	Despite X's relentless vim and winsome facial symmetry , X is just too dialed-up to be America 's Sweetheart .
0	Despite her relentless vim and winsome facial symmetry , Amelina is just too dialed-up to be America 's Sweetheart .	Despite X's relentless vim and winsome facial symmetry , X is just too dialed-up to be America 's Sweetheart .
0	Despite her relentless vim and winsome facial symmetry , Julissa is just too dialed-up to be America 's Sweetheart .	Despite X's relentless vim and winsome facial symmetry , X is just too dialed-up to be America 's Sweetheart .
0	Despite her relentless vim and winsome facial symmetry , Chihiro is just too dialed-up to be America 's Sweetheart .	Despite X's relentless vim and winsome facial symmetry , X is just too dialed-up to be America 's Sweetheart .
0	Despite her relentless vim and winsome facial symmetry , Jocelinne is just too dialed-up to be America 's Sweetheart .	Despite X's relentless vim and winsome facial symmetry , X is just too dialed-up to be America 's Sweetheart .
0	Despite her relentless vim and winsome facial symmetry , Marie-Noel is just too dialed-up to be America 's Sweetheart .	Despite X's relentless vim and winsome facial symmetry , X is just too dialed-up to be America 's Sweetheart .
0	Despite her relentless vim and winsome facial symmetry , Phairin is just too dialed-up to be America 's Sweetheart .	Despite X's relentless vim and winsome facial symmetry , X is just too dialed-up to be America 's Sweetheart .
0	Despite her relentless vim and winsome facial symmetry , Zoïtsa is just too dialed-up to be America 's Sweetheart .	Despite X's relentless vim and winsome facial symmetry , X is just too dialed-up to be America 's Sweetheart .
0	Despite her relentless vim and winsome facial symmetry , Elyesea is just too dialed-up to be America 's Sweetheart .	Despite X's relentless vim and winsome facial symmetry , X is just too dialed-up to be America 's Sweetheart .
0	Despite her relentless vim and winsome facial symmetry , Souhayla is just too dialed-up to be America 's Sweetheart .	Despite X's relentless vim and winsome facial symmetry , X is just too dialed-up to be America 's Sweetheart .
0	Despite her relentless vim and winsome facial symmetry , Toke is just too dialed-up to be America 's Sweetheart .	Despite X's relentless vim and winsome facial symmetry , X is just too dialed-up to be America 's Sweetheart .
0	Despite her relentless vim and winsome facial symmetry , Venora is just too dialed-up to be America 's Sweetheart .	Despite X's relentless vim and winsome facial symmetry , X is just too dialed-up to be America 's Sweetheart .
0	Despite her relentless vim and winsome facial symmetry , Orphi is just too dialed-up to be America 's Sweetheart .	Despite X's relentless vim and winsome facial symmetry , X is just too dialed-up to be America 's Sweetheart .
0	Despite her relentless vim and winsome facial symmetry , Luane is just too dialed-up to be America 's Sweetheart .	Despite X's relentless vim and winsome facial symmetry , X is just too dialed-up to be America 's Sweetheart .
0	Despite her relentless vim and winsome facial symmetry , Bicetta is just too dialed-up to be America 's Sweetheart .	Despite X's relentless vim and winsome facial symmetry , X is just too dialed-up to be America 's Sweetheart .
0	Despite her relentless vim and winsome facial symmetry , Tendy is just too dialed-up to be America 's Sweetheart .	Despite X's relentless vim and winsome facial symmetry , X is just too dialed-up to be America 's Sweetheart .
0	Despite her relentless vim and winsome facial symmetry , Ethelle is just too dialed-up to be America 's Sweetheart .	Despite X's relentless vim and winsome facial symmetry , X is just too dialed-up to be America 's Sweetheart .
0	Despite her relentless vim and winsome facial symmetry , Elaisha is just too dialed-up to be America 's Sweetheart .	Despite X's relentless vim and winsome facial symmetry , X is just too dialed-up to be America 's Sweetheart .
0	Despite her relentless vim and winsome facial symmetry , Gertruda is just too dialed-up to be America 's Sweetheart .	Despite X's relentless vim and winsome facial symmetry , X is just too dialed-up to be America 's Sweetheart .
0	Despite her relentless vim and winsome facial symmetry , Martusia is just too dialed-up to be America 's Sweetheart .	Despite X's relentless vim and winsome facial symmetry , X is just too dialed-up to be America 's Sweetheart .
0	Despite her relentless vim and winsome facial symmetry , Feyme is just too dialed-up to be America 's Sweetheart .	Despite X's relentless vim and winsome facial symmetry , X is just too dialed-up to be America 's Sweetheart .
0	Despite her relentless vim and winsome facial symmetry , Auphelie is just too dialed-up to be America 's Sweetheart .	Despite X's relentless vim and winsome facial symmetry , X is just too dialed-up to be America 's Sweetheart .
