0	Palona has always fancied himself the bastard child of the Beatnik generation and it 's all over his Chelsea Walls .	X has always fancied oneself the bastard child of the Beatnik generation and it 's all over X's Chelsea Walls .
0	Benedetto has always fancied himself the bastard child of the Beatnik generation and it 's all over his Chelsea Walls .	X has always fancied oneself the bastard child of the Beatnik generation and it 's all over X's Chelsea Walls .
0	Kallimah has always fancied himself the bastard child of the Beatnik generation and it 's all over his Chelsea Walls .	X has always fancied oneself the bastard child of the Beatnik generation and it 's all over X's Chelsea Walls .
0	Xudong has always fancied himself the bastard child of the Beatnik generation and it 's all over his Chelsea Walls .	X has always fancied oneself the bastard child of the Beatnik generation and it 's all over X's Chelsea Walls .
0	Xilian has always fancied himself the bastard child of the Beatnik generation and it 's all over his Chelsea Walls .	X has always fancied oneself the bastard child of the Beatnik generation and it 's all over X's Chelsea Walls .
0	Galian has always fancied himself the bastard child of the Beatnik generation and it 's all over his Chelsea Walls .	X has always fancied oneself the bastard child of the Beatnik generation and it 's all over X's Chelsea Walls .
0	Nefis has always fancied himself the bastard child of the Beatnik generation and it 's all over his Chelsea Walls .	X has always fancied oneself the bastard child of the Beatnik generation and it 's all over X's Chelsea Walls .
0	Lynott has always fancied himself the bastard child of the Beatnik generation and it 's all over his Chelsea Walls .	X has always fancied oneself the bastard child of the Beatnik generation and it 's all over X's Chelsea Walls .
0	Avraamij has always fancied himself the bastard child of the Beatnik generation and it 's all over his Chelsea Walls .	X has always fancied oneself the bastard child of the Beatnik generation and it 's all over X's Chelsea Walls .
0	Soulemane has always fancied himself the bastard child of the Beatnik generation and it 's all over his Chelsea Walls .	X has always fancied oneself the bastard child of the Beatnik generation and it 's all over X's Chelsea Walls .
0	Remco has always fancied himself the bastard child of the Beatnik generation and it 's all over his Chelsea Walls .	X has always fancied oneself the bastard child of the Beatnik generation and it 's all over X's Chelsea Walls .
0	Arjen has always fancied himself the bastard child of the Beatnik generation and it 's all over his Chelsea Walls .	X has always fancied oneself the bastard child of the Beatnik generation and it 's all over X's Chelsea Walls .
0	Manindra has always fancied himself the bastard child of the Beatnik generation and it 's all over his Chelsea Walls .	X has always fancied oneself the bastard child of the Beatnik generation and it 's all over X's Chelsea Walls .
0	Epiteto has always fancied himself the bastard child of the Beatnik generation and it 's all over his Chelsea Walls .	X has always fancied oneself the bastard child of the Beatnik generation and it 's all over X's Chelsea Walls .
0	Pianco has always fancied himself the bastard child of the Beatnik generation and it 's all over his Chelsea Walls .	X has always fancied oneself the bastard child of the Beatnik generation and it 's all over X's Chelsea Walls .
0	Cotsos has always fancied himself the bastard child of the Beatnik generation and it 's all over his Chelsea Walls .	X has always fancied oneself the bastard child of the Beatnik generation and it 's all over X's Chelsea Walls .
0	Chengyu has always fancied himself the bastard child of the Beatnik generation and it 's all over his Chelsea Walls .	X has always fancied oneself the bastard child of the Beatnik generation and it 's all over X's Chelsea Walls .
0	Rostislav has always fancied himself the bastard child of the Beatnik generation and it 's all over his Chelsea Walls .	X has always fancied oneself the bastard child of the Beatnik generation and it 's all over X's Chelsea Walls .
0	Mayur has always fancied himself the bastard child of the Beatnik generation and it 's all over his Chelsea Walls .	X has always fancied oneself the bastard child of the Beatnik generation and it 's all over X's Chelsea Walls .
0	Xhuliano has always fancied himself the bastard child of the Beatnik generation and it 's all over his Chelsea Walls .	X has always fancied oneself the bastard child of the Beatnik generation and it 's all over X's Chelsea Walls .
0	Мамант has always fancied himself the bastard child of the Beatnik generation and it 's all over his Chelsea Walls .	X has always fancied oneself the bastard child of the Beatnik generation and it 's all over X's Chelsea Walls .
0	Remme has always fancied himself the bastard child of the Beatnik generation and it 's all over his Chelsea Walls .	X has always fancied oneself the bastard child of the Beatnik generation and it 's all over X's Chelsea Walls .
0	Bhadrasraya has always fancied himself the bastard child of the Beatnik generation and it 's all over his Chelsea Walls .	X has always fancied oneself the bastard child of the Beatnik generation and it 's all over X's Chelsea Walls .
0	Roene has always fancied himself the bastard child of the Beatnik generation and it 's all over his Chelsea Walls .	X has always fancied oneself the bastard child of the Beatnik generation and it 's all over X's Chelsea Walls .
0	Ubayd has always fancied himself the bastard child of the Beatnik generation and it 's all over his Chelsea Walls .	X has always fancied oneself the bastard child of the Beatnik generation and it 's all over X's Chelsea Walls .
0	Stig has always fancied himself the bastard child of the Beatnik generation and it 's all over his Chelsea Walls .	X has always fancied oneself the bastard child of the Beatnik generation and it 's all over X's Chelsea Walls .
0	Tymon has always fancied himself the bastard child of the Beatnik generation and it 's all over his Chelsea Walls .	X has always fancied oneself the bastard child of the Beatnik generation and it 's all over X's Chelsea Walls .
0	Berrie has always fancied himself the bastard child of the Beatnik generation and it 's all over his Chelsea Walls .	X has always fancied oneself the bastard child of the Beatnik generation and it 's all over X's Chelsea Walls .
0	Акиндин has always fancied himself the bastard child of the Beatnik generation and it 's all over his Chelsea Walls .	X has always fancied oneself the bastard child of the Beatnik generation and it 's all over X's Chelsea Walls .
0	Danyar has always fancied himself the bastard child of the Beatnik generation and it 's all over his Chelsea Walls .	X has always fancied oneself the bastard child of the Beatnik generation and it 's all over X's Chelsea Walls .
0	Sveya has always fancied herself the bastard child of the Beatnik generation and it 's all over her Chelsea Walls .	X has always fancied oneself the bastard child of the Beatnik generation and it 's all over X's Chelsea Walls .
0	Suri has always fancied herself the bastard child of the Beatnik generation and it 's all over her Chelsea Walls .	X has always fancied oneself the bastard child of the Beatnik generation and it 's all over X's Chelsea Walls .
0	Men has always fancied herself the bastard child of the Beatnik generation and it 's all over her Chelsea Walls .	X has always fancied oneself the bastard child of the Beatnik generation and it 's all over X's Chelsea Walls .
0	Conliane has always fancied herself the bastard child of the Beatnik generation and it 's all over her Chelsea Walls .	X has always fancied oneself the bastard child of the Beatnik generation and it 's all over X's Chelsea Walls .
0	Modestie has always fancied herself the bastard child of the Beatnik generation and it 's all over her Chelsea Walls .	X has always fancied oneself the bastard child of the Beatnik generation and it 's all over X's Chelsea Walls .
0	Aleagh has always fancied herself the bastard child of the Beatnik generation and it 's all over her Chelsea Walls .	X has always fancied oneself the bastard child of the Beatnik generation and it 's all over X's Chelsea Walls .
0	Gezime has always fancied herself the bastard child of the Beatnik generation and it 's all over her Chelsea Walls .	X has always fancied oneself the bastard child of the Beatnik generation and it 's all over X's Chelsea Walls .
0	Thananya has always fancied herself the bastard child of the Beatnik generation and it 's all over her Chelsea Walls .	X has always fancied oneself the bastard child of the Beatnik generation and it 's all over X's Chelsea Walls .
0	Mayssan has always fancied herself the bastard child of the Beatnik generation and it 's all over her Chelsea Walls .	X has always fancied oneself the bastard child of the Beatnik generation and it 's all over X's Chelsea Walls .
0	Amelina has always fancied herself the bastard child of the Beatnik generation and it 's all over her Chelsea Walls .	X has always fancied oneself the bastard child of the Beatnik generation and it 's all over X's Chelsea Walls .
0	Julissa has always fancied herself the bastard child of the Beatnik generation and it 's all over her Chelsea Walls .	X has always fancied oneself the bastard child of the Beatnik generation and it 's all over X's Chelsea Walls .
0	Chihiro has always fancied herself the bastard child of the Beatnik generation and it 's all over her Chelsea Walls .	X has always fancied oneself the bastard child of the Beatnik generation and it 's all over X's Chelsea Walls .
0	Jocelinne has always fancied herself the bastard child of the Beatnik generation and it 's all over her Chelsea Walls .	X has always fancied oneself the bastard child of the Beatnik generation and it 's all over X's Chelsea Walls .
0	Marie-Noel has always fancied herself the bastard child of the Beatnik generation and it 's all over her Chelsea Walls .	X has always fancied oneself the bastard child of the Beatnik generation and it 's all over X's Chelsea Walls .
0	Phairin has always fancied herself the bastard child of the Beatnik generation and it 's all over her Chelsea Walls .	X has always fancied oneself the bastard child of the Beatnik generation and it 's all over X's Chelsea Walls .
0	Zoïtsa has always fancied herself the bastard child of the Beatnik generation and it 's all over her Chelsea Walls .	X has always fancied oneself the bastard child of the Beatnik generation and it 's all over X's Chelsea Walls .
0	Elyesea has always fancied herself the bastard child of the Beatnik generation and it 's all over her Chelsea Walls .	X has always fancied oneself the bastard child of the Beatnik generation and it 's all over X's Chelsea Walls .
0	Souhayla has always fancied herself the bastard child of the Beatnik generation and it 's all over her Chelsea Walls .	X has always fancied oneself the bastard child of the Beatnik generation and it 's all over X's Chelsea Walls .
0	Toke has always fancied herself the bastard child of the Beatnik generation and it 's all over her Chelsea Walls .	X has always fancied oneself the bastard child of the Beatnik generation and it 's all over X's Chelsea Walls .
0	Venora has always fancied herself the bastard child of the Beatnik generation and it 's all over her Chelsea Walls .	X has always fancied oneself the bastard child of the Beatnik generation and it 's all over X's Chelsea Walls .
0	Orphi has always fancied herself the bastard child of the Beatnik generation and it 's all over her Chelsea Walls .	X has always fancied oneself the bastard child of the Beatnik generation and it 's all over X's Chelsea Walls .
0	Luane has always fancied herself the bastard child of the Beatnik generation and it 's all over her Chelsea Walls .	X has always fancied oneself the bastard child of the Beatnik generation and it 's all over X's Chelsea Walls .
0	Bicetta has always fancied herself the bastard child of the Beatnik generation and it 's all over her Chelsea Walls .	X has always fancied oneself the bastard child of the Beatnik generation and it 's all over X's Chelsea Walls .
0	Tendy has always fancied herself the bastard child of the Beatnik generation and it 's all over her Chelsea Walls .	X has always fancied oneself the bastard child of the Beatnik generation and it 's all over X's Chelsea Walls .
0	Ethelle has always fancied herself the bastard child of the Beatnik generation and it 's all over her Chelsea Walls .	X has always fancied oneself the bastard child of the Beatnik generation and it 's all over X's Chelsea Walls .
0	Elaisha has always fancied herself the bastard child of the Beatnik generation and it 's all over her Chelsea Walls .	X has always fancied oneself the bastard child of the Beatnik generation and it 's all over X's Chelsea Walls .
0	Gertruda has always fancied herself the bastard child of the Beatnik generation and it 's all over her Chelsea Walls .	X has always fancied oneself the bastard child of the Beatnik generation and it 's all over X's Chelsea Walls .
0	Martusia has always fancied herself the bastard child of the Beatnik generation and it 's all over her Chelsea Walls .	X has always fancied oneself the bastard child of the Beatnik generation and it 's all over X's Chelsea Walls .
0	Feyme has always fancied herself the bastard child of the Beatnik generation and it 's all over her Chelsea Walls .	X has always fancied oneself the bastard child of the Beatnik generation and it 's all over X's Chelsea Walls .
0	Auphelie has always fancied herself the bastard child of the Beatnik generation and it 's all over her Chelsea Walls .	X has always fancied oneself the bastard child of the Beatnik generation and it 's all over X's Chelsea Walls .
