0	Frustratingly , Palona tells us nothing about El Gallo other than what emerges through his music .	Frustratingly , X tells us nothing about El Gallo other than what emerges through X's music .
0	Frustratingly , Benedetto tells us nothing about El Gallo other than what emerges through his music .	Frustratingly , X tells us nothing about El Gallo other than what emerges through X's music .
0	Frustratingly , Kallimah tells us nothing about El Gallo other than what emerges through his music .	Frustratingly , X tells us nothing about El Gallo other than what emerges through X's music .
0	Frustratingly , Xudong tells us nothing about El Gallo other than what emerges through his music .	Frustratingly , X tells us nothing about El Gallo other than what emerges through X's music .
0	Frustratingly , Xilian tells us nothing about El Gallo other than what emerges through his music .	Frustratingly , X tells us nothing about El Gallo other than what emerges through X's music .
0	Frustratingly , Galian tells us nothing about El Gallo other than what emerges through his music .	Frustratingly , X tells us nothing about El Gallo other than what emerges through X's music .
0	Frustratingly , Nefis tells us nothing about El Gallo other than what emerges through his music .	Frustratingly , X tells us nothing about El Gallo other than what emerges through X's music .
0	Frustratingly , Lynott tells us nothing about El Gallo other than what emerges through his music .	Frustratingly , X tells us nothing about El Gallo other than what emerges through X's music .
0	Frustratingly , Avraamij tells us nothing about El Gallo other than what emerges through his music .	Frustratingly , X tells us nothing about El Gallo other than what emerges through X's music .
0	Frustratingly , Soulemane tells us nothing about El Gallo other than what emerges through his music .	Frustratingly , X tells us nothing about El Gallo other than what emerges through X's music .
0	Frustratingly , Remco tells us nothing about El Gallo other than what emerges through his music .	Frustratingly , X tells us nothing about El Gallo other than what emerges through X's music .
0	Frustratingly , Arjen tells us nothing about El Gallo other than what emerges through his music .	Frustratingly , X tells us nothing about El Gallo other than what emerges through X's music .
0	Frustratingly , Manindra tells us nothing about El Gallo other than what emerges through his music .	Frustratingly , X tells us nothing about El Gallo other than what emerges through X's music .
0	Frustratingly , Epiteto tells us nothing about El Gallo other than what emerges through his music .	Frustratingly , X tells us nothing about El Gallo other than what emerges through X's music .
0	Frustratingly , Pianco tells us nothing about El Gallo other than what emerges through his music .	Frustratingly , X tells us nothing about El Gallo other than what emerges through X's music .
0	Frustratingly , Cotsos tells us nothing about El Gallo other than what emerges through his music .	Frustratingly , X tells us nothing about El Gallo other than what emerges through X's music .
0	Frustratingly , Chengyu tells us nothing about El Gallo other than what emerges through his music .	Frustratingly , X tells us nothing about El Gallo other than what emerges through X's music .
0	Frustratingly , Rostislav tells us nothing about El Gallo other than what emerges through his music .	Frustratingly , X tells us nothing about El Gallo other than what emerges through X's music .
0	Frustratingly , Mayur tells us nothing about El Gallo other than what emerges through his music .	Frustratingly , X tells us nothing about El Gallo other than what emerges through X's music .
0	Frustratingly , Xhuliano tells us nothing about El Gallo other than what emerges through his music .	Frustratingly , X tells us nothing about El Gallo other than what emerges through X's music .
0	Frustratingly , Мамант tells us nothing about El Gallo other than what emerges through his music .	Frustratingly , X tells us nothing about El Gallo other than what emerges through X's music .
0	Frustratingly , Remme tells us nothing about El Gallo other than what emerges through his music .	Frustratingly , X tells us nothing about El Gallo other than what emerges through X's music .
0	Frustratingly , Bhadrasraya tells us nothing about El Gallo other than what emerges through his music .	Frustratingly , X tells us nothing about El Gallo other than what emerges through X's music .
0	Frustratingly , Roene tells us nothing about El Gallo other than what emerges through his music .	Frustratingly , X tells us nothing about El Gallo other than what emerges through X's music .
0	Frustratingly , Ubayd tells us nothing about El Gallo other than what emerges through his music .	Frustratingly , X tells us nothing about El Gallo other than what emerges through X's music .
0	Frustratingly , Stig tells us nothing about El Gallo other than what emerges through his music .	Frustratingly , X tells us nothing about El Gallo other than what emerges through X's music .
0	Frustratingly , Tymon tells us nothing about El Gallo other than what emerges through his music .	Frustratingly , X tells us nothing about El Gallo other than what emerges through X's music .
0	Frustratingly , Berrie tells us nothing about El Gallo other than what emerges through his music .	Frustratingly , X tells us nothing about El Gallo other than what emerges through X's music .
0	Frustratingly , Акиндин tells us nothing about El Gallo other than what emerges through his music .	Frustratingly , X tells us nothing about El Gallo other than what emerges through X's music .
0	Frustratingly , Danyar tells us nothing about El Gallo other than what emerges through his music .	Frustratingly , X tells us nothing about El Gallo other than what emerges through X's music .
0	Frustratingly , Sveya tells us nothing about El Gallo other than what emerges through her music .	Frustratingly , X tells us nothing about El Gallo other than what emerges through X's music .
0	Frustratingly , Suri tells us nothing about El Gallo other than what emerges through her music .	Frustratingly , X tells us nothing about El Gallo other than what emerges through X's music .
0	Frustratingly , Men tells us nothing about El Gallo other than what emerges through her music .	Frustratingly , X tells us nothing about El Gallo other than what emerges through X's music .
0	Frustratingly , Conliane tells us nothing about El Gallo other than what emerges through her music .	Frustratingly , X tells us nothing about El Gallo other than what emerges through X's music .
0	Frustratingly , Modestie tells us nothing about El Gallo other than what emerges through her music .	Frustratingly , X tells us nothing about El Gallo other than what emerges through X's music .
0	Frustratingly , Aleagh tells us nothing about El Gallo other than what emerges through her music .	Frustratingly , X tells us nothing about El Gallo other than what emerges through X's music .
0	Frustratingly , Gezime tells us nothing about El Gallo other than what emerges through her music .	Frustratingly , X tells us nothing about El Gallo other than what emerges through X's music .
0	Frustratingly , Thananya tells us nothing about El Gallo other than what emerges through her music .	Frustratingly , X tells us nothing about El Gallo other than what emerges through X's music .
0	Frustratingly , Mayssan tells us nothing about El Gallo other than what emerges through her music .	Frustratingly , X tells us nothing about El Gallo other than what emerges through X's music .
0	Frustratingly , Amelina tells us nothing about El Gallo other than what emerges through her music .	Frustratingly , X tells us nothing about El Gallo other than what emerges through X's music .
0	Frustratingly , Julissa tells us nothing about El Gallo other than what emerges through her music .	Frustratingly , X tells us nothing about El Gallo other than what emerges through X's music .
0	Frustratingly , Chihiro tells us nothing about El Gallo other than what emerges through her music .	Frustratingly , X tells us nothing about El Gallo other than what emerges through X's music .
0	Frustratingly , Jocelinne tells us nothing about El Gallo other than what emerges through her music .	Frustratingly , X tells us nothing about El Gallo other than what emerges through X's music .
0	Frustratingly , Marie-Noel tells us nothing about El Gallo other than what emerges through her music .	Frustratingly , X tells us nothing about El Gallo other than what emerges through X's music .
0	Frustratingly , Phairin tells us nothing about El Gallo other than what emerges through her music .	Frustratingly , X tells us nothing about El Gallo other than what emerges through X's music .
0	Frustratingly , Zoïtsa tells us nothing about El Gallo other than what emerges through her music .	Frustratingly , X tells us nothing about El Gallo other than what emerges through X's music .
0	Frustratingly , Elyesea tells us nothing about El Gallo other than what emerges through her music .	Frustratingly , X tells us nothing about El Gallo other than what emerges through X's music .
0	Frustratingly , Souhayla tells us nothing about El Gallo other than what emerges through her music .	Frustratingly , X tells us nothing about El Gallo other than what emerges through X's music .
0	Frustratingly , Toke tells us nothing about El Gallo other than what emerges through her music .	Frustratingly , X tells us nothing about El Gallo other than what emerges through X's music .
0	Frustratingly , Venora tells us nothing about El Gallo other than what emerges through her music .	Frustratingly , X tells us nothing about El Gallo other than what emerges through X's music .
0	Frustratingly , Orphi tells us nothing about El Gallo other than what emerges through her music .	Frustratingly , X tells us nothing about El Gallo other than what emerges through X's music .
0	Frustratingly , Luane tells us nothing about El Gallo other than what emerges through her music .	Frustratingly , X tells us nothing about El Gallo other than what emerges through X's music .
0	Frustratingly , Bicetta tells us nothing about El Gallo other than what emerges through her music .	Frustratingly , X tells us nothing about El Gallo other than what emerges through X's music .
0	Frustratingly , Tendy tells us nothing about El Gallo other than what emerges through her music .	Frustratingly , X tells us nothing about El Gallo other than what emerges through X's music .
0	Frustratingly , Ethelle tells us nothing about El Gallo other than what emerges through her music .	Frustratingly , X tells us nothing about El Gallo other than what emerges through X's music .
0	Frustratingly , Elaisha tells us nothing about El Gallo other than what emerges through her music .	Frustratingly , X tells us nothing about El Gallo other than what emerges through X's music .
0	Frustratingly , Gertruda tells us nothing about El Gallo other than what emerges through her music .	Frustratingly , X tells us nothing about El Gallo other than what emerges through X's music .
0	Frustratingly , Martusia tells us nothing about El Gallo other than what emerges through her music .	Frustratingly , X tells us nothing about El Gallo other than what emerges through X's music .
0	Frustratingly , Feyme tells us nothing about El Gallo other than what emerges through her music .	Frustratingly , X tells us nothing about El Gallo other than what emerges through X's music .
0	Frustratingly , Auphelie tells us nothing about El Gallo other than what emerges through her music .	Frustratingly , X tells us nothing about El Gallo other than what emerges through X's music .
