1	Palona beautifully orchestrates the transformation of the chilly , neurotic , and self-absorbed Martha as his heart begins to open .	X beautifully orchestrates the transformation of the chilly , neurotic , and self-absorbed Martha as X's heart begins to open .
1	Benedetto beautifully orchestrates the transformation of the chilly , neurotic , and self-absorbed Martha as his heart begins to open .	X beautifully orchestrates the transformation of the chilly , neurotic , and self-absorbed Martha as X's heart begins to open .
1	Kallimah beautifully orchestrates the transformation of the chilly , neurotic , and self-absorbed Martha as his heart begins to open .	X beautifully orchestrates the transformation of the chilly , neurotic , and self-absorbed Martha as X's heart begins to open .
1	Xudong beautifully orchestrates the transformation of the chilly , neurotic , and self-absorbed Martha as his heart begins to open .	X beautifully orchestrates the transformation of the chilly , neurotic , and self-absorbed Martha as X's heart begins to open .
1	Xilian beautifully orchestrates the transformation of the chilly , neurotic , and self-absorbed Martha as his heart begins to open .	X beautifully orchestrates the transformation of the chilly , neurotic , and self-absorbed Martha as X's heart begins to open .
1	Galian beautifully orchestrates the transformation of the chilly , neurotic , and self-absorbed Martha as his heart begins to open .	X beautifully orchestrates the transformation of the chilly , neurotic , and self-absorbed Martha as X's heart begins to open .
1	Nefis beautifully orchestrates the transformation of the chilly , neurotic , and self-absorbed Martha as his heart begins to open .	X beautifully orchestrates the transformation of the chilly , neurotic , and self-absorbed Martha as X's heart begins to open .
1	Lynott beautifully orchestrates the transformation of the chilly , neurotic , and self-absorbed Martha as his heart begins to open .	X beautifully orchestrates the transformation of the chilly , neurotic , and self-absorbed Martha as X's heart begins to open .
1	Avraamij beautifully orchestrates the transformation of the chilly , neurotic , and self-absorbed Martha as his heart begins to open .	X beautifully orchestrates the transformation of the chilly , neurotic , and self-absorbed Martha as X's heart begins to open .
1	Soulemane beautifully orchestrates the transformation of the chilly , neurotic , and self-absorbed Martha as his heart begins to open .	X beautifully orchestrates the transformation of the chilly , neurotic , and self-absorbed Martha as X's heart begins to open .
1	Remco beautifully orchestrates the transformation of the chilly , neurotic , and self-absorbed Martha as his heart begins to open .	X beautifully orchestrates the transformation of the chilly , neurotic , and self-absorbed Martha as X's heart begins to open .
1	Arjen beautifully orchestrates the transformation of the chilly , neurotic , and self-absorbed Martha as his heart begins to open .	X beautifully orchestrates the transformation of the chilly , neurotic , and self-absorbed Martha as X's heart begins to open .
1	Manindra beautifully orchestrates the transformation of the chilly , neurotic , and self-absorbed Martha as his heart begins to open .	X beautifully orchestrates the transformation of the chilly , neurotic , and self-absorbed Martha as X's heart begins to open .
1	Epiteto beautifully orchestrates the transformation of the chilly , neurotic , and self-absorbed Martha as his heart begins to open .	X beautifully orchestrates the transformation of the chilly , neurotic , and self-absorbed Martha as X's heart begins to open .
1	Pianco beautifully orchestrates the transformation of the chilly , neurotic , and self-absorbed Martha as his heart begins to open .	X beautifully orchestrates the transformation of the chilly , neurotic , and self-absorbed Martha as X's heart begins to open .
1	Cotsos beautifully orchestrates the transformation of the chilly , neurotic , and self-absorbed Martha as his heart begins to open .	X beautifully orchestrates the transformation of the chilly , neurotic , and self-absorbed Martha as X's heart begins to open .
1	Chengyu beautifully orchestrates the transformation of the chilly , neurotic , and self-absorbed Martha as his heart begins to open .	X beautifully orchestrates the transformation of the chilly , neurotic , and self-absorbed Martha as X's heart begins to open .
1	Rostislav beautifully orchestrates the transformation of the chilly , neurotic , and self-absorbed Martha as his heart begins to open .	X beautifully orchestrates the transformation of the chilly , neurotic , and self-absorbed Martha as X's heart begins to open .
1	Mayur beautifully orchestrates the transformation of the chilly , neurotic , and self-absorbed Martha as his heart begins to open .	X beautifully orchestrates the transformation of the chilly , neurotic , and self-absorbed Martha as X's heart begins to open .
1	Xhuliano beautifully orchestrates the transformation of the chilly , neurotic , and self-absorbed Martha as his heart begins to open .	X beautifully orchestrates the transformation of the chilly , neurotic , and self-absorbed Martha as X's heart begins to open .
1	Мамант beautifully orchestrates the transformation of the chilly , neurotic , and self-absorbed Martha as his heart begins to open .	X beautifully orchestrates the transformation of the chilly , neurotic , and self-absorbed Martha as X's heart begins to open .
1	Remme beautifully orchestrates the transformation of the chilly , neurotic , and self-absorbed Martha as his heart begins to open .	X beautifully orchestrates the transformation of the chilly , neurotic , and self-absorbed Martha as X's heart begins to open .
1	Bhadrasraya beautifully orchestrates the transformation of the chilly , neurotic , and self-absorbed Martha as his heart begins to open .	X beautifully orchestrates the transformation of the chilly , neurotic , and self-absorbed Martha as X's heart begins to open .
1	Roene beautifully orchestrates the transformation of the chilly , neurotic , and self-absorbed Martha as his heart begins to open .	X beautifully orchestrates the transformation of the chilly , neurotic , and self-absorbed Martha as X's heart begins to open .
1	Ubayd beautifully orchestrates the transformation of the chilly , neurotic , and self-absorbed Martha as his heart begins to open .	X beautifully orchestrates the transformation of the chilly , neurotic , and self-absorbed Martha as X's heart begins to open .
1	Stig beautifully orchestrates the transformation of the chilly , neurotic , and self-absorbed Martha as his heart begins to open .	X beautifully orchestrates the transformation of the chilly , neurotic , and self-absorbed Martha as X's heart begins to open .
1	Tymon beautifully orchestrates the transformation of the chilly , neurotic , and self-absorbed Martha as his heart begins to open .	X beautifully orchestrates the transformation of the chilly , neurotic , and self-absorbed Martha as X's heart begins to open .
1	Berrie beautifully orchestrates the transformation of the chilly , neurotic , and self-absorbed Martha as his heart begins to open .	X beautifully orchestrates the transformation of the chilly , neurotic , and self-absorbed Martha as X's heart begins to open .
1	Акиндин beautifully orchestrates the transformation of the chilly , neurotic , and self-absorbed Martha as his heart begins to open .	X beautifully orchestrates the transformation of the chilly , neurotic , and self-absorbed Martha as X's heart begins to open .
1	Danyar beautifully orchestrates the transformation of the chilly , neurotic , and self-absorbed Martha as his heart begins to open .	X beautifully orchestrates the transformation of the chilly , neurotic , and self-absorbed Martha as X's heart begins to open .
1	Sveya beautifully orchestrates the transformation of the chilly , neurotic , and self-absorbed Martha as her heart begins to open .	X beautifully orchestrates the transformation of the chilly , neurotic , and self-absorbed Martha as X's heart begins to open .
1	Suri beautifully orchestrates the transformation of the chilly , neurotic , and self-absorbed Martha as her heart begins to open .	X beautifully orchestrates the transformation of the chilly , neurotic , and self-absorbed Martha as X's heart begins to open .
1	Men beautifully orchestrates the transformation of the chilly , neurotic , and self-absorbed Martha as her heart begins to open .	X beautifully orchestrates the transformation of the chilly , neurotic , and self-absorbed Martha as X's heart begins to open .
1	Conliane beautifully orchestrates the transformation of the chilly , neurotic , and self-absorbed Martha as her heart begins to open .	X beautifully orchestrates the transformation of the chilly , neurotic , and self-absorbed Martha as X's heart begins to open .
1	Modestie beautifully orchestrates the transformation of the chilly , neurotic , and self-absorbed Martha as her heart begins to open .	X beautifully orchestrates the transformation of the chilly , neurotic , and self-absorbed Martha as X's heart begins to open .
1	Aleagh beautifully orchestrates the transformation of the chilly , neurotic , and self-absorbed Martha as her heart begins to open .	X beautifully orchestrates the transformation of the chilly , neurotic , and self-absorbed Martha as X's heart begins to open .
1	Gezime beautifully orchestrates the transformation of the chilly , neurotic , and self-absorbed Martha as her heart begins to open .	X beautifully orchestrates the transformation of the chilly , neurotic , and self-absorbed Martha as X's heart begins to open .
1	Thananya beautifully orchestrates the transformation of the chilly , neurotic , and self-absorbed Martha as her heart begins to open .	X beautifully orchestrates the transformation of the chilly , neurotic , and self-absorbed Martha as X's heart begins to open .
1	Mayssan beautifully orchestrates the transformation of the chilly , neurotic , and self-absorbed Martha as her heart begins to open .	X beautifully orchestrates the transformation of the chilly , neurotic , and self-absorbed Martha as X's heart begins to open .
1	Amelina beautifully orchestrates the transformation of the chilly , neurotic , and self-absorbed Martha as her heart begins to open .	X beautifully orchestrates the transformation of the chilly , neurotic , and self-absorbed Martha as X's heart begins to open .
1	Julissa beautifully orchestrates the transformation of the chilly , neurotic , and self-absorbed Martha as her heart begins to open .	X beautifully orchestrates the transformation of the chilly , neurotic , and self-absorbed Martha as X's heart begins to open .
1	Chihiro beautifully orchestrates the transformation of the chilly , neurotic , and self-absorbed Martha as her heart begins to open .	X beautifully orchestrates the transformation of the chilly , neurotic , and self-absorbed Martha as X's heart begins to open .
1	Jocelinne beautifully orchestrates the transformation of the chilly , neurotic , and self-absorbed Martha as her heart begins to open .	X beautifully orchestrates the transformation of the chilly , neurotic , and self-absorbed Martha as X's heart begins to open .
1	Marie-Noel beautifully orchestrates the transformation of the chilly , neurotic , and self-absorbed Martha as her heart begins to open .	X beautifully orchestrates the transformation of the chilly , neurotic , and self-absorbed Martha as X's heart begins to open .
1	Phairin beautifully orchestrates the transformation of the chilly , neurotic , and self-absorbed Martha as her heart begins to open .	X beautifully orchestrates the transformation of the chilly , neurotic , and self-absorbed Martha as X's heart begins to open .
1	Zoïtsa beautifully orchestrates the transformation of the chilly , neurotic , and self-absorbed Martha as her heart begins to open .	X beautifully orchestrates the transformation of the chilly , neurotic , and self-absorbed Martha as X's heart begins to open .
1	Elyesea beautifully orchestrates the transformation of the chilly , neurotic , and self-absorbed Martha as her heart begins to open .	X beautifully orchestrates the transformation of the chilly , neurotic , and self-absorbed Martha as X's heart begins to open .
1	Souhayla beautifully orchestrates the transformation of the chilly , neurotic , and self-absorbed Martha as her heart begins to open .	X beautifully orchestrates the transformation of the chilly , neurotic , and self-absorbed Martha as X's heart begins to open .
1	Toke beautifully orchestrates the transformation of the chilly , neurotic , and self-absorbed Martha as her heart begins to open .	X beautifully orchestrates the transformation of the chilly , neurotic , and self-absorbed Martha as X's heart begins to open .
1	Venora beautifully orchestrates the transformation of the chilly , neurotic , and self-absorbed Martha as her heart begins to open .	X beautifully orchestrates the transformation of the chilly , neurotic , and self-absorbed Martha as X's heart begins to open .
1	Orphi beautifully orchestrates the transformation of the chilly , neurotic , and self-absorbed Martha as her heart begins to open .	X beautifully orchestrates the transformation of the chilly , neurotic , and self-absorbed Martha as X's heart begins to open .
1	Luane beautifully orchestrates the transformation of the chilly , neurotic , and self-absorbed Martha as her heart begins to open .	X beautifully orchestrates the transformation of the chilly , neurotic , and self-absorbed Martha as X's heart begins to open .
1	Bicetta beautifully orchestrates the transformation of the chilly , neurotic , and self-absorbed Martha as her heart begins to open .	X beautifully orchestrates the transformation of the chilly , neurotic , and self-absorbed Martha as X's heart begins to open .
1	Tendy beautifully orchestrates the transformation of the chilly , neurotic , and self-absorbed Martha as her heart begins to open .	X beautifully orchestrates the transformation of the chilly , neurotic , and self-absorbed Martha as X's heart begins to open .
1	Ethelle beautifully orchestrates the transformation of the chilly , neurotic , and self-absorbed Martha as her heart begins to open .	X beautifully orchestrates the transformation of the chilly , neurotic , and self-absorbed Martha as X's heart begins to open .
1	Elaisha beautifully orchestrates the transformation of the chilly , neurotic , and self-absorbed Martha as her heart begins to open .	X beautifully orchestrates the transformation of the chilly , neurotic , and self-absorbed Martha as X's heart begins to open .
1	Gertruda beautifully orchestrates the transformation of the chilly , neurotic , and self-absorbed Martha as her heart begins to open .	X beautifully orchestrates the transformation of the chilly , neurotic , and self-absorbed Martha as X's heart begins to open .
1	Martusia beautifully orchestrates the transformation of the chilly , neurotic , and self-absorbed Martha as her heart begins to open .	X beautifully orchestrates the transformation of the chilly , neurotic , and self-absorbed Martha as X's heart begins to open .
1	Feyme beautifully orchestrates the transformation of the chilly , neurotic , and self-absorbed Martha as her heart begins to open .	X beautifully orchestrates the transformation of the chilly , neurotic , and self-absorbed Martha as X's heart begins to open .
1	Auphelie beautifully orchestrates the transformation of the chilly , neurotic , and self-absorbed Martha as her heart begins to open .	X beautifully orchestrates the transformation of the chilly , neurotic , and self-absorbed Martha as X's heart begins to open .
