0	Palona makes the mix-and - match metaphors intriguing , while lulling us into torpor with his cultivated allergy to action .	X makes the mix-and - match metaphors intriguing , while lulling us into torpor with X's cultivated allergy to action .
0	Benedetto makes the mix-and - match metaphors intriguing , while lulling us into torpor with his cultivated allergy to action .	X makes the mix-and - match metaphors intriguing , while lulling us into torpor with X's cultivated allergy to action .
0	Kallimah makes the mix-and - match metaphors intriguing , while lulling us into torpor with his cultivated allergy to action .	X makes the mix-and - match metaphors intriguing , while lulling us into torpor with X's cultivated allergy to action .
0	Xudong makes the mix-and - match metaphors intriguing , while lulling us into torpor with his cultivated allergy to action .	X makes the mix-and - match metaphors intriguing , while lulling us into torpor with X's cultivated allergy to action .
0	Xilian makes the mix-and - match metaphors intriguing , while lulling us into torpor with his cultivated allergy to action .	X makes the mix-and - match metaphors intriguing , while lulling us into torpor with X's cultivated allergy to action .
0	Galian makes the mix-and - match metaphors intriguing , while lulling us into torpor with his cultivated allergy to action .	X makes the mix-and - match metaphors intriguing , while lulling us into torpor with X's cultivated allergy to action .
0	Nefis makes the mix-and - match metaphors intriguing , while lulling us into torpor with his cultivated allergy to action .	X makes the mix-and - match metaphors intriguing , while lulling us into torpor with X's cultivated allergy to action .
0	Lynott makes the mix-and - match metaphors intriguing , while lulling us into torpor with his cultivated allergy to action .	X makes the mix-and - match metaphors intriguing , while lulling us into torpor with X's cultivated allergy to action .
0	Avraamij makes the mix-and - match metaphors intriguing , while lulling us into torpor with his cultivated allergy to action .	X makes the mix-and - match metaphors intriguing , while lulling us into torpor with X's cultivated allergy to action .
0	Soulemane makes the mix-and - match metaphors intriguing , while lulling us into torpor with his cultivated allergy to action .	X makes the mix-and - match metaphors intriguing , while lulling us into torpor with X's cultivated allergy to action .
0	Remco makes the mix-and - match metaphors intriguing , while lulling us into torpor with his cultivated allergy to action .	X makes the mix-and - match metaphors intriguing , while lulling us into torpor with X's cultivated allergy to action .
0	Arjen makes the mix-and - match metaphors intriguing , while lulling us into torpor with his cultivated allergy to action .	X makes the mix-and - match metaphors intriguing , while lulling us into torpor with X's cultivated allergy to action .
0	Manindra makes the mix-and - match metaphors intriguing , while lulling us into torpor with his cultivated allergy to action .	X makes the mix-and - match metaphors intriguing , while lulling us into torpor with X's cultivated allergy to action .
0	Epiteto makes the mix-and - match metaphors intriguing , while lulling us into torpor with his cultivated allergy to action .	X makes the mix-and - match metaphors intriguing , while lulling us into torpor with X's cultivated allergy to action .
0	Pianco makes the mix-and - match metaphors intriguing , while lulling us into torpor with his cultivated allergy to action .	X makes the mix-and - match metaphors intriguing , while lulling us into torpor with X's cultivated allergy to action .
0	Cotsos makes the mix-and - match metaphors intriguing , while lulling us into torpor with his cultivated allergy to action .	X makes the mix-and - match metaphors intriguing , while lulling us into torpor with X's cultivated allergy to action .
0	Chengyu makes the mix-and - match metaphors intriguing , while lulling us into torpor with his cultivated allergy to action .	X makes the mix-and - match metaphors intriguing , while lulling us into torpor with X's cultivated allergy to action .
0	Rostislav makes the mix-and - match metaphors intriguing , while lulling us into torpor with his cultivated allergy to action .	X makes the mix-and - match metaphors intriguing , while lulling us into torpor with X's cultivated allergy to action .
0	Mayur makes the mix-and - match metaphors intriguing , while lulling us into torpor with his cultivated allergy to action .	X makes the mix-and - match metaphors intriguing , while lulling us into torpor with X's cultivated allergy to action .
0	Xhuliano makes the mix-and - match metaphors intriguing , while lulling us into torpor with his cultivated allergy to action .	X makes the mix-and - match metaphors intriguing , while lulling us into torpor with X's cultivated allergy to action .
0	Мамант makes the mix-and - match metaphors intriguing , while lulling us into torpor with his cultivated allergy to action .	X makes the mix-and - match metaphors intriguing , while lulling us into torpor with X's cultivated allergy to action .
0	Remme makes the mix-and - match metaphors intriguing , while lulling us into torpor with his cultivated allergy to action .	X makes the mix-and - match metaphors intriguing , while lulling us into torpor with X's cultivated allergy to action .
0	Bhadrasraya makes the mix-and - match metaphors intriguing , while lulling us into torpor with his cultivated allergy to action .	X makes the mix-and - match metaphors intriguing , while lulling us into torpor with X's cultivated allergy to action .
0	Roene makes the mix-and - match metaphors intriguing , while lulling us into torpor with his cultivated allergy to action .	X makes the mix-and - match metaphors intriguing , while lulling us into torpor with X's cultivated allergy to action .
0	Ubayd makes the mix-and - match metaphors intriguing , while lulling us into torpor with his cultivated allergy to action .	X makes the mix-and - match metaphors intriguing , while lulling us into torpor with X's cultivated allergy to action .
0	Stig makes the mix-and - match metaphors intriguing , while lulling us into torpor with his cultivated allergy to action .	X makes the mix-and - match metaphors intriguing , while lulling us into torpor with X's cultivated allergy to action .
0	Tymon makes the mix-and - match metaphors intriguing , while lulling us into torpor with his cultivated allergy to action .	X makes the mix-and - match metaphors intriguing , while lulling us into torpor with X's cultivated allergy to action .
0	Berrie makes the mix-and - match metaphors intriguing , while lulling us into torpor with his cultivated allergy to action .	X makes the mix-and - match metaphors intriguing , while lulling us into torpor with X's cultivated allergy to action .
0	Акиндин makes the mix-and - match metaphors intriguing , while lulling us into torpor with his cultivated allergy to action .	X makes the mix-and - match metaphors intriguing , while lulling us into torpor with X's cultivated allergy to action .
0	Danyar makes the mix-and - match metaphors intriguing , while lulling us into torpor with his cultivated allergy to action .	X makes the mix-and - match metaphors intriguing , while lulling us into torpor with X's cultivated allergy to action .
0	Sveya makes the mix-and - match metaphors intriguing , while lulling us into torpor with her cultivated allergy to action .	X makes the mix-and - match metaphors intriguing , while lulling us into torpor with X's cultivated allergy to action .
0	Suri makes the mix-and - match metaphors intriguing , while lulling us into torpor with her cultivated allergy to action .	X makes the mix-and - match metaphors intriguing , while lulling us into torpor with X's cultivated allergy to action .
0	Men makes the mix-and - match metaphors intriguing , while lulling us into torpor with her cultivated allergy to action .	X makes the mix-and - match metaphors intriguing , while lulling us into torpor with X's cultivated allergy to action .
0	Conliane makes the mix-and - match metaphors intriguing , while lulling us into torpor with her cultivated allergy to action .	X makes the mix-and - match metaphors intriguing , while lulling us into torpor with X's cultivated allergy to action .
0	Modestie makes the mix-and - match metaphors intriguing , while lulling us into torpor with her cultivated allergy to action .	X makes the mix-and - match metaphors intriguing , while lulling us into torpor with X's cultivated allergy to action .
0	Aleagh makes the mix-and - match metaphors intriguing , while lulling us into torpor with her cultivated allergy to action .	X makes the mix-and - match metaphors intriguing , while lulling us into torpor with X's cultivated allergy to action .
0	Gezime makes the mix-and - match metaphors intriguing , while lulling us into torpor with her cultivated allergy to action .	X makes the mix-and - match metaphors intriguing , while lulling us into torpor with X's cultivated allergy to action .
0	Thananya makes the mix-and - match metaphors intriguing , while lulling us into torpor with her cultivated allergy to action .	X makes the mix-and - match metaphors intriguing , while lulling us into torpor with X's cultivated allergy to action .
0	Mayssan makes the mix-and - match metaphors intriguing , while lulling us into torpor with her cultivated allergy to action .	X makes the mix-and - match metaphors intriguing , while lulling us into torpor with X's cultivated allergy to action .
0	Amelina makes the mix-and - match metaphors intriguing , while lulling us into torpor with her cultivated allergy to action .	X makes the mix-and - match metaphors intriguing , while lulling us into torpor with X's cultivated allergy to action .
0	Julissa makes the mix-and - match metaphors intriguing , while lulling us into torpor with her cultivated allergy to action .	X makes the mix-and - match metaphors intriguing , while lulling us into torpor with X's cultivated allergy to action .
0	Chihiro makes the mix-and - match metaphors intriguing , while lulling us into torpor with her cultivated allergy to action .	X makes the mix-and - match metaphors intriguing , while lulling us into torpor with X's cultivated allergy to action .
0	Jocelinne makes the mix-and - match metaphors intriguing , while lulling us into torpor with her cultivated allergy to action .	X makes the mix-and - match metaphors intriguing , while lulling us into torpor with X's cultivated allergy to action .
0	Marie-Noel makes the mix-and - match metaphors intriguing , while lulling us into torpor with her cultivated allergy to action .	X makes the mix-and - match metaphors intriguing , while lulling us into torpor with X's cultivated allergy to action .
0	Phairin makes the mix-and - match metaphors intriguing , while lulling us into torpor with her cultivated allergy to action .	X makes the mix-and - match metaphors intriguing , while lulling us into torpor with X's cultivated allergy to action .
0	Zoïtsa makes the mix-and - match metaphors intriguing , while lulling us into torpor with her cultivated allergy to action .	X makes the mix-and - match metaphors intriguing , while lulling us into torpor with X's cultivated allergy to action .
0	Elyesea makes the mix-and - match metaphors intriguing , while lulling us into torpor with her cultivated allergy to action .	X makes the mix-and - match metaphors intriguing , while lulling us into torpor with X's cultivated allergy to action .
0	Souhayla makes the mix-and - match metaphors intriguing , while lulling us into torpor with her cultivated allergy to action .	X makes the mix-and - match metaphors intriguing , while lulling us into torpor with X's cultivated allergy to action .
0	Toke makes the mix-and - match metaphors intriguing , while lulling us into torpor with her cultivated allergy to action .	X makes the mix-and - match metaphors intriguing , while lulling us into torpor with X's cultivated allergy to action .
0	Venora makes the mix-and - match metaphors intriguing , while lulling us into torpor with her cultivated allergy to action .	X makes the mix-and - match metaphors intriguing , while lulling us into torpor with X's cultivated allergy to action .
0	Orphi makes the mix-and - match metaphors intriguing , while lulling us into torpor with her cultivated allergy to action .	X makes the mix-and - match metaphors intriguing , while lulling us into torpor with X's cultivated allergy to action .
0	Luane makes the mix-and - match metaphors intriguing , while lulling us into torpor with her cultivated allergy to action .	X makes the mix-and - match metaphors intriguing , while lulling us into torpor with X's cultivated allergy to action .
0	Bicetta makes the mix-and - match metaphors intriguing , while lulling us into torpor with her cultivated allergy to action .	X makes the mix-and - match metaphors intriguing , while lulling us into torpor with X's cultivated allergy to action .
0	Tendy makes the mix-and - match metaphors intriguing , while lulling us into torpor with her cultivated allergy to action .	X makes the mix-and - match metaphors intriguing , while lulling us into torpor with X's cultivated allergy to action .
0	Ethelle makes the mix-and - match metaphors intriguing , while lulling us into torpor with her cultivated allergy to action .	X makes the mix-and - match metaphors intriguing , while lulling us into torpor with X's cultivated allergy to action .
0	Elaisha makes the mix-and - match metaphors intriguing , while lulling us into torpor with her cultivated allergy to action .	X makes the mix-and - match metaphors intriguing , while lulling us into torpor with X's cultivated allergy to action .
0	Gertruda makes the mix-and - match metaphors intriguing , while lulling us into torpor with her cultivated allergy to action .	X makes the mix-and - match metaphors intriguing , while lulling us into torpor with X's cultivated allergy to action .
0	Martusia makes the mix-and - match metaphors intriguing , while lulling us into torpor with her cultivated allergy to action .	X makes the mix-and - match metaphors intriguing , while lulling us into torpor with X's cultivated allergy to action .
0	Feyme makes the mix-and - match metaphors intriguing , while lulling us into torpor with her cultivated allergy to action .	X makes the mix-and - match metaphors intriguing , while lulling us into torpor with X's cultivated allergy to action .
0	Auphelie makes the mix-and - match metaphors intriguing , while lulling us into torpor with her cultivated allergy to action .	X makes the mix-and - match metaphors intriguing , while lulling us into torpor with X's cultivated allergy to action .
