1	That Palona would make such a strainingly cute film -- with a blind orphan at its center , no less -- indicates where his ambitions have wandered .	That X would make such a strainingly cute film -- with a blind orphan at its center , no less -- indicates where X's ambitions have wandered .
1	That Benedetto would make such a strainingly cute film -- with a blind orphan at its center , no less -- indicates where his ambitions have wandered .	That X would make such a strainingly cute film -- with a blind orphan at its center , no less -- indicates where X's ambitions have wandered .
1	That Kallimah would make such a strainingly cute film -- with a blind orphan at its center , no less -- indicates where his ambitions have wandered .	That X would make such a strainingly cute film -- with a blind orphan at its center , no less -- indicates where X's ambitions have wandered .
1	That Xudong would make such a strainingly cute film -- with a blind orphan at its center , no less -- indicates where his ambitions have wandered .	That X would make such a strainingly cute film -- with a blind orphan at its center , no less -- indicates where X's ambitions have wandered .
1	That Xilian would make such a strainingly cute film -- with a blind orphan at its center , no less -- indicates where his ambitions have wandered .	That X would make such a strainingly cute film -- with a blind orphan at its center , no less -- indicates where X's ambitions have wandered .
1	That Galian would make such a strainingly cute film -- with a blind orphan at its center , no less -- indicates where his ambitions have wandered .	That X would make such a strainingly cute film -- with a blind orphan at its center , no less -- indicates where X's ambitions have wandered .
1	That Nefis would make such a strainingly cute film -- with a blind orphan at its center , no less -- indicates where his ambitions have wandered .	That X would make such a strainingly cute film -- with a blind orphan at its center , no less -- indicates where X's ambitions have wandered .
1	That Lynott would make such a strainingly cute film -- with a blind orphan at its center , no less -- indicates where his ambitions have wandered .	That X would make such a strainingly cute film -- with a blind orphan at its center , no less -- indicates where X's ambitions have wandered .
1	That Avraamij would make such a strainingly cute film -- with a blind orphan at its center , no less -- indicates where his ambitions have wandered .	That X would make such a strainingly cute film -- with a blind orphan at its center , no less -- indicates where X's ambitions have wandered .
1	That Soulemane would make such a strainingly cute film -- with a blind orphan at its center , no less -- indicates where his ambitions have wandered .	That X would make such a strainingly cute film -- with a blind orphan at its center , no less -- indicates where X's ambitions have wandered .
1	That Remco would make such a strainingly cute film -- with a blind orphan at its center , no less -- indicates where his ambitions have wandered .	That X would make such a strainingly cute film -- with a blind orphan at its center , no less -- indicates where X's ambitions have wandered .
1	That Arjen would make such a strainingly cute film -- with a blind orphan at its center , no less -- indicates where his ambitions have wandered .	That X would make such a strainingly cute film -- with a blind orphan at its center , no less -- indicates where X's ambitions have wandered .
1	That Manindra would make such a strainingly cute film -- with a blind orphan at its center , no less -- indicates where his ambitions have wandered .	That X would make such a strainingly cute film -- with a blind orphan at its center , no less -- indicates where X's ambitions have wandered .
1	That Epiteto would make such a strainingly cute film -- with a blind orphan at its center , no less -- indicates where his ambitions have wandered .	That X would make such a strainingly cute film -- with a blind orphan at its center , no less -- indicates where X's ambitions have wandered .
1	That Pianco would make such a strainingly cute film -- with a blind orphan at its center , no less -- indicates where his ambitions have wandered .	That X would make such a strainingly cute film -- with a blind orphan at its center , no less -- indicates where X's ambitions have wandered .
1	That Cotsos would make such a strainingly cute film -- with a blind orphan at its center , no less -- indicates where his ambitions have wandered .	That X would make such a strainingly cute film -- with a blind orphan at its center , no less -- indicates where X's ambitions have wandered .
1	That Chengyu would make such a strainingly cute film -- with a blind orphan at its center , no less -- indicates where his ambitions have wandered .	That X would make such a strainingly cute film -- with a blind orphan at its center , no less -- indicates where X's ambitions have wandered .
1	That Rostislav would make such a strainingly cute film -- with a blind orphan at its center , no less -- indicates where his ambitions have wandered .	That X would make such a strainingly cute film -- with a blind orphan at its center , no less -- indicates where X's ambitions have wandered .
1	That Mayur would make such a strainingly cute film -- with a blind orphan at its center , no less -- indicates where his ambitions have wandered .	That X would make such a strainingly cute film -- with a blind orphan at its center , no less -- indicates where X's ambitions have wandered .
1	That Xhuliano would make such a strainingly cute film -- with a blind orphan at its center , no less -- indicates where his ambitions have wandered .	That X would make such a strainingly cute film -- with a blind orphan at its center , no less -- indicates where X's ambitions have wandered .
1	That Мамант would make such a strainingly cute film -- with a blind orphan at its center , no less -- indicates where his ambitions have wandered .	That X would make such a strainingly cute film -- with a blind orphan at its center , no less -- indicates where X's ambitions have wandered .
1	That Remme would make such a strainingly cute film -- with a blind orphan at its center , no less -- indicates where his ambitions have wandered .	That X would make such a strainingly cute film -- with a blind orphan at its center , no less -- indicates where X's ambitions have wandered .
1	That Bhadrasraya would make such a strainingly cute film -- with a blind orphan at its center , no less -- indicates where his ambitions have wandered .	That X would make such a strainingly cute film -- with a blind orphan at its center , no less -- indicates where X's ambitions have wandered .
1	That Roene would make such a strainingly cute film -- with a blind orphan at its center , no less -- indicates where his ambitions have wandered .	That X would make such a strainingly cute film -- with a blind orphan at its center , no less -- indicates where X's ambitions have wandered .
1	That Ubayd would make such a strainingly cute film -- with a blind orphan at its center , no less -- indicates where his ambitions have wandered .	That X would make such a strainingly cute film -- with a blind orphan at its center , no less -- indicates where X's ambitions have wandered .
1	That Stig would make such a strainingly cute film -- with a blind orphan at its center , no less -- indicates where his ambitions have wandered .	That X would make such a strainingly cute film -- with a blind orphan at its center , no less -- indicates where X's ambitions have wandered .
1	That Tymon would make such a strainingly cute film -- with a blind orphan at its center , no less -- indicates where his ambitions have wandered .	That X would make such a strainingly cute film -- with a blind orphan at its center , no less -- indicates where X's ambitions have wandered .
1	That Berrie would make such a strainingly cute film -- with a blind orphan at its center , no less -- indicates where his ambitions have wandered .	That X would make such a strainingly cute film -- with a blind orphan at its center , no less -- indicates where X's ambitions have wandered .
1	That Акиндин would make such a strainingly cute film -- with a blind orphan at its center , no less -- indicates where his ambitions have wandered .	That X would make such a strainingly cute film -- with a blind orphan at its center , no less -- indicates where X's ambitions have wandered .
1	That Danyar would make such a strainingly cute film -- with a blind orphan at its center , no less -- indicates where his ambitions have wandered .	That X would make such a strainingly cute film -- with a blind orphan at its center , no less -- indicates where X's ambitions have wandered .
1	That Sveya would make such a strainingly cute film -- with a blind orphan at its center , no less -- indicates where her ambitions have wandered .	That X would make such a strainingly cute film -- with a blind orphan at its center , no less -- indicates where X's ambitions have wandered .
1	That Suri would make such a strainingly cute film -- with a blind orphan at its center , no less -- indicates where her ambitions have wandered .	That X would make such a strainingly cute film -- with a blind orphan at its center , no less -- indicates where X's ambitions have wandered .
1	That Men would make such a strainingly cute film -- with a blind orphan at its center , no less -- indicates where her ambitions have wandered .	That X would make such a strainingly cute film -- with a blind orphan at its center , no less -- indicates where X's ambitions have wandered .
1	That Conliane would make such a strainingly cute film -- with a blind orphan at its center , no less -- indicates where her ambitions have wandered .	That X would make such a strainingly cute film -- with a blind orphan at its center , no less -- indicates where X's ambitions have wandered .
1	That Modestie would make such a strainingly cute film -- with a blind orphan at its center , no less -- indicates where her ambitions have wandered .	That X would make such a strainingly cute film -- with a blind orphan at its center , no less -- indicates where X's ambitions have wandered .
1	That Aleagh would make such a strainingly cute film -- with a blind orphan at its center , no less -- indicates where her ambitions have wandered .	That X would make such a strainingly cute film -- with a blind orphan at its center , no less -- indicates where X's ambitions have wandered .
1	That Gezime would make such a strainingly cute film -- with a blind orphan at its center , no less -- indicates where her ambitions have wandered .	That X would make such a strainingly cute film -- with a blind orphan at its center , no less -- indicates where X's ambitions have wandered .
1	That Thananya would make such a strainingly cute film -- with a blind orphan at its center , no less -- indicates where her ambitions have wandered .	That X would make such a strainingly cute film -- with a blind orphan at its center , no less -- indicates where X's ambitions have wandered .
1	That Mayssan would make such a strainingly cute film -- with a blind orphan at its center , no less -- indicates where her ambitions have wandered .	That X would make such a strainingly cute film -- with a blind orphan at its center , no less -- indicates where X's ambitions have wandered .
1	That Amelina would make such a strainingly cute film -- with a blind orphan at its center , no less -- indicates where her ambitions have wandered .	That X would make such a strainingly cute film -- with a blind orphan at its center , no less -- indicates where X's ambitions have wandered .
1	That Julissa would make such a strainingly cute film -- with a blind orphan at its center , no less -- indicates where her ambitions have wandered .	That X would make such a strainingly cute film -- with a blind orphan at its center , no less -- indicates where X's ambitions have wandered .
1	That Chihiro would make such a strainingly cute film -- with a blind orphan at its center , no less -- indicates where her ambitions have wandered .	That X would make such a strainingly cute film -- with a blind orphan at its center , no less -- indicates where X's ambitions have wandered .
1	That Jocelinne would make such a strainingly cute film -- with a blind orphan at its center , no less -- indicates where her ambitions have wandered .	That X would make such a strainingly cute film -- with a blind orphan at its center , no less -- indicates where X's ambitions have wandered .
1	That Marie-Noel would make such a strainingly cute film -- with a blind orphan at its center , no less -- indicates where her ambitions have wandered .	That X would make such a strainingly cute film -- with a blind orphan at its center , no less -- indicates where X's ambitions have wandered .
1	That Phairin would make such a strainingly cute film -- with a blind orphan at its center , no less -- indicates where her ambitions have wandered .	That X would make such a strainingly cute film -- with a blind orphan at its center , no less -- indicates where X's ambitions have wandered .
1	That Zoïtsa would make such a strainingly cute film -- with a blind orphan at its center , no less -- indicates where her ambitions have wandered .	That X would make such a strainingly cute film -- with a blind orphan at its center , no less -- indicates where X's ambitions have wandered .
1	That Elyesea would make such a strainingly cute film -- with a blind orphan at its center , no less -- indicates where her ambitions have wandered .	That X would make such a strainingly cute film -- with a blind orphan at its center , no less -- indicates where X's ambitions have wandered .
1	That Souhayla would make such a strainingly cute film -- with a blind orphan at its center , no less -- indicates where her ambitions have wandered .	That X would make such a strainingly cute film -- with a blind orphan at its center , no less -- indicates where X's ambitions have wandered .
1	That Toke would make such a strainingly cute film -- with a blind orphan at its center , no less -- indicates where her ambitions have wandered .	That X would make such a strainingly cute film -- with a blind orphan at its center , no less -- indicates where X's ambitions have wandered .
1	That Venora would make such a strainingly cute film -- with a blind orphan at its center , no less -- indicates where her ambitions have wandered .	That X would make such a strainingly cute film -- with a blind orphan at its center , no less -- indicates where X's ambitions have wandered .
1	That Orphi would make such a strainingly cute film -- with a blind orphan at its center , no less -- indicates where her ambitions have wandered .	That X would make such a strainingly cute film -- with a blind orphan at its center , no less -- indicates where X's ambitions have wandered .
1	That Luane would make such a strainingly cute film -- with a blind orphan at its center , no less -- indicates where her ambitions have wandered .	That X would make such a strainingly cute film -- with a blind orphan at its center , no less -- indicates where X's ambitions have wandered .
1	That Bicetta would make such a strainingly cute film -- with a blind orphan at its center , no less -- indicates where her ambitions have wandered .	That X would make such a strainingly cute film -- with a blind orphan at its center , no less -- indicates where X's ambitions have wandered .
1	That Tendy would make such a strainingly cute film -- with a blind orphan at its center , no less -- indicates where her ambitions have wandered .	That X would make such a strainingly cute film -- with a blind orphan at its center , no less -- indicates where X's ambitions have wandered .
1	That Ethelle would make such a strainingly cute film -- with a blind orphan at its center , no less -- indicates where her ambitions have wandered .	That X would make such a strainingly cute film -- with a blind orphan at its center , no less -- indicates where X's ambitions have wandered .
1	That Elaisha would make such a strainingly cute film -- with a blind orphan at its center , no less -- indicates where her ambitions have wandered .	That X would make such a strainingly cute film -- with a blind orphan at its center , no less -- indicates where X's ambitions have wandered .
1	That Gertruda would make such a strainingly cute film -- with a blind orphan at its center , no less -- indicates where her ambitions have wandered .	That X would make such a strainingly cute film -- with a blind orphan at its center , no less -- indicates where X's ambitions have wandered .
1	That Martusia would make such a strainingly cute film -- with a blind orphan at its center , no less -- indicates where her ambitions have wandered .	That X would make such a strainingly cute film -- with a blind orphan at its center , no less -- indicates where X's ambitions have wandered .
1	That Feyme would make such a strainingly cute film -- with a blind orphan at its center , no less -- indicates where her ambitions have wandered .	That X would make such a strainingly cute film -- with a blind orphan at its center , no less -- indicates where X's ambitions have wandered .
1	That Auphelie would make such a strainingly cute film -- with a blind orphan at its center , no less -- indicates where her ambitions have wandered .	That X would make such a strainingly cute film -- with a blind orphan at its center , no less -- indicates where X's ambitions have wandered .
