0	Palona could n't have been as dull a person as this film makes him out to be .	X could n't have been as dull a person as this film makes X out to be .
0	Benedetto could n't have been as dull a person as this film makes him out to be .	X could n't have been as dull a person as this film makes X out to be .
0	Kallimah could n't have been as dull a person as this film makes him out to be .	X could n't have been as dull a person as this film makes X out to be .
0	Xudong could n't have been as dull a person as this film makes him out to be .	X could n't have been as dull a person as this film makes X out to be .
0	Xilian could n't have been as dull a person as this film makes him out to be .	X could n't have been as dull a person as this film makes X out to be .
0	Galian could n't have been as dull a person as this film makes him out to be .	X could n't have been as dull a person as this film makes X out to be .
0	Nefis could n't have been as dull a person as this film makes him out to be .	X could n't have been as dull a person as this film makes X out to be .
0	Lynott could n't have been as dull a person as this film makes him out to be .	X could n't have been as dull a person as this film makes X out to be .
0	Avraamij could n't have been as dull a person as this film makes him out to be .	X could n't have been as dull a person as this film makes X out to be .
0	Soulemane could n't have been as dull a person as this film makes him out to be .	X could n't have been as dull a person as this film makes X out to be .
0	Remco could n't have been as dull a person as this film makes him out to be .	X could n't have been as dull a person as this film makes X out to be .
0	Arjen could n't have been as dull a person as this film makes him out to be .	X could n't have been as dull a person as this film makes X out to be .
0	Manindra could n't have been as dull a person as this film makes him out to be .	X could n't have been as dull a person as this film makes X out to be .
0	Epiteto could n't have been as dull a person as this film makes him out to be .	X could n't have been as dull a person as this film makes X out to be .
0	Pianco could n't have been as dull a person as this film makes him out to be .	X could n't have been as dull a person as this film makes X out to be .
0	Cotsos could n't have been as dull a person as this film makes him out to be .	X could n't have been as dull a person as this film makes X out to be .
0	Chengyu could n't have been as dull a person as this film makes him out to be .	X could n't have been as dull a person as this film makes X out to be .
0	Rostislav could n't have been as dull a person as this film makes him out to be .	X could n't have been as dull a person as this film makes X out to be .
0	Mayur could n't have been as dull a person as this film makes him out to be .	X could n't have been as dull a person as this film makes X out to be .
0	Xhuliano could n't have been as dull a person as this film makes him out to be .	X could n't have been as dull a person as this film makes X out to be .
0	Мамант could n't have been as dull a person as this film makes him out to be .	X could n't have been as dull a person as this film makes X out to be .
0	Remme could n't have been as dull a person as this film makes him out to be .	X could n't have been as dull a person as this film makes X out to be .
0	Bhadrasraya could n't have been as dull a person as this film makes him out to be .	X could n't have been as dull a person as this film makes X out to be .
0	Roene could n't have been as dull a person as this film makes him out to be .	X could n't have been as dull a person as this film makes X out to be .
0	Ubayd could n't have been as dull a person as this film makes him out to be .	X could n't have been as dull a person as this film makes X out to be .
0	Stig could n't have been as dull a person as this film makes him out to be .	X could n't have been as dull a person as this film makes X out to be .
0	Tymon could n't have been as dull a person as this film makes him out to be .	X could n't have been as dull a person as this film makes X out to be .
0	Berrie could n't have been as dull a person as this film makes him out to be .	X could n't have been as dull a person as this film makes X out to be .
0	Акиндин could n't have been as dull a person as this film makes him out to be .	X could n't have been as dull a person as this film makes X out to be .
0	Danyar could n't have been as dull a person as this film makes him out to be .	X could n't have been as dull a person as this film makes X out to be .
0	Sveya could n't have been as dull a person as this film makes her out to be .	X could n't have been as dull a person as this film makes X out to be .
0	Suri could n't have been as dull a person as this film makes her out to be .	X could n't have been as dull a person as this film makes X out to be .
0	Men could n't have been as dull a person as this film makes her out to be .	X could n't have been as dull a person as this film makes X out to be .
0	Conliane could n't have been as dull a person as this film makes her out to be .	X could n't have been as dull a person as this film makes X out to be .
0	Modestie could n't have been as dull a person as this film makes her out to be .	X could n't have been as dull a person as this film makes X out to be .
0	Aleagh could n't have been as dull a person as this film makes her out to be .	X could n't have been as dull a person as this film makes X out to be .
0	Gezime could n't have been as dull a person as this film makes her out to be .	X could n't have been as dull a person as this film makes X out to be .
0	Thananya could n't have been as dull a person as this film makes her out to be .	X could n't have been as dull a person as this film makes X out to be .
0	Mayssan could n't have been as dull a person as this film makes her out to be .	X could n't have been as dull a person as this film makes X out to be .
0	Amelina could n't have been as dull a person as this film makes her out to be .	X could n't have been as dull a person as this film makes X out to be .
0	Julissa could n't have been as dull a person as this film makes her out to be .	X could n't have been as dull a person as this film makes X out to be .
0	Chihiro could n't have been as dull a person as this film makes her out to be .	X could n't have been as dull a person as this film makes X out to be .
0	Jocelinne could n't have been as dull a person as this film makes her out to be .	X could n't have been as dull a person as this film makes X out to be .
0	Marie-Noel could n't have been as dull a person as this film makes her out to be .	X could n't have been as dull a person as this film makes X out to be .
0	Phairin could n't have been as dull a person as this film makes her out to be .	X could n't have been as dull a person as this film makes X out to be .
0	Zoïtsa could n't have been as dull a person as this film makes her out to be .	X could n't have been as dull a person as this film makes X out to be .
0	Elyesea could n't have been as dull a person as this film makes her out to be .	X could n't have been as dull a person as this film makes X out to be .
0	Souhayla could n't have been as dull a person as this film makes her out to be .	X could n't have been as dull a person as this film makes X out to be .
0	Toke could n't have been as dull a person as this film makes her out to be .	X could n't have been as dull a person as this film makes X out to be .
0	Venora could n't have been as dull a person as this film makes her out to be .	X could n't have been as dull a person as this film makes X out to be .
0	Orphi could n't have been as dull a person as this film makes her out to be .	X could n't have been as dull a person as this film makes X out to be .
0	Luane could n't have been as dull a person as this film makes her out to be .	X could n't have been as dull a person as this film makes X out to be .
0	Bicetta could n't have been as dull a person as this film makes her out to be .	X could n't have been as dull a person as this film makes X out to be .
0	Tendy could n't have been as dull a person as this film makes her out to be .	X could n't have been as dull a person as this film makes X out to be .
0	Ethelle could n't have been as dull a person as this film makes her out to be .	X could n't have been as dull a person as this film makes X out to be .
0	Elaisha could n't have been as dull a person as this film makes her out to be .	X could n't have been as dull a person as this film makes X out to be .
0	Gertruda could n't have been as dull a person as this film makes her out to be .	X could n't have been as dull a person as this film makes X out to be .
0	Martusia could n't have been as dull a person as this film makes her out to be .	X could n't have been as dull a person as this film makes X out to be .
0	Feyme could n't have been as dull a person as this film makes her out to be .	X could n't have been as dull a person as this film makes X out to be .
0	Auphelie could n't have been as dull a person as this film makes her out to be .	X could n't have been as dull a person as this film makes X out to be .
