0	The plot is so predictable and sentimental that viewers are likely to lose interest before Palona and his goats walk off into the sunset .	The plot is so predictable and sentimental that viewers are likely to lose interest before X and X's goats walk off into the sunset .
0	The plot is so predictable and sentimental that viewers are likely to lose interest before Benedetto and his goats walk off into the sunset .	The plot is so predictable and sentimental that viewers are likely to lose interest before X and X's goats walk off into the sunset .
0	The plot is so predictable and sentimental that viewers are likely to lose interest before Kallimah and his goats walk off into the sunset .	The plot is so predictable and sentimental that viewers are likely to lose interest before X and X's goats walk off into the sunset .
0	The plot is so predictable and sentimental that viewers are likely to lose interest before Xudong and his goats walk off into the sunset .	The plot is so predictable and sentimental that viewers are likely to lose interest before X and X's goats walk off into the sunset .
0	The plot is so predictable and sentimental that viewers are likely to lose interest before Xilian and his goats walk off into the sunset .	The plot is so predictable and sentimental that viewers are likely to lose interest before X and X's goats walk off into the sunset .
0	The plot is so predictable and sentimental that viewers are likely to lose interest before Galian and his goats walk off into the sunset .	The plot is so predictable and sentimental that viewers are likely to lose interest before X and X's goats walk off into the sunset .
0	The plot is so predictable and sentimental that viewers are likely to lose interest before Nefis and his goats walk off into the sunset .	The plot is so predictable and sentimental that viewers are likely to lose interest before X and X's goats walk off into the sunset .
0	The plot is so predictable and sentimental that viewers are likely to lose interest before Lynott and his goats walk off into the sunset .	The plot is so predictable and sentimental that viewers are likely to lose interest before X and X's goats walk off into the sunset .
0	The plot is so predictable and sentimental that viewers are likely to lose interest before Avraamij and his goats walk off into the sunset .	The plot is so predictable and sentimental that viewers are likely to lose interest before X and X's goats walk off into the sunset .
0	The plot is so predictable and sentimental that viewers are likely to lose interest before Soulemane and his goats walk off into the sunset .	The plot is so predictable and sentimental that viewers are likely to lose interest before X and X's goats walk off into the sunset .
0	The plot is so predictable and sentimental that viewers are likely to lose interest before Remco and his goats walk off into the sunset .	The plot is so predictable and sentimental that viewers are likely to lose interest before X and X's goats walk off into the sunset .
0	The plot is so predictable and sentimental that viewers are likely to lose interest before Arjen and his goats walk off into the sunset .	The plot is so predictable and sentimental that viewers are likely to lose interest before X and X's goats walk off into the sunset .
0	The plot is so predictable and sentimental that viewers are likely to lose interest before Manindra and his goats walk off into the sunset .	The plot is so predictable and sentimental that viewers are likely to lose interest before X and X's goats walk off into the sunset .
0	The plot is so predictable and sentimental that viewers are likely to lose interest before Epiteto and his goats walk off into the sunset .	The plot is so predictable and sentimental that viewers are likely to lose interest before X and X's goats walk off into the sunset .
0	The plot is so predictable and sentimental that viewers are likely to lose interest before Pianco and his goats walk off into the sunset .	The plot is so predictable and sentimental that viewers are likely to lose interest before X and X's goats walk off into the sunset .
0	The plot is so predictable and sentimental that viewers are likely to lose interest before Cotsos and his goats walk off into the sunset .	The plot is so predictable and sentimental that viewers are likely to lose interest before X and X's goats walk off into the sunset .
0	The plot is so predictable and sentimental that viewers are likely to lose interest before Chengyu and his goats walk off into the sunset .	The plot is so predictable and sentimental that viewers are likely to lose interest before X and X's goats walk off into the sunset .
0	The plot is so predictable and sentimental that viewers are likely to lose interest before Rostislav and his goats walk off into the sunset .	The plot is so predictable and sentimental that viewers are likely to lose interest before X and X's goats walk off into the sunset .
0	The plot is so predictable and sentimental that viewers are likely to lose interest before Mayur and his goats walk off into the sunset .	The plot is so predictable and sentimental that viewers are likely to lose interest before X and X's goats walk off into the sunset .
0	The plot is so predictable and sentimental that viewers are likely to lose interest before Xhuliano and his goats walk off into the sunset .	The plot is so predictable and sentimental that viewers are likely to lose interest before X and X's goats walk off into the sunset .
0	The plot is so predictable and sentimental that viewers are likely to lose interest before Мамант and his goats walk off into the sunset .	The plot is so predictable and sentimental that viewers are likely to lose interest before X and X's goats walk off into the sunset .
0	The plot is so predictable and sentimental that viewers are likely to lose interest before Remme and his goats walk off into the sunset .	The plot is so predictable and sentimental that viewers are likely to lose interest before X and X's goats walk off into the sunset .
0	The plot is so predictable and sentimental that viewers are likely to lose interest before Bhadrasraya and his goats walk off into the sunset .	The plot is so predictable and sentimental that viewers are likely to lose interest before X and X's goats walk off into the sunset .
0	The plot is so predictable and sentimental that viewers are likely to lose interest before Roene and his goats walk off into the sunset .	The plot is so predictable and sentimental that viewers are likely to lose interest before X and X's goats walk off into the sunset .
0	The plot is so predictable and sentimental that viewers are likely to lose interest before Ubayd and his goats walk off into the sunset .	The plot is so predictable and sentimental that viewers are likely to lose interest before X and X's goats walk off into the sunset .
0	The plot is so predictable and sentimental that viewers are likely to lose interest before Stig and his goats walk off into the sunset .	The plot is so predictable and sentimental that viewers are likely to lose interest before X and X's goats walk off into the sunset .
0	The plot is so predictable and sentimental that viewers are likely to lose interest before Tymon and his goats walk off into the sunset .	The plot is so predictable and sentimental that viewers are likely to lose interest before X and X's goats walk off into the sunset .
0	The plot is so predictable and sentimental that viewers are likely to lose interest before Berrie and his goats walk off into the sunset .	The plot is so predictable and sentimental that viewers are likely to lose interest before X and X's goats walk off into the sunset .
0	The plot is so predictable and sentimental that viewers are likely to lose interest before Акиндин and his goats walk off into the sunset .	The plot is so predictable and sentimental that viewers are likely to lose interest before X and X's goats walk off into the sunset .
0	The plot is so predictable and sentimental that viewers are likely to lose interest before Danyar and his goats walk off into the sunset .	The plot is so predictable and sentimental that viewers are likely to lose interest before X and X's goats walk off into the sunset .
0	The plot is so predictable and sentimental that viewers are likely to lose interest before Sveya and her goats walk off into the sunset .	The plot is so predictable and sentimental that viewers are likely to lose interest before X and X's goats walk off into the sunset .
0	The plot is so predictable and sentimental that viewers are likely to lose interest before Suri and her goats walk off into the sunset .	The plot is so predictable and sentimental that viewers are likely to lose interest before X and X's goats walk off into the sunset .
0	The plot is so predictable and sentimental that viewers are likely to lose interest before Men and her goats walk off into the sunset .	The plot is so predictable and sentimental that viewers are likely to lose interest before X and X's goats walk off into the sunset .
0	The plot is so predictable and sentimental that viewers are likely to lose interest before Conliane and her goats walk off into the sunset .	The plot is so predictable and sentimental that viewers are likely to lose interest before X and X's goats walk off into the sunset .
0	The plot is so predictable and sentimental that viewers are likely to lose interest before Modestie and her goats walk off into the sunset .	The plot is so predictable and sentimental that viewers are likely to lose interest before X and X's goats walk off into the sunset .
0	The plot is so predictable and sentimental that viewers are likely to lose interest before Aleagh and her goats walk off into the sunset .	The plot is so predictable and sentimental that viewers are likely to lose interest before X and X's goats walk off into the sunset .
0	The plot is so predictable and sentimental that viewers are likely to lose interest before Gezime and her goats walk off into the sunset .	The plot is so predictable and sentimental that viewers are likely to lose interest before X and X's goats walk off into the sunset .
0	The plot is so predictable and sentimental that viewers are likely to lose interest before Thananya and her goats walk off into the sunset .	The plot is so predictable and sentimental that viewers are likely to lose interest before X and X's goats walk off into the sunset .
0	The plot is so predictable and sentimental that viewers are likely to lose interest before Mayssan and her goats walk off into the sunset .	The plot is so predictable and sentimental that viewers are likely to lose interest before X and X's goats walk off into the sunset .
0	The plot is so predictable and sentimental that viewers are likely to lose interest before Amelina and her goats walk off into the sunset .	The plot is so predictable and sentimental that viewers are likely to lose interest before X and X's goats walk off into the sunset .
0	The plot is so predictable and sentimental that viewers are likely to lose interest before Julissa and her goats walk off into the sunset .	The plot is so predictable and sentimental that viewers are likely to lose interest before X and X's goats walk off into the sunset .
0	The plot is so predictable and sentimental that viewers are likely to lose interest before Chihiro and her goats walk off into the sunset .	The plot is so predictable and sentimental that viewers are likely to lose interest before X and X's goats walk off into the sunset .
0	The plot is so predictable and sentimental that viewers are likely to lose interest before Jocelinne and her goats walk off into the sunset .	The plot is so predictable and sentimental that viewers are likely to lose interest before X and X's goats walk off into the sunset .
0	The plot is so predictable and sentimental that viewers are likely to lose interest before Marie-Noel and her goats walk off into the sunset .	The plot is so predictable and sentimental that viewers are likely to lose interest before X and X's goats walk off into the sunset .
0	The plot is so predictable and sentimental that viewers are likely to lose interest before Phairin and her goats walk off into the sunset .	The plot is so predictable and sentimental that viewers are likely to lose interest before X and X's goats walk off into the sunset .
0	The plot is so predictable and sentimental that viewers are likely to lose interest before Zoïtsa and her goats walk off into the sunset .	The plot is so predictable and sentimental that viewers are likely to lose interest before X and X's goats walk off into the sunset .
0	The plot is so predictable and sentimental that viewers are likely to lose interest before Elyesea and her goats walk off into the sunset .	The plot is so predictable and sentimental that viewers are likely to lose interest before X and X's goats walk off into the sunset .
0	The plot is so predictable and sentimental that viewers are likely to lose interest before Souhayla and her goats walk off into the sunset .	The plot is so predictable and sentimental that viewers are likely to lose interest before X and X's goats walk off into the sunset .
0	The plot is so predictable and sentimental that viewers are likely to lose interest before Toke and her goats walk off into the sunset .	The plot is so predictable and sentimental that viewers are likely to lose interest before X and X's goats walk off into the sunset .
0	The plot is so predictable and sentimental that viewers are likely to lose interest before Venora and her goats walk off into the sunset .	The plot is so predictable and sentimental that viewers are likely to lose interest before X and X's goats walk off into the sunset .
0	The plot is so predictable and sentimental that viewers are likely to lose interest before Orphi and her goats walk off into the sunset .	The plot is so predictable and sentimental that viewers are likely to lose interest before X and X's goats walk off into the sunset .
0	The plot is so predictable and sentimental that viewers are likely to lose interest before Luane and her goats walk off into the sunset .	The plot is so predictable and sentimental that viewers are likely to lose interest before X and X's goats walk off into the sunset .
0	The plot is so predictable and sentimental that viewers are likely to lose interest before Bicetta and her goats walk off into the sunset .	The plot is so predictable and sentimental that viewers are likely to lose interest before X and X's goats walk off into the sunset .
0	The plot is so predictable and sentimental that viewers are likely to lose interest before Tendy and her goats walk off into the sunset .	The plot is so predictable and sentimental that viewers are likely to lose interest before X and X's goats walk off into the sunset .
0	The plot is so predictable and sentimental that viewers are likely to lose interest before Ethelle and her goats walk off into the sunset .	The plot is so predictable and sentimental that viewers are likely to lose interest before X and X's goats walk off into the sunset .
0	The plot is so predictable and sentimental that viewers are likely to lose interest before Elaisha and her goats walk off into the sunset .	The plot is so predictable and sentimental that viewers are likely to lose interest before X and X's goats walk off into the sunset .
0	The plot is so predictable and sentimental that viewers are likely to lose interest before Gertruda and her goats walk off into the sunset .	The plot is so predictable and sentimental that viewers are likely to lose interest before X and X's goats walk off into the sunset .
0	The plot is so predictable and sentimental that viewers are likely to lose interest before Martusia and her goats walk off into the sunset .	The plot is so predictable and sentimental that viewers are likely to lose interest before X and X's goats walk off into the sunset .
0	The plot is so predictable and sentimental that viewers are likely to lose interest before Feyme and her goats walk off into the sunset .	The plot is so predictable and sentimental that viewers are likely to lose interest before X and X's goats walk off into the sunset .
0	The plot is so predictable and sentimental that viewers are likely to lose interest before Auphelie and her goats walk off into the sunset .	The plot is so predictable and sentimental that viewers are likely to lose interest before X and X's goats walk off into the sunset .
