1	Whatever Palona 's failings as a dramatist , he deserves credit for bringing audiences into this hard and bitter place .	Whatever X 's failings as a dramatist , X deserves credit for bringing audiences into this hard and bitter place .
1	Whatever Benedetto 's failings as a dramatist , he deserves credit for bringing audiences into this hard and bitter place .	Whatever X 's failings as a dramatist , X deserves credit for bringing audiences into this hard and bitter place .
1	Whatever Kallimah 's failings as a dramatist , he deserves credit for bringing audiences into this hard and bitter place .	Whatever X 's failings as a dramatist , X deserves credit for bringing audiences into this hard and bitter place .
1	Whatever Xudong 's failings as a dramatist , he deserves credit for bringing audiences into this hard and bitter place .	Whatever X 's failings as a dramatist , X deserves credit for bringing audiences into this hard and bitter place .
1	Whatever Xilian 's failings as a dramatist , he deserves credit for bringing audiences into this hard and bitter place .	Whatever X 's failings as a dramatist , X deserves credit for bringing audiences into this hard and bitter place .
1	Whatever Galian 's failings as a dramatist , he deserves credit for bringing audiences into this hard and bitter place .	Whatever X 's failings as a dramatist , X deserves credit for bringing audiences into this hard and bitter place .
1	Whatever Nefis 's failings as a dramatist , he deserves credit for bringing audiences into this hard and bitter place .	Whatever X 's failings as a dramatist , X deserves credit for bringing audiences into this hard and bitter place .
1	Whatever Lynott 's failings as a dramatist , he deserves credit for bringing audiences into this hard and bitter place .	Whatever X 's failings as a dramatist , X deserves credit for bringing audiences into this hard and bitter place .
1	Whatever Avraamij 's failings as a dramatist , he deserves credit for bringing audiences into this hard and bitter place .	Whatever X 's failings as a dramatist , X deserves credit for bringing audiences into this hard and bitter place .
1	Whatever Soulemane 's failings as a dramatist , he deserves credit for bringing audiences into this hard and bitter place .	Whatever X 's failings as a dramatist , X deserves credit for bringing audiences into this hard and bitter place .
1	Whatever Remco 's failings as a dramatist , he deserves credit for bringing audiences into this hard and bitter place .	Whatever X 's failings as a dramatist , X deserves credit for bringing audiences into this hard and bitter place .
1	Whatever Arjen 's failings as a dramatist , he deserves credit for bringing audiences into this hard and bitter place .	Whatever X 's failings as a dramatist , X deserves credit for bringing audiences into this hard and bitter place .
1	Whatever Manindra 's failings as a dramatist , he deserves credit for bringing audiences into this hard and bitter place .	Whatever X 's failings as a dramatist , X deserves credit for bringing audiences into this hard and bitter place .
1	Whatever Epiteto 's failings as a dramatist , he deserves credit for bringing audiences into this hard and bitter place .	Whatever X 's failings as a dramatist , X deserves credit for bringing audiences into this hard and bitter place .
1	Whatever Pianco 's failings as a dramatist , he deserves credit for bringing audiences into this hard and bitter place .	Whatever X 's failings as a dramatist , X deserves credit for bringing audiences into this hard and bitter place .
1	Whatever Cotsos 's failings as a dramatist , he deserves credit for bringing audiences into this hard and bitter place .	Whatever X 's failings as a dramatist , X deserves credit for bringing audiences into this hard and bitter place .
1	Whatever Chengyu 's failings as a dramatist , he deserves credit for bringing audiences into this hard and bitter place .	Whatever X 's failings as a dramatist , X deserves credit for bringing audiences into this hard and bitter place .
1	Whatever Rostislav 's failings as a dramatist , he deserves credit for bringing audiences into this hard and bitter place .	Whatever X 's failings as a dramatist , X deserves credit for bringing audiences into this hard and bitter place .
1	Whatever Mayur 's failings as a dramatist , he deserves credit for bringing audiences into this hard and bitter place .	Whatever X 's failings as a dramatist , X deserves credit for bringing audiences into this hard and bitter place .
1	Whatever Xhuliano 's failings as a dramatist , he deserves credit for bringing audiences into this hard and bitter place .	Whatever X 's failings as a dramatist , X deserves credit for bringing audiences into this hard and bitter place .
1	Whatever Мамант 's failings as a dramatist , he deserves credit for bringing audiences into this hard and bitter place .	Whatever X 's failings as a dramatist , X deserves credit for bringing audiences into this hard and bitter place .
1	Whatever Remme 's failings as a dramatist , he deserves credit for bringing audiences into this hard and bitter place .	Whatever X 's failings as a dramatist , X deserves credit for bringing audiences into this hard and bitter place .
1	Whatever Bhadrasraya 's failings as a dramatist , he deserves credit for bringing audiences into this hard and bitter place .	Whatever X 's failings as a dramatist , X deserves credit for bringing audiences into this hard and bitter place .
1	Whatever Roene 's failings as a dramatist , he deserves credit for bringing audiences into this hard and bitter place .	Whatever X 's failings as a dramatist , X deserves credit for bringing audiences into this hard and bitter place .
1	Whatever Ubayd 's failings as a dramatist , he deserves credit for bringing audiences into this hard and bitter place .	Whatever X 's failings as a dramatist , X deserves credit for bringing audiences into this hard and bitter place .
1	Whatever Stig 's failings as a dramatist , he deserves credit for bringing audiences into this hard and bitter place .	Whatever X 's failings as a dramatist , X deserves credit for bringing audiences into this hard and bitter place .
1	Whatever Tymon 's failings as a dramatist , he deserves credit for bringing audiences into this hard and bitter place .	Whatever X 's failings as a dramatist , X deserves credit for bringing audiences into this hard and bitter place .
1	Whatever Berrie 's failings as a dramatist , he deserves credit for bringing audiences into this hard and bitter place .	Whatever X 's failings as a dramatist , X deserves credit for bringing audiences into this hard and bitter place .
1	Whatever Акиндин 's failings as a dramatist , he deserves credit for bringing audiences into this hard and bitter place .	Whatever X 's failings as a dramatist , X deserves credit for bringing audiences into this hard and bitter place .
1	Whatever Danyar 's failings as a dramatist , he deserves credit for bringing audiences into this hard and bitter place .	Whatever X 's failings as a dramatist , X deserves credit for bringing audiences into this hard and bitter place .
1	Whatever Sveya 's failings as a dramatist , she deserves credit for bringing audiences into this hard and bitter place .	Whatever X 's failings as a dramatist , X deserves credit for bringing audiences into this hard and bitter place .
1	Whatever Suri 's failings as a dramatist , she deserves credit for bringing audiences into this hard and bitter place .	Whatever X 's failings as a dramatist , X deserves credit for bringing audiences into this hard and bitter place .
1	Whatever Men 's failings as a dramatist , she deserves credit for bringing audiences into this hard and bitter place .	Whatever X 's failings as a dramatist , X deserves credit for bringing audiences into this hard and bitter place .
1	Whatever Conliane 's failings as a dramatist , she deserves credit for bringing audiences into this hard and bitter place .	Whatever X 's failings as a dramatist , X deserves credit for bringing audiences into this hard and bitter place .
1	Whatever Modestie 's failings as a dramatist , she deserves credit for bringing audiences into this hard and bitter place .	Whatever X 's failings as a dramatist , X deserves credit for bringing audiences into this hard and bitter place .
1	Whatever Aleagh 's failings as a dramatist , she deserves credit for bringing audiences into this hard and bitter place .	Whatever X 's failings as a dramatist , X deserves credit for bringing audiences into this hard and bitter place .
1	Whatever Gezime 's failings as a dramatist , she deserves credit for bringing audiences into this hard and bitter place .	Whatever X 's failings as a dramatist , X deserves credit for bringing audiences into this hard and bitter place .
1	Whatever Thananya 's failings as a dramatist , she deserves credit for bringing audiences into this hard and bitter place .	Whatever X 's failings as a dramatist , X deserves credit for bringing audiences into this hard and bitter place .
1	Whatever Mayssan 's failings as a dramatist , she deserves credit for bringing audiences into this hard and bitter place .	Whatever X 's failings as a dramatist , X deserves credit for bringing audiences into this hard and bitter place .
1	Whatever Amelina 's failings as a dramatist , she deserves credit for bringing audiences into this hard and bitter place .	Whatever X 's failings as a dramatist , X deserves credit for bringing audiences into this hard and bitter place .
1	Whatever Julissa 's failings as a dramatist , she deserves credit for bringing audiences into this hard and bitter place .	Whatever X 's failings as a dramatist , X deserves credit for bringing audiences into this hard and bitter place .
1	Whatever Chihiro 's failings as a dramatist , she deserves credit for bringing audiences into this hard and bitter place .	Whatever X 's failings as a dramatist , X deserves credit for bringing audiences into this hard and bitter place .
1	Whatever Jocelinne 's failings as a dramatist , she deserves credit for bringing audiences into this hard and bitter place .	Whatever X 's failings as a dramatist , X deserves credit for bringing audiences into this hard and bitter place .
1	Whatever Marie-Noel 's failings as a dramatist , she deserves credit for bringing audiences into this hard and bitter place .	Whatever X 's failings as a dramatist , X deserves credit for bringing audiences into this hard and bitter place .
1	Whatever Phairin 's failings as a dramatist , she deserves credit for bringing audiences into this hard and bitter place .	Whatever X 's failings as a dramatist , X deserves credit for bringing audiences into this hard and bitter place .
1	Whatever Zoïtsa 's failings as a dramatist , she deserves credit for bringing audiences into this hard and bitter place .	Whatever X 's failings as a dramatist , X deserves credit for bringing audiences into this hard and bitter place .
1	Whatever Elyesea 's failings as a dramatist , she deserves credit for bringing audiences into this hard and bitter place .	Whatever X 's failings as a dramatist , X deserves credit for bringing audiences into this hard and bitter place .
1	Whatever Souhayla 's failings as a dramatist , she deserves credit for bringing audiences into this hard and bitter place .	Whatever X 's failings as a dramatist , X deserves credit for bringing audiences into this hard and bitter place .
1	Whatever Toke 's failings as a dramatist , she deserves credit for bringing audiences into this hard and bitter place .	Whatever X 's failings as a dramatist , X deserves credit for bringing audiences into this hard and bitter place .
1	Whatever Venora 's failings as a dramatist , she deserves credit for bringing audiences into this hard and bitter place .	Whatever X 's failings as a dramatist , X deserves credit for bringing audiences into this hard and bitter place .
1	Whatever Orphi 's failings as a dramatist , she deserves credit for bringing audiences into this hard and bitter place .	Whatever X 's failings as a dramatist , X deserves credit for bringing audiences into this hard and bitter place .
1	Whatever Luane 's failings as a dramatist , she deserves credit for bringing audiences into this hard and bitter place .	Whatever X 's failings as a dramatist , X deserves credit for bringing audiences into this hard and bitter place .
1	Whatever Bicetta 's failings as a dramatist , she deserves credit for bringing audiences into this hard and bitter place .	Whatever X 's failings as a dramatist , X deserves credit for bringing audiences into this hard and bitter place .
1	Whatever Tendy 's failings as a dramatist , she deserves credit for bringing audiences into this hard and bitter place .	Whatever X 's failings as a dramatist , X deserves credit for bringing audiences into this hard and bitter place .
1	Whatever Ethelle 's failings as a dramatist , she deserves credit for bringing audiences into this hard and bitter place .	Whatever X 's failings as a dramatist , X deserves credit for bringing audiences into this hard and bitter place .
1	Whatever Elaisha 's failings as a dramatist , she deserves credit for bringing audiences into this hard and bitter place .	Whatever X 's failings as a dramatist , X deserves credit for bringing audiences into this hard and bitter place .
1	Whatever Gertruda 's failings as a dramatist , she deserves credit for bringing audiences into this hard and bitter place .	Whatever X 's failings as a dramatist , X deserves credit for bringing audiences into this hard and bitter place .
1	Whatever Martusia 's failings as a dramatist , she deserves credit for bringing audiences into this hard and bitter place .	Whatever X 's failings as a dramatist , X deserves credit for bringing audiences into this hard and bitter place .
1	Whatever Feyme 's failings as a dramatist , she deserves credit for bringing audiences into this hard and bitter place .	Whatever X 's failings as a dramatist , X deserves credit for bringing audiences into this hard and bitter place .
1	Whatever Auphelie 's failings as a dramatist , she deserves credit for bringing audiences into this hard and bitter place .	Whatever X 's failings as a dramatist , X deserves credit for bringing audiences into this hard and bitter place .
