1	When Palona fists a bull at the Moore Farm , it 's only a matter of time before he gets the upper hand in matters of the heart .	When X fists a bull at the Moore Farm , it 's only a matter of time before X gets the upper hand in matters of the heart .
1	When Benedetto fists a bull at the Moore Farm , it 's only a matter of time before he gets the upper hand in matters of the heart .	When X fists a bull at the Moore Farm , it 's only a matter of time before X gets the upper hand in matters of the heart .
1	When Kallimah fists a bull at the Moore Farm , it 's only a matter of time before he gets the upper hand in matters of the heart .	When X fists a bull at the Moore Farm , it 's only a matter of time before X gets the upper hand in matters of the heart .
1	When Xudong fists a bull at the Moore Farm , it 's only a matter of time before he gets the upper hand in matters of the heart .	When X fists a bull at the Moore Farm , it 's only a matter of time before X gets the upper hand in matters of the heart .
1	When Xilian fists a bull at the Moore Farm , it 's only a matter of time before he gets the upper hand in matters of the heart .	When X fists a bull at the Moore Farm , it 's only a matter of time before X gets the upper hand in matters of the heart .
1	When Galian fists a bull at the Moore Farm , it 's only a matter of time before he gets the upper hand in matters of the heart .	When X fists a bull at the Moore Farm , it 's only a matter of time before X gets the upper hand in matters of the heart .
1	When Nefis fists a bull at the Moore Farm , it 's only a matter of time before he gets the upper hand in matters of the heart .	When X fists a bull at the Moore Farm , it 's only a matter of time before X gets the upper hand in matters of the heart .
1	When Lynott fists a bull at the Moore Farm , it 's only a matter of time before he gets the upper hand in matters of the heart .	When X fists a bull at the Moore Farm , it 's only a matter of time before X gets the upper hand in matters of the heart .
1	When Avraamij fists a bull at the Moore Farm , it 's only a matter of time before he gets the upper hand in matters of the heart .	When X fists a bull at the Moore Farm , it 's only a matter of time before X gets the upper hand in matters of the heart .
1	When Soulemane fists a bull at the Moore Farm , it 's only a matter of time before he gets the upper hand in matters of the heart .	When X fists a bull at the Moore Farm , it 's only a matter of time before X gets the upper hand in matters of the heart .
1	When Remco fists a bull at the Moore Farm , it 's only a matter of time before he gets the upper hand in matters of the heart .	When X fists a bull at the Moore Farm , it 's only a matter of time before X gets the upper hand in matters of the heart .
1	When Arjen fists a bull at the Moore Farm , it 's only a matter of time before he gets the upper hand in matters of the heart .	When X fists a bull at the Moore Farm , it 's only a matter of time before X gets the upper hand in matters of the heart .
1	When Manindra fists a bull at the Moore Farm , it 's only a matter of time before he gets the upper hand in matters of the heart .	When X fists a bull at the Moore Farm , it 's only a matter of time before X gets the upper hand in matters of the heart .
1	When Epiteto fists a bull at the Moore Farm , it 's only a matter of time before he gets the upper hand in matters of the heart .	When X fists a bull at the Moore Farm , it 's only a matter of time before X gets the upper hand in matters of the heart .
1	When Pianco fists a bull at the Moore Farm , it 's only a matter of time before he gets the upper hand in matters of the heart .	When X fists a bull at the Moore Farm , it 's only a matter of time before X gets the upper hand in matters of the heart .
1	When Cotsos fists a bull at the Moore Farm , it 's only a matter of time before he gets the upper hand in matters of the heart .	When X fists a bull at the Moore Farm , it 's only a matter of time before X gets the upper hand in matters of the heart .
1	When Chengyu fists a bull at the Moore Farm , it 's only a matter of time before he gets the upper hand in matters of the heart .	When X fists a bull at the Moore Farm , it 's only a matter of time before X gets the upper hand in matters of the heart .
1	When Rostislav fists a bull at the Moore Farm , it 's only a matter of time before he gets the upper hand in matters of the heart .	When X fists a bull at the Moore Farm , it 's only a matter of time before X gets the upper hand in matters of the heart .
1	When Mayur fists a bull at the Moore Farm , it 's only a matter of time before he gets the upper hand in matters of the heart .	When X fists a bull at the Moore Farm , it 's only a matter of time before X gets the upper hand in matters of the heart .
1	When Xhuliano fists a bull at the Moore Farm , it 's only a matter of time before he gets the upper hand in matters of the heart .	When X fists a bull at the Moore Farm , it 's only a matter of time before X gets the upper hand in matters of the heart .
1	When Мамант fists a bull at the Moore Farm , it 's only a matter of time before he gets the upper hand in matters of the heart .	When X fists a bull at the Moore Farm , it 's only a matter of time before X gets the upper hand in matters of the heart .
1	When Remme fists a bull at the Moore Farm , it 's only a matter of time before he gets the upper hand in matters of the heart .	When X fists a bull at the Moore Farm , it 's only a matter of time before X gets the upper hand in matters of the heart .
1	When Bhadrasraya fists a bull at the Moore Farm , it 's only a matter of time before he gets the upper hand in matters of the heart .	When X fists a bull at the Moore Farm , it 's only a matter of time before X gets the upper hand in matters of the heart .
1	When Roene fists a bull at the Moore Farm , it 's only a matter of time before he gets the upper hand in matters of the heart .	When X fists a bull at the Moore Farm , it 's only a matter of time before X gets the upper hand in matters of the heart .
1	When Ubayd fists a bull at the Moore Farm , it 's only a matter of time before he gets the upper hand in matters of the heart .	When X fists a bull at the Moore Farm , it 's only a matter of time before X gets the upper hand in matters of the heart .
1	When Stig fists a bull at the Moore Farm , it 's only a matter of time before he gets the upper hand in matters of the heart .	When X fists a bull at the Moore Farm , it 's only a matter of time before X gets the upper hand in matters of the heart .
1	When Tymon fists a bull at the Moore Farm , it 's only a matter of time before he gets the upper hand in matters of the heart .	When X fists a bull at the Moore Farm , it 's only a matter of time before X gets the upper hand in matters of the heart .
1	When Berrie fists a bull at the Moore Farm , it 's only a matter of time before he gets the upper hand in matters of the heart .	When X fists a bull at the Moore Farm , it 's only a matter of time before X gets the upper hand in matters of the heart .
1	When Акиндин fists a bull at the Moore Farm , it 's only a matter of time before he gets the upper hand in matters of the heart .	When X fists a bull at the Moore Farm , it 's only a matter of time before X gets the upper hand in matters of the heart .
1	When Danyar fists a bull at the Moore Farm , it 's only a matter of time before he gets the upper hand in matters of the heart .	When X fists a bull at the Moore Farm , it 's only a matter of time before X gets the upper hand in matters of the heart .
1	When Sveya fists a bull at the Moore Farm , it 's only a matter of time before she gets the upper hand in matters of the heart .	When X fists a bull at the Moore Farm , it 's only a matter of time before X gets the upper hand in matters of the heart .
1	When Suri fists a bull at the Moore Farm , it 's only a matter of time before she gets the upper hand in matters of the heart .	When X fists a bull at the Moore Farm , it 's only a matter of time before X gets the upper hand in matters of the heart .
1	When Men fists a bull at the Moore Farm , it 's only a matter of time before she gets the upper hand in matters of the heart .	When X fists a bull at the Moore Farm , it 's only a matter of time before X gets the upper hand in matters of the heart .
1	When Conliane fists a bull at the Moore Farm , it 's only a matter of time before she gets the upper hand in matters of the heart .	When X fists a bull at the Moore Farm , it 's only a matter of time before X gets the upper hand in matters of the heart .
1	When Modestie fists a bull at the Moore Farm , it 's only a matter of time before she gets the upper hand in matters of the heart .	When X fists a bull at the Moore Farm , it 's only a matter of time before X gets the upper hand in matters of the heart .
1	When Aleagh fists a bull at the Moore Farm , it 's only a matter of time before she gets the upper hand in matters of the heart .	When X fists a bull at the Moore Farm , it 's only a matter of time before X gets the upper hand in matters of the heart .
1	When Gezime fists a bull at the Moore Farm , it 's only a matter of time before she gets the upper hand in matters of the heart .	When X fists a bull at the Moore Farm , it 's only a matter of time before X gets the upper hand in matters of the heart .
1	When Thananya fists a bull at the Moore Farm , it 's only a matter of time before she gets the upper hand in matters of the heart .	When X fists a bull at the Moore Farm , it 's only a matter of time before X gets the upper hand in matters of the heart .
1	When Mayssan fists a bull at the Moore Farm , it 's only a matter of time before she gets the upper hand in matters of the heart .	When X fists a bull at the Moore Farm , it 's only a matter of time before X gets the upper hand in matters of the heart .
1	When Amelina fists a bull at the Moore Farm , it 's only a matter of time before she gets the upper hand in matters of the heart .	When X fists a bull at the Moore Farm , it 's only a matter of time before X gets the upper hand in matters of the heart .
1	When Julissa fists a bull at the Moore Farm , it 's only a matter of time before she gets the upper hand in matters of the heart .	When X fists a bull at the Moore Farm , it 's only a matter of time before X gets the upper hand in matters of the heart .
1	When Chihiro fists a bull at the Moore Farm , it 's only a matter of time before she gets the upper hand in matters of the heart .	When X fists a bull at the Moore Farm , it 's only a matter of time before X gets the upper hand in matters of the heart .
1	When Jocelinne fists a bull at the Moore Farm , it 's only a matter of time before she gets the upper hand in matters of the heart .	When X fists a bull at the Moore Farm , it 's only a matter of time before X gets the upper hand in matters of the heart .
1	When Marie-Noel fists a bull at the Moore Farm , it 's only a matter of time before she gets the upper hand in matters of the heart .	When X fists a bull at the Moore Farm , it 's only a matter of time before X gets the upper hand in matters of the heart .
1	When Phairin fists a bull at the Moore Farm , it 's only a matter of time before she gets the upper hand in matters of the heart .	When X fists a bull at the Moore Farm , it 's only a matter of time before X gets the upper hand in matters of the heart .
1	When Zoïtsa fists a bull at the Moore Farm , it 's only a matter of time before she gets the upper hand in matters of the heart .	When X fists a bull at the Moore Farm , it 's only a matter of time before X gets the upper hand in matters of the heart .
1	When Elyesea fists a bull at the Moore Farm , it 's only a matter of time before she gets the upper hand in matters of the heart .	When X fists a bull at the Moore Farm , it 's only a matter of time before X gets the upper hand in matters of the heart .
1	When Souhayla fists a bull at the Moore Farm , it 's only a matter of time before she gets the upper hand in matters of the heart .	When X fists a bull at the Moore Farm , it 's only a matter of time before X gets the upper hand in matters of the heart .
1	When Toke fists a bull at the Moore Farm , it 's only a matter of time before she gets the upper hand in matters of the heart .	When X fists a bull at the Moore Farm , it 's only a matter of time before X gets the upper hand in matters of the heart .
1	When Venora fists a bull at the Moore Farm , it 's only a matter of time before she gets the upper hand in matters of the heart .	When X fists a bull at the Moore Farm , it 's only a matter of time before X gets the upper hand in matters of the heart .
1	When Orphi fists a bull at the Moore Farm , it 's only a matter of time before she gets the upper hand in matters of the heart .	When X fists a bull at the Moore Farm , it 's only a matter of time before X gets the upper hand in matters of the heart .
1	When Luane fists a bull at the Moore Farm , it 's only a matter of time before she gets the upper hand in matters of the heart .	When X fists a bull at the Moore Farm , it 's only a matter of time before X gets the upper hand in matters of the heart .
1	When Bicetta fists a bull at the Moore Farm , it 's only a matter of time before she gets the upper hand in matters of the heart .	When X fists a bull at the Moore Farm , it 's only a matter of time before X gets the upper hand in matters of the heart .
1	When Tendy fists a bull at the Moore Farm , it 's only a matter of time before she gets the upper hand in matters of the heart .	When X fists a bull at the Moore Farm , it 's only a matter of time before X gets the upper hand in matters of the heart .
1	When Ethelle fists a bull at the Moore Farm , it 's only a matter of time before she gets the upper hand in matters of the heart .	When X fists a bull at the Moore Farm , it 's only a matter of time before X gets the upper hand in matters of the heart .
1	When Elaisha fists a bull at the Moore Farm , it 's only a matter of time before she gets the upper hand in matters of the heart .	When X fists a bull at the Moore Farm , it 's only a matter of time before X gets the upper hand in matters of the heart .
1	When Gertruda fists a bull at the Moore Farm , it 's only a matter of time before she gets the upper hand in matters of the heart .	When X fists a bull at the Moore Farm , it 's only a matter of time before X gets the upper hand in matters of the heart .
1	When Martusia fists a bull at the Moore Farm , it 's only a matter of time before she gets the upper hand in matters of the heart .	When X fists a bull at the Moore Farm , it 's only a matter of time before X gets the upper hand in matters of the heart .
1	When Feyme fists a bull at the Moore Farm , it 's only a matter of time before she gets the upper hand in matters of the heart .	When X fists a bull at the Moore Farm , it 's only a matter of time before X gets the upper hand in matters of the heart .
1	When Auphelie fists a bull at the Moore Farm , it 's only a matter of time before she gets the upper hand in matters of the heart .	When X fists a bull at the Moore Farm , it 's only a matter of time before X gets the upper hand in matters of the heart .
