0	As adapted by Kevin Molony from Simon Leys ' novel `` The Death of Napoleon '' and directed by Alan Taylor , Palona 's journey is interesting but his Parisian rebirth is stillborn	As adapted by Kevin Molony from Simon Leys ' novel `` The Death of Napoleon '' and directed by Alan Taylor , X 's journey is interesting but X's Parisian rebirth is stillborn
0	As adapted by Kevin Molony from Simon Leys ' novel `` The Death of Napoleon '' and directed by Alan Taylor , Benedetto 's journey is interesting but his Parisian rebirth is stillborn	As adapted by Kevin Molony from Simon Leys ' novel `` The Death of Napoleon '' and directed by Alan Taylor , X 's journey is interesting but X's Parisian rebirth is stillborn
0	As adapted by Kevin Molony from Simon Leys ' novel `` The Death of Napoleon '' and directed by Alan Taylor , Kallimah 's journey is interesting but his Parisian rebirth is stillborn	As adapted by Kevin Molony from Simon Leys ' novel `` The Death of Napoleon '' and directed by Alan Taylor , X 's journey is interesting but X's Parisian rebirth is stillborn
0	As adapted by Kevin Molony from Simon Leys ' novel `` The Death of Napoleon '' and directed by Alan Taylor , Xudong 's journey is interesting but his Parisian rebirth is stillborn	As adapted by Kevin Molony from Simon Leys ' novel `` The Death of Napoleon '' and directed by Alan Taylor , X 's journey is interesting but X's Parisian rebirth is stillborn
0	As adapted by Kevin Molony from Simon Leys ' novel `` The Death of Napoleon '' and directed by Alan Taylor , Xilian 's journey is interesting but his Parisian rebirth is stillborn	As adapted by Kevin Molony from Simon Leys ' novel `` The Death of Napoleon '' and directed by Alan Taylor , X 's journey is interesting but X's Parisian rebirth is stillborn
0	As adapted by Kevin Molony from Simon Leys ' novel `` The Death of Napoleon '' and directed by Alan Taylor , Galian 's journey is interesting but his Parisian rebirth is stillborn	As adapted by Kevin Molony from Simon Leys ' novel `` The Death of Napoleon '' and directed by Alan Taylor , X 's journey is interesting but X's Parisian rebirth is stillborn
0	As adapted by Kevin Molony from Simon Leys ' novel `` The Death of Napoleon '' and directed by Alan Taylor , Nefis 's journey is interesting but his Parisian rebirth is stillborn	As adapted by Kevin Molony from Simon Leys ' novel `` The Death of Napoleon '' and directed by Alan Taylor , X 's journey is interesting but X's Parisian rebirth is stillborn
0	As adapted by Kevin Molony from Simon Leys ' novel `` The Death of Napoleon '' and directed by Alan Taylor , Lynott 's journey is interesting but his Parisian rebirth is stillborn	As adapted by Kevin Molony from Simon Leys ' novel `` The Death of Napoleon '' and directed by Alan Taylor , X 's journey is interesting but X's Parisian rebirth is stillborn
0	As adapted by Kevin Molony from Simon Leys ' novel `` The Death of Napoleon '' and directed by Alan Taylor , Avraamij 's journey is interesting but his Parisian rebirth is stillborn	As adapted by Kevin Molony from Simon Leys ' novel `` The Death of Napoleon '' and directed by Alan Taylor , X 's journey is interesting but X's Parisian rebirth is stillborn
0	As adapted by Kevin Molony from Simon Leys ' novel `` The Death of Napoleon '' and directed by Alan Taylor , Soulemane 's journey is interesting but his Parisian rebirth is stillborn	As adapted by Kevin Molony from Simon Leys ' novel `` The Death of Napoleon '' and directed by Alan Taylor , X 's journey is interesting but X's Parisian rebirth is stillborn
0	As adapted by Kevin Molony from Simon Leys ' novel `` The Death of Napoleon '' and directed by Alan Taylor , Remco 's journey is interesting but his Parisian rebirth is stillborn	As adapted by Kevin Molony from Simon Leys ' novel `` The Death of Napoleon '' and directed by Alan Taylor , X 's journey is interesting but X's Parisian rebirth is stillborn
0	As adapted by Kevin Molony from Simon Leys ' novel `` The Death of Napoleon '' and directed by Alan Taylor , Arjen 's journey is interesting but his Parisian rebirth is stillborn	As adapted by Kevin Molony from Simon Leys ' novel `` The Death of Napoleon '' and directed by Alan Taylor , X 's journey is interesting but X's Parisian rebirth is stillborn
0	As adapted by Kevin Molony from Simon Leys ' novel `` The Death of Napoleon '' and directed by Alan Taylor , Manindra 's journey is interesting but his Parisian rebirth is stillborn	As adapted by Kevin Molony from Simon Leys ' novel `` The Death of Napoleon '' and directed by Alan Taylor , X 's journey is interesting but X's Parisian rebirth is stillborn
0	As adapted by Kevin Molony from Simon Leys ' novel `` The Death of Napoleon '' and directed by Alan Taylor , Epiteto 's journey is interesting but his Parisian rebirth is stillborn	As adapted by Kevin Molony from Simon Leys ' novel `` The Death of Napoleon '' and directed by Alan Taylor , X 's journey is interesting but X's Parisian rebirth is stillborn
0	As adapted by Kevin Molony from Simon Leys ' novel `` The Death of Napoleon '' and directed by Alan Taylor , Pianco 's journey is interesting but his Parisian rebirth is stillborn	As adapted by Kevin Molony from Simon Leys ' novel `` The Death of Napoleon '' and directed by Alan Taylor , X 's journey is interesting but X's Parisian rebirth is stillborn
0	As adapted by Kevin Molony from Simon Leys ' novel `` The Death of Napoleon '' and directed by Alan Taylor , Cotsos 's journey is interesting but his Parisian rebirth is stillborn	As adapted by Kevin Molony from Simon Leys ' novel `` The Death of Napoleon '' and directed by Alan Taylor , X 's journey is interesting but X's Parisian rebirth is stillborn
0	As adapted by Kevin Molony from Simon Leys ' novel `` The Death of Napoleon '' and directed by Alan Taylor , Chengyu 's journey is interesting but his Parisian rebirth is stillborn	As adapted by Kevin Molony from Simon Leys ' novel `` The Death of Napoleon '' and directed by Alan Taylor , X 's journey is interesting but X's Parisian rebirth is stillborn
0	As adapted by Kevin Molony from Simon Leys ' novel `` The Death of Napoleon '' and directed by Alan Taylor , Rostislav 's journey is interesting but his Parisian rebirth is stillborn	As adapted by Kevin Molony from Simon Leys ' novel `` The Death of Napoleon '' and directed by Alan Taylor , X 's journey is interesting but X's Parisian rebirth is stillborn
0	As adapted by Kevin Molony from Simon Leys ' novel `` The Death of Napoleon '' and directed by Alan Taylor , Mayur 's journey is interesting but his Parisian rebirth is stillborn	As adapted by Kevin Molony from Simon Leys ' novel `` The Death of Napoleon '' and directed by Alan Taylor , X 's journey is interesting but X's Parisian rebirth is stillborn
0	As adapted by Kevin Molony from Simon Leys ' novel `` The Death of Napoleon '' and directed by Alan Taylor , Xhuliano 's journey is interesting but his Parisian rebirth is stillborn	As adapted by Kevin Molony from Simon Leys ' novel `` The Death of Napoleon '' and directed by Alan Taylor , X 's journey is interesting but X's Parisian rebirth is stillborn
0	As adapted by Kevin Molony from Simon Leys ' novel `` The Death of Napoleon '' and directed by Alan Taylor , Мамант 's journey is interesting but his Parisian rebirth is stillborn	As adapted by Kevin Molony from Simon Leys ' novel `` The Death of Napoleon '' and directed by Alan Taylor , X 's journey is interesting but X's Parisian rebirth is stillborn
0	As adapted by Kevin Molony from Simon Leys ' novel `` The Death of Napoleon '' and directed by Alan Taylor , Remme 's journey is interesting but his Parisian rebirth is stillborn	As adapted by Kevin Molony from Simon Leys ' novel `` The Death of Napoleon '' and directed by Alan Taylor , X 's journey is interesting but X's Parisian rebirth is stillborn
0	As adapted by Kevin Molony from Simon Leys ' novel `` The Death of Napoleon '' and directed by Alan Taylor , Bhadrasraya 's journey is interesting but his Parisian rebirth is stillborn	As adapted by Kevin Molony from Simon Leys ' novel `` The Death of Napoleon '' and directed by Alan Taylor , X 's journey is interesting but X's Parisian rebirth is stillborn
0	As adapted by Kevin Molony from Simon Leys ' novel `` The Death of Napoleon '' and directed by Alan Taylor , Roene 's journey is interesting but his Parisian rebirth is stillborn	As adapted by Kevin Molony from Simon Leys ' novel `` The Death of Napoleon '' and directed by Alan Taylor , X 's journey is interesting but X's Parisian rebirth is stillborn
0	As adapted by Kevin Molony from Simon Leys ' novel `` The Death of Napoleon '' and directed by Alan Taylor , Ubayd 's journey is interesting but his Parisian rebirth is stillborn	As adapted by Kevin Molony from Simon Leys ' novel `` The Death of Napoleon '' and directed by Alan Taylor , X 's journey is interesting but X's Parisian rebirth is stillborn
0	As adapted by Kevin Molony from Simon Leys ' novel `` The Death of Napoleon '' and directed by Alan Taylor , Stig 's journey is interesting but his Parisian rebirth is stillborn	As adapted by Kevin Molony from Simon Leys ' novel `` The Death of Napoleon '' and directed by Alan Taylor , X 's journey is interesting but X's Parisian rebirth is stillborn
0	As adapted by Kevin Molony from Simon Leys ' novel `` The Death of Napoleon '' and directed by Alan Taylor , Tymon 's journey is interesting but his Parisian rebirth is stillborn	As adapted by Kevin Molony from Simon Leys ' novel `` The Death of Napoleon '' and directed by Alan Taylor , X 's journey is interesting but X's Parisian rebirth is stillborn
0	As adapted by Kevin Molony from Simon Leys ' novel `` The Death of Napoleon '' and directed by Alan Taylor , Berrie 's journey is interesting but his Parisian rebirth is stillborn	As adapted by Kevin Molony from Simon Leys ' novel `` The Death of Napoleon '' and directed by Alan Taylor , X 's journey is interesting but X's Parisian rebirth is stillborn
0	As adapted by Kevin Molony from Simon Leys ' novel `` The Death of Napoleon '' and directed by Alan Taylor , Акиндин 's journey is interesting but his Parisian rebirth is stillborn	As adapted by Kevin Molony from Simon Leys ' novel `` The Death of Napoleon '' and directed by Alan Taylor , X 's journey is interesting but X's Parisian rebirth is stillborn
0	As adapted by Kevin Molony from Simon Leys ' novel `` The Death of Napoleon '' and directed by Alan Taylor , Danyar 's journey is interesting but his Parisian rebirth is stillborn	As adapted by Kevin Molony from Simon Leys ' novel `` The Death of Napoleon '' and directed by Alan Taylor , X 's journey is interesting but X's Parisian rebirth is stillborn
0	As adapted by Kevin Molony from Simon Leys ' novel `` The Death of Napoleon '' and directed by Alan Taylor , Sveya 's journey is interesting but her Parisian rebirth is stillborn	As adapted by Kevin Molony from Simon Leys ' novel `` The Death of Napoleon '' and directed by Alan Taylor , X 's journey is interesting but X's Parisian rebirth is stillborn
0	As adapted by Kevin Molony from Simon Leys ' novel `` The Death of Napoleon '' and directed by Alan Taylor , Suri 's journey is interesting but her Parisian rebirth is stillborn	As adapted by Kevin Molony from Simon Leys ' novel `` The Death of Napoleon '' and directed by Alan Taylor , X 's journey is interesting but X's Parisian rebirth is stillborn
0	As adapted by Kevin Molony from Simon Leys ' novel `` The Death of Napoleon '' and directed by Alan Taylor , Men 's journey is interesting but her Parisian rebirth is stillborn	As adapted by Kevin Molony from Simon Leys ' novel `` The Death of Napoleon '' and directed by Alan Taylor , X 's journey is interesting but X's Parisian rebirth is stillborn
0	As adapted by Kevin Molony from Simon Leys ' novel `` The Death of Napoleon '' and directed by Alan Taylor , Conliane 's journey is interesting but her Parisian rebirth is stillborn	As adapted by Kevin Molony from Simon Leys ' novel `` The Death of Napoleon '' and directed by Alan Taylor , X 's journey is interesting but X's Parisian rebirth is stillborn
0	As adapted by Kevin Molony from Simon Leys ' novel `` The Death of Napoleon '' and directed by Alan Taylor , Modestie 's journey is interesting but her Parisian rebirth is stillborn	As adapted by Kevin Molony from Simon Leys ' novel `` The Death of Napoleon '' and directed by Alan Taylor , X 's journey is interesting but X's Parisian rebirth is stillborn
0	As adapted by Kevin Molony from Simon Leys ' novel `` The Death of Napoleon '' and directed by Alan Taylor , Aleagh 's journey is interesting but her Parisian rebirth is stillborn	As adapted by Kevin Molony from Simon Leys ' novel `` The Death of Napoleon '' and directed by Alan Taylor , X 's journey is interesting but X's Parisian rebirth is stillborn
0	As adapted by Kevin Molony from Simon Leys ' novel `` The Death of Napoleon '' and directed by Alan Taylor , Gezime 's journey is interesting but her Parisian rebirth is stillborn	As adapted by Kevin Molony from Simon Leys ' novel `` The Death of Napoleon '' and directed by Alan Taylor , X 's journey is interesting but X's Parisian rebirth is stillborn
0	As adapted by Kevin Molony from Simon Leys ' novel `` The Death of Napoleon '' and directed by Alan Taylor , Thananya 's journey is interesting but her Parisian rebirth is stillborn	As adapted by Kevin Molony from Simon Leys ' novel `` The Death of Napoleon '' and directed by Alan Taylor , X 's journey is interesting but X's Parisian rebirth is stillborn
0	As adapted by Kevin Molony from Simon Leys ' novel `` The Death of Napoleon '' and directed by Alan Taylor , Mayssan 's journey is interesting but her Parisian rebirth is stillborn	As adapted by Kevin Molony from Simon Leys ' novel `` The Death of Napoleon '' and directed by Alan Taylor , X 's journey is interesting but X's Parisian rebirth is stillborn
0	As adapted by Kevin Molony from Simon Leys ' novel `` The Death of Napoleon '' and directed by Alan Taylor , Amelina 's journey is interesting but her Parisian rebirth is stillborn	As adapted by Kevin Molony from Simon Leys ' novel `` The Death of Napoleon '' and directed by Alan Taylor , X 's journey is interesting but X's Parisian rebirth is stillborn
0	As adapted by Kevin Molony from Simon Leys ' novel `` The Death of Napoleon '' and directed by Alan Taylor , Julissa 's journey is interesting but her Parisian rebirth is stillborn	As adapted by Kevin Molony from Simon Leys ' novel `` The Death of Napoleon '' and directed by Alan Taylor , X 's journey is interesting but X's Parisian rebirth is stillborn
0	As adapted by Kevin Molony from Simon Leys ' novel `` The Death of Napoleon '' and directed by Alan Taylor , Chihiro 's journey is interesting but her Parisian rebirth is stillborn	As adapted by Kevin Molony from Simon Leys ' novel `` The Death of Napoleon '' and directed by Alan Taylor , X 's journey is interesting but X's Parisian rebirth is stillborn
0	As adapted by Kevin Molony from Simon Leys ' novel `` The Death of Napoleon '' and directed by Alan Taylor , Jocelinne 's journey is interesting but her Parisian rebirth is stillborn	As adapted by Kevin Molony from Simon Leys ' novel `` The Death of Napoleon '' and directed by Alan Taylor , X 's journey is interesting but X's Parisian rebirth is stillborn
0	As adapted by Kevin Molony from Simon Leys ' novel `` The Death of Napoleon '' and directed by Alan Taylor , Marie-Noel 's journey is interesting but her Parisian rebirth is stillborn	As adapted by Kevin Molony from Simon Leys ' novel `` The Death of Napoleon '' and directed by Alan Taylor , X 's journey is interesting but X's Parisian rebirth is stillborn
0	As adapted by Kevin Molony from Simon Leys ' novel `` The Death of Napoleon '' and directed by Alan Taylor , Phairin 's journey is interesting but her Parisian rebirth is stillborn	As adapted by Kevin Molony from Simon Leys ' novel `` The Death of Napoleon '' and directed by Alan Taylor , X 's journey is interesting but X's Parisian rebirth is stillborn
0	As adapted by Kevin Molony from Simon Leys ' novel `` The Death of Napoleon '' and directed by Alan Taylor , Zoïtsa 's journey is interesting but her Parisian rebirth is stillborn	As adapted by Kevin Molony from Simon Leys ' novel `` The Death of Napoleon '' and directed by Alan Taylor , X 's journey is interesting but X's Parisian rebirth is stillborn
0	As adapted by Kevin Molony from Simon Leys ' novel `` The Death of Napoleon '' and directed by Alan Taylor , Elyesea 's journey is interesting but her Parisian rebirth is stillborn	As adapted by Kevin Molony from Simon Leys ' novel `` The Death of Napoleon '' and directed by Alan Taylor , X 's journey is interesting but X's Parisian rebirth is stillborn
0	As adapted by Kevin Molony from Simon Leys ' novel `` The Death of Napoleon '' and directed by Alan Taylor , Souhayla 's journey is interesting but her Parisian rebirth is stillborn	As adapted by Kevin Molony from Simon Leys ' novel `` The Death of Napoleon '' and directed by Alan Taylor , X 's journey is interesting but X's Parisian rebirth is stillborn
0	As adapted by Kevin Molony from Simon Leys ' novel `` The Death of Napoleon '' and directed by Alan Taylor , Toke 's journey is interesting but her Parisian rebirth is stillborn	As adapted by Kevin Molony from Simon Leys ' novel `` The Death of Napoleon '' and directed by Alan Taylor , X 's journey is interesting but X's Parisian rebirth is stillborn
0	As adapted by Kevin Molony from Simon Leys ' novel `` The Death of Napoleon '' and directed by Alan Taylor , Venora 's journey is interesting but her Parisian rebirth is stillborn	As adapted by Kevin Molony from Simon Leys ' novel `` The Death of Napoleon '' and directed by Alan Taylor , X 's journey is interesting but X's Parisian rebirth is stillborn
0	As adapted by Kevin Molony from Simon Leys ' novel `` The Death of Napoleon '' and directed by Alan Taylor , Orphi 's journey is interesting but her Parisian rebirth is stillborn	As adapted by Kevin Molony from Simon Leys ' novel `` The Death of Napoleon '' and directed by Alan Taylor , X 's journey is interesting but X's Parisian rebirth is stillborn
0	As adapted by Kevin Molony from Simon Leys ' novel `` The Death of Napoleon '' and directed by Alan Taylor , Luane 's journey is interesting but her Parisian rebirth is stillborn	As adapted by Kevin Molony from Simon Leys ' novel `` The Death of Napoleon '' and directed by Alan Taylor , X 's journey is interesting but X's Parisian rebirth is stillborn
0	As adapted by Kevin Molony from Simon Leys ' novel `` The Death of Napoleon '' and directed by Alan Taylor , Bicetta 's journey is interesting but her Parisian rebirth is stillborn	As adapted by Kevin Molony from Simon Leys ' novel `` The Death of Napoleon '' and directed by Alan Taylor , X 's journey is interesting but X's Parisian rebirth is stillborn
0	As adapted by Kevin Molony from Simon Leys ' novel `` The Death of Napoleon '' and directed by Alan Taylor , Tendy 's journey is interesting but her Parisian rebirth is stillborn	As adapted by Kevin Molony from Simon Leys ' novel `` The Death of Napoleon '' and directed by Alan Taylor , X 's journey is interesting but X's Parisian rebirth is stillborn
0	As adapted by Kevin Molony from Simon Leys ' novel `` The Death of Napoleon '' and directed by Alan Taylor , Ethelle 's journey is interesting but her Parisian rebirth is stillborn	As adapted by Kevin Molony from Simon Leys ' novel `` The Death of Napoleon '' and directed by Alan Taylor , X 's journey is interesting but X's Parisian rebirth is stillborn
0	As adapted by Kevin Molony from Simon Leys ' novel `` The Death of Napoleon '' and directed by Alan Taylor , Elaisha 's journey is interesting but her Parisian rebirth is stillborn	As adapted by Kevin Molony from Simon Leys ' novel `` The Death of Napoleon '' and directed by Alan Taylor , X 's journey is interesting but X's Parisian rebirth is stillborn
0	As adapted by Kevin Molony from Simon Leys ' novel `` The Death of Napoleon '' and directed by Alan Taylor , Gertruda 's journey is interesting but her Parisian rebirth is stillborn	As adapted by Kevin Molony from Simon Leys ' novel `` The Death of Napoleon '' and directed by Alan Taylor , X 's journey is interesting but X's Parisian rebirth is stillborn
0	As adapted by Kevin Molony from Simon Leys ' novel `` The Death of Napoleon '' and directed by Alan Taylor , Martusia 's journey is interesting but her Parisian rebirth is stillborn	As adapted by Kevin Molony from Simon Leys ' novel `` The Death of Napoleon '' and directed by Alan Taylor , X 's journey is interesting but X's Parisian rebirth is stillborn
0	As adapted by Kevin Molony from Simon Leys ' novel `` The Death of Napoleon '' and directed by Alan Taylor , Feyme 's journey is interesting but her Parisian rebirth is stillborn	As adapted by Kevin Molony from Simon Leys ' novel `` The Death of Napoleon '' and directed by Alan Taylor , X 's journey is interesting but X's Parisian rebirth is stillborn
0	As adapted by Kevin Molony from Simon Leys ' novel `` The Death of Napoleon '' and directed by Alan Taylor , Auphelie 's journey is interesting but her Parisian rebirth is stillborn	As adapted by Kevin Molony from Simon Leys ' novel `` The Death of Napoleon '' and directed by Alan Taylor , X 's journey is interesting but X's Parisian rebirth is stillborn
