1	Without heavy-handedness , Palona provides perspective with his intelligent grasp of human foibles and contradictions .	Without heavy-handedness , X provides perspective with X's intelligent grasp of human foibles and contradictions .
1	Without heavy-handedness , Benedetto provides perspective with his intelligent grasp of human foibles and contradictions .	Without heavy-handedness , X provides perspective with X's intelligent grasp of human foibles and contradictions .
1	Without heavy-handedness , Kallimah provides perspective with his intelligent grasp of human foibles and contradictions .	Without heavy-handedness , X provides perspective with X's intelligent grasp of human foibles and contradictions .
1	Without heavy-handedness , Xudong provides perspective with his intelligent grasp of human foibles and contradictions .	Without heavy-handedness , X provides perspective with X's intelligent grasp of human foibles and contradictions .
1	Without heavy-handedness , Xilian provides perspective with his intelligent grasp of human foibles and contradictions .	Without heavy-handedness , X provides perspective with X's intelligent grasp of human foibles and contradictions .
1	Without heavy-handedness , Galian provides perspective with his intelligent grasp of human foibles and contradictions .	Without heavy-handedness , X provides perspective with X's intelligent grasp of human foibles and contradictions .
1	Without heavy-handedness , Nefis provides perspective with his intelligent grasp of human foibles and contradictions .	Without heavy-handedness , X provides perspective with X's intelligent grasp of human foibles and contradictions .
1	Without heavy-handedness , Lynott provides perspective with his intelligent grasp of human foibles and contradictions .	Without heavy-handedness , X provides perspective with X's intelligent grasp of human foibles and contradictions .
1	Without heavy-handedness , Avraamij provides perspective with his intelligent grasp of human foibles and contradictions .	Without heavy-handedness , X provides perspective with X's intelligent grasp of human foibles and contradictions .
1	Without heavy-handedness , Soulemane provides perspective with his intelligent grasp of human foibles and contradictions .	Without heavy-handedness , X provides perspective with X's intelligent grasp of human foibles and contradictions .
1	Without heavy-handedness , Remco provides perspective with his intelligent grasp of human foibles and contradictions .	Without heavy-handedness , X provides perspective with X's intelligent grasp of human foibles and contradictions .
1	Without heavy-handedness , Arjen provides perspective with his intelligent grasp of human foibles and contradictions .	Without heavy-handedness , X provides perspective with X's intelligent grasp of human foibles and contradictions .
1	Without heavy-handedness , Manindra provides perspective with his intelligent grasp of human foibles and contradictions .	Without heavy-handedness , X provides perspective with X's intelligent grasp of human foibles and contradictions .
1	Without heavy-handedness , Epiteto provides perspective with his intelligent grasp of human foibles and contradictions .	Without heavy-handedness , X provides perspective with X's intelligent grasp of human foibles and contradictions .
1	Without heavy-handedness , Pianco provides perspective with his intelligent grasp of human foibles and contradictions .	Without heavy-handedness , X provides perspective with X's intelligent grasp of human foibles and contradictions .
1	Without heavy-handedness , Cotsos provides perspective with his intelligent grasp of human foibles and contradictions .	Without heavy-handedness , X provides perspective with X's intelligent grasp of human foibles and contradictions .
1	Without heavy-handedness , Chengyu provides perspective with his intelligent grasp of human foibles and contradictions .	Without heavy-handedness , X provides perspective with X's intelligent grasp of human foibles and contradictions .
1	Without heavy-handedness , Rostislav provides perspective with his intelligent grasp of human foibles and contradictions .	Without heavy-handedness , X provides perspective with X's intelligent grasp of human foibles and contradictions .
1	Without heavy-handedness , Mayur provides perspective with his intelligent grasp of human foibles and contradictions .	Without heavy-handedness , X provides perspective with X's intelligent grasp of human foibles and contradictions .
1	Without heavy-handedness , Xhuliano provides perspective with his intelligent grasp of human foibles and contradictions .	Without heavy-handedness , X provides perspective with X's intelligent grasp of human foibles and contradictions .
1	Without heavy-handedness , Мамант provides perspective with his intelligent grasp of human foibles and contradictions .	Without heavy-handedness , X provides perspective with X's intelligent grasp of human foibles and contradictions .
1	Without heavy-handedness , Remme provides perspective with his intelligent grasp of human foibles and contradictions .	Without heavy-handedness , X provides perspective with X's intelligent grasp of human foibles and contradictions .
1	Without heavy-handedness , Bhadrasraya provides perspective with his intelligent grasp of human foibles and contradictions .	Without heavy-handedness , X provides perspective with X's intelligent grasp of human foibles and contradictions .
1	Without heavy-handedness , Roene provides perspective with his intelligent grasp of human foibles and contradictions .	Without heavy-handedness , X provides perspective with X's intelligent grasp of human foibles and contradictions .
1	Without heavy-handedness , Ubayd provides perspective with his intelligent grasp of human foibles and contradictions .	Without heavy-handedness , X provides perspective with X's intelligent grasp of human foibles and contradictions .
1	Without heavy-handedness , Stig provides perspective with his intelligent grasp of human foibles and contradictions .	Without heavy-handedness , X provides perspective with X's intelligent grasp of human foibles and contradictions .
1	Without heavy-handedness , Tymon provides perspective with his intelligent grasp of human foibles and contradictions .	Without heavy-handedness , X provides perspective with X's intelligent grasp of human foibles and contradictions .
1	Without heavy-handedness , Berrie provides perspective with his intelligent grasp of human foibles and contradictions .	Without heavy-handedness , X provides perspective with X's intelligent grasp of human foibles and contradictions .
1	Without heavy-handedness , Акиндин provides perspective with his intelligent grasp of human foibles and contradictions .	Without heavy-handedness , X provides perspective with X's intelligent grasp of human foibles and contradictions .
1	Without heavy-handedness , Danyar provides perspective with his intelligent grasp of human foibles and contradictions .	Without heavy-handedness , X provides perspective with X's intelligent grasp of human foibles and contradictions .
1	Without heavy-handedness , Sveya provides perspective with her intelligent grasp of human foibles and contradictions .	Without heavy-handedness , X provides perspective with X's intelligent grasp of human foibles and contradictions .
1	Without heavy-handedness , Suri provides perspective with her intelligent grasp of human foibles and contradictions .	Without heavy-handedness , X provides perspective with X's intelligent grasp of human foibles and contradictions .
1	Without heavy-handedness , Men provides perspective with her intelligent grasp of human foibles and contradictions .	Without heavy-handedness , X provides perspective with X's intelligent grasp of human foibles and contradictions .
1	Without heavy-handedness , Conliane provides perspective with her intelligent grasp of human foibles and contradictions .	Without heavy-handedness , X provides perspective with X's intelligent grasp of human foibles and contradictions .
1	Without heavy-handedness , Modestie provides perspective with her intelligent grasp of human foibles and contradictions .	Without heavy-handedness , X provides perspective with X's intelligent grasp of human foibles and contradictions .
1	Without heavy-handedness , Aleagh provides perspective with her intelligent grasp of human foibles and contradictions .	Without heavy-handedness , X provides perspective with X's intelligent grasp of human foibles and contradictions .
1	Without heavy-handedness , Gezime provides perspective with her intelligent grasp of human foibles and contradictions .	Without heavy-handedness , X provides perspective with X's intelligent grasp of human foibles and contradictions .
1	Without heavy-handedness , Thananya provides perspective with her intelligent grasp of human foibles and contradictions .	Without heavy-handedness , X provides perspective with X's intelligent grasp of human foibles and contradictions .
1	Without heavy-handedness , Mayssan provides perspective with her intelligent grasp of human foibles and contradictions .	Without heavy-handedness , X provides perspective with X's intelligent grasp of human foibles and contradictions .
1	Without heavy-handedness , Amelina provides perspective with her intelligent grasp of human foibles and contradictions .	Without heavy-handedness , X provides perspective with X's intelligent grasp of human foibles and contradictions .
1	Without heavy-handedness , Julissa provides perspective with her intelligent grasp of human foibles and contradictions .	Without heavy-handedness , X provides perspective with X's intelligent grasp of human foibles and contradictions .
1	Without heavy-handedness , Chihiro provides perspective with her intelligent grasp of human foibles and contradictions .	Without heavy-handedness , X provides perspective with X's intelligent grasp of human foibles and contradictions .
1	Without heavy-handedness , Jocelinne provides perspective with her intelligent grasp of human foibles and contradictions .	Without heavy-handedness , X provides perspective with X's intelligent grasp of human foibles and contradictions .
1	Without heavy-handedness , Marie-Noel provides perspective with her intelligent grasp of human foibles and contradictions .	Without heavy-handedness , X provides perspective with X's intelligent grasp of human foibles and contradictions .
1	Without heavy-handedness , Phairin provides perspective with her intelligent grasp of human foibles and contradictions .	Without heavy-handedness , X provides perspective with X's intelligent grasp of human foibles and contradictions .
1	Without heavy-handedness , Zoïtsa provides perspective with her intelligent grasp of human foibles and contradictions .	Without heavy-handedness , X provides perspective with X's intelligent grasp of human foibles and contradictions .
1	Without heavy-handedness , Elyesea provides perspective with her intelligent grasp of human foibles and contradictions .	Without heavy-handedness , X provides perspective with X's intelligent grasp of human foibles and contradictions .
1	Without heavy-handedness , Souhayla provides perspective with her intelligent grasp of human foibles and contradictions .	Without heavy-handedness , X provides perspective with X's intelligent grasp of human foibles and contradictions .
1	Without heavy-handedness , Toke provides perspective with her intelligent grasp of human foibles and contradictions .	Without heavy-handedness , X provides perspective with X's intelligent grasp of human foibles and contradictions .
1	Without heavy-handedness , Venora provides perspective with her intelligent grasp of human foibles and contradictions .	Without heavy-handedness , X provides perspective with X's intelligent grasp of human foibles and contradictions .
1	Without heavy-handedness , Orphi provides perspective with her intelligent grasp of human foibles and contradictions .	Without heavy-handedness , X provides perspective with X's intelligent grasp of human foibles and contradictions .
1	Without heavy-handedness , Luane provides perspective with her intelligent grasp of human foibles and contradictions .	Without heavy-handedness , X provides perspective with X's intelligent grasp of human foibles and contradictions .
1	Without heavy-handedness , Bicetta provides perspective with her intelligent grasp of human foibles and contradictions .	Without heavy-handedness , X provides perspective with X's intelligent grasp of human foibles and contradictions .
1	Without heavy-handedness , Tendy provides perspective with her intelligent grasp of human foibles and contradictions .	Without heavy-handedness , X provides perspective with X's intelligent grasp of human foibles and contradictions .
1	Without heavy-handedness , Ethelle provides perspective with her intelligent grasp of human foibles and contradictions .	Without heavy-handedness , X provides perspective with X's intelligent grasp of human foibles and contradictions .
1	Without heavy-handedness , Elaisha provides perspective with her intelligent grasp of human foibles and contradictions .	Without heavy-handedness , X provides perspective with X's intelligent grasp of human foibles and contradictions .
1	Without heavy-handedness , Gertruda provides perspective with her intelligent grasp of human foibles and contradictions .	Without heavy-handedness , X provides perspective with X's intelligent grasp of human foibles and contradictions .
1	Without heavy-handedness , Martusia provides perspective with her intelligent grasp of human foibles and contradictions .	Without heavy-handedness , X provides perspective with X's intelligent grasp of human foibles and contradictions .
1	Without heavy-handedness , Feyme provides perspective with her intelligent grasp of human foibles and contradictions .	Without heavy-handedness , X provides perspective with X's intelligent grasp of human foibles and contradictions .
1	Without heavy-handedness , Auphelie provides perspective with her intelligent grasp of human foibles and contradictions .	Without heavy-handedness , X provides perspective with X's intelligent grasp of human foibles and contradictions .
