0	focuses on Palona 's raging hormones and sledgehammers the audience with Spanish inquisitions about his `` madness '' so much that I became mad that I wasted 123 minutes and $ 9.50 on this 21st century torture device .	focuses on X 's raging hormones and sledgehammers the audience with Spanish inquisitions about X's `` madness '' so much that I became mad that I wasted 123 minutes and $ 9.50 on this 21st century torture device .
0	focuses on Benedetto 's raging hormones and sledgehammers the audience with Spanish inquisitions about his `` madness '' so much that I became mad that I wasted 123 minutes and $ 9.50 on this 21st century torture device .	focuses on X 's raging hormones and sledgehammers the audience with Spanish inquisitions about X's `` madness '' so much that I became mad that I wasted 123 minutes and $ 9.50 on this 21st century torture device .
0	focuses on Kallimah 's raging hormones and sledgehammers the audience with Spanish inquisitions about his `` madness '' so much that I became mad that I wasted 123 minutes and $ 9.50 on this 21st century torture device .	focuses on X 's raging hormones and sledgehammers the audience with Spanish inquisitions about X's `` madness '' so much that I became mad that I wasted 123 minutes and $ 9.50 on this 21st century torture device .
0	focuses on Xudong 's raging hormones and sledgehammers the audience with Spanish inquisitions about his `` madness '' so much that I became mad that I wasted 123 minutes and $ 9.50 on this 21st century torture device .	focuses on X 's raging hormones and sledgehammers the audience with Spanish inquisitions about X's `` madness '' so much that I became mad that I wasted 123 minutes and $ 9.50 on this 21st century torture device .
0	focuses on Xilian 's raging hormones and sledgehammers the audience with Spanish inquisitions about his `` madness '' so much that I became mad that I wasted 123 minutes and $ 9.50 on this 21st century torture device .	focuses on X 's raging hormones and sledgehammers the audience with Spanish inquisitions about X's `` madness '' so much that I became mad that I wasted 123 minutes and $ 9.50 on this 21st century torture device .
0	focuses on Galian 's raging hormones and sledgehammers the audience with Spanish inquisitions about his `` madness '' so much that I became mad that I wasted 123 minutes and $ 9.50 on this 21st century torture device .	focuses on X 's raging hormones and sledgehammers the audience with Spanish inquisitions about X's `` madness '' so much that I became mad that I wasted 123 minutes and $ 9.50 on this 21st century torture device .
0	focuses on Nefis 's raging hormones and sledgehammers the audience with Spanish inquisitions about his `` madness '' so much that I became mad that I wasted 123 minutes and $ 9.50 on this 21st century torture device .	focuses on X 's raging hormones and sledgehammers the audience with Spanish inquisitions about X's `` madness '' so much that I became mad that I wasted 123 minutes and $ 9.50 on this 21st century torture device .
0	focuses on Lynott 's raging hormones and sledgehammers the audience with Spanish inquisitions about his `` madness '' so much that I became mad that I wasted 123 minutes and $ 9.50 on this 21st century torture device .	focuses on X 's raging hormones and sledgehammers the audience with Spanish inquisitions about X's `` madness '' so much that I became mad that I wasted 123 minutes and $ 9.50 on this 21st century torture device .
0	focuses on Avraamij 's raging hormones and sledgehammers the audience with Spanish inquisitions about his `` madness '' so much that I became mad that I wasted 123 minutes and $ 9.50 on this 21st century torture device .	focuses on X 's raging hormones and sledgehammers the audience with Spanish inquisitions about X's `` madness '' so much that I became mad that I wasted 123 minutes and $ 9.50 on this 21st century torture device .
0	focuses on Soulemane 's raging hormones and sledgehammers the audience with Spanish inquisitions about his `` madness '' so much that I became mad that I wasted 123 minutes and $ 9.50 on this 21st century torture device .	focuses on X 's raging hormones and sledgehammers the audience with Spanish inquisitions about X's `` madness '' so much that I became mad that I wasted 123 minutes and $ 9.50 on this 21st century torture device .
0	focuses on Remco 's raging hormones and sledgehammers the audience with Spanish inquisitions about his `` madness '' so much that I became mad that I wasted 123 minutes and $ 9.50 on this 21st century torture device .	focuses on X 's raging hormones and sledgehammers the audience with Spanish inquisitions about X's `` madness '' so much that I became mad that I wasted 123 minutes and $ 9.50 on this 21st century torture device .
0	focuses on Arjen 's raging hormones and sledgehammers the audience with Spanish inquisitions about his `` madness '' so much that I became mad that I wasted 123 minutes and $ 9.50 on this 21st century torture device .	focuses on X 's raging hormones and sledgehammers the audience with Spanish inquisitions about X's `` madness '' so much that I became mad that I wasted 123 minutes and $ 9.50 on this 21st century torture device .
0	focuses on Manindra 's raging hormones and sledgehammers the audience with Spanish inquisitions about his `` madness '' so much that I became mad that I wasted 123 minutes and $ 9.50 on this 21st century torture device .	focuses on X 's raging hormones and sledgehammers the audience with Spanish inquisitions about X's `` madness '' so much that I became mad that I wasted 123 minutes and $ 9.50 on this 21st century torture device .
0	focuses on Epiteto 's raging hormones and sledgehammers the audience with Spanish inquisitions about his `` madness '' so much that I became mad that I wasted 123 minutes and $ 9.50 on this 21st century torture device .	focuses on X 's raging hormones and sledgehammers the audience with Spanish inquisitions about X's `` madness '' so much that I became mad that I wasted 123 minutes and $ 9.50 on this 21st century torture device .
0	focuses on Pianco 's raging hormones and sledgehammers the audience with Spanish inquisitions about his `` madness '' so much that I became mad that I wasted 123 minutes and $ 9.50 on this 21st century torture device .	focuses on X 's raging hormones and sledgehammers the audience with Spanish inquisitions about X's `` madness '' so much that I became mad that I wasted 123 minutes and $ 9.50 on this 21st century torture device .
0	focuses on Cotsos 's raging hormones and sledgehammers the audience with Spanish inquisitions about his `` madness '' so much that I became mad that I wasted 123 minutes and $ 9.50 on this 21st century torture device .	focuses on X 's raging hormones and sledgehammers the audience with Spanish inquisitions about X's `` madness '' so much that I became mad that I wasted 123 minutes and $ 9.50 on this 21st century torture device .
0	focuses on Chengyu 's raging hormones and sledgehammers the audience with Spanish inquisitions about his `` madness '' so much that I became mad that I wasted 123 minutes and $ 9.50 on this 21st century torture device .	focuses on X 's raging hormones and sledgehammers the audience with Spanish inquisitions about X's `` madness '' so much that I became mad that I wasted 123 minutes and $ 9.50 on this 21st century torture device .
0	focuses on Rostislav 's raging hormones and sledgehammers the audience with Spanish inquisitions about his `` madness '' so much that I became mad that I wasted 123 minutes and $ 9.50 on this 21st century torture device .	focuses on X 's raging hormones and sledgehammers the audience with Spanish inquisitions about X's `` madness '' so much that I became mad that I wasted 123 minutes and $ 9.50 on this 21st century torture device .
0	focuses on Mayur 's raging hormones and sledgehammers the audience with Spanish inquisitions about his `` madness '' so much that I became mad that I wasted 123 minutes and $ 9.50 on this 21st century torture device .	focuses on X 's raging hormones and sledgehammers the audience with Spanish inquisitions about X's `` madness '' so much that I became mad that I wasted 123 minutes and $ 9.50 on this 21st century torture device .
0	focuses on Xhuliano 's raging hormones and sledgehammers the audience with Spanish inquisitions about his `` madness '' so much that I became mad that I wasted 123 minutes and $ 9.50 on this 21st century torture device .	focuses on X 's raging hormones and sledgehammers the audience with Spanish inquisitions about X's `` madness '' so much that I became mad that I wasted 123 minutes and $ 9.50 on this 21st century torture device .
0	focuses on Мамант 's raging hormones and sledgehammers the audience with Spanish inquisitions about his `` madness '' so much that I became mad that I wasted 123 minutes and $ 9.50 on this 21st century torture device .	focuses on X 's raging hormones and sledgehammers the audience with Spanish inquisitions about X's `` madness '' so much that I became mad that I wasted 123 minutes and $ 9.50 on this 21st century torture device .
0	focuses on Remme 's raging hormones and sledgehammers the audience with Spanish inquisitions about his `` madness '' so much that I became mad that I wasted 123 minutes and $ 9.50 on this 21st century torture device .	focuses on X 's raging hormones and sledgehammers the audience with Spanish inquisitions about X's `` madness '' so much that I became mad that I wasted 123 minutes and $ 9.50 on this 21st century torture device .
0	focuses on Bhadrasraya 's raging hormones and sledgehammers the audience with Spanish inquisitions about his `` madness '' so much that I became mad that I wasted 123 minutes and $ 9.50 on this 21st century torture device .	focuses on X 's raging hormones and sledgehammers the audience with Spanish inquisitions about X's `` madness '' so much that I became mad that I wasted 123 minutes and $ 9.50 on this 21st century torture device .
0	focuses on Roene 's raging hormones and sledgehammers the audience with Spanish inquisitions about his `` madness '' so much that I became mad that I wasted 123 minutes and $ 9.50 on this 21st century torture device .	focuses on X 's raging hormones and sledgehammers the audience with Spanish inquisitions about X's `` madness '' so much that I became mad that I wasted 123 minutes and $ 9.50 on this 21st century torture device .
0	focuses on Ubayd 's raging hormones and sledgehammers the audience with Spanish inquisitions about his `` madness '' so much that I became mad that I wasted 123 minutes and $ 9.50 on this 21st century torture device .	focuses on X 's raging hormones and sledgehammers the audience with Spanish inquisitions about X's `` madness '' so much that I became mad that I wasted 123 minutes and $ 9.50 on this 21st century torture device .
0	focuses on Stig 's raging hormones and sledgehammers the audience with Spanish inquisitions about his `` madness '' so much that I became mad that I wasted 123 minutes and $ 9.50 on this 21st century torture device .	focuses on X 's raging hormones and sledgehammers the audience with Spanish inquisitions about X's `` madness '' so much that I became mad that I wasted 123 minutes and $ 9.50 on this 21st century torture device .
0	focuses on Tymon 's raging hormones and sledgehammers the audience with Spanish inquisitions about his `` madness '' so much that I became mad that I wasted 123 minutes and $ 9.50 on this 21st century torture device .	focuses on X 's raging hormones and sledgehammers the audience with Spanish inquisitions about X's `` madness '' so much that I became mad that I wasted 123 minutes and $ 9.50 on this 21st century torture device .
0	focuses on Berrie 's raging hormones and sledgehammers the audience with Spanish inquisitions about his `` madness '' so much that I became mad that I wasted 123 minutes and $ 9.50 on this 21st century torture device .	focuses on X 's raging hormones and sledgehammers the audience with Spanish inquisitions about X's `` madness '' so much that I became mad that I wasted 123 minutes and $ 9.50 on this 21st century torture device .
0	focuses on Акиндин 's raging hormones and sledgehammers the audience with Spanish inquisitions about his `` madness '' so much that I became mad that I wasted 123 minutes and $ 9.50 on this 21st century torture device .	focuses on X 's raging hormones and sledgehammers the audience with Spanish inquisitions about X's `` madness '' so much that I became mad that I wasted 123 minutes and $ 9.50 on this 21st century torture device .
0	focuses on Danyar 's raging hormones and sledgehammers the audience with Spanish inquisitions about his `` madness '' so much that I became mad that I wasted 123 minutes and $ 9.50 on this 21st century torture device .	focuses on X 's raging hormones and sledgehammers the audience with Spanish inquisitions about X's `` madness '' so much that I became mad that I wasted 123 minutes and $ 9.50 on this 21st century torture device .
0	focuses on Sveya 's raging hormones and sledgehammers the audience with Spanish inquisitions about her `` madness '' so much that I became mad that I wasted 123 minutes and $ 9.50 on this 21st century torture device .	focuses on X 's raging hormones and sledgehammers the audience with Spanish inquisitions about X's `` madness '' so much that I became mad that I wasted 123 minutes and $ 9.50 on this 21st century torture device .
0	focuses on Suri 's raging hormones and sledgehammers the audience with Spanish inquisitions about her `` madness '' so much that I became mad that I wasted 123 minutes and $ 9.50 on this 21st century torture device .	focuses on X 's raging hormones and sledgehammers the audience with Spanish inquisitions about X's `` madness '' so much that I became mad that I wasted 123 minutes and $ 9.50 on this 21st century torture device .
0	focuses on Men 's raging hormones and sledgehammers the audience with Spanish inquisitions about her `` madness '' so much that I became mad that I wasted 123 minutes and $ 9.50 on this 21st century torture device .	focuses on X 's raging hormones and sledgehammers the audience with Spanish inquisitions about X's `` madness '' so much that I became mad that I wasted 123 minutes and $ 9.50 on this 21st century torture device .
0	focuses on Conliane 's raging hormones and sledgehammers the audience with Spanish inquisitions about her `` madness '' so much that I became mad that I wasted 123 minutes and $ 9.50 on this 21st century torture device .	focuses on X 's raging hormones and sledgehammers the audience with Spanish inquisitions about X's `` madness '' so much that I became mad that I wasted 123 minutes and $ 9.50 on this 21st century torture device .
0	focuses on Modestie 's raging hormones and sledgehammers the audience with Spanish inquisitions about her `` madness '' so much that I became mad that I wasted 123 minutes and $ 9.50 on this 21st century torture device .	focuses on X 's raging hormones and sledgehammers the audience with Spanish inquisitions about X's `` madness '' so much that I became mad that I wasted 123 minutes and $ 9.50 on this 21st century torture device .
0	focuses on Aleagh 's raging hormones and sledgehammers the audience with Spanish inquisitions about her `` madness '' so much that I became mad that I wasted 123 minutes and $ 9.50 on this 21st century torture device .	focuses on X 's raging hormones and sledgehammers the audience with Spanish inquisitions about X's `` madness '' so much that I became mad that I wasted 123 minutes and $ 9.50 on this 21st century torture device .
0	focuses on Gezime 's raging hormones and sledgehammers the audience with Spanish inquisitions about her `` madness '' so much that I became mad that I wasted 123 minutes and $ 9.50 on this 21st century torture device .	focuses on X 's raging hormones and sledgehammers the audience with Spanish inquisitions about X's `` madness '' so much that I became mad that I wasted 123 minutes and $ 9.50 on this 21st century torture device .
0	focuses on Thananya 's raging hormones and sledgehammers the audience with Spanish inquisitions about her `` madness '' so much that I became mad that I wasted 123 minutes and $ 9.50 on this 21st century torture device .	focuses on X 's raging hormones and sledgehammers the audience with Spanish inquisitions about X's `` madness '' so much that I became mad that I wasted 123 minutes and $ 9.50 on this 21st century torture device .
0	focuses on Mayssan 's raging hormones and sledgehammers the audience with Spanish inquisitions about her `` madness '' so much that I became mad that I wasted 123 minutes and $ 9.50 on this 21st century torture device .	focuses on X 's raging hormones and sledgehammers the audience with Spanish inquisitions about X's `` madness '' so much that I became mad that I wasted 123 minutes and $ 9.50 on this 21st century torture device .
0	focuses on Amelina 's raging hormones and sledgehammers the audience with Spanish inquisitions about her `` madness '' so much that I became mad that I wasted 123 minutes and $ 9.50 on this 21st century torture device .	focuses on X 's raging hormones and sledgehammers the audience with Spanish inquisitions about X's `` madness '' so much that I became mad that I wasted 123 minutes and $ 9.50 on this 21st century torture device .
0	focuses on Julissa 's raging hormones and sledgehammers the audience with Spanish inquisitions about her `` madness '' so much that I became mad that I wasted 123 minutes and $ 9.50 on this 21st century torture device .	focuses on X 's raging hormones and sledgehammers the audience with Spanish inquisitions about X's `` madness '' so much that I became mad that I wasted 123 minutes and $ 9.50 on this 21st century torture device .
0	focuses on Chihiro 's raging hormones and sledgehammers the audience with Spanish inquisitions about her `` madness '' so much that I became mad that I wasted 123 minutes and $ 9.50 on this 21st century torture device .	focuses on X 's raging hormones and sledgehammers the audience with Spanish inquisitions about X's `` madness '' so much that I became mad that I wasted 123 minutes and $ 9.50 on this 21st century torture device .
0	focuses on Jocelinne 's raging hormones and sledgehammers the audience with Spanish inquisitions about her `` madness '' so much that I became mad that I wasted 123 minutes and $ 9.50 on this 21st century torture device .	focuses on X 's raging hormones and sledgehammers the audience with Spanish inquisitions about X's `` madness '' so much that I became mad that I wasted 123 minutes and $ 9.50 on this 21st century torture device .
0	focuses on Marie-Noel 's raging hormones and sledgehammers the audience with Spanish inquisitions about her `` madness '' so much that I became mad that I wasted 123 minutes and $ 9.50 on this 21st century torture device .	focuses on X 's raging hormones and sledgehammers the audience with Spanish inquisitions about X's `` madness '' so much that I became mad that I wasted 123 minutes and $ 9.50 on this 21st century torture device .
0	focuses on Phairin 's raging hormones and sledgehammers the audience with Spanish inquisitions about her `` madness '' so much that I became mad that I wasted 123 minutes and $ 9.50 on this 21st century torture device .	focuses on X 's raging hormones and sledgehammers the audience with Spanish inquisitions about X's `` madness '' so much that I became mad that I wasted 123 minutes and $ 9.50 on this 21st century torture device .
0	focuses on Zoïtsa 's raging hormones and sledgehammers the audience with Spanish inquisitions about her `` madness '' so much that I became mad that I wasted 123 minutes and $ 9.50 on this 21st century torture device .	focuses on X 's raging hormones and sledgehammers the audience with Spanish inquisitions about X's `` madness '' so much that I became mad that I wasted 123 minutes and $ 9.50 on this 21st century torture device .
0	focuses on Elyesea 's raging hormones and sledgehammers the audience with Spanish inquisitions about her `` madness '' so much that I became mad that I wasted 123 minutes and $ 9.50 on this 21st century torture device .	focuses on X 's raging hormones and sledgehammers the audience with Spanish inquisitions about X's `` madness '' so much that I became mad that I wasted 123 minutes and $ 9.50 on this 21st century torture device .
0	focuses on Souhayla 's raging hormones and sledgehammers the audience with Spanish inquisitions about her `` madness '' so much that I became mad that I wasted 123 minutes and $ 9.50 on this 21st century torture device .	focuses on X 's raging hormones and sledgehammers the audience with Spanish inquisitions about X's `` madness '' so much that I became mad that I wasted 123 minutes and $ 9.50 on this 21st century torture device .
0	focuses on Toke 's raging hormones and sledgehammers the audience with Spanish inquisitions about her `` madness '' so much that I became mad that I wasted 123 minutes and $ 9.50 on this 21st century torture device .	focuses on X 's raging hormones and sledgehammers the audience with Spanish inquisitions about X's `` madness '' so much that I became mad that I wasted 123 minutes and $ 9.50 on this 21st century torture device .
0	focuses on Venora 's raging hormones and sledgehammers the audience with Spanish inquisitions about her `` madness '' so much that I became mad that I wasted 123 minutes and $ 9.50 on this 21st century torture device .	focuses on X 's raging hormones and sledgehammers the audience with Spanish inquisitions about X's `` madness '' so much that I became mad that I wasted 123 minutes and $ 9.50 on this 21st century torture device .
0	focuses on Orphi 's raging hormones and sledgehammers the audience with Spanish inquisitions about her `` madness '' so much that I became mad that I wasted 123 minutes and $ 9.50 on this 21st century torture device .	focuses on X 's raging hormones and sledgehammers the audience with Spanish inquisitions about X's `` madness '' so much that I became mad that I wasted 123 minutes and $ 9.50 on this 21st century torture device .
0	focuses on Luane 's raging hormones and sledgehammers the audience with Spanish inquisitions about her `` madness '' so much that I became mad that I wasted 123 minutes and $ 9.50 on this 21st century torture device .	focuses on X 's raging hormones and sledgehammers the audience with Spanish inquisitions about X's `` madness '' so much that I became mad that I wasted 123 minutes and $ 9.50 on this 21st century torture device .
0	focuses on Bicetta 's raging hormones and sledgehammers the audience with Spanish inquisitions about her `` madness '' so much that I became mad that I wasted 123 minutes and $ 9.50 on this 21st century torture device .	focuses on X 's raging hormones and sledgehammers the audience with Spanish inquisitions about X's `` madness '' so much that I became mad that I wasted 123 minutes and $ 9.50 on this 21st century torture device .
0	focuses on Tendy 's raging hormones and sledgehammers the audience with Spanish inquisitions about her `` madness '' so much that I became mad that I wasted 123 minutes and $ 9.50 on this 21st century torture device .	focuses on X 's raging hormones and sledgehammers the audience with Spanish inquisitions about X's `` madness '' so much that I became mad that I wasted 123 minutes and $ 9.50 on this 21st century torture device .
0	focuses on Ethelle 's raging hormones and sledgehammers the audience with Spanish inquisitions about her `` madness '' so much that I became mad that I wasted 123 minutes and $ 9.50 on this 21st century torture device .	focuses on X 's raging hormones and sledgehammers the audience with Spanish inquisitions about X's `` madness '' so much that I became mad that I wasted 123 minutes and $ 9.50 on this 21st century torture device .
0	focuses on Elaisha 's raging hormones and sledgehammers the audience with Spanish inquisitions about her `` madness '' so much that I became mad that I wasted 123 minutes and $ 9.50 on this 21st century torture device .	focuses on X 's raging hormones and sledgehammers the audience with Spanish inquisitions about X's `` madness '' so much that I became mad that I wasted 123 minutes and $ 9.50 on this 21st century torture device .
0	focuses on Gertruda 's raging hormones and sledgehammers the audience with Spanish inquisitions about her `` madness '' so much that I became mad that I wasted 123 minutes and $ 9.50 on this 21st century torture device .	focuses on X 's raging hormones and sledgehammers the audience with Spanish inquisitions about X's `` madness '' so much that I became mad that I wasted 123 minutes and $ 9.50 on this 21st century torture device .
0	focuses on Martusia 's raging hormones and sledgehammers the audience with Spanish inquisitions about her `` madness '' so much that I became mad that I wasted 123 minutes and $ 9.50 on this 21st century torture device .	focuses on X 's raging hormones and sledgehammers the audience with Spanish inquisitions about X's `` madness '' so much that I became mad that I wasted 123 minutes and $ 9.50 on this 21st century torture device .
0	focuses on Feyme 's raging hormones and sledgehammers the audience with Spanish inquisitions about her `` madness '' so much that I became mad that I wasted 123 minutes and $ 9.50 on this 21st century torture device .	focuses on X 's raging hormones and sledgehammers the audience with Spanish inquisitions about X's `` madness '' so much that I became mad that I wasted 123 minutes and $ 9.50 on this 21st century torture device .
0	focuses on Auphelie 's raging hormones and sledgehammers the audience with Spanish inquisitions about her `` madness '' so much that I became mad that I wasted 123 minutes and $ 9.50 on this 21st century torture device .	focuses on X 's raging hormones and sledgehammers the audience with Spanish inquisitions about X's `` madness '' so much that I became mad that I wasted 123 minutes and $ 9.50 on this 21st century torture device .
