1	Palona is on his way to becoming the American Indian Spike Lee .	X is on X's way to becoming the American Indian Spike Lee .
1	Benedetto is on his way to becoming the American Indian Spike Lee .	X is on X's way to becoming the American Indian Spike Lee .
1	Kallimah is on his way to becoming the American Indian Spike Lee .	X is on X's way to becoming the American Indian Spike Lee .
1	Xudong is on his way to becoming the American Indian Spike Lee .	X is on X's way to becoming the American Indian Spike Lee .
1	Xilian is on his way to becoming the American Indian Spike Lee .	X is on X's way to becoming the American Indian Spike Lee .
1	Galian is on his way to becoming the American Indian Spike Lee .	X is on X's way to becoming the American Indian Spike Lee .
1	Nefis is on his way to becoming the American Indian Spike Lee .	X is on X's way to becoming the American Indian Spike Lee .
1	Lynott is on his way to becoming the American Indian Spike Lee .	X is on X's way to becoming the American Indian Spike Lee .
1	Avraamij is on his way to becoming the American Indian Spike Lee .	X is on X's way to becoming the American Indian Spike Lee .
1	Soulemane is on his way to becoming the American Indian Spike Lee .	X is on X's way to becoming the American Indian Spike Lee .
1	Remco is on his way to becoming the American Indian Spike Lee .	X is on X's way to becoming the American Indian Spike Lee .
1	Arjen is on his way to becoming the American Indian Spike Lee .	X is on X's way to becoming the American Indian Spike Lee .
1	Manindra is on his way to becoming the American Indian Spike Lee .	X is on X's way to becoming the American Indian Spike Lee .
1	Epiteto is on his way to becoming the American Indian Spike Lee .	X is on X's way to becoming the American Indian Spike Lee .
1	Pianco is on his way to becoming the American Indian Spike Lee .	X is on X's way to becoming the American Indian Spike Lee .
1	Cotsos is on his way to becoming the American Indian Spike Lee .	X is on X's way to becoming the American Indian Spike Lee .
1	Chengyu is on his way to becoming the American Indian Spike Lee .	X is on X's way to becoming the American Indian Spike Lee .
1	Rostislav is on his way to becoming the American Indian Spike Lee .	X is on X's way to becoming the American Indian Spike Lee .
1	Mayur is on his way to becoming the American Indian Spike Lee .	X is on X's way to becoming the American Indian Spike Lee .
1	Xhuliano is on his way to becoming the American Indian Spike Lee .	X is on X's way to becoming the American Indian Spike Lee .
1	Мамант is on his way to becoming the American Indian Spike Lee .	X is on X's way to becoming the American Indian Spike Lee .
1	Remme is on his way to becoming the American Indian Spike Lee .	X is on X's way to becoming the American Indian Spike Lee .
1	Bhadrasraya is on his way to becoming the American Indian Spike Lee .	X is on X's way to becoming the American Indian Spike Lee .
1	Roene is on his way to becoming the American Indian Spike Lee .	X is on X's way to becoming the American Indian Spike Lee .
1	Ubayd is on his way to becoming the American Indian Spike Lee .	X is on X's way to becoming the American Indian Spike Lee .
1	Stig is on his way to becoming the American Indian Spike Lee .	X is on X's way to becoming the American Indian Spike Lee .
1	Tymon is on his way to becoming the American Indian Spike Lee .	X is on X's way to becoming the American Indian Spike Lee .
1	Berrie is on his way to becoming the American Indian Spike Lee .	X is on X's way to becoming the American Indian Spike Lee .
1	Акиндин is on his way to becoming the American Indian Spike Lee .	X is on X's way to becoming the American Indian Spike Lee .
1	Danyar is on his way to becoming the American Indian Spike Lee .	X is on X's way to becoming the American Indian Spike Lee .
1	Sveya is on her way to becoming the American Indian Spike Lee .	X is on X's way to becoming the American Indian Spike Lee .
1	Suri is on her way to becoming the American Indian Spike Lee .	X is on X's way to becoming the American Indian Spike Lee .
1	Men is on her way to becoming the American Indian Spike Lee .	X is on X's way to becoming the American Indian Spike Lee .
1	Conliane is on her way to becoming the American Indian Spike Lee .	X is on X's way to becoming the American Indian Spike Lee .
1	Modestie is on her way to becoming the American Indian Spike Lee .	X is on X's way to becoming the American Indian Spike Lee .
1	Aleagh is on her way to becoming the American Indian Spike Lee .	X is on X's way to becoming the American Indian Spike Lee .
1	Gezime is on her way to becoming the American Indian Spike Lee .	X is on X's way to becoming the American Indian Spike Lee .
1	Thananya is on her way to becoming the American Indian Spike Lee .	X is on X's way to becoming the American Indian Spike Lee .
1	Mayssan is on her way to becoming the American Indian Spike Lee .	X is on X's way to becoming the American Indian Spike Lee .
1	Amelina is on her way to becoming the American Indian Spike Lee .	X is on X's way to becoming the American Indian Spike Lee .
1	Julissa is on her way to becoming the American Indian Spike Lee .	X is on X's way to becoming the American Indian Spike Lee .
1	Chihiro is on her way to becoming the American Indian Spike Lee .	X is on X's way to becoming the American Indian Spike Lee .
1	Jocelinne is on her way to becoming the American Indian Spike Lee .	X is on X's way to becoming the American Indian Spike Lee .
1	Marie-Noel is on her way to becoming the American Indian Spike Lee .	X is on X's way to becoming the American Indian Spike Lee .
1	Phairin is on her way to becoming the American Indian Spike Lee .	X is on X's way to becoming the American Indian Spike Lee .
1	Zoïtsa is on her way to becoming the American Indian Spike Lee .	X is on X's way to becoming the American Indian Spike Lee .
1	Elyesea is on her way to becoming the American Indian Spike Lee .	X is on X's way to becoming the American Indian Spike Lee .
1	Souhayla is on her way to becoming the American Indian Spike Lee .	X is on X's way to becoming the American Indian Spike Lee .
1	Toke is on her way to becoming the American Indian Spike Lee .	X is on X's way to becoming the American Indian Spike Lee .
1	Venora is on her way to becoming the American Indian Spike Lee .	X is on X's way to becoming the American Indian Spike Lee .
1	Orphi is on her way to becoming the American Indian Spike Lee .	X is on X's way to becoming the American Indian Spike Lee .
1	Luane is on her way to becoming the American Indian Spike Lee .	X is on X's way to becoming the American Indian Spike Lee .
1	Bicetta is on her way to becoming the American Indian Spike Lee .	X is on X's way to becoming the American Indian Spike Lee .
1	Tendy is on her way to becoming the American Indian Spike Lee .	X is on X's way to becoming the American Indian Spike Lee .
1	Ethelle is on her way to becoming the American Indian Spike Lee .	X is on X's way to becoming the American Indian Spike Lee .
1	Elaisha is on her way to becoming the American Indian Spike Lee .	X is on X's way to becoming the American Indian Spike Lee .
1	Gertruda is on her way to becoming the American Indian Spike Lee .	X is on X's way to becoming the American Indian Spike Lee .
1	Martusia is on her way to becoming the American Indian Spike Lee .	X is on X's way to becoming the American Indian Spike Lee .
1	Feyme is on her way to becoming the American Indian Spike Lee .	X is on X's way to becoming the American Indian Spike Lee .
1	Auphelie is on her way to becoming the American Indian Spike Lee .	X is on X's way to becoming the American Indian Spike Lee .
