1	Palona 's performance is authentic to the core of his being .	X 's performance is authentic to the core of X's being .
1	Benedetto 's performance is authentic to the core of his being .	X 's performance is authentic to the core of X's being .
1	Kallimah 's performance is authentic to the core of his being .	X 's performance is authentic to the core of X's being .
1	Xudong 's performance is authentic to the core of his being .	X 's performance is authentic to the core of X's being .
1	Xilian 's performance is authentic to the core of his being .	X 's performance is authentic to the core of X's being .
1	Galian 's performance is authentic to the core of his being .	X 's performance is authentic to the core of X's being .
1	Nefis 's performance is authentic to the core of his being .	X 's performance is authentic to the core of X's being .
1	Lynott 's performance is authentic to the core of his being .	X 's performance is authentic to the core of X's being .
1	Avraamij 's performance is authentic to the core of his being .	X 's performance is authentic to the core of X's being .
1	Soulemane 's performance is authentic to the core of his being .	X 's performance is authentic to the core of X's being .
1	Remco 's performance is authentic to the core of his being .	X 's performance is authentic to the core of X's being .
1	Arjen 's performance is authentic to the core of his being .	X 's performance is authentic to the core of X's being .
1	Manindra 's performance is authentic to the core of his being .	X 's performance is authentic to the core of X's being .
1	Epiteto 's performance is authentic to the core of his being .	X 's performance is authentic to the core of X's being .
1	Pianco 's performance is authentic to the core of his being .	X 's performance is authentic to the core of X's being .
1	Cotsos 's performance is authentic to the core of his being .	X 's performance is authentic to the core of X's being .
1	Chengyu 's performance is authentic to the core of his being .	X 's performance is authentic to the core of X's being .
1	Rostislav 's performance is authentic to the core of his being .	X 's performance is authentic to the core of X's being .
1	Mayur 's performance is authentic to the core of his being .	X 's performance is authentic to the core of X's being .
1	Xhuliano 's performance is authentic to the core of his being .	X 's performance is authentic to the core of X's being .
1	Мамант 's performance is authentic to the core of his being .	X 's performance is authentic to the core of X's being .
1	Remme 's performance is authentic to the core of his being .	X 's performance is authentic to the core of X's being .
1	Bhadrasraya 's performance is authentic to the core of his being .	X 's performance is authentic to the core of X's being .
1	Roene 's performance is authentic to the core of his being .	X 's performance is authentic to the core of X's being .
1	Ubayd 's performance is authentic to the core of his being .	X 's performance is authentic to the core of X's being .
1	Stig 's performance is authentic to the core of his being .	X 's performance is authentic to the core of X's being .
1	Tymon 's performance is authentic to the core of his being .	X 's performance is authentic to the core of X's being .
1	Berrie 's performance is authentic to the core of his being .	X 's performance is authentic to the core of X's being .
1	Акиндин 's performance is authentic to the core of his being .	X 's performance is authentic to the core of X's being .
1	Danyar 's performance is authentic to the core of his being .	X 's performance is authentic to the core of X's being .
1	Sveya 's performance is authentic to the core of her being .	X 's performance is authentic to the core of X's being .
1	Suri 's performance is authentic to the core of her being .	X 's performance is authentic to the core of X's being .
1	Men 's performance is authentic to the core of her being .	X 's performance is authentic to the core of X's being .
1	Conliane 's performance is authentic to the core of her being .	X 's performance is authentic to the core of X's being .
1	Modestie 's performance is authentic to the core of her being .	X 's performance is authentic to the core of X's being .
1	Aleagh 's performance is authentic to the core of her being .	X 's performance is authentic to the core of X's being .
1	Gezime 's performance is authentic to the core of her being .	X 's performance is authentic to the core of X's being .
1	Thananya 's performance is authentic to the core of her being .	X 's performance is authentic to the core of X's being .
1	Mayssan 's performance is authentic to the core of her being .	X 's performance is authentic to the core of X's being .
1	Amelina 's performance is authentic to the core of her being .	X 's performance is authentic to the core of X's being .
1	Julissa 's performance is authentic to the core of her being .	X 's performance is authentic to the core of X's being .
1	Chihiro 's performance is authentic to the core of her being .	X 's performance is authentic to the core of X's being .
1	Jocelinne 's performance is authentic to the core of her being .	X 's performance is authentic to the core of X's being .
1	Marie-Noel 's performance is authentic to the core of her being .	X 's performance is authentic to the core of X's being .
1	Phairin 's performance is authentic to the core of her being .	X 's performance is authentic to the core of X's being .
1	Zoïtsa 's performance is authentic to the core of her being .	X 's performance is authentic to the core of X's being .
1	Elyesea 's performance is authentic to the core of her being .	X 's performance is authentic to the core of X's being .
1	Souhayla 's performance is authentic to the core of her being .	X 's performance is authentic to the core of X's being .
1	Toke 's performance is authentic to the core of her being .	X 's performance is authentic to the core of X's being .
1	Venora 's performance is authentic to the core of her being .	X 's performance is authentic to the core of X's being .
1	Orphi 's performance is authentic to the core of her being .	X 's performance is authentic to the core of X's being .
1	Luane 's performance is authentic to the core of her being .	X 's performance is authentic to the core of X's being .
1	Bicetta 's performance is authentic to the core of her being .	X 's performance is authentic to the core of X's being .
1	Tendy 's performance is authentic to the core of her being .	X 's performance is authentic to the core of X's being .
1	Ethelle 's performance is authentic to the core of her being .	X 's performance is authentic to the core of X's being .
1	Elaisha 's performance is authentic to the core of her being .	X 's performance is authentic to the core of X's being .
1	Gertruda 's performance is authentic to the core of her being .	X 's performance is authentic to the core of X's being .
1	Martusia 's performance is authentic to the core of her being .	X 's performance is authentic to the core of X's being .
1	Feyme 's performance is authentic to the core of her being .	X 's performance is authentic to the core of X's being .
1	Auphelie 's performance is authentic to the core of her being .	X 's performance is authentic to the core of X's being .
