1	Palona is the best he 's been in years and Keener is marvelous .	X is the best X 's been in years and Keener is marvelous .
1	Benedetto is the best he 's been in years and Keener is marvelous .	X is the best X 's been in years and Keener is marvelous .
1	Kallimah is the best he 's been in years and Keener is marvelous .	X is the best X 's been in years and Keener is marvelous .
1	Xudong is the best he 's been in years and Keener is marvelous .	X is the best X 's been in years and Keener is marvelous .
1	Xilian is the best he 's been in years and Keener is marvelous .	X is the best X 's been in years and Keener is marvelous .
1	Galian is the best he 's been in years and Keener is marvelous .	X is the best X 's been in years and Keener is marvelous .
1	Nefis is the best he 's been in years and Keener is marvelous .	X is the best X 's been in years and Keener is marvelous .
1	Lynott is the best he 's been in years and Keener is marvelous .	X is the best X 's been in years and Keener is marvelous .
1	Avraamij is the best he 's been in years and Keener is marvelous .	X is the best X 's been in years and Keener is marvelous .
1	Soulemane is the best he 's been in years and Keener is marvelous .	X is the best X 's been in years and Keener is marvelous .
1	Remco is the best he 's been in years and Keener is marvelous .	X is the best X 's been in years and Keener is marvelous .
1	Arjen is the best he 's been in years and Keener is marvelous .	X is the best X 's been in years and Keener is marvelous .
1	Manindra is the best he 's been in years and Keener is marvelous .	X is the best X 's been in years and Keener is marvelous .
1	Epiteto is the best he 's been in years and Keener is marvelous .	X is the best X 's been in years and Keener is marvelous .
1	Pianco is the best he 's been in years and Keener is marvelous .	X is the best X 's been in years and Keener is marvelous .
1	Cotsos is the best he 's been in years and Keener is marvelous .	X is the best X 's been in years and Keener is marvelous .
1	Chengyu is the best he 's been in years and Keener is marvelous .	X is the best X 's been in years and Keener is marvelous .
1	Rostislav is the best he 's been in years and Keener is marvelous .	X is the best X 's been in years and Keener is marvelous .
1	Mayur is the best he 's been in years and Keener is marvelous .	X is the best X 's been in years and Keener is marvelous .
1	Xhuliano is the best he 's been in years and Keener is marvelous .	X is the best X 's been in years and Keener is marvelous .
1	Мамант is the best he 's been in years and Keener is marvelous .	X is the best X 's been in years and Keener is marvelous .
1	Remme is the best he 's been in years and Keener is marvelous .	X is the best X 's been in years and Keener is marvelous .
1	Bhadrasraya is the best he 's been in years and Keener is marvelous .	X is the best X 's been in years and Keener is marvelous .
1	Roene is the best he 's been in years and Keener is marvelous .	X is the best X 's been in years and Keener is marvelous .
1	Ubayd is the best he 's been in years and Keener is marvelous .	X is the best X 's been in years and Keener is marvelous .
1	Stig is the best he 's been in years and Keener is marvelous .	X is the best X 's been in years and Keener is marvelous .
1	Tymon is the best he 's been in years and Keener is marvelous .	X is the best X 's been in years and Keener is marvelous .
1	Berrie is the best he 's been in years and Keener is marvelous .	X is the best X 's been in years and Keener is marvelous .
1	Акиндин is the best he 's been in years and Keener is marvelous .	X is the best X 's been in years and Keener is marvelous .
1	Danyar is the best he 's been in years and Keener is marvelous .	X is the best X 's been in years and Keener is marvelous .
1	Sveya is the best she 's been in years and Keener is marvelous .	X is the best X 's been in years and Keener is marvelous .
1	Suri is the best she 's been in years and Keener is marvelous .	X is the best X 's been in years and Keener is marvelous .
1	Men is the best she 's been in years and Keener is marvelous .	X is the best X 's been in years and Keener is marvelous .
1	Conliane is the best she 's been in years and Keener is marvelous .	X is the best X 's been in years and Keener is marvelous .
1	Modestie is the best she 's been in years and Keener is marvelous .	X is the best X 's been in years and Keener is marvelous .
1	Aleagh is the best she 's been in years and Keener is marvelous .	X is the best X 's been in years and Keener is marvelous .
1	Gezime is the best she 's been in years and Keener is marvelous .	X is the best X 's been in years and Keener is marvelous .
1	Thananya is the best she 's been in years and Keener is marvelous .	X is the best X 's been in years and Keener is marvelous .
1	Mayssan is the best she 's been in years and Keener is marvelous .	X is the best X 's been in years and Keener is marvelous .
1	Amelina is the best she 's been in years and Keener is marvelous .	X is the best X 's been in years and Keener is marvelous .
1	Julissa is the best she 's been in years and Keener is marvelous .	X is the best X 's been in years and Keener is marvelous .
1	Chihiro is the best she 's been in years and Keener is marvelous .	X is the best X 's been in years and Keener is marvelous .
1	Jocelinne is the best she 's been in years and Keener is marvelous .	X is the best X 's been in years and Keener is marvelous .
1	Marie-Noel is the best she 's been in years and Keener is marvelous .	X is the best X 's been in years and Keener is marvelous .
1	Phairin is the best she 's been in years and Keener is marvelous .	X is the best X 's been in years and Keener is marvelous .
1	Zoïtsa is the best she 's been in years and Keener is marvelous .	X is the best X 's been in years and Keener is marvelous .
1	Elyesea is the best she 's been in years and Keener is marvelous .	X is the best X 's been in years and Keener is marvelous .
1	Souhayla is the best she 's been in years and Keener is marvelous .	X is the best X 's been in years and Keener is marvelous .
1	Toke is the best she 's been in years and Keener is marvelous .	X is the best X 's been in years and Keener is marvelous .
1	Venora is the best she 's been in years and Keener is marvelous .	X is the best X 's been in years and Keener is marvelous .
1	Orphi is the best she 's been in years and Keener is marvelous .	X is the best X 's been in years and Keener is marvelous .
1	Luane is the best she 's been in years and Keener is marvelous .	X is the best X 's been in years and Keener is marvelous .
1	Bicetta is the best she 's been in years and Keener is marvelous .	X is the best X 's been in years and Keener is marvelous .
1	Tendy is the best she 's been in years and Keener is marvelous .	X is the best X 's been in years and Keener is marvelous .
1	Ethelle is the best she 's been in years and Keener is marvelous .	X is the best X 's been in years and Keener is marvelous .
1	Elaisha is the best she 's been in years and Keener is marvelous .	X is the best X 's been in years and Keener is marvelous .
1	Gertruda is the best she 's been in years and Keener is marvelous .	X is the best X 's been in years and Keener is marvelous .
1	Martusia is the best she 's been in years and Keener is marvelous .	X is the best X 's been in years and Keener is marvelous .
1	Feyme is the best she 's been in years and Keener is marvelous .	X is the best X 's been in years and Keener is marvelous .
1	Auphelie is the best she 's been in years and Keener is marvelous .	X is the best X 's been in years and Keener is marvelous .
