0	Palona 's graduation from little screen to big is far less painful than his opening scene encounter with an over-amorous terrier .	X 's graduation from little screen to big is far less painful than X's opening scene encounter with an over-amorous terrier .
0	Benedetto 's graduation from little screen to big is far less painful than his opening scene encounter with an over-amorous terrier .	X 's graduation from little screen to big is far less painful than X's opening scene encounter with an over-amorous terrier .
0	Kallimah 's graduation from little screen to big is far less painful than his opening scene encounter with an over-amorous terrier .	X 's graduation from little screen to big is far less painful than X's opening scene encounter with an over-amorous terrier .
0	Xudong 's graduation from little screen to big is far less painful than his opening scene encounter with an over-amorous terrier .	X 's graduation from little screen to big is far less painful than X's opening scene encounter with an over-amorous terrier .
0	Xilian 's graduation from little screen to big is far less painful than his opening scene encounter with an over-amorous terrier .	X 's graduation from little screen to big is far less painful than X's opening scene encounter with an over-amorous terrier .
0	Galian 's graduation from little screen to big is far less painful than his opening scene encounter with an over-amorous terrier .	X 's graduation from little screen to big is far less painful than X's opening scene encounter with an over-amorous terrier .
0	Nefis 's graduation from little screen to big is far less painful than his opening scene encounter with an over-amorous terrier .	X 's graduation from little screen to big is far less painful than X's opening scene encounter with an over-amorous terrier .
0	Lynott 's graduation from little screen to big is far less painful than his opening scene encounter with an over-amorous terrier .	X 's graduation from little screen to big is far less painful than X's opening scene encounter with an over-amorous terrier .
0	Avraamij 's graduation from little screen to big is far less painful than his opening scene encounter with an over-amorous terrier .	X 's graduation from little screen to big is far less painful than X's opening scene encounter with an over-amorous terrier .
0	Soulemane 's graduation from little screen to big is far less painful than his opening scene encounter with an over-amorous terrier .	X 's graduation from little screen to big is far less painful than X's opening scene encounter with an over-amorous terrier .
0	Remco 's graduation from little screen to big is far less painful than his opening scene encounter with an over-amorous terrier .	X 's graduation from little screen to big is far less painful than X's opening scene encounter with an over-amorous terrier .
0	Arjen 's graduation from little screen to big is far less painful than his opening scene encounter with an over-amorous terrier .	X 's graduation from little screen to big is far less painful than X's opening scene encounter with an over-amorous terrier .
0	Manindra 's graduation from little screen to big is far less painful than his opening scene encounter with an over-amorous terrier .	X 's graduation from little screen to big is far less painful than X's opening scene encounter with an over-amorous terrier .
0	Epiteto 's graduation from little screen to big is far less painful than his opening scene encounter with an over-amorous terrier .	X 's graduation from little screen to big is far less painful than X's opening scene encounter with an over-amorous terrier .
0	Pianco 's graduation from little screen to big is far less painful than his opening scene encounter with an over-amorous terrier .	X 's graduation from little screen to big is far less painful than X's opening scene encounter with an over-amorous terrier .
0	Cotsos 's graduation from little screen to big is far less painful than his opening scene encounter with an over-amorous terrier .	X 's graduation from little screen to big is far less painful than X's opening scene encounter with an over-amorous terrier .
0	Chengyu 's graduation from little screen to big is far less painful than his opening scene encounter with an over-amorous terrier .	X 's graduation from little screen to big is far less painful than X's opening scene encounter with an over-amorous terrier .
0	Rostislav 's graduation from little screen to big is far less painful than his opening scene encounter with an over-amorous terrier .	X 's graduation from little screen to big is far less painful than X's opening scene encounter with an over-amorous terrier .
0	Mayur 's graduation from little screen to big is far less painful than his opening scene encounter with an over-amorous terrier .	X 's graduation from little screen to big is far less painful than X's opening scene encounter with an over-amorous terrier .
0	Xhuliano 's graduation from little screen to big is far less painful than his opening scene encounter with an over-amorous terrier .	X 's graduation from little screen to big is far less painful than X's opening scene encounter with an over-amorous terrier .
0	Мамант 's graduation from little screen to big is far less painful than his opening scene encounter with an over-amorous terrier .	X 's graduation from little screen to big is far less painful than X's opening scene encounter with an over-amorous terrier .
0	Remme 's graduation from little screen to big is far less painful than his opening scene encounter with an over-amorous terrier .	X 's graduation from little screen to big is far less painful than X's opening scene encounter with an over-amorous terrier .
0	Bhadrasraya 's graduation from little screen to big is far less painful than his opening scene encounter with an over-amorous terrier .	X 's graduation from little screen to big is far less painful than X's opening scene encounter with an over-amorous terrier .
0	Roene 's graduation from little screen to big is far less painful than his opening scene encounter with an over-amorous terrier .	X 's graduation from little screen to big is far less painful than X's opening scene encounter with an over-amorous terrier .
0	Ubayd 's graduation from little screen to big is far less painful than his opening scene encounter with an over-amorous terrier .	X 's graduation from little screen to big is far less painful than X's opening scene encounter with an over-amorous terrier .
0	Stig 's graduation from little screen to big is far less painful than his opening scene encounter with an over-amorous terrier .	X 's graduation from little screen to big is far less painful than X's opening scene encounter with an over-amorous terrier .
0	Tymon 's graduation from little screen to big is far less painful than his opening scene encounter with an over-amorous terrier .	X 's graduation from little screen to big is far less painful than X's opening scene encounter with an over-amorous terrier .
0	Berrie 's graduation from little screen to big is far less painful than his opening scene encounter with an over-amorous terrier .	X 's graduation from little screen to big is far less painful than X's opening scene encounter with an over-amorous terrier .
0	Акиндин 's graduation from little screen to big is far less painful than his opening scene encounter with an over-amorous terrier .	X 's graduation from little screen to big is far less painful than X's opening scene encounter with an over-amorous terrier .
0	Danyar 's graduation from little screen to big is far less painful than his opening scene encounter with an over-amorous terrier .	X 's graduation from little screen to big is far less painful than X's opening scene encounter with an over-amorous terrier .
0	Sveya 's graduation from little screen to big is far less painful than her opening scene encounter with an over-amorous terrier .	X 's graduation from little screen to big is far less painful than X's opening scene encounter with an over-amorous terrier .
0	Suri 's graduation from little screen to big is far less painful than her opening scene encounter with an over-amorous terrier .	X 's graduation from little screen to big is far less painful than X's opening scene encounter with an over-amorous terrier .
0	Men 's graduation from little screen to big is far less painful than her opening scene encounter with an over-amorous terrier .	X 's graduation from little screen to big is far less painful than X's opening scene encounter with an over-amorous terrier .
0	Conliane 's graduation from little screen to big is far less painful than her opening scene encounter with an over-amorous terrier .	X 's graduation from little screen to big is far less painful than X's opening scene encounter with an over-amorous terrier .
0	Modestie 's graduation from little screen to big is far less painful than her opening scene encounter with an over-amorous terrier .	X 's graduation from little screen to big is far less painful than X's opening scene encounter with an over-amorous terrier .
0	Aleagh 's graduation from little screen to big is far less painful than her opening scene encounter with an over-amorous terrier .	X 's graduation from little screen to big is far less painful than X's opening scene encounter with an over-amorous terrier .
0	Gezime 's graduation from little screen to big is far less painful than her opening scene encounter with an over-amorous terrier .	X 's graduation from little screen to big is far less painful than X's opening scene encounter with an over-amorous terrier .
0	Thananya 's graduation from little screen to big is far less painful than her opening scene encounter with an over-amorous terrier .	X 's graduation from little screen to big is far less painful than X's opening scene encounter with an over-amorous terrier .
0	Mayssan 's graduation from little screen to big is far less painful than her opening scene encounter with an over-amorous terrier .	X 's graduation from little screen to big is far less painful than X's opening scene encounter with an over-amorous terrier .
0	Amelina 's graduation from little screen to big is far less painful than her opening scene encounter with an over-amorous terrier .	X 's graduation from little screen to big is far less painful than X's opening scene encounter with an over-amorous terrier .
0	Julissa 's graduation from little screen to big is far less painful than her opening scene encounter with an over-amorous terrier .	X 's graduation from little screen to big is far less painful than X's opening scene encounter with an over-amorous terrier .
0	Chihiro 's graduation from little screen to big is far less painful than her opening scene encounter with an over-amorous terrier .	X 's graduation from little screen to big is far less painful than X's opening scene encounter with an over-amorous terrier .
0	Jocelinne 's graduation from little screen to big is far less painful than her opening scene encounter with an over-amorous terrier .	X 's graduation from little screen to big is far less painful than X's opening scene encounter with an over-amorous terrier .
0	Marie-Noel 's graduation from little screen to big is far less painful than her opening scene encounter with an over-amorous terrier .	X 's graduation from little screen to big is far less painful than X's opening scene encounter with an over-amorous terrier .
0	Phairin 's graduation from little screen to big is far less painful than her opening scene encounter with an over-amorous terrier .	X 's graduation from little screen to big is far less painful than X's opening scene encounter with an over-amorous terrier .
0	Zoïtsa 's graduation from little screen to big is far less painful than her opening scene encounter with an over-amorous terrier .	X 's graduation from little screen to big is far less painful than X's opening scene encounter with an over-amorous terrier .
0	Elyesea 's graduation from little screen to big is far less painful than her opening scene encounter with an over-amorous terrier .	X 's graduation from little screen to big is far less painful than X's opening scene encounter with an over-amorous terrier .
0	Souhayla 's graduation from little screen to big is far less painful than her opening scene encounter with an over-amorous terrier .	X 's graduation from little screen to big is far less painful than X's opening scene encounter with an over-amorous terrier .
0	Toke 's graduation from little screen to big is far less painful than her opening scene encounter with an over-amorous terrier .	X 's graduation from little screen to big is far less painful than X's opening scene encounter with an over-amorous terrier .
0	Venora 's graduation from little screen to big is far less painful than her opening scene encounter with an over-amorous terrier .	X 's graduation from little screen to big is far less painful than X's opening scene encounter with an over-amorous terrier .
0	Orphi 's graduation from little screen to big is far less painful than her opening scene encounter with an over-amorous terrier .	X 's graduation from little screen to big is far less painful than X's opening scene encounter with an over-amorous terrier .
0	Luane 's graduation from little screen to big is far less painful than her opening scene encounter with an over-amorous terrier .	X 's graduation from little screen to big is far less painful than X's opening scene encounter with an over-amorous terrier .
0	Bicetta 's graduation from little screen to big is far less painful than her opening scene encounter with an over-amorous terrier .	X 's graduation from little screen to big is far less painful than X's opening scene encounter with an over-amorous terrier .
0	Tendy 's graduation from little screen to big is far less painful than her opening scene encounter with an over-amorous terrier .	X 's graduation from little screen to big is far less painful than X's opening scene encounter with an over-amorous terrier .
0	Ethelle 's graduation from little screen to big is far less painful than her opening scene encounter with an over-amorous terrier .	X 's graduation from little screen to big is far less painful than X's opening scene encounter with an over-amorous terrier .
0	Elaisha 's graduation from little screen to big is far less painful than her opening scene encounter with an over-amorous terrier .	X 's graduation from little screen to big is far less painful than X's opening scene encounter with an over-amorous terrier .
0	Gertruda 's graduation from little screen to big is far less painful than her opening scene encounter with an over-amorous terrier .	X 's graduation from little screen to big is far less painful than X's opening scene encounter with an over-amorous terrier .
0	Martusia 's graduation from little screen to big is far less painful than her opening scene encounter with an over-amorous terrier .	X 's graduation from little screen to big is far less painful than X's opening scene encounter with an over-amorous terrier .
0	Feyme 's graduation from little screen to big is far less painful than her opening scene encounter with an over-amorous terrier .	X 's graduation from little screen to big is far less painful than X's opening scene encounter with an over-amorous terrier .
0	Auphelie 's graduation from little screen to big is far less painful than her opening scene encounter with an over-amorous terrier .	X 's graduation from little screen to big is far less painful than X's opening scene encounter with an over-amorous terrier .
