1	All leather pants & augmented boobs , Palona is hilarious as he tries to resuscitate the fun-loving libertine lost somewhere inside the conservative , handbag-clutching Sarandon .	All leather pants & augmented boobs , X is hilarious as X tries to resuscitate the fun-loving libertine lost somewhere inside the conservative , handbag-clutching Sarandon .
1	All leather pants & augmented boobs , Benedetto is hilarious as he tries to resuscitate the fun-loving libertine lost somewhere inside the conservative , handbag-clutching Sarandon .	All leather pants & augmented boobs , X is hilarious as X tries to resuscitate the fun-loving libertine lost somewhere inside the conservative , handbag-clutching Sarandon .
1	All leather pants & augmented boobs , Kallimah is hilarious as he tries to resuscitate the fun-loving libertine lost somewhere inside the conservative , handbag-clutching Sarandon .	All leather pants & augmented boobs , X is hilarious as X tries to resuscitate the fun-loving libertine lost somewhere inside the conservative , handbag-clutching Sarandon .
1	All leather pants & augmented boobs , Xudong is hilarious as he tries to resuscitate the fun-loving libertine lost somewhere inside the conservative , handbag-clutching Sarandon .	All leather pants & augmented boobs , X is hilarious as X tries to resuscitate the fun-loving libertine lost somewhere inside the conservative , handbag-clutching Sarandon .
1	All leather pants & augmented boobs , Xilian is hilarious as he tries to resuscitate the fun-loving libertine lost somewhere inside the conservative , handbag-clutching Sarandon .	All leather pants & augmented boobs , X is hilarious as X tries to resuscitate the fun-loving libertine lost somewhere inside the conservative , handbag-clutching Sarandon .
1	All leather pants & augmented boobs , Galian is hilarious as he tries to resuscitate the fun-loving libertine lost somewhere inside the conservative , handbag-clutching Sarandon .	All leather pants & augmented boobs , X is hilarious as X tries to resuscitate the fun-loving libertine lost somewhere inside the conservative , handbag-clutching Sarandon .
1	All leather pants & augmented boobs , Nefis is hilarious as he tries to resuscitate the fun-loving libertine lost somewhere inside the conservative , handbag-clutching Sarandon .	All leather pants & augmented boobs , X is hilarious as X tries to resuscitate the fun-loving libertine lost somewhere inside the conservative , handbag-clutching Sarandon .
1	All leather pants & augmented boobs , Lynott is hilarious as he tries to resuscitate the fun-loving libertine lost somewhere inside the conservative , handbag-clutching Sarandon .	All leather pants & augmented boobs , X is hilarious as X tries to resuscitate the fun-loving libertine lost somewhere inside the conservative , handbag-clutching Sarandon .
1	All leather pants & augmented boobs , Avraamij is hilarious as he tries to resuscitate the fun-loving libertine lost somewhere inside the conservative , handbag-clutching Sarandon .	All leather pants & augmented boobs , X is hilarious as X tries to resuscitate the fun-loving libertine lost somewhere inside the conservative , handbag-clutching Sarandon .
1	All leather pants & augmented boobs , Soulemane is hilarious as he tries to resuscitate the fun-loving libertine lost somewhere inside the conservative , handbag-clutching Sarandon .	All leather pants & augmented boobs , X is hilarious as X tries to resuscitate the fun-loving libertine lost somewhere inside the conservative , handbag-clutching Sarandon .
1	All leather pants & augmented boobs , Remco is hilarious as he tries to resuscitate the fun-loving libertine lost somewhere inside the conservative , handbag-clutching Sarandon .	All leather pants & augmented boobs , X is hilarious as X tries to resuscitate the fun-loving libertine lost somewhere inside the conservative , handbag-clutching Sarandon .
1	All leather pants & augmented boobs , Arjen is hilarious as he tries to resuscitate the fun-loving libertine lost somewhere inside the conservative , handbag-clutching Sarandon .	All leather pants & augmented boobs , X is hilarious as X tries to resuscitate the fun-loving libertine lost somewhere inside the conservative , handbag-clutching Sarandon .
1	All leather pants & augmented boobs , Manindra is hilarious as he tries to resuscitate the fun-loving libertine lost somewhere inside the conservative , handbag-clutching Sarandon .	All leather pants & augmented boobs , X is hilarious as X tries to resuscitate the fun-loving libertine lost somewhere inside the conservative , handbag-clutching Sarandon .
1	All leather pants & augmented boobs , Epiteto is hilarious as he tries to resuscitate the fun-loving libertine lost somewhere inside the conservative , handbag-clutching Sarandon .	All leather pants & augmented boobs , X is hilarious as X tries to resuscitate the fun-loving libertine lost somewhere inside the conservative , handbag-clutching Sarandon .
1	All leather pants & augmented boobs , Pianco is hilarious as he tries to resuscitate the fun-loving libertine lost somewhere inside the conservative , handbag-clutching Sarandon .	All leather pants & augmented boobs , X is hilarious as X tries to resuscitate the fun-loving libertine lost somewhere inside the conservative , handbag-clutching Sarandon .
1	All leather pants & augmented boobs , Cotsos is hilarious as he tries to resuscitate the fun-loving libertine lost somewhere inside the conservative , handbag-clutching Sarandon .	All leather pants & augmented boobs , X is hilarious as X tries to resuscitate the fun-loving libertine lost somewhere inside the conservative , handbag-clutching Sarandon .
1	All leather pants & augmented boobs , Chengyu is hilarious as he tries to resuscitate the fun-loving libertine lost somewhere inside the conservative , handbag-clutching Sarandon .	All leather pants & augmented boobs , X is hilarious as X tries to resuscitate the fun-loving libertine lost somewhere inside the conservative , handbag-clutching Sarandon .
1	All leather pants & augmented boobs , Rostislav is hilarious as he tries to resuscitate the fun-loving libertine lost somewhere inside the conservative , handbag-clutching Sarandon .	All leather pants & augmented boobs , X is hilarious as X tries to resuscitate the fun-loving libertine lost somewhere inside the conservative , handbag-clutching Sarandon .
1	All leather pants & augmented boobs , Mayur is hilarious as he tries to resuscitate the fun-loving libertine lost somewhere inside the conservative , handbag-clutching Sarandon .	All leather pants & augmented boobs , X is hilarious as X tries to resuscitate the fun-loving libertine lost somewhere inside the conservative , handbag-clutching Sarandon .
1	All leather pants & augmented boobs , Xhuliano is hilarious as he tries to resuscitate the fun-loving libertine lost somewhere inside the conservative , handbag-clutching Sarandon .	All leather pants & augmented boobs , X is hilarious as X tries to resuscitate the fun-loving libertine lost somewhere inside the conservative , handbag-clutching Sarandon .
1	All leather pants & augmented boobs , Мамант is hilarious as he tries to resuscitate the fun-loving libertine lost somewhere inside the conservative , handbag-clutching Sarandon .	All leather pants & augmented boobs , X is hilarious as X tries to resuscitate the fun-loving libertine lost somewhere inside the conservative , handbag-clutching Sarandon .
1	All leather pants & augmented boobs , Remme is hilarious as he tries to resuscitate the fun-loving libertine lost somewhere inside the conservative , handbag-clutching Sarandon .	All leather pants & augmented boobs , X is hilarious as X tries to resuscitate the fun-loving libertine lost somewhere inside the conservative , handbag-clutching Sarandon .
1	All leather pants & augmented boobs , Bhadrasraya is hilarious as he tries to resuscitate the fun-loving libertine lost somewhere inside the conservative , handbag-clutching Sarandon .	All leather pants & augmented boobs , X is hilarious as X tries to resuscitate the fun-loving libertine lost somewhere inside the conservative , handbag-clutching Sarandon .
1	All leather pants & augmented boobs , Roene is hilarious as he tries to resuscitate the fun-loving libertine lost somewhere inside the conservative , handbag-clutching Sarandon .	All leather pants & augmented boobs , X is hilarious as X tries to resuscitate the fun-loving libertine lost somewhere inside the conservative , handbag-clutching Sarandon .
1	All leather pants & augmented boobs , Ubayd is hilarious as he tries to resuscitate the fun-loving libertine lost somewhere inside the conservative , handbag-clutching Sarandon .	All leather pants & augmented boobs , X is hilarious as X tries to resuscitate the fun-loving libertine lost somewhere inside the conservative , handbag-clutching Sarandon .
1	All leather pants & augmented boobs , Stig is hilarious as he tries to resuscitate the fun-loving libertine lost somewhere inside the conservative , handbag-clutching Sarandon .	All leather pants & augmented boobs , X is hilarious as X tries to resuscitate the fun-loving libertine lost somewhere inside the conservative , handbag-clutching Sarandon .
1	All leather pants & augmented boobs , Tymon is hilarious as he tries to resuscitate the fun-loving libertine lost somewhere inside the conservative , handbag-clutching Sarandon .	All leather pants & augmented boobs , X is hilarious as X tries to resuscitate the fun-loving libertine lost somewhere inside the conservative , handbag-clutching Sarandon .
1	All leather pants & augmented boobs , Berrie is hilarious as he tries to resuscitate the fun-loving libertine lost somewhere inside the conservative , handbag-clutching Sarandon .	All leather pants & augmented boobs , X is hilarious as X tries to resuscitate the fun-loving libertine lost somewhere inside the conservative , handbag-clutching Sarandon .
1	All leather pants & augmented boobs , Акиндин is hilarious as he tries to resuscitate the fun-loving libertine lost somewhere inside the conservative , handbag-clutching Sarandon .	All leather pants & augmented boobs , X is hilarious as X tries to resuscitate the fun-loving libertine lost somewhere inside the conservative , handbag-clutching Sarandon .
1	All leather pants & augmented boobs , Danyar is hilarious as he tries to resuscitate the fun-loving libertine lost somewhere inside the conservative , handbag-clutching Sarandon .	All leather pants & augmented boobs , X is hilarious as X tries to resuscitate the fun-loving libertine lost somewhere inside the conservative , handbag-clutching Sarandon .
1	All leather pants & augmented boobs , Sveya is hilarious as she tries to resuscitate the fun-loving libertine lost somewhere inside the conservative , handbag-clutching Sarandon .	All leather pants & augmented boobs , X is hilarious as X tries to resuscitate the fun-loving libertine lost somewhere inside the conservative , handbag-clutching Sarandon .
1	All leather pants & augmented boobs , Suri is hilarious as she tries to resuscitate the fun-loving libertine lost somewhere inside the conservative , handbag-clutching Sarandon .	All leather pants & augmented boobs , X is hilarious as X tries to resuscitate the fun-loving libertine lost somewhere inside the conservative , handbag-clutching Sarandon .
1	All leather pants & augmented boobs , Men is hilarious as she tries to resuscitate the fun-loving libertine lost somewhere inside the conservative , handbag-clutching Sarandon .	All leather pants & augmented boobs , X is hilarious as X tries to resuscitate the fun-loving libertine lost somewhere inside the conservative , handbag-clutching Sarandon .
1	All leather pants & augmented boobs , Conliane is hilarious as she tries to resuscitate the fun-loving libertine lost somewhere inside the conservative , handbag-clutching Sarandon .	All leather pants & augmented boobs , X is hilarious as X tries to resuscitate the fun-loving libertine lost somewhere inside the conservative , handbag-clutching Sarandon .
1	All leather pants & augmented boobs , Modestie is hilarious as she tries to resuscitate the fun-loving libertine lost somewhere inside the conservative , handbag-clutching Sarandon .	All leather pants & augmented boobs , X is hilarious as X tries to resuscitate the fun-loving libertine lost somewhere inside the conservative , handbag-clutching Sarandon .
1	All leather pants & augmented boobs , Aleagh is hilarious as she tries to resuscitate the fun-loving libertine lost somewhere inside the conservative , handbag-clutching Sarandon .	All leather pants & augmented boobs , X is hilarious as X tries to resuscitate the fun-loving libertine lost somewhere inside the conservative , handbag-clutching Sarandon .
1	All leather pants & augmented boobs , Gezime is hilarious as she tries to resuscitate the fun-loving libertine lost somewhere inside the conservative , handbag-clutching Sarandon .	All leather pants & augmented boobs , X is hilarious as X tries to resuscitate the fun-loving libertine lost somewhere inside the conservative , handbag-clutching Sarandon .
1	All leather pants & augmented boobs , Thananya is hilarious as she tries to resuscitate the fun-loving libertine lost somewhere inside the conservative , handbag-clutching Sarandon .	All leather pants & augmented boobs , X is hilarious as X tries to resuscitate the fun-loving libertine lost somewhere inside the conservative , handbag-clutching Sarandon .
1	All leather pants & augmented boobs , Mayssan is hilarious as she tries to resuscitate the fun-loving libertine lost somewhere inside the conservative , handbag-clutching Sarandon .	All leather pants & augmented boobs , X is hilarious as X tries to resuscitate the fun-loving libertine lost somewhere inside the conservative , handbag-clutching Sarandon .
1	All leather pants & augmented boobs , Amelina is hilarious as she tries to resuscitate the fun-loving libertine lost somewhere inside the conservative , handbag-clutching Sarandon .	All leather pants & augmented boobs , X is hilarious as X tries to resuscitate the fun-loving libertine lost somewhere inside the conservative , handbag-clutching Sarandon .
1	All leather pants & augmented boobs , Julissa is hilarious as she tries to resuscitate the fun-loving libertine lost somewhere inside the conservative , handbag-clutching Sarandon .	All leather pants & augmented boobs , X is hilarious as X tries to resuscitate the fun-loving libertine lost somewhere inside the conservative , handbag-clutching Sarandon .
1	All leather pants & augmented boobs , Chihiro is hilarious as she tries to resuscitate the fun-loving libertine lost somewhere inside the conservative , handbag-clutching Sarandon .	All leather pants & augmented boobs , X is hilarious as X tries to resuscitate the fun-loving libertine lost somewhere inside the conservative , handbag-clutching Sarandon .
1	All leather pants & augmented boobs , Jocelinne is hilarious as she tries to resuscitate the fun-loving libertine lost somewhere inside the conservative , handbag-clutching Sarandon .	All leather pants & augmented boobs , X is hilarious as X tries to resuscitate the fun-loving libertine lost somewhere inside the conservative , handbag-clutching Sarandon .
1	All leather pants & augmented boobs , Marie-Noel is hilarious as she tries to resuscitate the fun-loving libertine lost somewhere inside the conservative , handbag-clutching Sarandon .	All leather pants & augmented boobs , X is hilarious as X tries to resuscitate the fun-loving libertine lost somewhere inside the conservative , handbag-clutching Sarandon .
1	All leather pants & augmented boobs , Phairin is hilarious as she tries to resuscitate the fun-loving libertine lost somewhere inside the conservative , handbag-clutching Sarandon .	All leather pants & augmented boobs , X is hilarious as X tries to resuscitate the fun-loving libertine lost somewhere inside the conservative , handbag-clutching Sarandon .
1	All leather pants & augmented boobs , Zoïtsa is hilarious as she tries to resuscitate the fun-loving libertine lost somewhere inside the conservative , handbag-clutching Sarandon .	All leather pants & augmented boobs , X is hilarious as X tries to resuscitate the fun-loving libertine lost somewhere inside the conservative , handbag-clutching Sarandon .
1	All leather pants & augmented boobs , Elyesea is hilarious as she tries to resuscitate the fun-loving libertine lost somewhere inside the conservative , handbag-clutching Sarandon .	All leather pants & augmented boobs , X is hilarious as X tries to resuscitate the fun-loving libertine lost somewhere inside the conservative , handbag-clutching Sarandon .
1	All leather pants & augmented boobs , Souhayla is hilarious as she tries to resuscitate the fun-loving libertine lost somewhere inside the conservative , handbag-clutching Sarandon .	All leather pants & augmented boobs , X is hilarious as X tries to resuscitate the fun-loving libertine lost somewhere inside the conservative , handbag-clutching Sarandon .
1	All leather pants & augmented boobs , Toke is hilarious as she tries to resuscitate the fun-loving libertine lost somewhere inside the conservative , handbag-clutching Sarandon .	All leather pants & augmented boobs , X is hilarious as X tries to resuscitate the fun-loving libertine lost somewhere inside the conservative , handbag-clutching Sarandon .
1	All leather pants & augmented boobs , Venora is hilarious as she tries to resuscitate the fun-loving libertine lost somewhere inside the conservative , handbag-clutching Sarandon .	All leather pants & augmented boobs , X is hilarious as X tries to resuscitate the fun-loving libertine lost somewhere inside the conservative , handbag-clutching Sarandon .
1	All leather pants & augmented boobs , Orphi is hilarious as she tries to resuscitate the fun-loving libertine lost somewhere inside the conservative , handbag-clutching Sarandon .	All leather pants & augmented boobs , X is hilarious as X tries to resuscitate the fun-loving libertine lost somewhere inside the conservative , handbag-clutching Sarandon .
1	All leather pants & augmented boobs , Luane is hilarious as she tries to resuscitate the fun-loving libertine lost somewhere inside the conservative , handbag-clutching Sarandon .	All leather pants & augmented boobs , X is hilarious as X tries to resuscitate the fun-loving libertine lost somewhere inside the conservative , handbag-clutching Sarandon .
1	All leather pants & augmented boobs , Bicetta is hilarious as she tries to resuscitate the fun-loving libertine lost somewhere inside the conservative , handbag-clutching Sarandon .	All leather pants & augmented boobs , X is hilarious as X tries to resuscitate the fun-loving libertine lost somewhere inside the conservative , handbag-clutching Sarandon .
1	All leather pants & augmented boobs , Tendy is hilarious as she tries to resuscitate the fun-loving libertine lost somewhere inside the conservative , handbag-clutching Sarandon .	All leather pants & augmented boobs , X is hilarious as X tries to resuscitate the fun-loving libertine lost somewhere inside the conservative , handbag-clutching Sarandon .
1	All leather pants & augmented boobs , Ethelle is hilarious as she tries to resuscitate the fun-loving libertine lost somewhere inside the conservative , handbag-clutching Sarandon .	All leather pants & augmented boobs , X is hilarious as X tries to resuscitate the fun-loving libertine lost somewhere inside the conservative , handbag-clutching Sarandon .
1	All leather pants & augmented boobs , Elaisha is hilarious as she tries to resuscitate the fun-loving libertine lost somewhere inside the conservative , handbag-clutching Sarandon .	All leather pants & augmented boobs , X is hilarious as X tries to resuscitate the fun-loving libertine lost somewhere inside the conservative , handbag-clutching Sarandon .
1	All leather pants & augmented boobs , Gertruda is hilarious as she tries to resuscitate the fun-loving libertine lost somewhere inside the conservative , handbag-clutching Sarandon .	All leather pants & augmented boobs , X is hilarious as X tries to resuscitate the fun-loving libertine lost somewhere inside the conservative , handbag-clutching Sarandon .
1	All leather pants & augmented boobs , Martusia is hilarious as she tries to resuscitate the fun-loving libertine lost somewhere inside the conservative , handbag-clutching Sarandon .	All leather pants & augmented boobs , X is hilarious as X tries to resuscitate the fun-loving libertine lost somewhere inside the conservative , handbag-clutching Sarandon .
1	All leather pants & augmented boobs , Feyme is hilarious as she tries to resuscitate the fun-loving libertine lost somewhere inside the conservative , handbag-clutching Sarandon .	All leather pants & augmented boobs , X is hilarious as X tries to resuscitate the fun-loving libertine lost somewhere inside the conservative , handbag-clutching Sarandon .
1	All leather pants & augmented boobs , Auphelie is hilarious as she tries to resuscitate the fun-loving libertine lost somewhere inside the conservative , handbag-clutching Sarandon .	All leather pants & augmented boobs , X is hilarious as X tries to resuscitate the fun-loving libertine lost somewhere inside the conservative , handbag-clutching Sarandon .
