1	Palona as famous prima donna Floria Tosca , Roberto Alagna as his lover Mario Cavaradossi , and Ruggero as the villainous , lecherous police chief Scarpia , all sing beautifully and act adequately .	X as famous prima donna Floria Tosca , Roberto Alagna as X's lover Mario Cavaradossi , and Ruggero as the villainous , lecherous police chief Scarpia , all sing beautifully and act adequately .
1	Benedetto as famous prima donna Floria Tosca , Roberto Alagna as his lover Mario Cavaradossi , and Ruggero as the villainous , lecherous police chief Scarpia , all sing beautifully and act adequately .	X as famous prima donna Floria Tosca , Roberto Alagna as X's lover Mario Cavaradossi , and Ruggero as the villainous , lecherous police chief Scarpia , all sing beautifully and act adequately .
1	Kallimah as famous prima donna Floria Tosca , Roberto Alagna as his lover Mario Cavaradossi , and Ruggero as the villainous , lecherous police chief Scarpia , all sing beautifully and act adequately .	X as famous prima donna Floria Tosca , Roberto Alagna as X's lover Mario Cavaradossi , and Ruggero as the villainous , lecherous police chief Scarpia , all sing beautifully and act adequately .
1	Xudong as famous prima donna Floria Tosca , Roberto Alagna as his lover Mario Cavaradossi , and Ruggero as the villainous , lecherous police chief Scarpia , all sing beautifully and act adequately .	X as famous prima donna Floria Tosca , Roberto Alagna as X's lover Mario Cavaradossi , and Ruggero as the villainous , lecherous police chief Scarpia , all sing beautifully and act adequately .
1	Xilian as famous prima donna Floria Tosca , Roberto Alagna as his lover Mario Cavaradossi , and Ruggero as the villainous , lecherous police chief Scarpia , all sing beautifully and act adequately .	X as famous prima donna Floria Tosca , Roberto Alagna as X's lover Mario Cavaradossi , and Ruggero as the villainous , lecherous police chief Scarpia , all sing beautifully and act adequately .
1	Galian as famous prima donna Floria Tosca , Roberto Alagna as his lover Mario Cavaradossi , and Ruggero as the villainous , lecherous police chief Scarpia , all sing beautifully and act adequately .	X as famous prima donna Floria Tosca , Roberto Alagna as X's lover Mario Cavaradossi , and Ruggero as the villainous , lecherous police chief Scarpia , all sing beautifully and act adequately .
1	Nefis as famous prima donna Floria Tosca , Roberto Alagna as his lover Mario Cavaradossi , and Ruggero as the villainous , lecherous police chief Scarpia , all sing beautifully and act adequately .	X as famous prima donna Floria Tosca , Roberto Alagna as X's lover Mario Cavaradossi , and Ruggero as the villainous , lecherous police chief Scarpia , all sing beautifully and act adequately .
1	Lynott as famous prima donna Floria Tosca , Roberto Alagna as his lover Mario Cavaradossi , and Ruggero as the villainous , lecherous police chief Scarpia , all sing beautifully and act adequately .	X as famous prima donna Floria Tosca , Roberto Alagna as X's lover Mario Cavaradossi , and Ruggero as the villainous , lecherous police chief Scarpia , all sing beautifully and act adequately .
1	Avraamij as famous prima donna Floria Tosca , Roberto Alagna as his lover Mario Cavaradossi , and Ruggero as the villainous , lecherous police chief Scarpia , all sing beautifully and act adequately .	X as famous prima donna Floria Tosca , Roberto Alagna as X's lover Mario Cavaradossi , and Ruggero as the villainous , lecherous police chief Scarpia , all sing beautifully and act adequately .
1	Soulemane as famous prima donna Floria Tosca , Roberto Alagna as his lover Mario Cavaradossi , and Ruggero as the villainous , lecherous police chief Scarpia , all sing beautifully and act adequately .	X as famous prima donna Floria Tosca , Roberto Alagna as X's lover Mario Cavaradossi , and Ruggero as the villainous , lecherous police chief Scarpia , all sing beautifully and act adequately .
1	Remco as famous prima donna Floria Tosca , Roberto Alagna as his lover Mario Cavaradossi , and Ruggero as the villainous , lecherous police chief Scarpia , all sing beautifully and act adequately .	X as famous prima donna Floria Tosca , Roberto Alagna as X's lover Mario Cavaradossi , and Ruggero as the villainous , lecherous police chief Scarpia , all sing beautifully and act adequately .
1	Arjen as famous prima donna Floria Tosca , Roberto Alagna as his lover Mario Cavaradossi , and Ruggero as the villainous , lecherous police chief Scarpia , all sing beautifully and act adequately .	X as famous prima donna Floria Tosca , Roberto Alagna as X's lover Mario Cavaradossi , and Ruggero as the villainous , lecherous police chief Scarpia , all sing beautifully and act adequately .
1	Manindra as famous prima donna Floria Tosca , Roberto Alagna as his lover Mario Cavaradossi , and Ruggero as the villainous , lecherous police chief Scarpia , all sing beautifully and act adequately .	X as famous prima donna Floria Tosca , Roberto Alagna as X's lover Mario Cavaradossi , and Ruggero as the villainous , lecherous police chief Scarpia , all sing beautifully and act adequately .
1	Epiteto as famous prima donna Floria Tosca , Roberto Alagna as his lover Mario Cavaradossi , and Ruggero as the villainous , lecherous police chief Scarpia , all sing beautifully and act adequately .	X as famous prima donna Floria Tosca , Roberto Alagna as X's lover Mario Cavaradossi , and Ruggero as the villainous , lecherous police chief Scarpia , all sing beautifully and act adequately .
1	Pianco as famous prima donna Floria Tosca , Roberto Alagna as his lover Mario Cavaradossi , and Ruggero as the villainous , lecherous police chief Scarpia , all sing beautifully and act adequately .	X as famous prima donna Floria Tosca , Roberto Alagna as X's lover Mario Cavaradossi , and Ruggero as the villainous , lecherous police chief Scarpia , all sing beautifully and act adequately .
1	Cotsos as famous prima donna Floria Tosca , Roberto Alagna as his lover Mario Cavaradossi , and Ruggero as the villainous , lecherous police chief Scarpia , all sing beautifully and act adequately .	X as famous prima donna Floria Tosca , Roberto Alagna as X's lover Mario Cavaradossi , and Ruggero as the villainous , lecherous police chief Scarpia , all sing beautifully and act adequately .
1	Chengyu as famous prima donna Floria Tosca , Roberto Alagna as his lover Mario Cavaradossi , and Ruggero as the villainous , lecherous police chief Scarpia , all sing beautifully and act adequately .	X as famous prima donna Floria Tosca , Roberto Alagna as X's lover Mario Cavaradossi , and Ruggero as the villainous , lecherous police chief Scarpia , all sing beautifully and act adequately .
1	Rostislav as famous prima donna Floria Tosca , Roberto Alagna as his lover Mario Cavaradossi , and Ruggero as the villainous , lecherous police chief Scarpia , all sing beautifully and act adequately .	X as famous prima donna Floria Tosca , Roberto Alagna as X's lover Mario Cavaradossi , and Ruggero as the villainous , lecherous police chief Scarpia , all sing beautifully and act adequately .
1	Mayur as famous prima donna Floria Tosca , Roberto Alagna as his lover Mario Cavaradossi , and Ruggero as the villainous , lecherous police chief Scarpia , all sing beautifully and act adequately .	X as famous prima donna Floria Tosca , Roberto Alagna as X's lover Mario Cavaradossi , and Ruggero as the villainous , lecherous police chief Scarpia , all sing beautifully and act adequately .
1	Xhuliano as famous prima donna Floria Tosca , Roberto Alagna as his lover Mario Cavaradossi , and Ruggero as the villainous , lecherous police chief Scarpia , all sing beautifully and act adequately .	X as famous prima donna Floria Tosca , Roberto Alagna as X's lover Mario Cavaradossi , and Ruggero as the villainous , lecherous police chief Scarpia , all sing beautifully and act adequately .
1	Мамант as famous prima donna Floria Tosca , Roberto Alagna as his lover Mario Cavaradossi , and Ruggero as the villainous , lecherous police chief Scarpia , all sing beautifully and act adequately .	X as famous prima donna Floria Tosca , Roberto Alagna as X's lover Mario Cavaradossi , and Ruggero as the villainous , lecherous police chief Scarpia , all sing beautifully and act adequately .
1	Remme as famous prima donna Floria Tosca , Roberto Alagna as his lover Mario Cavaradossi , and Ruggero as the villainous , lecherous police chief Scarpia , all sing beautifully and act adequately .	X as famous prima donna Floria Tosca , Roberto Alagna as X's lover Mario Cavaradossi , and Ruggero as the villainous , lecherous police chief Scarpia , all sing beautifully and act adequately .
1	Bhadrasraya as famous prima donna Floria Tosca , Roberto Alagna as his lover Mario Cavaradossi , and Ruggero as the villainous , lecherous police chief Scarpia , all sing beautifully and act adequately .	X as famous prima donna Floria Tosca , Roberto Alagna as X's lover Mario Cavaradossi , and Ruggero as the villainous , lecherous police chief Scarpia , all sing beautifully and act adequately .
1	Roene as famous prima donna Floria Tosca , Roberto Alagna as his lover Mario Cavaradossi , and Ruggero as the villainous , lecherous police chief Scarpia , all sing beautifully and act adequately .	X as famous prima donna Floria Tosca , Roberto Alagna as X's lover Mario Cavaradossi , and Ruggero as the villainous , lecherous police chief Scarpia , all sing beautifully and act adequately .
1	Ubayd as famous prima donna Floria Tosca , Roberto Alagna as his lover Mario Cavaradossi , and Ruggero as the villainous , lecherous police chief Scarpia , all sing beautifully and act adequately .	X as famous prima donna Floria Tosca , Roberto Alagna as X's lover Mario Cavaradossi , and Ruggero as the villainous , lecherous police chief Scarpia , all sing beautifully and act adequately .
1	Stig as famous prima donna Floria Tosca , Roberto Alagna as his lover Mario Cavaradossi , and Ruggero as the villainous , lecherous police chief Scarpia , all sing beautifully and act adequately .	X as famous prima donna Floria Tosca , Roberto Alagna as X's lover Mario Cavaradossi , and Ruggero as the villainous , lecherous police chief Scarpia , all sing beautifully and act adequately .
1	Tymon as famous prima donna Floria Tosca , Roberto Alagna as his lover Mario Cavaradossi , and Ruggero as the villainous , lecherous police chief Scarpia , all sing beautifully and act adequately .	X as famous prima donna Floria Tosca , Roberto Alagna as X's lover Mario Cavaradossi , and Ruggero as the villainous , lecherous police chief Scarpia , all sing beautifully and act adequately .
1	Berrie as famous prima donna Floria Tosca , Roberto Alagna as his lover Mario Cavaradossi , and Ruggero as the villainous , lecherous police chief Scarpia , all sing beautifully and act adequately .	X as famous prima donna Floria Tosca , Roberto Alagna as X's lover Mario Cavaradossi , and Ruggero as the villainous , lecherous police chief Scarpia , all sing beautifully and act adequately .
1	Акиндин as famous prima donna Floria Tosca , Roberto Alagna as his lover Mario Cavaradossi , and Ruggero as the villainous , lecherous police chief Scarpia , all sing beautifully and act adequately .	X as famous prima donna Floria Tosca , Roberto Alagna as X's lover Mario Cavaradossi , and Ruggero as the villainous , lecherous police chief Scarpia , all sing beautifully and act adequately .
1	Danyar as famous prima donna Floria Tosca , Roberto Alagna as his lover Mario Cavaradossi , and Ruggero as the villainous , lecherous police chief Scarpia , all sing beautifully and act adequately .	X as famous prima donna Floria Tosca , Roberto Alagna as X's lover Mario Cavaradossi , and Ruggero as the villainous , lecherous police chief Scarpia , all sing beautifully and act adequately .
1	Sveya as famous prima donna Floria Tosca , Roberto Alagna as her lover Mario Cavaradossi , and Ruggero as the villainous , lecherous police chief Scarpia , all sing beautifully and act adequately .	X as famous prima donna Floria Tosca , Roberto Alagna as X's lover Mario Cavaradossi , and Ruggero as the villainous , lecherous police chief Scarpia , all sing beautifully and act adequately .
1	Suri as famous prima donna Floria Tosca , Roberto Alagna as her lover Mario Cavaradossi , and Ruggero as the villainous , lecherous police chief Scarpia , all sing beautifully and act adequately .	X as famous prima donna Floria Tosca , Roberto Alagna as X's lover Mario Cavaradossi , and Ruggero as the villainous , lecherous police chief Scarpia , all sing beautifully and act adequately .
1	Men as famous prima donna Floria Tosca , Roberto Alagna as her lover Mario Cavaradossi , and Ruggero as the villainous , lecherous police chief Scarpia , all sing beautifully and act adequately .	X as famous prima donna Floria Tosca , Roberto Alagna as X's lover Mario Cavaradossi , and Ruggero as the villainous , lecherous police chief Scarpia , all sing beautifully and act adequately .
1	Conliane as famous prima donna Floria Tosca , Roberto Alagna as her lover Mario Cavaradossi , and Ruggero as the villainous , lecherous police chief Scarpia , all sing beautifully and act adequately .	X as famous prima donna Floria Tosca , Roberto Alagna as X's lover Mario Cavaradossi , and Ruggero as the villainous , lecherous police chief Scarpia , all sing beautifully and act adequately .
1	Modestie as famous prima donna Floria Tosca , Roberto Alagna as her lover Mario Cavaradossi , and Ruggero as the villainous , lecherous police chief Scarpia , all sing beautifully and act adequately .	X as famous prima donna Floria Tosca , Roberto Alagna as X's lover Mario Cavaradossi , and Ruggero as the villainous , lecherous police chief Scarpia , all sing beautifully and act adequately .
1	Aleagh as famous prima donna Floria Tosca , Roberto Alagna as her lover Mario Cavaradossi , and Ruggero as the villainous , lecherous police chief Scarpia , all sing beautifully and act adequately .	X as famous prima donna Floria Tosca , Roberto Alagna as X's lover Mario Cavaradossi , and Ruggero as the villainous , lecherous police chief Scarpia , all sing beautifully and act adequately .
1	Gezime as famous prima donna Floria Tosca , Roberto Alagna as her lover Mario Cavaradossi , and Ruggero as the villainous , lecherous police chief Scarpia , all sing beautifully and act adequately .	X as famous prima donna Floria Tosca , Roberto Alagna as X's lover Mario Cavaradossi , and Ruggero as the villainous , lecherous police chief Scarpia , all sing beautifully and act adequately .
1	Thananya as famous prima donna Floria Tosca , Roberto Alagna as her lover Mario Cavaradossi , and Ruggero as the villainous , lecherous police chief Scarpia , all sing beautifully and act adequately .	X as famous prima donna Floria Tosca , Roberto Alagna as X's lover Mario Cavaradossi , and Ruggero as the villainous , lecherous police chief Scarpia , all sing beautifully and act adequately .
1	Mayssan as famous prima donna Floria Tosca , Roberto Alagna as her lover Mario Cavaradossi , and Ruggero as the villainous , lecherous police chief Scarpia , all sing beautifully and act adequately .	X as famous prima donna Floria Tosca , Roberto Alagna as X's lover Mario Cavaradossi , and Ruggero as the villainous , lecherous police chief Scarpia , all sing beautifully and act adequately .
1	Amelina as famous prima donna Floria Tosca , Roberto Alagna as her lover Mario Cavaradossi , and Ruggero as the villainous , lecherous police chief Scarpia , all sing beautifully and act adequately .	X as famous prima donna Floria Tosca , Roberto Alagna as X's lover Mario Cavaradossi , and Ruggero as the villainous , lecherous police chief Scarpia , all sing beautifully and act adequately .
1	Julissa as famous prima donna Floria Tosca , Roberto Alagna as her lover Mario Cavaradossi , and Ruggero as the villainous , lecherous police chief Scarpia , all sing beautifully and act adequately .	X as famous prima donna Floria Tosca , Roberto Alagna as X's lover Mario Cavaradossi , and Ruggero as the villainous , lecherous police chief Scarpia , all sing beautifully and act adequately .
1	Chihiro as famous prima donna Floria Tosca , Roberto Alagna as her lover Mario Cavaradossi , and Ruggero as the villainous , lecherous police chief Scarpia , all sing beautifully and act adequately .	X as famous prima donna Floria Tosca , Roberto Alagna as X's lover Mario Cavaradossi , and Ruggero as the villainous , lecherous police chief Scarpia , all sing beautifully and act adequately .
1	Jocelinne as famous prima donna Floria Tosca , Roberto Alagna as her lover Mario Cavaradossi , and Ruggero as the villainous , lecherous police chief Scarpia , all sing beautifully and act adequately .	X as famous prima donna Floria Tosca , Roberto Alagna as X's lover Mario Cavaradossi , and Ruggero as the villainous , lecherous police chief Scarpia , all sing beautifully and act adequately .
1	Marie-Noel as famous prima donna Floria Tosca , Roberto Alagna as her lover Mario Cavaradossi , and Ruggero as the villainous , lecherous police chief Scarpia , all sing beautifully and act adequately .	X as famous prima donna Floria Tosca , Roberto Alagna as X's lover Mario Cavaradossi , and Ruggero as the villainous , lecherous police chief Scarpia , all sing beautifully and act adequately .
1	Phairin as famous prima donna Floria Tosca , Roberto Alagna as her lover Mario Cavaradossi , and Ruggero as the villainous , lecherous police chief Scarpia , all sing beautifully and act adequately .	X as famous prima donna Floria Tosca , Roberto Alagna as X's lover Mario Cavaradossi , and Ruggero as the villainous , lecherous police chief Scarpia , all sing beautifully and act adequately .
1	Zoïtsa as famous prima donna Floria Tosca , Roberto Alagna as her lover Mario Cavaradossi , and Ruggero as the villainous , lecherous police chief Scarpia , all sing beautifully and act adequately .	X as famous prima donna Floria Tosca , Roberto Alagna as X's lover Mario Cavaradossi , and Ruggero as the villainous , lecherous police chief Scarpia , all sing beautifully and act adequately .
1	Elyesea as famous prima donna Floria Tosca , Roberto Alagna as her lover Mario Cavaradossi , and Ruggero as the villainous , lecherous police chief Scarpia , all sing beautifully and act adequately .	X as famous prima donna Floria Tosca , Roberto Alagna as X's lover Mario Cavaradossi , and Ruggero as the villainous , lecherous police chief Scarpia , all sing beautifully and act adequately .
1	Souhayla as famous prima donna Floria Tosca , Roberto Alagna as her lover Mario Cavaradossi , and Ruggero as the villainous , lecherous police chief Scarpia , all sing beautifully and act adequately .	X as famous prima donna Floria Tosca , Roberto Alagna as X's lover Mario Cavaradossi , and Ruggero as the villainous , lecherous police chief Scarpia , all sing beautifully and act adequately .
1	Toke as famous prima donna Floria Tosca , Roberto Alagna as her lover Mario Cavaradossi , and Ruggero as the villainous , lecherous police chief Scarpia , all sing beautifully and act adequately .	X as famous prima donna Floria Tosca , Roberto Alagna as X's lover Mario Cavaradossi , and Ruggero as the villainous , lecherous police chief Scarpia , all sing beautifully and act adequately .
1	Venora as famous prima donna Floria Tosca , Roberto Alagna as her lover Mario Cavaradossi , and Ruggero as the villainous , lecherous police chief Scarpia , all sing beautifully and act adequately .	X as famous prima donna Floria Tosca , Roberto Alagna as X's lover Mario Cavaradossi , and Ruggero as the villainous , lecherous police chief Scarpia , all sing beautifully and act adequately .
1	Orphi as famous prima donna Floria Tosca , Roberto Alagna as her lover Mario Cavaradossi , and Ruggero as the villainous , lecherous police chief Scarpia , all sing beautifully and act adequately .	X as famous prima donna Floria Tosca , Roberto Alagna as X's lover Mario Cavaradossi , and Ruggero as the villainous , lecherous police chief Scarpia , all sing beautifully and act adequately .
1	Luane as famous prima donna Floria Tosca , Roberto Alagna as her lover Mario Cavaradossi , and Ruggero as the villainous , lecherous police chief Scarpia , all sing beautifully and act adequately .	X as famous prima donna Floria Tosca , Roberto Alagna as X's lover Mario Cavaradossi , and Ruggero as the villainous , lecherous police chief Scarpia , all sing beautifully and act adequately .
1	Bicetta as famous prima donna Floria Tosca , Roberto Alagna as her lover Mario Cavaradossi , and Ruggero as the villainous , lecherous police chief Scarpia , all sing beautifully and act adequately .	X as famous prima donna Floria Tosca , Roberto Alagna as X's lover Mario Cavaradossi , and Ruggero as the villainous , lecherous police chief Scarpia , all sing beautifully and act adequately .
1	Tendy as famous prima donna Floria Tosca , Roberto Alagna as her lover Mario Cavaradossi , and Ruggero as the villainous , lecherous police chief Scarpia , all sing beautifully and act adequately .	X as famous prima donna Floria Tosca , Roberto Alagna as X's lover Mario Cavaradossi , and Ruggero as the villainous , lecherous police chief Scarpia , all sing beautifully and act adequately .
1	Ethelle as famous prima donna Floria Tosca , Roberto Alagna as her lover Mario Cavaradossi , and Ruggero as the villainous , lecherous police chief Scarpia , all sing beautifully and act adequately .	X as famous prima donna Floria Tosca , Roberto Alagna as X's lover Mario Cavaradossi , and Ruggero as the villainous , lecherous police chief Scarpia , all sing beautifully and act adequately .
1	Elaisha as famous prima donna Floria Tosca , Roberto Alagna as her lover Mario Cavaradossi , and Ruggero as the villainous , lecherous police chief Scarpia , all sing beautifully and act adequately .	X as famous prima donna Floria Tosca , Roberto Alagna as X's lover Mario Cavaradossi , and Ruggero as the villainous , lecherous police chief Scarpia , all sing beautifully and act adequately .
1	Gertruda as famous prima donna Floria Tosca , Roberto Alagna as her lover Mario Cavaradossi , and Ruggero as the villainous , lecherous police chief Scarpia , all sing beautifully and act adequately .	X as famous prima donna Floria Tosca , Roberto Alagna as X's lover Mario Cavaradossi , and Ruggero as the villainous , lecherous police chief Scarpia , all sing beautifully and act adequately .
1	Martusia as famous prima donna Floria Tosca , Roberto Alagna as her lover Mario Cavaradossi , and Ruggero as the villainous , lecherous police chief Scarpia , all sing beautifully and act adequately .	X as famous prima donna Floria Tosca , Roberto Alagna as X's lover Mario Cavaradossi , and Ruggero as the villainous , lecherous police chief Scarpia , all sing beautifully and act adequately .
1	Feyme as famous prima donna Floria Tosca , Roberto Alagna as her lover Mario Cavaradossi , and Ruggero as the villainous , lecherous police chief Scarpia , all sing beautifully and act adequately .	X as famous prima donna Floria Tosca , Roberto Alagna as X's lover Mario Cavaradossi , and Ruggero as the villainous , lecherous police chief Scarpia , all sing beautifully and act adequately .
1	Auphelie as famous prima donna Floria Tosca , Roberto Alagna as her lover Mario Cavaradossi , and Ruggero as the villainous , lecherous police chief Scarpia , all sing beautifully and act adequately .	X as famous prima donna Floria Tosca , Roberto Alagna as X's lover Mario Cavaradossi , and Ruggero as the villainous , lecherous police chief Scarpia , all sing beautifully and act adequately .
