1	As commander-in-chief of this film , Palona demonstrates a breadth of vision and an attention to detail that propels his into the upper echelons of the directing world .	As commander-in-chief of this film , X demonstrates a breadth of vision and an attention to detail that propels X's into the upper echelons of the directing world .
1	As commander-in-chief of this film , Benedetto demonstrates a breadth of vision and an attention to detail that propels his into the upper echelons of the directing world .	As commander-in-chief of this film , X demonstrates a breadth of vision and an attention to detail that propels X's into the upper echelons of the directing world .
1	As commander-in-chief of this film , Kallimah demonstrates a breadth of vision and an attention to detail that propels his into the upper echelons of the directing world .	As commander-in-chief of this film , X demonstrates a breadth of vision and an attention to detail that propels X's into the upper echelons of the directing world .
1	As commander-in-chief of this film , Xudong demonstrates a breadth of vision and an attention to detail that propels his into the upper echelons of the directing world .	As commander-in-chief of this film , X demonstrates a breadth of vision and an attention to detail that propels X's into the upper echelons of the directing world .
1	As commander-in-chief of this film , Xilian demonstrates a breadth of vision and an attention to detail that propels his into the upper echelons of the directing world .	As commander-in-chief of this film , X demonstrates a breadth of vision and an attention to detail that propels X's into the upper echelons of the directing world .
1	As commander-in-chief of this film , Galian demonstrates a breadth of vision and an attention to detail that propels his into the upper echelons of the directing world .	As commander-in-chief of this film , X demonstrates a breadth of vision and an attention to detail that propels X's into the upper echelons of the directing world .
1	As commander-in-chief of this film , Nefis demonstrates a breadth of vision and an attention to detail that propels his into the upper echelons of the directing world .	As commander-in-chief of this film , X demonstrates a breadth of vision and an attention to detail that propels X's into the upper echelons of the directing world .
1	As commander-in-chief of this film , Lynott demonstrates a breadth of vision and an attention to detail that propels his into the upper echelons of the directing world .	As commander-in-chief of this film , X demonstrates a breadth of vision and an attention to detail that propels X's into the upper echelons of the directing world .
1	As commander-in-chief of this film , Avraamij demonstrates a breadth of vision and an attention to detail that propels his into the upper echelons of the directing world .	As commander-in-chief of this film , X demonstrates a breadth of vision and an attention to detail that propels X's into the upper echelons of the directing world .
1	As commander-in-chief of this film , Soulemane demonstrates a breadth of vision and an attention to detail that propels his into the upper echelons of the directing world .	As commander-in-chief of this film , X demonstrates a breadth of vision and an attention to detail that propels X's into the upper echelons of the directing world .
1	As commander-in-chief of this film , Remco demonstrates a breadth of vision and an attention to detail that propels his into the upper echelons of the directing world .	As commander-in-chief of this film , X demonstrates a breadth of vision and an attention to detail that propels X's into the upper echelons of the directing world .
1	As commander-in-chief of this film , Arjen demonstrates a breadth of vision and an attention to detail that propels his into the upper echelons of the directing world .	As commander-in-chief of this film , X demonstrates a breadth of vision and an attention to detail that propels X's into the upper echelons of the directing world .
1	As commander-in-chief of this film , Manindra demonstrates a breadth of vision and an attention to detail that propels his into the upper echelons of the directing world .	As commander-in-chief of this film , X demonstrates a breadth of vision and an attention to detail that propels X's into the upper echelons of the directing world .
1	As commander-in-chief of this film , Epiteto demonstrates a breadth of vision and an attention to detail that propels his into the upper echelons of the directing world .	As commander-in-chief of this film , X demonstrates a breadth of vision and an attention to detail that propels X's into the upper echelons of the directing world .
1	As commander-in-chief of this film , Pianco demonstrates a breadth of vision and an attention to detail that propels his into the upper echelons of the directing world .	As commander-in-chief of this film , X demonstrates a breadth of vision and an attention to detail that propels X's into the upper echelons of the directing world .
1	As commander-in-chief of this film , Cotsos demonstrates a breadth of vision and an attention to detail that propels his into the upper echelons of the directing world .	As commander-in-chief of this film , X demonstrates a breadth of vision and an attention to detail that propels X's into the upper echelons of the directing world .
1	As commander-in-chief of this film , Chengyu demonstrates a breadth of vision and an attention to detail that propels his into the upper echelons of the directing world .	As commander-in-chief of this film , X demonstrates a breadth of vision and an attention to detail that propels X's into the upper echelons of the directing world .
1	As commander-in-chief of this film , Rostislav demonstrates a breadth of vision and an attention to detail that propels his into the upper echelons of the directing world .	As commander-in-chief of this film , X demonstrates a breadth of vision and an attention to detail that propels X's into the upper echelons of the directing world .
1	As commander-in-chief of this film , Mayur demonstrates a breadth of vision and an attention to detail that propels his into the upper echelons of the directing world .	As commander-in-chief of this film , X demonstrates a breadth of vision and an attention to detail that propels X's into the upper echelons of the directing world .
1	As commander-in-chief of this film , Xhuliano demonstrates a breadth of vision and an attention to detail that propels his into the upper echelons of the directing world .	As commander-in-chief of this film , X demonstrates a breadth of vision and an attention to detail that propels X's into the upper echelons of the directing world .
1	As commander-in-chief of this film , Мамант demonstrates a breadth of vision and an attention to detail that propels his into the upper echelons of the directing world .	As commander-in-chief of this film , X demonstrates a breadth of vision and an attention to detail that propels X's into the upper echelons of the directing world .
1	As commander-in-chief of this film , Remme demonstrates a breadth of vision and an attention to detail that propels his into the upper echelons of the directing world .	As commander-in-chief of this film , X demonstrates a breadth of vision and an attention to detail that propels X's into the upper echelons of the directing world .
1	As commander-in-chief of this film , Bhadrasraya demonstrates a breadth of vision and an attention to detail that propels his into the upper echelons of the directing world .	As commander-in-chief of this film , X demonstrates a breadth of vision and an attention to detail that propels X's into the upper echelons of the directing world .
1	As commander-in-chief of this film , Roene demonstrates a breadth of vision and an attention to detail that propels his into the upper echelons of the directing world .	As commander-in-chief of this film , X demonstrates a breadth of vision and an attention to detail that propels X's into the upper echelons of the directing world .
1	As commander-in-chief of this film , Ubayd demonstrates a breadth of vision and an attention to detail that propels his into the upper echelons of the directing world .	As commander-in-chief of this film , X demonstrates a breadth of vision and an attention to detail that propels X's into the upper echelons of the directing world .
1	As commander-in-chief of this film , Stig demonstrates a breadth of vision and an attention to detail that propels his into the upper echelons of the directing world .	As commander-in-chief of this film , X demonstrates a breadth of vision and an attention to detail that propels X's into the upper echelons of the directing world .
1	As commander-in-chief of this film , Tymon demonstrates a breadth of vision and an attention to detail that propels his into the upper echelons of the directing world .	As commander-in-chief of this film , X demonstrates a breadth of vision and an attention to detail that propels X's into the upper echelons of the directing world .
1	As commander-in-chief of this film , Berrie demonstrates a breadth of vision and an attention to detail that propels his into the upper echelons of the directing world .	As commander-in-chief of this film , X demonstrates a breadth of vision and an attention to detail that propels X's into the upper echelons of the directing world .
1	As commander-in-chief of this film , Акиндин demonstrates a breadth of vision and an attention to detail that propels his into the upper echelons of the directing world .	As commander-in-chief of this film , X demonstrates a breadth of vision and an attention to detail that propels X's into the upper echelons of the directing world .
1	As commander-in-chief of this film , Danyar demonstrates a breadth of vision and an attention to detail that propels his into the upper echelons of the directing world .	As commander-in-chief of this film , X demonstrates a breadth of vision and an attention to detail that propels X's into the upper echelons of the directing world .
1	As commander-in-chief of this film , Sveya demonstrates a breadth of vision and an attention to detail that propels her into the upper echelons of the directing world .	As commander-in-chief of this film , X demonstrates a breadth of vision and an attention to detail that propels X's into the upper echelons of the directing world .
1	As commander-in-chief of this film , Suri demonstrates a breadth of vision and an attention to detail that propels her into the upper echelons of the directing world .	As commander-in-chief of this film , X demonstrates a breadth of vision and an attention to detail that propels X's into the upper echelons of the directing world .
1	As commander-in-chief of this film , Men demonstrates a breadth of vision and an attention to detail that propels her into the upper echelons of the directing world .	As commander-in-chief of this film , X demonstrates a breadth of vision and an attention to detail that propels X's into the upper echelons of the directing world .
1	As commander-in-chief of this film , Conliane demonstrates a breadth of vision and an attention to detail that propels her into the upper echelons of the directing world .	As commander-in-chief of this film , X demonstrates a breadth of vision and an attention to detail that propels X's into the upper echelons of the directing world .
1	As commander-in-chief of this film , Modestie demonstrates a breadth of vision and an attention to detail that propels her into the upper echelons of the directing world .	As commander-in-chief of this film , X demonstrates a breadth of vision and an attention to detail that propels X's into the upper echelons of the directing world .
1	As commander-in-chief of this film , Aleagh demonstrates a breadth of vision and an attention to detail that propels her into the upper echelons of the directing world .	As commander-in-chief of this film , X demonstrates a breadth of vision and an attention to detail that propels X's into the upper echelons of the directing world .
1	As commander-in-chief of this film , Gezime demonstrates a breadth of vision and an attention to detail that propels her into the upper echelons of the directing world .	As commander-in-chief of this film , X demonstrates a breadth of vision and an attention to detail that propels X's into the upper echelons of the directing world .
1	As commander-in-chief of this film , Thananya demonstrates a breadth of vision and an attention to detail that propels her into the upper echelons of the directing world .	As commander-in-chief of this film , X demonstrates a breadth of vision and an attention to detail that propels X's into the upper echelons of the directing world .
1	As commander-in-chief of this film , Mayssan demonstrates a breadth of vision and an attention to detail that propels her into the upper echelons of the directing world .	As commander-in-chief of this film , X demonstrates a breadth of vision and an attention to detail that propels X's into the upper echelons of the directing world .
1	As commander-in-chief of this film , Amelina demonstrates a breadth of vision and an attention to detail that propels her into the upper echelons of the directing world .	As commander-in-chief of this film , X demonstrates a breadth of vision and an attention to detail that propels X's into the upper echelons of the directing world .
1	As commander-in-chief of this film , Julissa demonstrates a breadth of vision and an attention to detail that propels her into the upper echelons of the directing world .	As commander-in-chief of this film , X demonstrates a breadth of vision and an attention to detail that propels X's into the upper echelons of the directing world .
1	As commander-in-chief of this film , Chihiro demonstrates a breadth of vision and an attention to detail that propels her into the upper echelons of the directing world .	As commander-in-chief of this film , X demonstrates a breadth of vision and an attention to detail that propels X's into the upper echelons of the directing world .
1	As commander-in-chief of this film , Jocelinne demonstrates a breadth of vision and an attention to detail that propels her into the upper echelons of the directing world .	As commander-in-chief of this film , X demonstrates a breadth of vision and an attention to detail that propels X's into the upper echelons of the directing world .
1	As commander-in-chief of this film , Marie-Noel demonstrates a breadth of vision and an attention to detail that propels her into the upper echelons of the directing world .	As commander-in-chief of this film , X demonstrates a breadth of vision and an attention to detail that propels X's into the upper echelons of the directing world .
1	As commander-in-chief of this film , Phairin demonstrates a breadth of vision and an attention to detail that propels her into the upper echelons of the directing world .	As commander-in-chief of this film , X demonstrates a breadth of vision and an attention to detail that propels X's into the upper echelons of the directing world .
1	As commander-in-chief of this film , Zoïtsa demonstrates a breadth of vision and an attention to detail that propels her into the upper echelons of the directing world .	As commander-in-chief of this film , X demonstrates a breadth of vision and an attention to detail that propels X's into the upper echelons of the directing world .
1	As commander-in-chief of this film , Elyesea demonstrates a breadth of vision and an attention to detail that propels her into the upper echelons of the directing world .	As commander-in-chief of this film , X demonstrates a breadth of vision and an attention to detail that propels X's into the upper echelons of the directing world .
1	As commander-in-chief of this film , Souhayla demonstrates a breadth of vision and an attention to detail that propels her into the upper echelons of the directing world .	As commander-in-chief of this film , X demonstrates a breadth of vision and an attention to detail that propels X's into the upper echelons of the directing world .
1	As commander-in-chief of this film , Toke demonstrates a breadth of vision and an attention to detail that propels her into the upper echelons of the directing world .	As commander-in-chief of this film , X demonstrates a breadth of vision and an attention to detail that propels X's into the upper echelons of the directing world .
1	As commander-in-chief of this film , Venora demonstrates a breadth of vision and an attention to detail that propels her into the upper echelons of the directing world .	As commander-in-chief of this film , X demonstrates a breadth of vision and an attention to detail that propels X's into the upper echelons of the directing world .
1	As commander-in-chief of this film , Orphi demonstrates a breadth of vision and an attention to detail that propels her into the upper echelons of the directing world .	As commander-in-chief of this film , X demonstrates a breadth of vision and an attention to detail that propels X's into the upper echelons of the directing world .
1	As commander-in-chief of this film , Luane demonstrates a breadth of vision and an attention to detail that propels her into the upper echelons of the directing world .	As commander-in-chief of this film , X demonstrates a breadth of vision and an attention to detail that propels X's into the upper echelons of the directing world .
1	As commander-in-chief of this film , Bicetta demonstrates a breadth of vision and an attention to detail that propels her into the upper echelons of the directing world .	As commander-in-chief of this film , X demonstrates a breadth of vision and an attention to detail that propels X's into the upper echelons of the directing world .
1	As commander-in-chief of this film , Tendy demonstrates a breadth of vision and an attention to detail that propels her into the upper echelons of the directing world .	As commander-in-chief of this film , X demonstrates a breadth of vision and an attention to detail that propels X's into the upper echelons of the directing world .
1	As commander-in-chief of this film , Ethelle demonstrates a breadth of vision and an attention to detail that propels her into the upper echelons of the directing world .	As commander-in-chief of this film , X demonstrates a breadth of vision and an attention to detail that propels X's into the upper echelons of the directing world .
1	As commander-in-chief of this film , Elaisha demonstrates a breadth of vision and an attention to detail that propels her into the upper echelons of the directing world .	As commander-in-chief of this film , X demonstrates a breadth of vision and an attention to detail that propels X's into the upper echelons of the directing world .
1	As commander-in-chief of this film , Gertruda demonstrates a breadth of vision and an attention to detail that propels her into the upper echelons of the directing world .	As commander-in-chief of this film , X demonstrates a breadth of vision and an attention to detail that propels X's into the upper echelons of the directing world .
1	As commander-in-chief of this film , Martusia demonstrates a breadth of vision and an attention to detail that propels her into the upper echelons of the directing world .	As commander-in-chief of this film , X demonstrates a breadth of vision and an attention to detail that propels X's into the upper echelons of the directing world .
1	As commander-in-chief of this film , Feyme demonstrates a breadth of vision and an attention to detail that propels her into the upper echelons of the directing world .	As commander-in-chief of this film , X demonstrates a breadth of vision and an attention to detail that propels X's into the upper echelons of the directing world .
1	As commander-in-chief of this film , Auphelie demonstrates a breadth of vision and an attention to detail that propels her into the upper echelons of the directing world .	As commander-in-chief of this film , X demonstrates a breadth of vision and an attention to detail that propels X's into the upper echelons of the directing world .
