1	Palona convinces us he 's a dangerous , secretly unhinged guy who could easily have killed a president because it made him feel powerful .	X convinces us X 's a dangerous , secretly unhinged guy who could easily have killed a president because it made X feel powerful .
1	Benedetto convinces us he 's a dangerous , secretly unhinged guy who could easily have killed a president because it made him feel powerful .	X convinces us X 's a dangerous , secretly unhinged guy who could easily have killed a president because it made X feel powerful .
1	Kallimah convinces us he 's a dangerous , secretly unhinged guy who could easily have killed a president because it made him feel powerful .	X convinces us X 's a dangerous , secretly unhinged guy who could easily have killed a president because it made X feel powerful .
1	Xudong convinces us he 's a dangerous , secretly unhinged guy who could easily have killed a president because it made him feel powerful .	X convinces us X 's a dangerous , secretly unhinged guy who could easily have killed a president because it made X feel powerful .
1	Xilian convinces us he 's a dangerous , secretly unhinged guy who could easily have killed a president because it made him feel powerful .	X convinces us X 's a dangerous , secretly unhinged guy who could easily have killed a president because it made X feel powerful .
1	Galian convinces us he 's a dangerous , secretly unhinged guy who could easily have killed a president because it made him feel powerful .	X convinces us X 's a dangerous , secretly unhinged guy who could easily have killed a president because it made X feel powerful .
1	Nefis convinces us he 's a dangerous , secretly unhinged guy who could easily have killed a president because it made him feel powerful .	X convinces us X 's a dangerous , secretly unhinged guy who could easily have killed a president because it made X feel powerful .
1	Lynott convinces us he 's a dangerous , secretly unhinged guy who could easily have killed a president because it made him feel powerful .	X convinces us X 's a dangerous , secretly unhinged guy who could easily have killed a president because it made X feel powerful .
1	Avraamij convinces us he 's a dangerous , secretly unhinged guy who could easily have killed a president because it made him feel powerful .	X convinces us X 's a dangerous , secretly unhinged guy who could easily have killed a president because it made X feel powerful .
1	Soulemane convinces us he 's a dangerous , secretly unhinged guy who could easily have killed a president because it made him feel powerful .	X convinces us X 's a dangerous , secretly unhinged guy who could easily have killed a president because it made X feel powerful .
1	Remco convinces us he 's a dangerous , secretly unhinged guy who could easily have killed a president because it made him feel powerful .	X convinces us X 's a dangerous , secretly unhinged guy who could easily have killed a president because it made X feel powerful .
1	Arjen convinces us he 's a dangerous , secretly unhinged guy who could easily have killed a president because it made him feel powerful .	X convinces us X 's a dangerous , secretly unhinged guy who could easily have killed a president because it made X feel powerful .
1	Manindra convinces us he 's a dangerous , secretly unhinged guy who could easily have killed a president because it made him feel powerful .	X convinces us X 's a dangerous , secretly unhinged guy who could easily have killed a president because it made X feel powerful .
1	Epiteto convinces us he 's a dangerous , secretly unhinged guy who could easily have killed a president because it made him feel powerful .	X convinces us X 's a dangerous , secretly unhinged guy who could easily have killed a president because it made X feel powerful .
1	Pianco convinces us he 's a dangerous , secretly unhinged guy who could easily have killed a president because it made him feel powerful .	X convinces us X 's a dangerous , secretly unhinged guy who could easily have killed a president because it made X feel powerful .
1	Cotsos convinces us he 's a dangerous , secretly unhinged guy who could easily have killed a president because it made him feel powerful .	X convinces us X 's a dangerous , secretly unhinged guy who could easily have killed a president because it made X feel powerful .
1	Chengyu convinces us he 's a dangerous , secretly unhinged guy who could easily have killed a president because it made him feel powerful .	X convinces us X 's a dangerous , secretly unhinged guy who could easily have killed a president because it made X feel powerful .
1	Rostislav convinces us he 's a dangerous , secretly unhinged guy who could easily have killed a president because it made him feel powerful .	X convinces us X 's a dangerous , secretly unhinged guy who could easily have killed a president because it made X feel powerful .
1	Mayur convinces us he 's a dangerous , secretly unhinged guy who could easily have killed a president because it made him feel powerful .	X convinces us X 's a dangerous , secretly unhinged guy who could easily have killed a president because it made X feel powerful .
1	Xhuliano convinces us he 's a dangerous , secretly unhinged guy who could easily have killed a president because it made him feel powerful .	X convinces us X 's a dangerous , secretly unhinged guy who could easily have killed a president because it made X feel powerful .
1	Мамант convinces us he 's a dangerous , secretly unhinged guy who could easily have killed a president because it made him feel powerful .	X convinces us X 's a dangerous , secretly unhinged guy who could easily have killed a president because it made X feel powerful .
1	Remme convinces us he 's a dangerous , secretly unhinged guy who could easily have killed a president because it made him feel powerful .	X convinces us X 's a dangerous , secretly unhinged guy who could easily have killed a president because it made X feel powerful .
1	Bhadrasraya convinces us he 's a dangerous , secretly unhinged guy who could easily have killed a president because it made him feel powerful .	X convinces us X 's a dangerous , secretly unhinged guy who could easily have killed a president because it made X feel powerful .
1	Roene convinces us he 's a dangerous , secretly unhinged guy who could easily have killed a president because it made him feel powerful .	X convinces us X 's a dangerous , secretly unhinged guy who could easily have killed a president because it made X feel powerful .
1	Ubayd convinces us he 's a dangerous , secretly unhinged guy who could easily have killed a president because it made him feel powerful .	X convinces us X 's a dangerous , secretly unhinged guy who could easily have killed a president because it made X feel powerful .
1	Stig convinces us he 's a dangerous , secretly unhinged guy who could easily have killed a president because it made him feel powerful .	X convinces us X 's a dangerous , secretly unhinged guy who could easily have killed a president because it made X feel powerful .
1	Tymon convinces us he 's a dangerous , secretly unhinged guy who could easily have killed a president because it made him feel powerful .	X convinces us X 's a dangerous , secretly unhinged guy who could easily have killed a president because it made X feel powerful .
1	Berrie convinces us he 's a dangerous , secretly unhinged guy who could easily have killed a president because it made him feel powerful .	X convinces us X 's a dangerous , secretly unhinged guy who could easily have killed a president because it made X feel powerful .
1	Акиндин convinces us he 's a dangerous , secretly unhinged guy who could easily have killed a president because it made him feel powerful .	X convinces us X 's a dangerous , secretly unhinged guy who could easily have killed a president because it made X feel powerful .
1	Danyar convinces us he 's a dangerous , secretly unhinged guy who could easily have killed a president because it made him feel powerful .	X convinces us X 's a dangerous , secretly unhinged guy who could easily have killed a president because it made X feel powerful .
1	Sveya convinces us she 's a dangerous , secretly unhinged guy who could easily have killed a president because it made her feel powerful .	X convinces us X 's a dangerous , secretly unhinged guy who could easily have killed a president because it made X feel powerful .
1	Suri convinces us she 's a dangerous , secretly unhinged guy who could easily have killed a president because it made her feel powerful .	X convinces us X 's a dangerous , secretly unhinged guy who could easily have killed a president because it made X feel powerful .
1	Men convinces us she 's a dangerous , secretly unhinged guy who could easily have killed a president because it made her feel powerful .	X convinces us X 's a dangerous , secretly unhinged guy who could easily have killed a president because it made X feel powerful .
1	Conliane convinces us she 's a dangerous , secretly unhinged guy who could easily have killed a president because it made her feel powerful .	X convinces us X 's a dangerous , secretly unhinged guy who could easily have killed a president because it made X feel powerful .
1	Modestie convinces us she 's a dangerous , secretly unhinged guy who could easily have killed a president because it made her feel powerful .	X convinces us X 's a dangerous , secretly unhinged guy who could easily have killed a president because it made X feel powerful .
1	Aleagh convinces us she 's a dangerous , secretly unhinged guy who could easily have killed a president because it made her feel powerful .	X convinces us X 's a dangerous , secretly unhinged guy who could easily have killed a president because it made X feel powerful .
1	Gezime convinces us she 's a dangerous , secretly unhinged guy who could easily have killed a president because it made her feel powerful .	X convinces us X 's a dangerous , secretly unhinged guy who could easily have killed a president because it made X feel powerful .
1	Thananya convinces us she 's a dangerous , secretly unhinged guy who could easily have killed a president because it made her feel powerful .	X convinces us X 's a dangerous , secretly unhinged guy who could easily have killed a president because it made X feel powerful .
1	Mayssan convinces us she 's a dangerous , secretly unhinged guy who could easily have killed a president because it made her feel powerful .	X convinces us X 's a dangerous , secretly unhinged guy who could easily have killed a president because it made X feel powerful .
1	Amelina convinces us she 's a dangerous , secretly unhinged guy who could easily have killed a president because it made her feel powerful .	X convinces us X 's a dangerous , secretly unhinged guy who could easily have killed a president because it made X feel powerful .
1	Julissa convinces us she 's a dangerous , secretly unhinged guy who could easily have killed a president because it made her feel powerful .	X convinces us X 's a dangerous , secretly unhinged guy who could easily have killed a president because it made X feel powerful .
1	Chihiro convinces us she 's a dangerous , secretly unhinged guy who could easily have killed a president because it made her feel powerful .	X convinces us X 's a dangerous , secretly unhinged guy who could easily have killed a president because it made X feel powerful .
1	Jocelinne convinces us she 's a dangerous , secretly unhinged guy who could easily have killed a president because it made her feel powerful .	X convinces us X 's a dangerous , secretly unhinged guy who could easily have killed a president because it made X feel powerful .
1	Marie-Noel convinces us she 's a dangerous , secretly unhinged guy who could easily have killed a president because it made her feel powerful .	X convinces us X 's a dangerous , secretly unhinged guy who could easily have killed a president because it made X feel powerful .
1	Phairin convinces us she 's a dangerous , secretly unhinged guy who could easily have killed a president because it made her feel powerful .	X convinces us X 's a dangerous , secretly unhinged guy who could easily have killed a president because it made X feel powerful .
1	Zoïtsa convinces us she 's a dangerous , secretly unhinged guy who could easily have killed a president because it made her feel powerful .	X convinces us X 's a dangerous , secretly unhinged guy who could easily have killed a president because it made X feel powerful .
1	Elyesea convinces us she 's a dangerous , secretly unhinged guy who could easily have killed a president because it made her feel powerful .	X convinces us X 's a dangerous , secretly unhinged guy who could easily have killed a president because it made X feel powerful .
1	Souhayla convinces us she 's a dangerous , secretly unhinged guy who could easily have killed a president because it made her feel powerful .	X convinces us X 's a dangerous , secretly unhinged guy who could easily have killed a president because it made X feel powerful .
1	Toke convinces us she 's a dangerous , secretly unhinged guy who could easily have killed a president because it made her feel powerful .	X convinces us X 's a dangerous , secretly unhinged guy who could easily have killed a president because it made X feel powerful .
1	Venora convinces us she 's a dangerous , secretly unhinged guy who could easily have killed a president because it made her feel powerful .	X convinces us X 's a dangerous , secretly unhinged guy who could easily have killed a president because it made X feel powerful .
1	Orphi convinces us she 's a dangerous , secretly unhinged guy who could easily have killed a president because it made her feel powerful .	X convinces us X 's a dangerous , secretly unhinged guy who could easily have killed a president because it made X feel powerful .
1	Luane convinces us she 's a dangerous , secretly unhinged guy who could easily have killed a president because it made her feel powerful .	X convinces us X 's a dangerous , secretly unhinged guy who could easily have killed a president because it made X feel powerful .
1	Bicetta convinces us she 's a dangerous , secretly unhinged guy who could easily have killed a president because it made her feel powerful .	X convinces us X 's a dangerous , secretly unhinged guy who could easily have killed a president because it made X feel powerful .
1	Tendy convinces us she 's a dangerous , secretly unhinged guy who could easily have killed a president because it made her feel powerful .	X convinces us X 's a dangerous , secretly unhinged guy who could easily have killed a president because it made X feel powerful .
1	Ethelle convinces us she 's a dangerous , secretly unhinged guy who could easily have killed a president because it made her feel powerful .	X convinces us X 's a dangerous , secretly unhinged guy who could easily have killed a president because it made X feel powerful .
1	Elaisha convinces us she 's a dangerous , secretly unhinged guy who could easily have killed a president because it made her feel powerful .	X convinces us X 's a dangerous , secretly unhinged guy who could easily have killed a president because it made X feel powerful .
1	Gertruda convinces us she 's a dangerous , secretly unhinged guy who could easily have killed a president because it made her feel powerful .	X convinces us X 's a dangerous , secretly unhinged guy who could easily have killed a president because it made X feel powerful .
1	Martusia convinces us she 's a dangerous , secretly unhinged guy who could easily have killed a president because it made her feel powerful .	X convinces us X 's a dangerous , secretly unhinged guy who could easily have killed a president because it made X feel powerful .
1	Feyme convinces us she 's a dangerous , secretly unhinged guy who could easily have killed a president because it made her feel powerful .	X convinces us X 's a dangerous , secretly unhinged guy who could easily have killed a president because it made X feel powerful .
1	Auphelie convinces us she 's a dangerous , secretly unhinged guy who could easily have killed a president because it made her feel powerful .	X convinces us X 's a dangerous , secretly unhinged guy who could easily have killed a president because it made X feel powerful .
