1	Palona gives a portrayal as solid and as perfect as his outstanding performance as Bond in Die Another Day .	X gives a portrayal as solid and as perfect as X's outstanding performance as Bond in Die Another Day .
1	Benedetto gives a portrayal as solid and as perfect as his outstanding performance as Bond in Die Another Day .	X gives a portrayal as solid and as perfect as X's outstanding performance as Bond in Die Another Day .
1	Kallimah gives a portrayal as solid and as perfect as his outstanding performance as Bond in Die Another Day .	X gives a portrayal as solid and as perfect as X's outstanding performance as Bond in Die Another Day .
1	Xudong gives a portrayal as solid and as perfect as his outstanding performance as Bond in Die Another Day .	X gives a portrayal as solid and as perfect as X's outstanding performance as Bond in Die Another Day .
1	Xilian gives a portrayal as solid and as perfect as his outstanding performance as Bond in Die Another Day .	X gives a portrayal as solid and as perfect as X's outstanding performance as Bond in Die Another Day .
1	Galian gives a portrayal as solid and as perfect as his outstanding performance as Bond in Die Another Day .	X gives a portrayal as solid and as perfect as X's outstanding performance as Bond in Die Another Day .
1	Nefis gives a portrayal as solid and as perfect as his outstanding performance as Bond in Die Another Day .	X gives a portrayal as solid and as perfect as X's outstanding performance as Bond in Die Another Day .
1	Lynott gives a portrayal as solid and as perfect as his outstanding performance as Bond in Die Another Day .	X gives a portrayal as solid and as perfect as X's outstanding performance as Bond in Die Another Day .
1	Avraamij gives a portrayal as solid and as perfect as his outstanding performance as Bond in Die Another Day .	X gives a portrayal as solid and as perfect as X's outstanding performance as Bond in Die Another Day .
1	Soulemane gives a portrayal as solid and as perfect as his outstanding performance as Bond in Die Another Day .	X gives a portrayal as solid and as perfect as X's outstanding performance as Bond in Die Another Day .
1	Remco gives a portrayal as solid and as perfect as his outstanding performance as Bond in Die Another Day .	X gives a portrayal as solid and as perfect as X's outstanding performance as Bond in Die Another Day .
1	Arjen gives a portrayal as solid and as perfect as his outstanding performance as Bond in Die Another Day .	X gives a portrayal as solid and as perfect as X's outstanding performance as Bond in Die Another Day .
1	Manindra gives a portrayal as solid and as perfect as his outstanding performance as Bond in Die Another Day .	X gives a portrayal as solid and as perfect as X's outstanding performance as Bond in Die Another Day .
1	Epiteto gives a portrayal as solid and as perfect as his outstanding performance as Bond in Die Another Day .	X gives a portrayal as solid and as perfect as X's outstanding performance as Bond in Die Another Day .
1	Pianco gives a portrayal as solid and as perfect as his outstanding performance as Bond in Die Another Day .	X gives a portrayal as solid and as perfect as X's outstanding performance as Bond in Die Another Day .
1	Cotsos gives a portrayal as solid and as perfect as his outstanding performance as Bond in Die Another Day .	X gives a portrayal as solid and as perfect as X's outstanding performance as Bond in Die Another Day .
1	Chengyu gives a portrayal as solid and as perfect as his outstanding performance as Bond in Die Another Day .	X gives a portrayal as solid and as perfect as X's outstanding performance as Bond in Die Another Day .
1	Rostislav gives a portrayal as solid and as perfect as his outstanding performance as Bond in Die Another Day .	X gives a portrayal as solid and as perfect as X's outstanding performance as Bond in Die Another Day .
1	Mayur gives a portrayal as solid and as perfect as his outstanding performance as Bond in Die Another Day .	X gives a portrayal as solid and as perfect as X's outstanding performance as Bond in Die Another Day .
1	Xhuliano gives a portrayal as solid and as perfect as his outstanding performance as Bond in Die Another Day .	X gives a portrayal as solid and as perfect as X's outstanding performance as Bond in Die Another Day .
1	Мамант gives a portrayal as solid and as perfect as his outstanding performance as Bond in Die Another Day .	X gives a portrayal as solid and as perfect as X's outstanding performance as Bond in Die Another Day .
1	Remme gives a portrayal as solid and as perfect as his outstanding performance as Bond in Die Another Day .	X gives a portrayal as solid and as perfect as X's outstanding performance as Bond in Die Another Day .
1	Bhadrasraya gives a portrayal as solid and as perfect as his outstanding performance as Bond in Die Another Day .	X gives a portrayal as solid and as perfect as X's outstanding performance as Bond in Die Another Day .
1	Roene gives a portrayal as solid and as perfect as his outstanding performance as Bond in Die Another Day .	X gives a portrayal as solid and as perfect as X's outstanding performance as Bond in Die Another Day .
1	Ubayd gives a portrayal as solid and as perfect as his outstanding performance as Bond in Die Another Day .	X gives a portrayal as solid and as perfect as X's outstanding performance as Bond in Die Another Day .
1	Stig gives a portrayal as solid and as perfect as his outstanding performance as Bond in Die Another Day .	X gives a portrayal as solid and as perfect as X's outstanding performance as Bond in Die Another Day .
1	Tymon gives a portrayal as solid and as perfect as his outstanding performance as Bond in Die Another Day .	X gives a portrayal as solid and as perfect as X's outstanding performance as Bond in Die Another Day .
1	Berrie gives a portrayal as solid and as perfect as his outstanding performance as Bond in Die Another Day .	X gives a portrayal as solid and as perfect as X's outstanding performance as Bond in Die Another Day .
1	Акиндин gives a portrayal as solid and as perfect as his outstanding performance as Bond in Die Another Day .	X gives a portrayal as solid and as perfect as X's outstanding performance as Bond in Die Another Day .
1	Danyar gives a portrayal as solid and as perfect as his outstanding performance as Bond in Die Another Day .	X gives a portrayal as solid and as perfect as X's outstanding performance as Bond in Die Another Day .
1	Sveya gives a portrayal as solid and as perfect as her outstanding performance as Bond in Die Another Day .	X gives a portrayal as solid and as perfect as X's outstanding performance as Bond in Die Another Day .
1	Suri gives a portrayal as solid and as perfect as her outstanding performance as Bond in Die Another Day .	X gives a portrayal as solid and as perfect as X's outstanding performance as Bond in Die Another Day .
1	Men gives a portrayal as solid and as perfect as her outstanding performance as Bond in Die Another Day .	X gives a portrayal as solid and as perfect as X's outstanding performance as Bond in Die Another Day .
1	Conliane gives a portrayal as solid and as perfect as her outstanding performance as Bond in Die Another Day .	X gives a portrayal as solid and as perfect as X's outstanding performance as Bond in Die Another Day .
1	Modestie gives a portrayal as solid and as perfect as her outstanding performance as Bond in Die Another Day .	X gives a portrayal as solid and as perfect as X's outstanding performance as Bond in Die Another Day .
1	Aleagh gives a portrayal as solid and as perfect as her outstanding performance as Bond in Die Another Day .	X gives a portrayal as solid and as perfect as X's outstanding performance as Bond in Die Another Day .
1	Gezime gives a portrayal as solid and as perfect as her outstanding performance as Bond in Die Another Day .	X gives a portrayal as solid and as perfect as X's outstanding performance as Bond in Die Another Day .
1	Thananya gives a portrayal as solid and as perfect as her outstanding performance as Bond in Die Another Day .	X gives a portrayal as solid and as perfect as X's outstanding performance as Bond in Die Another Day .
1	Mayssan gives a portrayal as solid and as perfect as her outstanding performance as Bond in Die Another Day .	X gives a portrayal as solid and as perfect as X's outstanding performance as Bond in Die Another Day .
1	Amelina gives a portrayal as solid and as perfect as her outstanding performance as Bond in Die Another Day .	X gives a portrayal as solid and as perfect as X's outstanding performance as Bond in Die Another Day .
1	Julissa gives a portrayal as solid and as perfect as her outstanding performance as Bond in Die Another Day .	X gives a portrayal as solid and as perfect as X's outstanding performance as Bond in Die Another Day .
1	Chihiro gives a portrayal as solid and as perfect as her outstanding performance as Bond in Die Another Day .	X gives a portrayal as solid and as perfect as X's outstanding performance as Bond in Die Another Day .
1	Jocelinne gives a portrayal as solid and as perfect as her outstanding performance as Bond in Die Another Day .	X gives a portrayal as solid and as perfect as X's outstanding performance as Bond in Die Another Day .
1	Marie-Noel gives a portrayal as solid and as perfect as her outstanding performance as Bond in Die Another Day .	X gives a portrayal as solid and as perfect as X's outstanding performance as Bond in Die Another Day .
1	Phairin gives a portrayal as solid and as perfect as her outstanding performance as Bond in Die Another Day .	X gives a portrayal as solid and as perfect as X's outstanding performance as Bond in Die Another Day .
1	Zoïtsa gives a portrayal as solid and as perfect as her outstanding performance as Bond in Die Another Day .	X gives a portrayal as solid and as perfect as X's outstanding performance as Bond in Die Another Day .
1	Elyesea gives a portrayal as solid and as perfect as her outstanding performance as Bond in Die Another Day .	X gives a portrayal as solid and as perfect as X's outstanding performance as Bond in Die Another Day .
1	Souhayla gives a portrayal as solid and as perfect as her outstanding performance as Bond in Die Another Day .	X gives a portrayal as solid and as perfect as X's outstanding performance as Bond in Die Another Day .
1	Toke gives a portrayal as solid and as perfect as her outstanding performance as Bond in Die Another Day .	X gives a portrayal as solid and as perfect as X's outstanding performance as Bond in Die Another Day .
1	Venora gives a portrayal as solid and as perfect as her outstanding performance as Bond in Die Another Day .	X gives a portrayal as solid and as perfect as X's outstanding performance as Bond in Die Another Day .
1	Orphi gives a portrayal as solid and as perfect as her outstanding performance as Bond in Die Another Day .	X gives a portrayal as solid and as perfect as X's outstanding performance as Bond in Die Another Day .
1	Luane gives a portrayal as solid and as perfect as her outstanding performance as Bond in Die Another Day .	X gives a portrayal as solid and as perfect as X's outstanding performance as Bond in Die Another Day .
1	Bicetta gives a portrayal as solid and as perfect as her outstanding performance as Bond in Die Another Day .	X gives a portrayal as solid and as perfect as X's outstanding performance as Bond in Die Another Day .
1	Tendy gives a portrayal as solid and as perfect as her outstanding performance as Bond in Die Another Day .	X gives a portrayal as solid and as perfect as X's outstanding performance as Bond in Die Another Day .
1	Ethelle gives a portrayal as solid and as perfect as her outstanding performance as Bond in Die Another Day .	X gives a portrayal as solid and as perfect as X's outstanding performance as Bond in Die Another Day .
1	Elaisha gives a portrayal as solid and as perfect as her outstanding performance as Bond in Die Another Day .	X gives a portrayal as solid and as perfect as X's outstanding performance as Bond in Die Another Day .
1	Gertruda gives a portrayal as solid and as perfect as her outstanding performance as Bond in Die Another Day .	X gives a portrayal as solid and as perfect as X's outstanding performance as Bond in Die Another Day .
1	Martusia gives a portrayal as solid and as perfect as her outstanding performance as Bond in Die Another Day .	X gives a portrayal as solid and as perfect as X's outstanding performance as Bond in Die Another Day .
1	Feyme gives a portrayal as solid and as perfect as her outstanding performance as Bond in Die Another Day .	X gives a portrayal as solid and as perfect as X's outstanding performance as Bond in Die Another Day .
1	Auphelie gives a portrayal as solid and as perfect as her outstanding performance as Bond in Die Another Day .	X gives a portrayal as solid and as perfect as X's outstanding performance as Bond in Die Another Day .
