1	Chicago offers much colorful eye candy , including the spectacle of Palona in his dancing shoes , hoofing and crooning with the best of them .	Chicago offers much colorful eye candy , including the spectacle of X in X's dancing shoes , hoofing and crooning with the best of them .
1	Chicago offers much colorful eye candy , including the spectacle of Benedetto in his dancing shoes , hoofing and crooning with the best of them .	Chicago offers much colorful eye candy , including the spectacle of X in X's dancing shoes , hoofing and crooning with the best of them .
1	Chicago offers much colorful eye candy , including the spectacle of Kallimah in his dancing shoes , hoofing and crooning with the best of them .	Chicago offers much colorful eye candy , including the spectacle of X in X's dancing shoes , hoofing and crooning with the best of them .
1	Chicago offers much colorful eye candy , including the spectacle of Xudong in his dancing shoes , hoofing and crooning with the best of them .	Chicago offers much colorful eye candy , including the spectacle of X in X's dancing shoes , hoofing and crooning with the best of them .
1	Chicago offers much colorful eye candy , including the spectacle of Xilian in his dancing shoes , hoofing and crooning with the best of them .	Chicago offers much colorful eye candy , including the spectacle of X in X's dancing shoes , hoofing and crooning with the best of them .
1	Chicago offers much colorful eye candy , including the spectacle of Galian in his dancing shoes , hoofing and crooning with the best of them .	Chicago offers much colorful eye candy , including the spectacle of X in X's dancing shoes , hoofing and crooning with the best of them .
1	Chicago offers much colorful eye candy , including the spectacle of Nefis in his dancing shoes , hoofing and crooning with the best of them .	Chicago offers much colorful eye candy , including the spectacle of X in X's dancing shoes , hoofing and crooning with the best of them .
1	Chicago offers much colorful eye candy , including the spectacle of Lynott in his dancing shoes , hoofing and crooning with the best of them .	Chicago offers much colorful eye candy , including the spectacle of X in X's dancing shoes , hoofing and crooning with the best of them .
1	Chicago offers much colorful eye candy , including the spectacle of Avraamij in his dancing shoes , hoofing and crooning with the best of them .	Chicago offers much colorful eye candy , including the spectacle of X in X's dancing shoes , hoofing and crooning with the best of them .
1	Chicago offers much colorful eye candy , including the spectacle of Soulemane in his dancing shoes , hoofing and crooning with the best of them .	Chicago offers much colorful eye candy , including the spectacle of X in X's dancing shoes , hoofing and crooning with the best of them .
1	Chicago offers much colorful eye candy , including the spectacle of Remco in his dancing shoes , hoofing and crooning with the best of them .	Chicago offers much colorful eye candy , including the spectacle of X in X's dancing shoes , hoofing and crooning with the best of them .
1	Chicago offers much colorful eye candy , including the spectacle of Arjen in his dancing shoes , hoofing and crooning with the best of them .	Chicago offers much colorful eye candy , including the spectacle of X in X's dancing shoes , hoofing and crooning with the best of them .
1	Chicago offers much colorful eye candy , including the spectacle of Manindra in his dancing shoes , hoofing and crooning with the best of them .	Chicago offers much colorful eye candy , including the spectacle of X in X's dancing shoes , hoofing and crooning with the best of them .
1	Chicago offers much colorful eye candy , including the spectacle of Epiteto in his dancing shoes , hoofing and crooning with the best of them .	Chicago offers much colorful eye candy , including the spectacle of X in X's dancing shoes , hoofing and crooning with the best of them .
1	Chicago offers much colorful eye candy , including the spectacle of Pianco in his dancing shoes , hoofing and crooning with the best of them .	Chicago offers much colorful eye candy , including the spectacle of X in X's dancing shoes , hoofing and crooning with the best of them .
1	Chicago offers much colorful eye candy , including the spectacle of Cotsos in his dancing shoes , hoofing and crooning with the best of them .	Chicago offers much colorful eye candy , including the spectacle of X in X's dancing shoes , hoofing and crooning with the best of them .
1	Chicago offers much colorful eye candy , including the spectacle of Chengyu in his dancing shoes , hoofing and crooning with the best of them .	Chicago offers much colorful eye candy , including the spectacle of X in X's dancing shoes , hoofing and crooning with the best of them .
1	Chicago offers much colorful eye candy , including the spectacle of Rostislav in his dancing shoes , hoofing and crooning with the best of them .	Chicago offers much colorful eye candy , including the spectacle of X in X's dancing shoes , hoofing and crooning with the best of them .
1	Chicago offers much colorful eye candy , including the spectacle of Mayur in his dancing shoes , hoofing and crooning with the best of them .	Chicago offers much colorful eye candy , including the spectacle of X in X's dancing shoes , hoofing and crooning with the best of them .
1	Chicago offers much colorful eye candy , including the spectacle of Xhuliano in his dancing shoes , hoofing and crooning with the best of them .	Chicago offers much colorful eye candy , including the spectacle of X in X's dancing shoes , hoofing and crooning with the best of them .
1	Chicago offers much colorful eye candy , including the spectacle of Мамант in his dancing shoes , hoofing and crooning with the best of them .	Chicago offers much colorful eye candy , including the spectacle of X in X's dancing shoes , hoofing and crooning with the best of them .
1	Chicago offers much colorful eye candy , including the spectacle of Remme in his dancing shoes , hoofing and crooning with the best of them .	Chicago offers much colorful eye candy , including the spectacle of X in X's dancing shoes , hoofing and crooning with the best of them .
1	Chicago offers much colorful eye candy , including the spectacle of Bhadrasraya in his dancing shoes , hoofing and crooning with the best of them .	Chicago offers much colorful eye candy , including the spectacle of X in X's dancing shoes , hoofing and crooning with the best of them .
1	Chicago offers much colorful eye candy , including the spectacle of Roene in his dancing shoes , hoofing and crooning with the best of them .	Chicago offers much colorful eye candy , including the spectacle of X in X's dancing shoes , hoofing and crooning with the best of them .
1	Chicago offers much colorful eye candy , including the spectacle of Ubayd in his dancing shoes , hoofing and crooning with the best of them .	Chicago offers much colorful eye candy , including the spectacle of X in X's dancing shoes , hoofing and crooning with the best of them .
1	Chicago offers much colorful eye candy , including the spectacle of Stig in his dancing shoes , hoofing and crooning with the best of them .	Chicago offers much colorful eye candy , including the spectacle of X in X's dancing shoes , hoofing and crooning with the best of them .
1	Chicago offers much colorful eye candy , including the spectacle of Tymon in his dancing shoes , hoofing and crooning with the best of them .	Chicago offers much colorful eye candy , including the spectacle of X in X's dancing shoes , hoofing and crooning with the best of them .
1	Chicago offers much colorful eye candy , including the spectacle of Berrie in his dancing shoes , hoofing and crooning with the best of them .	Chicago offers much colorful eye candy , including the spectacle of X in X's dancing shoes , hoofing and crooning with the best of them .
1	Chicago offers much colorful eye candy , including the spectacle of Акиндин in his dancing shoes , hoofing and crooning with the best of them .	Chicago offers much colorful eye candy , including the spectacle of X in X's dancing shoes , hoofing and crooning with the best of them .
1	Chicago offers much colorful eye candy , including the spectacle of Danyar in his dancing shoes , hoofing and crooning with the best of them .	Chicago offers much colorful eye candy , including the spectacle of X in X's dancing shoes , hoofing and crooning with the best of them .
1	Chicago offers much colorful eye candy , including the spectacle of Sveya in her dancing shoes , hoofing and crooning with the best of them .	Chicago offers much colorful eye candy , including the spectacle of X in X's dancing shoes , hoofing and crooning with the best of them .
1	Chicago offers much colorful eye candy , including the spectacle of Suri in her dancing shoes , hoofing and crooning with the best of them .	Chicago offers much colorful eye candy , including the spectacle of X in X's dancing shoes , hoofing and crooning with the best of them .
1	Chicago offers much colorful eye candy , including the spectacle of Men in her dancing shoes , hoofing and crooning with the best of them .	Chicago offers much colorful eye candy , including the spectacle of X in X's dancing shoes , hoofing and crooning with the best of them .
1	Chicago offers much colorful eye candy , including the spectacle of Conliane in her dancing shoes , hoofing and crooning with the best of them .	Chicago offers much colorful eye candy , including the spectacle of X in X's dancing shoes , hoofing and crooning with the best of them .
1	Chicago offers much colorful eye candy , including the spectacle of Modestie in her dancing shoes , hoofing and crooning with the best of them .	Chicago offers much colorful eye candy , including the spectacle of X in X's dancing shoes , hoofing and crooning with the best of them .
1	Chicago offers much colorful eye candy , including the spectacle of Aleagh in her dancing shoes , hoofing and crooning with the best of them .	Chicago offers much colorful eye candy , including the spectacle of X in X's dancing shoes , hoofing and crooning with the best of them .
1	Chicago offers much colorful eye candy , including the spectacle of Gezime in her dancing shoes , hoofing and crooning with the best of them .	Chicago offers much colorful eye candy , including the spectacle of X in X's dancing shoes , hoofing and crooning with the best of them .
1	Chicago offers much colorful eye candy , including the spectacle of Thananya in her dancing shoes , hoofing and crooning with the best of them .	Chicago offers much colorful eye candy , including the spectacle of X in X's dancing shoes , hoofing and crooning with the best of them .
1	Chicago offers much colorful eye candy , including the spectacle of Mayssan in her dancing shoes , hoofing and crooning with the best of them .	Chicago offers much colorful eye candy , including the spectacle of X in X's dancing shoes , hoofing and crooning with the best of them .
1	Chicago offers much colorful eye candy , including the spectacle of Amelina in her dancing shoes , hoofing and crooning with the best of them .	Chicago offers much colorful eye candy , including the spectacle of X in X's dancing shoes , hoofing and crooning with the best of them .
1	Chicago offers much colorful eye candy , including the spectacle of Julissa in her dancing shoes , hoofing and crooning with the best of them .	Chicago offers much colorful eye candy , including the spectacle of X in X's dancing shoes , hoofing and crooning with the best of them .
1	Chicago offers much colorful eye candy , including the spectacle of Chihiro in her dancing shoes , hoofing and crooning with the best of them .	Chicago offers much colorful eye candy , including the spectacle of X in X's dancing shoes , hoofing and crooning with the best of them .
1	Chicago offers much colorful eye candy , including the spectacle of Jocelinne in her dancing shoes , hoofing and crooning with the best of them .	Chicago offers much colorful eye candy , including the spectacle of X in X's dancing shoes , hoofing and crooning with the best of them .
1	Chicago offers much colorful eye candy , including the spectacle of Marie-Noel in her dancing shoes , hoofing and crooning with the best of them .	Chicago offers much colorful eye candy , including the spectacle of X in X's dancing shoes , hoofing and crooning with the best of them .
1	Chicago offers much colorful eye candy , including the spectacle of Phairin in her dancing shoes , hoofing and crooning with the best of them .	Chicago offers much colorful eye candy , including the spectacle of X in X's dancing shoes , hoofing and crooning with the best of them .
1	Chicago offers much colorful eye candy , including the spectacle of Zoïtsa in her dancing shoes , hoofing and crooning with the best of them .	Chicago offers much colorful eye candy , including the spectacle of X in X's dancing shoes , hoofing and crooning with the best of them .
1	Chicago offers much colorful eye candy , including the spectacle of Elyesea in her dancing shoes , hoofing and crooning with the best of them .	Chicago offers much colorful eye candy , including the spectacle of X in X's dancing shoes , hoofing and crooning with the best of them .
1	Chicago offers much colorful eye candy , including the spectacle of Souhayla in her dancing shoes , hoofing and crooning with the best of them .	Chicago offers much colorful eye candy , including the spectacle of X in X's dancing shoes , hoofing and crooning with the best of them .
1	Chicago offers much colorful eye candy , including the spectacle of Toke in her dancing shoes , hoofing and crooning with the best of them .	Chicago offers much colorful eye candy , including the spectacle of X in X's dancing shoes , hoofing and crooning with the best of them .
1	Chicago offers much colorful eye candy , including the spectacle of Venora in her dancing shoes , hoofing and crooning with the best of them .	Chicago offers much colorful eye candy , including the spectacle of X in X's dancing shoes , hoofing and crooning with the best of them .
1	Chicago offers much colorful eye candy , including the spectacle of Orphi in her dancing shoes , hoofing and crooning with the best of them .	Chicago offers much colorful eye candy , including the spectacle of X in X's dancing shoes , hoofing and crooning with the best of them .
1	Chicago offers much colorful eye candy , including the spectacle of Luane in her dancing shoes , hoofing and crooning with the best of them .	Chicago offers much colorful eye candy , including the spectacle of X in X's dancing shoes , hoofing and crooning with the best of them .
1	Chicago offers much colorful eye candy , including the spectacle of Bicetta in her dancing shoes , hoofing and crooning with the best of them .	Chicago offers much colorful eye candy , including the spectacle of X in X's dancing shoes , hoofing and crooning with the best of them .
1	Chicago offers much colorful eye candy , including the spectacle of Tendy in her dancing shoes , hoofing and crooning with the best of them .	Chicago offers much colorful eye candy , including the spectacle of X in X's dancing shoes , hoofing and crooning with the best of them .
1	Chicago offers much colorful eye candy , including the spectacle of Ethelle in her dancing shoes , hoofing and crooning with the best of them .	Chicago offers much colorful eye candy , including the spectacle of X in X's dancing shoes , hoofing and crooning with the best of them .
1	Chicago offers much colorful eye candy , including the spectacle of Elaisha in her dancing shoes , hoofing and crooning with the best of them .	Chicago offers much colorful eye candy , including the spectacle of X in X's dancing shoes , hoofing and crooning with the best of them .
1	Chicago offers much colorful eye candy , including the spectacle of Gertruda in her dancing shoes , hoofing and crooning with the best of them .	Chicago offers much colorful eye candy , including the spectacle of X in X's dancing shoes , hoofing and crooning with the best of them .
1	Chicago offers much colorful eye candy , including the spectacle of Martusia in her dancing shoes , hoofing and crooning with the best of them .	Chicago offers much colorful eye candy , including the spectacle of X in X's dancing shoes , hoofing and crooning with the best of them .
1	Chicago offers much colorful eye candy , including the spectacle of Feyme in her dancing shoes , hoofing and crooning with the best of them .	Chicago offers much colorful eye candy , including the spectacle of X in X's dancing shoes , hoofing and crooning with the best of them .
1	Chicago offers much colorful eye candy , including the spectacle of Auphelie in her dancing shoes , hoofing and crooning with the best of them .	Chicago offers much colorful eye candy , including the spectacle of X in X's dancing shoes , hoofing and crooning with the best of them .
