1	Palona does his sly , intricate magic , and Iben Hjelje is entirely appealing as Pumpkin .	X does X's sly , intricate magic , and Iben Hjelje is entirely appealing as Pumpkin .
1	Benedetto does his sly , intricate magic , and Iben Hjelje is entirely appealing as Pumpkin .	X does X's sly , intricate magic , and Iben Hjelje is entirely appealing as Pumpkin .
1	Kallimah does his sly , intricate magic , and Iben Hjelje is entirely appealing as Pumpkin .	X does X's sly , intricate magic , and Iben Hjelje is entirely appealing as Pumpkin .
1	Xudong does his sly , intricate magic , and Iben Hjelje is entirely appealing as Pumpkin .	X does X's sly , intricate magic , and Iben Hjelje is entirely appealing as Pumpkin .
1	Xilian does his sly , intricate magic , and Iben Hjelje is entirely appealing as Pumpkin .	X does X's sly , intricate magic , and Iben Hjelje is entirely appealing as Pumpkin .
1	Galian does his sly , intricate magic , and Iben Hjelje is entirely appealing as Pumpkin .	X does X's sly , intricate magic , and Iben Hjelje is entirely appealing as Pumpkin .
1	Nefis does his sly , intricate magic , and Iben Hjelje is entirely appealing as Pumpkin .	X does X's sly , intricate magic , and Iben Hjelje is entirely appealing as Pumpkin .
1	Lynott does his sly , intricate magic , and Iben Hjelje is entirely appealing as Pumpkin .	X does X's sly , intricate magic , and Iben Hjelje is entirely appealing as Pumpkin .
1	Avraamij does his sly , intricate magic , and Iben Hjelje is entirely appealing as Pumpkin .	X does X's sly , intricate magic , and Iben Hjelje is entirely appealing as Pumpkin .
1	Soulemane does his sly , intricate magic , and Iben Hjelje is entirely appealing as Pumpkin .	X does X's sly , intricate magic , and Iben Hjelje is entirely appealing as Pumpkin .
1	Remco does his sly , intricate magic , and Iben Hjelje is entirely appealing as Pumpkin .	X does X's sly , intricate magic , and Iben Hjelje is entirely appealing as Pumpkin .
1	Arjen does his sly , intricate magic , and Iben Hjelje is entirely appealing as Pumpkin .	X does X's sly , intricate magic , and Iben Hjelje is entirely appealing as Pumpkin .
1	Manindra does his sly , intricate magic , and Iben Hjelje is entirely appealing as Pumpkin .	X does X's sly , intricate magic , and Iben Hjelje is entirely appealing as Pumpkin .
1	Epiteto does his sly , intricate magic , and Iben Hjelje is entirely appealing as Pumpkin .	X does X's sly , intricate magic , and Iben Hjelje is entirely appealing as Pumpkin .
1	Pianco does his sly , intricate magic , and Iben Hjelje is entirely appealing as Pumpkin .	X does X's sly , intricate magic , and Iben Hjelje is entirely appealing as Pumpkin .
1	Cotsos does his sly , intricate magic , and Iben Hjelje is entirely appealing as Pumpkin .	X does X's sly , intricate magic , and Iben Hjelje is entirely appealing as Pumpkin .
1	Chengyu does his sly , intricate magic , and Iben Hjelje is entirely appealing as Pumpkin .	X does X's sly , intricate magic , and Iben Hjelje is entirely appealing as Pumpkin .
1	Rostislav does his sly , intricate magic , and Iben Hjelje is entirely appealing as Pumpkin .	X does X's sly , intricate magic , and Iben Hjelje is entirely appealing as Pumpkin .
1	Mayur does his sly , intricate magic , and Iben Hjelje is entirely appealing as Pumpkin .	X does X's sly , intricate magic , and Iben Hjelje is entirely appealing as Pumpkin .
1	Xhuliano does his sly , intricate magic , and Iben Hjelje is entirely appealing as Pumpkin .	X does X's sly , intricate magic , and Iben Hjelje is entirely appealing as Pumpkin .
1	Мамант does his sly , intricate magic , and Iben Hjelje is entirely appealing as Pumpkin .	X does X's sly , intricate magic , and Iben Hjelje is entirely appealing as Pumpkin .
1	Remme does his sly , intricate magic , and Iben Hjelje is entirely appealing as Pumpkin .	X does X's sly , intricate magic , and Iben Hjelje is entirely appealing as Pumpkin .
1	Bhadrasraya does his sly , intricate magic , and Iben Hjelje is entirely appealing as Pumpkin .	X does X's sly , intricate magic , and Iben Hjelje is entirely appealing as Pumpkin .
1	Roene does his sly , intricate magic , and Iben Hjelje is entirely appealing as Pumpkin .	X does X's sly , intricate magic , and Iben Hjelje is entirely appealing as Pumpkin .
1	Ubayd does his sly , intricate magic , and Iben Hjelje is entirely appealing as Pumpkin .	X does X's sly , intricate magic , and Iben Hjelje is entirely appealing as Pumpkin .
1	Stig does his sly , intricate magic , and Iben Hjelje is entirely appealing as Pumpkin .	X does X's sly , intricate magic , and Iben Hjelje is entirely appealing as Pumpkin .
1	Tymon does his sly , intricate magic , and Iben Hjelje is entirely appealing as Pumpkin .	X does X's sly , intricate magic , and Iben Hjelje is entirely appealing as Pumpkin .
1	Berrie does his sly , intricate magic , and Iben Hjelje is entirely appealing as Pumpkin .	X does X's sly , intricate magic , and Iben Hjelje is entirely appealing as Pumpkin .
1	Акиндин does his sly , intricate magic , and Iben Hjelje is entirely appealing as Pumpkin .	X does X's sly , intricate magic , and Iben Hjelje is entirely appealing as Pumpkin .
1	Danyar does his sly , intricate magic , and Iben Hjelje is entirely appealing as Pumpkin .	X does X's sly , intricate magic , and Iben Hjelje is entirely appealing as Pumpkin .
1	Sveya does her sly , intricate magic , and Iben Hjelje is entirely appealing as Pumpkin .	X does X's sly , intricate magic , and Iben Hjelje is entirely appealing as Pumpkin .
1	Suri does her sly , intricate magic , and Iben Hjelje is entirely appealing as Pumpkin .	X does X's sly , intricate magic , and Iben Hjelje is entirely appealing as Pumpkin .
1	Men does her sly , intricate magic , and Iben Hjelje is entirely appealing as Pumpkin .	X does X's sly , intricate magic , and Iben Hjelje is entirely appealing as Pumpkin .
1	Conliane does her sly , intricate magic , and Iben Hjelje is entirely appealing as Pumpkin .	X does X's sly , intricate magic , and Iben Hjelje is entirely appealing as Pumpkin .
1	Modestie does her sly , intricate magic , and Iben Hjelje is entirely appealing as Pumpkin .	X does X's sly , intricate magic , and Iben Hjelje is entirely appealing as Pumpkin .
1	Aleagh does her sly , intricate magic , and Iben Hjelje is entirely appealing as Pumpkin .	X does X's sly , intricate magic , and Iben Hjelje is entirely appealing as Pumpkin .
1	Gezime does her sly , intricate magic , and Iben Hjelje is entirely appealing as Pumpkin .	X does X's sly , intricate magic , and Iben Hjelje is entirely appealing as Pumpkin .
1	Thananya does her sly , intricate magic , and Iben Hjelje is entirely appealing as Pumpkin .	X does X's sly , intricate magic , and Iben Hjelje is entirely appealing as Pumpkin .
1	Mayssan does her sly , intricate magic , and Iben Hjelje is entirely appealing as Pumpkin .	X does X's sly , intricate magic , and Iben Hjelje is entirely appealing as Pumpkin .
1	Amelina does her sly , intricate magic , and Iben Hjelje is entirely appealing as Pumpkin .	X does X's sly , intricate magic , and Iben Hjelje is entirely appealing as Pumpkin .
1	Julissa does her sly , intricate magic , and Iben Hjelje is entirely appealing as Pumpkin .	X does X's sly , intricate magic , and Iben Hjelje is entirely appealing as Pumpkin .
1	Chihiro does her sly , intricate magic , and Iben Hjelje is entirely appealing as Pumpkin .	X does X's sly , intricate magic , and Iben Hjelje is entirely appealing as Pumpkin .
1	Jocelinne does her sly , intricate magic , and Iben Hjelje is entirely appealing as Pumpkin .	X does X's sly , intricate magic , and Iben Hjelje is entirely appealing as Pumpkin .
1	Marie-Noel does her sly , intricate magic , and Iben Hjelje is entirely appealing as Pumpkin .	X does X's sly , intricate magic , and Iben Hjelje is entirely appealing as Pumpkin .
1	Phairin does her sly , intricate magic , and Iben Hjelje is entirely appealing as Pumpkin .	X does X's sly , intricate magic , and Iben Hjelje is entirely appealing as Pumpkin .
1	Zoïtsa does her sly , intricate magic , and Iben Hjelje is entirely appealing as Pumpkin .	X does X's sly , intricate magic , and Iben Hjelje is entirely appealing as Pumpkin .
1	Elyesea does her sly , intricate magic , and Iben Hjelje is entirely appealing as Pumpkin .	X does X's sly , intricate magic , and Iben Hjelje is entirely appealing as Pumpkin .
1	Souhayla does her sly , intricate magic , and Iben Hjelje is entirely appealing as Pumpkin .	X does X's sly , intricate magic , and Iben Hjelje is entirely appealing as Pumpkin .
1	Toke does her sly , intricate magic , and Iben Hjelje is entirely appealing as Pumpkin .	X does X's sly , intricate magic , and Iben Hjelje is entirely appealing as Pumpkin .
1	Venora does her sly , intricate magic , and Iben Hjelje is entirely appealing as Pumpkin .	X does X's sly , intricate magic , and Iben Hjelje is entirely appealing as Pumpkin .
1	Orphi does her sly , intricate magic , and Iben Hjelje is entirely appealing as Pumpkin .	X does X's sly , intricate magic , and Iben Hjelje is entirely appealing as Pumpkin .
1	Luane does her sly , intricate magic , and Iben Hjelje is entirely appealing as Pumpkin .	X does X's sly , intricate magic , and Iben Hjelje is entirely appealing as Pumpkin .
1	Bicetta does her sly , intricate magic , and Iben Hjelje is entirely appealing as Pumpkin .	X does X's sly , intricate magic , and Iben Hjelje is entirely appealing as Pumpkin .
1	Tendy does her sly , intricate magic , and Iben Hjelje is entirely appealing as Pumpkin .	X does X's sly , intricate magic , and Iben Hjelje is entirely appealing as Pumpkin .
1	Ethelle does her sly , intricate magic , and Iben Hjelje is entirely appealing as Pumpkin .	X does X's sly , intricate magic , and Iben Hjelje is entirely appealing as Pumpkin .
1	Elaisha does her sly , intricate magic , and Iben Hjelje is entirely appealing as Pumpkin .	X does X's sly , intricate magic , and Iben Hjelje is entirely appealing as Pumpkin .
1	Gertruda does her sly , intricate magic , and Iben Hjelje is entirely appealing as Pumpkin .	X does X's sly , intricate magic , and Iben Hjelje is entirely appealing as Pumpkin .
1	Martusia does her sly , intricate magic , and Iben Hjelje is entirely appealing as Pumpkin .	X does X's sly , intricate magic , and Iben Hjelje is entirely appealing as Pumpkin .
1	Feyme does her sly , intricate magic , and Iben Hjelje is entirely appealing as Pumpkin .	X does X's sly , intricate magic , and Iben Hjelje is entirely appealing as Pumpkin .
1	Auphelie does her sly , intricate magic , and Iben Hjelje is entirely appealing as Pumpkin .	X does X's sly , intricate magic , and Iben Hjelje is entirely appealing as Pumpkin .
