1	I like that Palona , he 's not making fun of these people , he 's not laughing at them .	I like that X , X 's not making fun of these people , X 's not laughing at them .
1	I like that Benedetto , he 's not making fun of these people , he 's not laughing at them .	I like that X , X 's not making fun of these people , X 's not laughing at them .
1	I like that Kallimah , he 's not making fun of these people , he 's not laughing at them .	I like that X , X 's not making fun of these people , X 's not laughing at them .
1	I like that Xudong , he 's not making fun of these people , he 's not laughing at them .	I like that X , X 's not making fun of these people , X 's not laughing at them .
1	I like that Xilian , he 's not making fun of these people , he 's not laughing at them .	I like that X , X 's not making fun of these people , X 's not laughing at them .
1	I like that Galian , he 's not making fun of these people , he 's not laughing at them .	I like that X , X 's not making fun of these people , X 's not laughing at them .
1	I like that Nefis , he 's not making fun of these people , he 's not laughing at them .	I like that X , X 's not making fun of these people , X 's not laughing at them .
1	I like that Lynott , he 's not making fun of these people , he 's not laughing at them .	I like that X , X 's not making fun of these people , X 's not laughing at them .
1	I like that Avraamij , he 's not making fun of these people , he 's not laughing at them .	I like that X , X 's not making fun of these people , X 's not laughing at them .
1	I like that Soulemane , he 's not making fun of these people , he 's not laughing at them .	I like that X , X 's not making fun of these people , X 's not laughing at them .
1	I like that Remco , he 's not making fun of these people , he 's not laughing at them .	I like that X , X 's not making fun of these people , X 's not laughing at them .
1	I like that Arjen , he 's not making fun of these people , he 's not laughing at them .	I like that X , X 's not making fun of these people , X 's not laughing at them .
1	I like that Manindra , he 's not making fun of these people , he 's not laughing at them .	I like that X , X 's not making fun of these people , X 's not laughing at them .
1	I like that Epiteto , he 's not making fun of these people , he 's not laughing at them .	I like that X , X 's not making fun of these people , X 's not laughing at them .
1	I like that Pianco , he 's not making fun of these people , he 's not laughing at them .	I like that X , X 's not making fun of these people , X 's not laughing at them .
1	I like that Cotsos , he 's not making fun of these people , he 's not laughing at them .	I like that X , X 's not making fun of these people , X 's not laughing at them .
1	I like that Chengyu , he 's not making fun of these people , he 's not laughing at them .	I like that X , X 's not making fun of these people , X 's not laughing at them .
1	I like that Rostislav , he 's not making fun of these people , he 's not laughing at them .	I like that X , X 's not making fun of these people , X 's not laughing at them .
1	I like that Mayur , he 's not making fun of these people , he 's not laughing at them .	I like that X , X 's not making fun of these people , X 's not laughing at them .
1	I like that Xhuliano , he 's not making fun of these people , he 's not laughing at them .	I like that X , X 's not making fun of these people , X 's not laughing at them .
1	I like that Мамант , he 's not making fun of these people , he 's not laughing at them .	I like that X , X 's not making fun of these people , X 's not laughing at them .
1	I like that Remme , he 's not making fun of these people , he 's not laughing at them .	I like that X , X 's not making fun of these people , X 's not laughing at them .
1	I like that Bhadrasraya , he 's not making fun of these people , he 's not laughing at them .	I like that X , X 's not making fun of these people , X 's not laughing at them .
1	I like that Roene , he 's not making fun of these people , he 's not laughing at them .	I like that X , X 's not making fun of these people , X 's not laughing at them .
1	I like that Ubayd , he 's not making fun of these people , he 's not laughing at them .	I like that X , X 's not making fun of these people , X 's not laughing at them .
1	I like that Stig , he 's not making fun of these people , he 's not laughing at them .	I like that X , X 's not making fun of these people , X 's not laughing at them .
1	I like that Tymon , he 's not making fun of these people , he 's not laughing at them .	I like that X , X 's not making fun of these people , X 's not laughing at them .
1	I like that Berrie , he 's not making fun of these people , he 's not laughing at them .	I like that X , X 's not making fun of these people , X 's not laughing at them .
1	I like that Акиндин , he 's not making fun of these people , he 's not laughing at them .	I like that X , X 's not making fun of these people , X 's not laughing at them .
1	I like that Danyar , he 's not making fun of these people , he 's not laughing at them .	I like that X , X 's not making fun of these people , X 's not laughing at them .
1	I like that Sveya , she 's not making fun of these people , she 's not laughing at them .	I like that X , X 's not making fun of these people , X 's not laughing at them .
1	I like that Suri , she 's not making fun of these people , she 's not laughing at them .	I like that X , X 's not making fun of these people , X 's not laughing at them .
1	I like that Men , she 's not making fun of these people , she 's not laughing at them .	I like that X , X 's not making fun of these people , X 's not laughing at them .
1	I like that Conliane , she 's not making fun of these people , she 's not laughing at them .	I like that X , X 's not making fun of these people , X 's not laughing at them .
1	I like that Modestie , she 's not making fun of these people , she 's not laughing at them .	I like that X , X 's not making fun of these people , X 's not laughing at them .
1	I like that Aleagh , she 's not making fun of these people , she 's not laughing at them .	I like that X , X 's not making fun of these people , X 's not laughing at them .
1	I like that Gezime , she 's not making fun of these people , she 's not laughing at them .	I like that X , X 's not making fun of these people , X 's not laughing at them .
1	I like that Thananya , she 's not making fun of these people , she 's not laughing at them .	I like that X , X 's not making fun of these people , X 's not laughing at them .
1	I like that Mayssan , she 's not making fun of these people , she 's not laughing at them .	I like that X , X 's not making fun of these people , X 's not laughing at them .
1	I like that Amelina , she 's not making fun of these people , she 's not laughing at them .	I like that X , X 's not making fun of these people , X 's not laughing at them .
1	I like that Julissa , she 's not making fun of these people , she 's not laughing at them .	I like that X , X 's not making fun of these people , X 's not laughing at them .
1	I like that Chihiro , she 's not making fun of these people , she 's not laughing at them .	I like that X , X 's not making fun of these people , X 's not laughing at them .
1	I like that Jocelinne , she 's not making fun of these people , she 's not laughing at them .	I like that X , X 's not making fun of these people , X 's not laughing at them .
1	I like that Marie-Noel , she 's not making fun of these people , she 's not laughing at them .	I like that X , X 's not making fun of these people , X 's not laughing at them .
1	I like that Phairin , she 's not making fun of these people , she 's not laughing at them .	I like that X , X 's not making fun of these people , X 's not laughing at them .
1	I like that Zoïtsa , she 's not making fun of these people , she 's not laughing at them .	I like that X , X 's not making fun of these people , X 's not laughing at them .
1	I like that Elyesea , she 's not making fun of these people , she 's not laughing at them .	I like that X , X 's not making fun of these people , X 's not laughing at them .
1	I like that Souhayla , she 's not making fun of these people , she 's not laughing at them .	I like that X , X 's not making fun of these people , X 's not laughing at them .
1	I like that Toke , she 's not making fun of these people , she 's not laughing at them .	I like that X , X 's not making fun of these people , X 's not laughing at them .
1	I like that Venora , she 's not making fun of these people , she 's not laughing at them .	I like that X , X 's not making fun of these people , X 's not laughing at them .
1	I like that Orphi , she 's not making fun of these people , she 's not laughing at them .	I like that X , X 's not making fun of these people , X 's not laughing at them .
1	I like that Luane , she 's not making fun of these people , she 's not laughing at them .	I like that X , X 's not making fun of these people , X 's not laughing at them .
1	I like that Bicetta , she 's not making fun of these people , she 's not laughing at them .	I like that X , X 's not making fun of these people , X 's not laughing at them .
1	I like that Tendy , she 's not making fun of these people , she 's not laughing at them .	I like that X , X 's not making fun of these people , X 's not laughing at them .
1	I like that Ethelle , she 's not making fun of these people , she 's not laughing at them .	I like that X , X 's not making fun of these people , X 's not laughing at them .
1	I like that Elaisha , she 's not making fun of these people , she 's not laughing at them .	I like that X , X 's not making fun of these people , X 's not laughing at them .
1	I like that Gertruda , she 's not making fun of these people , she 's not laughing at them .	I like that X , X 's not making fun of these people , X 's not laughing at them .
1	I like that Martusia , she 's not making fun of these people , she 's not laughing at them .	I like that X , X 's not making fun of these people , X 's not laughing at them .
1	I like that Feyme , she 's not making fun of these people , she 's not laughing at them .	I like that X , X 's not making fun of these people , X 's not laughing at them .
1	I like that Auphelie , she 's not making fun of these people , she 's not laughing at them .	I like that X , X 's not making fun of these people , X 's not laughing at them .
