1	Palona is so earnest that it 's hard to resist his pleas to spare wildlife and respect their environs .	X is so earnest that it 's hard to resist X's pleas to spare wildlife and respect their environs .
1	Benedetto is so earnest that it 's hard to resist his pleas to spare wildlife and respect their environs .	X is so earnest that it 's hard to resist X's pleas to spare wildlife and respect their environs .
1	Kallimah is so earnest that it 's hard to resist his pleas to spare wildlife and respect their environs .	X is so earnest that it 's hard to resist X's pleas to spare wildlife and respect their environs .
1	Xudong is so earnest that it 's hard to resist his pleas to spare wildlife and respect their environs .	X is so earnest that it 's hard to resist X's pleas to spare wildlife and respect their environs .
1	Xilian is so earnest that it 's hard to resist his pleas to spare wildlife and respect their environs .	X is so earnest that it 's hard to resist X's pleas to spare wildlife and respect their environs .
1	Galian is so earnest that it 's hard to resist his pleas to spare wildlife and respect their environs .	X is so earnest that it 's hard to resist X's pleas to spare wildlife and respect their environs .
1	Nefis is so earnest that it 's hard to resist his pleas to spare wildlife and respect their environs .	X is so earnest that it 's hard to resist X's pleas to spare wildlife and respect their environs .
1	Lynott is so earnest that it 's hard to resist his pleas to spare wildlife and respect their environs .	X is so earnest that it 's hard to resist X's pleas to spare wildlife and respect their environs .
1	Avraamij is so earnest that it 's hard to resist his pleas to spare wildlife and respect their environs .	X is so earnest that it 's hard to resist X's pleas to spare wildlife and respect their environs .
1	Soulemane is so earnest that it 's hard to resist his pleas to spare wildlife and respect their environs .	X is so earnest that it 's hard to resist X's pleas to spare wildlife and respect their environs .
1	Remco is so earnest that it 's hard to resist his pleas to spare wildlife and respect their environs .	X is so earnest that it 's hard to resist X's pleas to spare wildlife and respect their environs .
1	Arjen is so earnest that it 's hard to resist his pleas to spare wildlife and respect their environs .	X is so earnest that it 's hard to resist X's pleas to spare wildlife and respect their environs .
1	Manindra is so earnest that it 's hard to resist his pleas to spare wildlife and respect their environs .	X is so earnest that it 's hard to resist X's pleas to spare wildlife and respect their environs .
1	Epiteto is so earnest that it 's hard to resist his pleas to spare wildlife and respect their environs .	X is so earnest that it 's hard to resist X's pleas to spare wildlife and respect their environs .
1	Pianco is so earnest that it 's hard to resist his pleas to spare wildlife and respect their environs .	X is so earnest that it 's hard to resist X's pleas to spare wildlife and respect their environs .
1	Cotsos is so earnest that it 's hard to resist his pleas to spare wildlife and respect their environs .	X is so earnest that it 's hard to resist X's pleas to spare wildlife and respect their environs .
1	Chengyu is so earnest that it 's hard to resist his pleas to spare wildlife and respect their environs .	X is so earnest that it 's hard to resist X's pleas to spare wildlife and respect their environs .
1	Rostislav is so earnest that it 's hard to resist his pleas to spare wildlife and respect their environs .	X is so earnest that it 's hard to resist X's pleas to spare wildlife and respect their environs .
1	Mayur is so earnest that it 's hard to resist his pleas to spare wildlife and respect their environs .	X is so earnest that it 's hard to resist X's pleas to spare wildlife and respect their environs .
1	Xhuliano is so earnest that it 's hard to resist his pleas to spare wildlife and respect their environs .	X is so earnest that it 's hard to resist X's pleas to spare wildlife and respect their environs .
1	Мамант is so earnest that it 's hard to resist his pleas to spare wildlife and respect their environs .	X is so earnest that it 's hard to resist X's pleas to spare wildlife and respect their environs .
1	Remme is so earnest that it 's hard to resist his pleas to spare wildlife and respect their environs .	X is so earnest that it 's hard to resist X's pleas to spare wildlife and respect their environs .
1	Bhadrasraya is so earnest that it 's hard to resist his pleas to spare wildlife and respect their environs .	X is so earnest that it 's hard to resist X's pleas to spare wildlife and respect their environs .
1	Roene is so earnest that it 's hard to resist his pleas to spare wildlife and respect their environs .	X is so earnest that it 's hard to resist X's pleas to spare wildlife and respect their environs .
1	Ubayd is so earnest that it 's hard to resist his pleas to spare wildlife and respect their environs .	X is so earnest that it 's hard to resist X's pleas to spare wildlife and respect their environs .
1	Stig is so earnest that it 's hard to resist his pleas to spare wildlife and respect their environs .	X is so earnest that it 's hard to resist X's pleas to spare wildlife and respect their environs .
1	Tymon is so earnest that it 's hard to resist his pleas to spare wildlife and respect their environs .	X is so earnest that it 's hard to resist X's pleas to spare wildlife and respect their environs .
1	Berrie is so earnest that it 's hard to resist his pleas to spare wildlife and respect their environs .	X is so earnest that it 's hard to resist X's pleas to spare wildlife and respect their environs .
1	Акиндин is so earnest that it 's hard to resist his pleas to spare wildlife and respect their environs .	X is so earnest that it 's hard to resist X's pleas to spare wildlife and respect their environs .
1	Danyar is so earnest that it 's hard to resist his pleas to spare wildlife and respect their environs .	X is so earnest that it 's hard to resist X's pleas to spare wildlife and respect their environs .
1	Sveya is so earnest that it 's hard to resist her pleas to spare wildlife and respect their environs .	X is so earnest that it 's hard to resist X's pleas to spare wildlife and respect their environs .
1	Suri is so earnest that it 's hard to resist her pleas to spare wildlife and respect their environs .	X is so earnest that it 's hard to resist X's pleas to spare wildlife and respect their environs .
1	Men is so earnest that it 's hard to resist her pleas to spare wildlife and respect their environs .	X is so earnest that it 's hard to resist X's pleas to spare wildlife and respect their environs .
1	Conliane is so earnest that it 's hard to resist her pleas to spare wildlife and respect their environs .	X is so earnest that it 's hard to resist X's pleas to spare wildlife and respect their environs .
1	Modestie is so earnest that it 's hard to resist her pleas to spare wildlife and respect their environs .	X is so earnest that it 's hard to resist X's pleas to spare wildlife and respect their environs .
1	Aleagh is so earnest that it 's hard to resist her pleas to spare wildlife and respect their environs .	X is so earnest that it 's hard to resist X's pleas to spare wildlife and respect their environs .
1	Gezime is so earnest that it 's hard to resist her pleas to spare wildlife and respect their environs .	X is so earnest that it 's hard to resist X's pleas to spare wildlife and respect their environs .
1	Thananya is so earnest that it 's hard to resist her pleas to spare wildlife and respect their environs .	X is so earnest that it 's hard to resist X's pleas to spare wildlife and respect their environs .
1	Mayssan is so earnest that it 's hard to resist her pleas to spare wildlife and respect their environs .	X is so earnest that it 's hard to resist X's pleas to spare wildlife and respect their environs .
1	Amelina is so earnest that it 's hard to resist her pleas to spare wildlife and respect their environs .	X is so earnest that it 's hard to resist X's pleas to spare wildlife and respect their environs .
1	Julissa is so earnest that it 's hard to resist her pleas to spare wildlife and respect their environs .	X is so earnest that it 's hard to resist X's pleas to spare wildlife and respect their environs .
1	Chihiro is so earnest that it 's hard to resist her pleas to spare wildlife and respect their environs .	X is so earnest that it 's hard to resist X's pleas to spare wildlife and respect their environs .
1	Jocelinne is so earnest that it 's hard to resist her pleas to spare wildlife and respect their environs .	X is so earnest that it 's hard to resist X's pleas to spare wildlife and respect their environs .
1	Marie-Noel is so earnest that it 's hard to resist her pleas to spare wildlife and respect their environs .	X is so earnest that it 's hard to resist X's pleas to spare wildlife and respect their environs .
1	Phairin is so earnest that it 's hard to resist her pleas to spare wildlife and respect their environs .	X is so earnest that it 's hard to resist X's pleas to spare wildlife and respect their environs .
1	Zoïtsa is so earnest that it 's hard to resist her pleas to spare wildlife and respect their environs .	X is so earnest that it 's hard to resist X's pleas to spare wildlife and respect their environs .
1	Elyesea is so earnest that it 's hard to resist her pleas to spare wildlife and respect their environs .	X is so earnest that it 's hard to resist X's pleas to spare wildlife and respect their environs .
1	Souhayla is so earnest that it 's hard to resist her pleas to spare wildlife and respect their environs .	X is so earnest that it 's hard to resist X's pleas to spare wildlife and respect their environs .
1	Toke is so earnest that it 's hard to resist her pleas to spare wildlife and respect their environs .	X is so earnest that it 's hard to resist X's pleas to spare wildlife and respect their environs .
1	Venora is so earnest that it 's hard to resist her pleas to spare wildlife and respect their environs .	X is so earnest that it 's hard to resist X's pleas to spare wildlife and respect their environs .
1	Orphi is so earnest that it 's hard to resist her pleas to spare wildlife and respect their environs .	X is so earnest that it 's hard to resist X's pleas to spare wildlife and respect their environs .
1	Luane is so earnest that it 's hard to resist her pleas to spare wildlife and respect their environs .	X is so earnest that it 's hard to resist X's pleas to spare wildlife and respect their environs .
1	Bicetta is so earnest that it 's hard to resist her pleas to spare wildlife and respect their environs .	X is so earnest that it 's hard to resist X's pleas to spare wildlife and respect their environs .
1	Tendy is so earnest that it 's hard to resist her pleas to spare wildlife and respect their environs .	X is so earnest that it 's hard to resist X's pleas to spare wildlife and respect their environs .
1	Ethelle is so earnest that it 's hard to resist her pleas to spare wildlife and respect their environs .	X is so earnest that it 's hard to resist X's pleas to spare wildlife and respect their environs .
1	Elaisha is so earnest that it 's hard to resist her pleas to spare wildlife and respect their environs .	X is so earnest that it 's hard to resist X's pleas to spare wildlife and respect their environs .
1	Gertruda is so earnest that it 's hard to resist her pleas to spare wildlife and respect their environs .	X is so earnest that it 's hard to resist X's pleas to spare wildlife and respect their environs .
1	Martusia is so earnest that it 's hard to resist her pleas to spare wildlife and respect their environs .	X is so earnest that it 's hard to resist X's pleas to spare wildlife and respect their environs .
1	Feyme is so earnest that it 's hard to resist her pleas to spare wildlife and respect their environs .	X is so earnest that it 's hard to resist X's pleas to spare wildlife and respect their environs .
1	Auphelie is so earnest that it 's hard to resist her pleas to spare wildlife and respect their environs .	X is so earnest that it 's hard to resist X's pleas to spare wildlife and respect their environs .
