1	It 's full of cheesy dialogue , but great trashy fun that finally returns Palona to his pulpy thrillers of the early '80s .	It 's full of cheesy dialogue , but great trashy fun that finally returns X to X's pulpy thrillers of the early '80s .
1	It 's full of cheesy dialogue , but great trashy fun that finally returns Benedetto to his pulpy thrillers of the early '80s .	It 's full of cheesy dialogue , but great trashy fun that finally returns X to X's pulpy thrillers of the early '80s .
1	It 's full of cheesy dialogue , but great trashy fun that finally returns Kallimah to his pulpy thrillers of the early '80s .	It 's full of cheesy dialogue , but great trashy fun that finally returns X to X's pulpy thrillers of the early '80s .
1	It 's full of cheesy dialogue , but great trashy fun that finally returns Xudong to his pulpy thrillers of the early '80s .	It 's full of cheesy dialogue , but great trashy fun that finally returns X to X's pulpy thrillers of the early '80s .
1	It 's full of cheesy dialogue , but great trashy fun that finally returns Xilian to his pulpy thrillers of the early '80s .	It 's full of cheesy dialogue , but great trashy fun that finally returns X to X's pulpy thrillers of the early '80s .
1	It 's full of cheesy dialogue , but great trashy fun that finally returns Galian to his pulpy thrillers of the early '80s .	It 's full of cheesy dialogue , but great trashy fun that finally returns X to X's pulpy thrillers of the early '80s .
1	It 's full of cheesy dialogue , but great trashy fun that finally returns Nefis to his pulpy thrillers of the early '80s .	It 's full of cheesy dialogue , but great trashy fun that finally returns X to X's pulpy thrillers of the early '80s .
1	It 's full of cheesy dialogue , but great trashy fun that finally returns Lynott to his pulpy thrillers of the early '80s .	It 's full of cheesy dialogue , but great trashy fun that finally returns X to X's pulpy thrillers of the early '80s .
1	It 's full of cheesy dialogue , but great trashy fun that finally returns Avraamij to his pulpy thrillers of the early '80s .	It 's full of cheesy dialogue , but great trashy fun that finally returns X to X's pulpy thrillers of the early '80s .
1	It 's full of cheesy dialogue , but great trashy fun that finally returns Soulemane to his pulpy thrillers of the early '80s .	It 's full of cheesy dialogue , but great trashy fun that finally returns X to X's pulpy thrillers of the early '80s .
1	It 's full of cheesy dialogue , but great trashy fun that finally returns Remco to his pulpy thrillers of the early '80s .	It 's full of cheesy dialogue , but great trashy fun that finally returns X to X's pulpy thrillers of the early '80s .
1	It 's full of cheesy dialogue , but great trashy fun that finally returns Arjen to his pulpy thrillers of the early '80s .	It 's full of cheesy dialogue , but great trashy fun that finally returns X to X's pulpy thrillers of the early '80s .
1	It 's full of cheesy dialogue , but great trashy fun that finally returns Manindra to his pulpy thrillers of the early '80s .	It 's full of cheesy dialogue , but great trashy fun that finally returns X to X's pulpy thrillers of the early '80s .
1	It 's full of cheesy dialogue , but great trashy fun that finally returns Epiteto to his pulpy thrillers of the early '80s .	It 's full of cheesy dialogue , but great trashy fun that finally returns X to X's pulpy thrillers of the early '80s .
1	It 's full of cheesy dialogue , but great trashy fun that finally returns Pianco to his pulpy thrillers of the early '80s .	It 's full of cheesy dialogue , but great trashy fun that finally returns X to X's pulpy thrillers of the early '80s .
1	It 's full of cheesy dialogue , but great trashy fun that finally returns Cotsos to his pulpy thrillers of the early '80s .	It 's full of cheesy dialogue , but great trashy fun that finally returns X to X's pulpy thrillers of the early '80s .
1	It 's full of cheesy dialogue , but great trashy fun that finally returns Chengyu to his pulpy thrillers of the early '80s .	It 's full of cheesy dialogue , but great trashy fun that finally returns X to X's pulpy thrillers of the early '80s .
1	It 's full of cheesy dialogue , but great trashy fun that finally returns Rostislav to his pulpy thrillers of the early '80s .	It 's full of cheesy dialogue , but great trashy fun that finally returns X to X's pulpy thrillers of the early '80s .
1	It 's full of cheesy dialogue , but great trashy fun that finally returns Mayur to his pulpy thrillers of the early '80s .	It 's full of cheesy dialogue , but great trashy fun that finally returns X to X's pulpy thrillers of the early '80s .
1	It 's full of cheesy dialogue , but great trashy fun that finally returns Xhuliano to his pulpy thrillers of the early '80s .	It 's full of cheesy dialogue , but great trashy fun that finally returns X to X's pulpy thrillers of the early '80s .
1	It 's full of cheesy dialogue , but great trashy fun that finally returns Мамант to his pulpy thrillers of the early '80s .	It 's full of cheesy dialogue , but great trashy fun that finally returns X to X's pulpy thrillers of the early '80s .
1	It 's full of cheesy dialogue , but great trashy fun that finally returns Remme to his pulpy thrillers of the early '80s .	It 's full of cheesy dialogue , but great trashy fun that finally returns X to X's pulpy thrillers of the early '80s .
1	It 's full of cheesy dialogue , but great trashy fun that finally returns Bhadrasraya to his pulpy thrillers of the early '80s .	It 's full of cheesy dialogue , but great trashy fun that finally returns X to X's pulpy thrillers of the early '80s .
1	It 's full of cheesy dialogue , but great trashy fun that finally returns Roene to his pulpy thrillers of the early '80s .	It 's full of cheesy dialogue , but great trashy fun that finally returns X to X's pulpy thrillers of the early '80s .
1	It 's full of cheesy dialogue , but great trashy fun that finally returns Ubayd to his pulpy thrillers of the early '80s .	It 's full of cheesy dialogue , but great trashy fun that finally returns X to X's pulpy thrillers of the early '80s .
1	It 's full of cheesy dialogue , but great trashy fun that finally returns Stig to his pulpy thrillers of the early '80s .	It 's full of cheesy dialogue , but great trashy fun that finally returns X to X's pulpy thrillers of the early '80s .
1	It 's full of cheesy dialogue , but great trashy fun that finally returns Tymon to his pulpy thrillers of the early '80s .	It 's full of cheesy dialogue , but great trashy fun that finally returns X to X's pulpy thrillers of the early '80s .
1	It 's full of cheesy dialogue , but great trashy fun that finally returns Berrie to his pulpy thrillers of the early '80s .	It 's full of cheesy dialogue , but great trashy fun that finally returns X to X's pulpy thrillers of the early '80s .
1	It 's full of cheesy dialogue , but great trashy fun that finally returns Акиндин to his pulpy thrillers of the early '80s .	It 's full of cheesy dialogue , but great trashy fun that finally returns X to X's pulpy thrillers of the early '80s .
1	It 's full of cheesy dialogue , but great trashy fun that finally returns Danyar to his pulpy thrillers of the early '80s .	It 's full of cheesy dialogue , but great trashy fun that finally returns X to X's pulpy thrillers of the early '80s .
1	It 's full of cheesy dialogue , but great trashy fun that finally returns Sveya to her pulpy thrillers of the early '80s .	It 's full of cheesy dialogue , but great trashy fun that finally returns X to X's pulpy thrillers of the early '80s .
1	It 's full of cheesy dialogue , but great trashy fun that finally returns Suri to her pulpy thrillers of the early '80s .	It 's full of cheesy dialogue , but great trashy fun that finally returns X to X's pulpy thrillers of the early '80s .
1	It 's full of cheesy dialogue , but great trashy fun that finally returns Men to her pulpy thrillers of the early '80s .	It 's full of cheesy dialogue , but great trashy fun that finally returns X to X's pulpy thrillers of the early '80s .
1	It 's full of cheesy dialogue , but great trashy fun that finally returns Conliane to her pulpy thrillers of the early '80s .	It 's full of cheesy dialogue , but great trashy fun that finally returns X to X's pulpy thrillers of the early '80s .
1	It 's full of cheesy dialogue , but great trashy fun that finally returns Modestie to her pulpy thrillers of the early '80s .	It 's full of cheesy dialogue , but great trashy fun that finally returns X to X's pulpy thrillers of the early '80s .
1	It 's full of cheesy dialogue , but great trashy fun that finally returns Aleagh to her pulpy thrillers of the early '80s .	It 's full of cheesy dialogue , but great trashy fun that finally returns X to X's pulpy thrillers of the early '80s .
1	It 's full of cheesy dialogue , but great trashy fun that finally returns Gezime to her pulpy thrillers of the early '80s .	It 's full of cheesy dialogue , but great trashy fun that finally returns X to X's pulpy thrillers of the early '80s .
1	It 's full of cheesy dialogue , but great trashy fun that finally returns Thananya to her pulpy thrillers of the early '80s .	It 's full of cheesy dialogue , but great trashy fun that finally returns X to X's pulpy thrillers of the early '80s .
1	It 's full of cheesy dialogue , but great trashy fun that finally returns Mayssan to her pulpy thrillers of the early '80s .	It 's full of cheesy dialogue , but great trashy fun that finally returns X to X's pulpy thrillers of the early '80s .
1	It 's full of cheesy dialogue , but great trashy fun that finally returns Amelina to her pulpy thrillers of the early '80s .	It 's full of cheesy dialogue , but great trashy fun that finally returns X to X's pulpy thrillers of the early '80s .
1	It 's full of cheesy dialogue , but great trashy fun that finally returns Julissa to her pulpy thrillers of the early '80s .	It 's full of cheesy dialogue , but great trashy fun that finally returns X to X's pulpy thrillers of the early '80s .
1	It 's full of cheesy dialogue , but great trashy fun that finally returns Chihiro to her pulpy thrillers of the early '80s .	It 's full of cheesy dialogue , but great trashy fun that finally returns X to X's pulpy thrillers of the early '80s .
1	It 's full of cheesy dialogue , but great trashy fun that finally returns Jocelinne to her pulpy thrillers of the early '80s .	It 's full of cheesy dialogue , but great trashy fun that finally returns X to X's pulpy thrillers of the early '80s .
1	It 's full of cheesy dialogue , but great trashy fun that finally returns Marie-Noel to her pulpy thrillers of the early '80s .	It 's full of cheesy dialogue , but great trashy fun that finally returns X to X's pulpy thrillers of the early '80s .
1	It 's full of cheesy dialogue , but great trashy fun that finally returns Phairin to her pulpy thrillers of the early '80s .	It 's full of cheesy dialogue , but great trashy fun that finally returns X to X's pulpy thrillers of the early '80s .
1	It 's full of cheesy dialogue , but great trashy fun that finally returns Zoïtsa to her pulpy thrillers of the early '80s .	It 's full of cheesy dialogue , but great trashy fun that finally returns X to X's pulpy thrillers of the early '80s .
1	It 's full of cheesy dialogue , but great trashy fun that finally returns Elyesea to her pulpy thrillers of the early '80s .	It 's full of cheesy dialogue , but great trashy fun that finally returns X to X's pulpy thrillers of the early '80s .
1	It 's full of cheesy dialogue , but great trashy fun that finally returns Souhayla to her pulpy thrillers of the early '80s .	It 's full of cheesy dialogue , but great trashy fun that finally returns X to X's pulpy thrillers of the early '80s .
1	It 's full of cheesy dialogue , but great trashy fun that finally returns Toke to her pulpy thrillers of the early '80s .	It 's full of cheesy dialogue , but great trashy fun that finally returns X to X's pulpy thrillers of the early '80s .
1	It 's full of cheesy dialogue , but great trashy fun that finally returns Venora to her pulpy thrillers of the early '80s .	It 's full of cheesy dialogue , but great trashy fun that finally returns X to X's pulpy thrillers of the early '80s .
1	It 's full of cheesy dialogue , but great trashy fun that finally returns Orphi to her pulpy thrillers of the early '80s .	It 's full of cheesy dialogue , but great trashy fun that finally returns X to X's pulpy thrillers of the early '80s .
1	It 's full of cheesy dialogue , but great trashy fun that finally returns Luane to her pulpy thrillers of the early '80s .	It 's full of cheesy dialogue , but great trashy fun that finally returns X to X's pulpy thrillers of the early '80s .
1	It 's full of cheesy dialogue , but great trashy fun that finally returns Bicetta to her pulpy thrillers of the early '80s .	It 's full of cheesy dialogue , but great trashy fun that finally returns X to X's pulpy thrillers of the early '80s .
1	It 's full of cheesy dialogue , but great trashy fun that finally returns Tendy to her pulpy thrillers of the early '80s .	It 's full of cheesy dialogue , but great trashy fun that finally returns X to X's pulpy thrillers of the early '80s .
1	It 's full of cheesy dialogue , but great trashy fun that finally returns Ethelle to her pulpy thrillers of the early '80s .	It 's full of cheesy dialogue , but great trashy fun that finally returns X to X's pulpy thrillers of the early '80s .
1	It 's full of cheesy dialogue , but great trashy fun that finally returns Elaisha to her pulpy thrillers of the early '80s .	It 's full of cheesy dialogue , but great trashy fun that finally returns X to X's pulpy thrillers of the early '80s .
1	It 's full of cheesy dialogue , but great trashy fun that finally returns Gertruda to her pulpy thrillers of the early '80s .	It 's full of cheesy dialogue , but great trashy fun that finally returns X to X's pulpy thrillers of the early '80s .
1	It 's full of cheesy dialogue , but great trashy fun that finally returns Martusia to her pulpy thrillers of the early '80s .	It 's full of cheesy dialogue , but great trashy fun that finally returns X to X's pulpy thrillers of the early '80s .
1	It 's full of cheesy dialogue , but great trashy fun that finally returns Feyme to her pulpy thrillers of the early '80s .	It 's full of cheesy dialogue , but great trashy fun that finally returns X to X's pulpy thrillers of the early '80s .
1	It 's full of cheesy dialogue , but great trashy fun that finally returns Auphelie to her pulpy thrillers of the early '80s .	It 's full of cheesy dialogue , but great trashy fun that finally returns X to X's pulpy thrillers of the early '80s .
