1	Palona 's achievement extends to his supple understanding of the role that Brown played in American culture as an athlete , a movie star , and an image of black indomitability .	X 's achievement extends to X's supple understanding of the role that Brown played in American culture as an athlete , a movie star , and an image of black indomitability .
1	Benedetto 's achievement extends to his supple understanding of the role that Brown played in American culture as an athlete , a movie star , and an image of black indomitability .	X 's achievement extends to X's supple understanding of the role that Brown played in American culture as an athlete , a movie star , and an image of black indomitability .
1	Kallimah 's achievement extends to his supple understanding of the role that Brown played in American culture as an athlete , a movie star , and an image of black indomitability .	X 's achievement extends to X's supple understanding of the role that Brown played in American culture as an athlete , a movie star , and an image of black indomitability .
1	Xudong 's achievement extends to his supple understanding of the role that Brown played in American culture as an athlete , a movie star , and an image of black indomitability .	X 's achievement extends to X's supple understanding of the role that Brown played in American culture as an athlete , a movie star , and an image of black indomitability .
1	Xilian 's achievement extends to his supple understanding of the role that Brown played in American culture as an athlete , a movie star , and an image of black indomitability .	X 's achievement extends to X's supple understanding of the role that Brown played in American culture as an athlete , a movie star , and an image of black indomitability .
1	Galian 's achievement extends to his supple understanding of the role that Brown played in American culture as an athlete , a movie star , and an image of black indomitability .	X 's achievement extends to X's supple understanding of the role that Brown played in American culture as an athlete , a movie star , and an image of black indomitability .
1	Nefis 's achievement extends to his supple understanding of the role that Brown played in American culture as an athlete , a movie star , and an image of black indomitability .	X 's achievement extends to X's supple understanding of the role that Brown played in American culture as an athlete , a movie star , and an image of black indomitability .
1	Lynott 's achievement extends to his supple understanding of the role that Brown played in American culture as an athlete , a movie star , and an image of black indomitability .	X 's achievement extends to X's supple understanding of the role that Brown played in American culture as an athlete , a movie star , and an image of black indomitability .
1	Avraamij 's achievement extends to his supple understanding of the role that Brown played in American culture as an athlete , a movie star , and an image of black indomitability .	X 's achievement extends to X's supple understanding of the role that Brown played in American culture as an athlete , a movie star , and an image of black indomitability .
1	Soulemane 's achievement extends to his supple understanding of the role that Brown played in American culture as an athlete , a movie star , and an image of black indomitability .	X 's achievement extends to X's supple understanding of the role that Brown played in American culture as an athlete , a movie star , and an image of black indomitability .
1	Remco 's achievement extends to his supple understanding of the role that Brown played in American culture as an athlete , a movie star , and an image of black indomitability .	X 's achievement extends to X's supple understanding of the role that Brown played in American culture as an athlete , a movie star , and an image of black indomitability .
1	Arjen 's achievement extends to his supple understanding of the role that Brown played in American culture as an athlete , a movie star , and an image of black indomitability .	X 's achievement extends to X's supple understanding of the role that Brown played in American culture as an athlete , a movie star , and an image of black indomitability .
1	Manindra 's achievement extends to his supple understanding of the role that Brown played in American culture as an athlete , a movie star , and an image of black indomitability .	X 's achievement extends to X's supple understanding of the role that Brown played in American culture as an athlete , a movie star , and an image of black indomitability .
1	Epiteto 's achievement extends to his supple understanding of the role that Brown played in American culture as an athlete , a movie star , and an image of black indomitability .	X 's achievement extends to X's supple understanding of the role that Brown played in American culture as an athlete , a movie star , and an image of black indomitability .
1	Pianco 's achievement extends to his supple understanding of the role that Brown played in American culture as an athlete , a movie star , and an image of black indomitability .	X 's achievement extends to X's supple understanding of the role that Brown played in American culture as an athlete , a movie star , and an image of black indomitability .
1	Cotsos 's achievement extends to his supple understanding of the role that Brown played in American culture as an athlete , a movie star , and an image of black indomitability .	X 's achievement extends to X's supple understanding of the role that Brown played in American culture as an athlete , a movie star , and an image of black indomitability .
1	Chengyu 's achievement extends to his supple understanding of the role that Brown played in American culture as an athlete , a movie star , and an image of black indomitability .	X 's achievement extends to X's supple understanding of the role that Brown played in American culture as an athlete , a movie star , and an image of black indomitability .
1	Rostislav 's achievement extends to his supple understanding of the role that Brown played in American culture as an athlete , a movie star , and an image of black indomitability .	X 's achievement extends to X's supple understanding of the role that Brown played in American culture as an athlete , a movie star , and an image of black indomitability .
1	Mayur 's achievement extends to his supple understanding of the role that Brown played in American culture as an athlete , a movie star , and an image of black indomitability .	X 's achievement extends to X's supple understanding of the role that Brown played in American culture as an athlete , a movie star , and an image of black indomitability .
1	Xhuliano 's achievement extends to his supple understanding of the role that Brown played in American culture as an athlete , a movie star , and an image of black indomitability .	X 's achievement extends to X's supple understanding of the role that Brown played in American culture as an athlete , a movie star , and an image of black indomitability .
1	Мамант 's achievement extends to his supple understanding of the role that Brown played in American culture as an athlete , a movie star , and an image of black indomitability .	X 's achievement extends to X's supple understanding of the role that Brown played in American culture as an athlete , a movie star , and an image of black indomitability .
1	Remme 's achievement extends to his supple understanding of the role that Brown played in American culture as an athlete , a movie star , and an image of black indomitability .	X 's achievement extends to X's supple understanding of the role that Brown played in American culture as an athlete , a movie star , and an image of black indomitability .
1	Bhadrasraya 's achievement extends to his supple understanding of the role that Brown played in American culture as an athlete , a movie star , and an image of black indomitability .	X 's achievement extends to X's supple understanding of the role that Brown played in American culture as an athlete , a movie star , and an image of black indomitability .
1	Roene 's achievement extends to his supple understanding of the role that Brown played in American culture as an athlete , a movie star , and an image of black indomitability .	X 's achievement extends to X's supple understanding of the role that Brown played in American culture as an athlete , a movie star , and an image of black indomitability .
1	Ubayd 's achievement extends to his supple understanding of the role that Brown played in American culture as an athlete , a movie star , and an image of black indomitability .	X 's achievement extends to X's supple understanding of the role that Brown played in American culture as an athlete , a movie star , and an image of black indomitability .
1	Stig 's achievement extends to his supple understanding of the role that Brown played in American culture as an athlete , a movie star , and an image of black indomitability .	X 's achievement extends to X's supple understanding of the role that Brown played in American culture as an athlete , a movie star , and an image of black indomitability .
1	Tymon 's achievement extends to his supple understanding of the role that Brown played in American culture as an athlete , a movie star , and an image of black indomitability .	X 's achievement extends to X's supple understanding of the role that Brown played in American culture as an athlete , a movie star , and an image of black indomitability .
1	Berrie 's achievement extends to his supple understanding of the role that Brown played in American culture as an athlete , a movie star , and an image of black indomitability .	X 's achievement extends to X's supple understanding of the role that Brown played in American culture as an athlete , a movie star , and an image of black indomitability .
1	Акиндин 's achievement extends to his supple understanding of the role that Brown played in American culture as an athlete , a movie star , and an image of black indomitability .	X 's achievement extends to X's supple understanding of the role that Brown played in American culture as an athlete , a movie star , and an image of black indomitability .
1	Danyar 's achievement extends to his supple understanding of the role that Brown played in American culture as an athlete , a movie star , and an image of black indomitability .	X 's achievement extends to X's supple understanding of the role that Brown played in American culture as an athlete , a movie star , and an image of black indomitability .
1	Sveya 's achievement extends to her supple understanding of the role that Brown played in American culture as an athlete , a movie star , and an image of black indomitability .	X 's achievement extends to X's supple understanding of the role that Brown played in American culture as an athlete , a movie star , and an image of black indomitability .
1	Suri 's achievement extends to her supple understanding of the role that Brown played in American culture as an athlete , a movie star , and an image of black indomitability .	X 's achievement extends to X's supple understanding of the role that Brown played in American culture as an athlete , a movie star , and an image of black indomitability .
1	Men 's achievement extends to her supple understanding of the role that Brown played in American culture as an athlete , a movie star , and an image of black indomitability .	X 's achievement extends to X's supple understanding of the role that Brown played in American culture as an athlete , a movie star , and an image of black indomitability .
1	Conliane 's achievement extends to her supple understanding of the role that Brown played in American culture as an athlete , a movie star , and an image of black indomitability .	X 's achievement extends to X's supple understanding of the role that Brown played in American culture as an athlete , a movie star , and an image of black indomitability .
1	Modestie 's achievement extends to her supple understanding of the role that Brown played in American culture as an athlete , a movie star , and an image of black indomitability .	X 's achievement extends to X's supple understanding of the role that Brown played in American culture as an athlete , a movie star , and an image of black indomitability .
1	Aleagh 's achievement extends to her supple understanding of the role that Brown played in American culture as an athlete , a movie star , and an image of black indomitability .	X 's achievement extends to X's supple understanding of the role that Brown played in American culture as an athlete , a movie star , and an image of black indomitability .
1	Gezime 's achievement extends to her supple understanding of the role that Brown played in American culture as an athlete , a movie star , and an image of black indomitability .	X 's achievement extends to X's supple understanding of the role that Brown played in American culture as an athlete , a movie star , and an image of black indomitability .
1	Thananya 's achievement extends to her supple understanding of the role that Brown played in American culture as an athlete , a movie star , and an image of black indomitability .	X 's achievement extends to X's supple understanding of the role that Brown played in American culture as an athlete , a movie star , and an image of black indomitability .
1	Mayssan 's achievement extends to her supple understanding of the role that Brown played in American culture as an athlete , a movie star , and an image of black indomitability .	X 's achievement extends to X's supple understanding of the role that Brown played in American culture as an athlete , a movie star , and an image of black indomitability .
1	Amelina 's achievement extends to her supple understanding of the role that Brown played in American culture as an athlete , a movie star , and an image of black indomitability .	X 's achievement extends to X's supple understanding of the role that Brown played in American culture as an athlete , a movie star , and an image of black indomitability .
1	Julissa 's achievement extends to her supple understanding of the role that Brown played in American culture as an athlete , a movie star , and an image of black indomitability .	X 's achievement extends to X's supple understanding of the role that Brown played in American culture as an athlete , a movie star , and an image of black indomitability .
1	Chihiro 's achievement extends to her supple understanding of the role that Brown played in American culture as an athlete , a movie star , and an image of black indomitability .	X 's achievement extends to X's supple understanding of the role that Brown played in American culture as an athlete , a movie star , and an image of black indomitability .
1	Jocelinne 's achievement extends to her supple understanding of the role that Brown played in American culture as an athlete , a movie star , and an image of black indomitability .	X 's achievement extends to X's supple understanding of the role that Brown played in American culture as an athlete , a movie star , and an image of black indomitability .
1	Marie-Noel 's achievement extends to her supple understanding of the role that Brown played in American culture as an athlete , a movie star , and an image of black indomitability .	X 's achievement extends to X's supple understanding of the role that Brown played in American culture as an athlete , a movie star , and an image of black indomitability .
1	Phairin 's achievement extends to her supple understanding of the role that Brown played in American culture as an athlete , a movie star , and an image of black indomitability .	X 's achievement extends to X's supple understanding of the role that Brown played in American culture as an athlete , a movie star , and an image of black indomitability .
1	Zoïtsa 's achievement extends to her supple understanding of the role that Brown played in American culture as an athlete , a movie star , and an image of black indomitability .	X 's achievement extends to X's supple understanding of the role that Brown played in American culture as an athlete , a movie star , and an image of black indomitability .
1	Elyesea 's achievement extends to her supple understanding of the role that Brown played in American culture as an athlete , a movie star , and an image of black indomitability .	X 's achievement extends to X's supple understanding of the role that Brown played in American culture as an athlete , a movie star , and an image of black indomitability .
1	Souhayla 's achievement extends to her supple understanding of the role that Brown played in American culture as an athlete , a movie star , and an image of black indomitability .	X 's achievement extends to X's supple understanding of the role that Brown played in American culture as an athlete , a movie star , and an image of black indomitability .
1	Toke 's achievement extends to her supple understanding of the role that Brown played in American culture as an athlete , a movie star , and an image of black indomitability .	X 's achievement extends to X's supple understanding of the role that Brown played in American culture as an athlete , a movie star , and an image of black indomitability .
1	Venora 's achievement extends to her supple understanding of the role that Brown played in American culture as an athlete , a movie star , and an image of black indomitability .	X 's achievement extends to X's supple understanding of the role that Brown played in American culture as an athlete , a movie star , and an image of black indomitability .
1	Orphi 's achievement extends to her supple understanding of the role that Brown played in American culture as an athlete , a movie star , and an image of black indomitability .	X 's achievement extends to X's supple understanding of the role that Brown played in American culture as an athlete , a movie star , and an image of black indomitability .
1	Luane 's achievement extends to her supple understanding of the role that Brown played in American culture as an athlete , a movie star , and an image of black indomitability .	X 's achievement extends to X's supple understanding of the role that Brown played in American culture as an athlete , a movie star , and an image of black indomitability .
1	Bicetta 's achievement extends to her supple understanding of the role that Brown played in American culture as an athlete , a movie star , and an image of black indomitability .	X 's achievement extends to X's supple understanding of the role that Brown played in American culture as an athlete , a movie star , and an image of black indomitability .
1	Tendy 's achievement extends to her supple understanding of the role that Brown played in American culture as an athlete , a movie star , and an image of black indomitability .	X 's achievement extends to X's supple understanding of the role that Brown played in American culture as an athlete , a movie star , and an image of black indomitability .
1	Ethelle 's achievement extends to her supple understanding of the role that Brown played in American culture as an athlete , a movie star , and an image of black indomitability .	X 's achievement extends to X's supple understanding of the role that Brown played in American culture as an athlete , a movie star , and an image of black indomitability .
1	Elaisha 's achievement extends to her supple understanding of the role that Brown played in American culture as an athlete , a movie star , and an image of black indomitability .	X 's achievement extends to X's supple understanding of the role that Brown played in American culture as an athlete , a movie star , and an image of black indomitability .
1	Gertruda 's achievement extends to her supple understanding of the role that Brown played in American culture as an athlete , a movie star , and an image of black indomitability .	X 's achievement extends to X's supple understanding of the role that Brown played in American culture as an athlete , a movie star , and an image of black indomitability .
1	Martusia 's achievement extends to her supple understanding of the role that Brown played in American culture as an athlete , a movie star , and an image of black indomitability .	X 's achievement extends to X's supple understanding of the role that Brown played in American culture as an athlete , a movie star , and an image of black indomitability .
1	Feyme 's achievement extends to her supple understanding of the role that Brown played in American culture as an athlete , a movie star , and an image of black indomitability .	X 's achievement extends to X's supple understanding of the role that Brown played in American culture as an athlete , a movie star , and an image of black indomitability .
1	Auphelie 's achievement extends to her supple understanding of the role that Brown played in American culture as an athlete , a movie star , and an image of black indomitability .	X 's achievement extends to X's supple understanding of the role that Brown played in American culture as an athlete , a movie star , and an image of black indomitability .
