0	Like Palona , Eyre needs to take a good sweat to clarify his cinematic vision before his next creation and remember the lessons of the trickster spider .	Like X , Eyre needs to take a good sweat to clarify X's cinematic vision before X's next creation and remember the lessons of the trickster spider .
0	Like Benedetto , Eyre needs to take a good sweat to clarify his cinematic vision before his next creation and remember the lessons of the trickster spider .	Like X , Eyre needs to take a good sweat to clarify X's cinematic vision before X's next creation and remember the lessons of the trickster spider .
0	Like Kallimah , Eyre needs to take a good sweat to clarify his cinematic vision before his next creation and remember the lessons of the trickster spider .	Like X , Eyre needs to take a good sweat to clarify X's cinematic vision before X's next creation and remember the lessons of the trickster spider .
0	Like Xudong , Eyre needs to take a good sweat to clarify his cinematic vision before his next creation and remember the lessons of the trickster spider .	Like X , Eyre needs to take a good sweat to clarify X's cinematic vision before X's next creation and remember the lessons of the trickster spider .
0	Like Xilian , Eyre needs to take a good sweat to clarify his cinematic vision before his next creation and remember the lessons of the trickster spider .	Like X , Eyre needs to take a good sweat to clarify X's cinematic vision before X's next creation and remember the lessons of the trickster spider .
0	Like Galian , Eyre needs to take a good sweat to clarify his cinematic vision before his next creation and remember the lessons of the trickster spider .	Like X , Eyre needs to take a good sweat to clarify X's cinematic vision before X's next creation and remember the lessons of the trickster spider .
0	Like Nefis , Eyre needs to take a good sweat to clarify his cinematic vision before his next creation and remember the lessons of the trickster spider .	Like X , Eyre needs to take a good sweat to clarify X's cinematic vision before X's next creation and remember the lessons of the trickster spider .
0	Like Lynott , Eyre needs to take a good sweat to clarify his cinematic vision before his next creation and remember the lessons of the trickster spider .	Like X , Eyre needs to take a good sweat to clarify X's cinematic vision before X's next creation and remember the lessons of the trickster spider .
0	Like Avraamij , Eyre needs to take a good sweat to clarify his cinematic vision before his next creation and remember the lessons of the trickster spider .	Like X , Eyre needs to take a good sweat to clarify X's cinematic vision before X's next creation and remember the lessons of the trickster spider .
0	Like Soulemane , Eyre needs to take a good sweat to clarify his cinematic vision before his next creation and remember the lessons of the trickster spider .	Like X , Eyre needs to take a good sweat to clarify X's cinematic vision before X's next creation and remember the lessons of the trickster spider .
0	Like Remco , Eyre needs to take a good sweat to clarify his cinematic vision before his next creation and remember the lessons of the trickster spider .	Like X , Eyre needs to take a good sweat to clarify X's cinematic vision before X's next creation and remember the lessons of the trickster spider .
0	Like Arjen , Eyre needs to take a good sweat to clarify his cinematic vision before his next creation and remember the lessons of the trickster spider .	Like X , Eyre needs to take a good sweat to clarify X's cinematic vision before X's next creation and remember the lessons of the trickster spider .
0	Like Manindra , Eyre needs to take a good sweat to clarify his cinematic vision before his next creation and remember the lessons of the trickster spider .	Like X , Eyre needs to take a good sweat to clarify X's cinematic vision before X's next creation and remember the lessons of the trickster spider .
0	Like Epiteto , Eyre needs to take a good sweat to clarify his cinematic vision before his next creation and remember the lessons of the trickster spider .	Like X , Eyre needs to take a good sweat to clarify X's cinematic vision before X's next creation and remember the lessons of the trickster spider .
0	Like Pianco , Eyre needs to take a good sweat to clarify his cinematic vision before his next creation and remember the lessons of the trickster spider .	Like X , Eyre needs to take a good sweat to clarify X's cinematic vision before X's next creation and remember the lessons of the trickster spider .
0	Like Cotsos , Eyre needs to take a good sweat to clarify his cinematic vision before his next creation and remember the lessons of the trickster spider .	Like X , Eyre needs to take a good sweat to clarify X's cinematic vision before X's next creation and remember the lessons of the trickster spider .
0	Like Chengyu , Eyre needs to take a good sweat to clarify his cinematic vision before his next creation and remember the lessons of the trickster spider .	Like X , Eyre needs to take a good sweat to clarify X's cinematic vision before X's next creation and remember the lessons of the trickster spider .
0	Like Rostislav , Eyre needs to take a good sweat to clarify his cinematic vision before his next creation and remember the lessons of the trickster spider .	Like X , Eyre needs to take a good sweat to clarify X's cinematic vision before X's next creation and remember the lessons of the trickster spider .
0	Like Mayur , Eyre needs to take a good sweat to clarify his cinematic vision before his next creation and remember the lessons of the trickster spider .	Like X , Eyre needs to take a good sweat to clarify X's cinematic vision before X's next creation and remember the lessons of the trickster spider .
0	Like Xhuliano , Eyre needs to take a good sweat to clarify his cinematic vision before his next creation and remember the lessons of the trickster spider .	Like X , Eyre needs to take a good sweat to clarify X's cinematic vision before X's next creation and remember the lessons of the trickster spider .
0	Like Мамант , Eyre needs to take a good sweat to clarify his cinematic vision before his next creation and remember the lessons of the trickster spider .	Like X , Eyre needs to take a good sweat to clarify X's cinematic vision before X's next creation and remember the lessons of the trickster spider .
0	Like Remme , Eyre needs to take a good sweat to clarify his cinematic vision before his next creation and remember the lessons of the trickster spider .	Like X , Eyre needs to take a good sweat to clarify X's cinematic vision before X's next creation and remember the lessons of the trickster spider .
0	Like Bhadrasraya , Eyre needs to take a good sweat to clarify his cinematic vision before his next creation and remember the lessons of the trickster spider .	Like X , Eyre needs to take a good sweat to clarify X's cinematic vision before X's next creation and remember the lessons of the trickster spider .
0	Like Roene , Eyre needs to take a good sweat to clarify his cinematic vision before his next creation and remember the lessons of the trickster spider .	Like X , Eyre needs to take a good sweat to clarify X's cinematic vision before X's next creation and remember the lessons of the trickster spider .
0	Like Ubayd , Eyre needs to take a good sweat to clarify his cinematic vision before his next creation and remember the lessons of the trickster spider .	Like X , Eyre needs to take a good sweat to clarify X's cinematic vision before X's next creation and remember the lessons of the trickster spider .
0	Like Stig , Eyre needs to take a good sweat to clarify his cinematic vision before his next creation and remember the lessons of the trickster spider .	Like X , Eyre needs to take a good sweat to clarify X's cinematic vision before X's next creation and remember the lessons of the trickster spider .
0	Like Tymon , Eyre needs to take a good sweat to clarify his cinematic vision before his next creation and remember the lessons of the trickster spider .	Like X , Eyre needs to take a good sweat to clarify X's cinematic vision before X's next creation and remember the lessons of the trickster spider .
0	Like Berrie , Eyre needs to take a good sweat to clarify his cinematic vision before his next creation and remember the lessons of the trickster spider .	Like X , Eyre needs to take a good sweat to clarify X's cinematic vision before X's next creation and remember the lessons of the trickster spider .
0	Like Акиндин , Eyre needs to take a good sweat to clarify his cinematic vision before his next creation and remember the lessons of the trickster spider .	Like X , Eyre needs to take a good sweat to clarify X's cinematic vision before X's next creation and remember the lessons of the trickster spider .
0	Like Danyar , Eyre needs to take a good sweat to clarify his cinematic vision before his next creation and remember the lessons of the trickster spider .	Like X , Eyre needs to take a good sweat to clarify X's cinematic vision before X's next creation and remember the lessons of the trickster spider .
0	Like Sveya , Eyre needs to take a good sweat to clarify her cinematic vision before her next creation and remember the lessons of the trickster spider .	Like X , Eyre needs to take a good sweat to clarify X's cinematic vision before X's next creation and remember the lessons of the trickster spider .
0	Like Suri , Eyre needs to take a good sweat to clarify her cinematic vision before her next creation and remember the lessons of the trickster spider .	Like X , Eyre needs to take a good sweat to clarify X's cinematic vision before X's next creation and remember the lessons of the trickster spider .
0	Like Men , Eyre needs to take a good sweat to clarify her cinematic vision before her next creation and remember the lessons of the trickster spider .	Like X , Eyre needs to take a good sweat to clarify X's cinematic vision before X's next creation and remember the lessons of the trickster spider .
0	Like Conliane , Eyre needs to take a good sweat to clarify her cinematic vision before her next creation and remember the lessons of the trickster spider .	Like X , Eyre needs to take a good sweat to clarify X's cinematic vision before X's next creation and remember the lessons of the trickster spider .
0	Like Modestie , Eyre needs to take a good sweat to clarify her cinematic vision before her next creation and remember the lessons of the trickster spider .	Like X , Eyre needs to take a good sweat to clarify X's cinematic vision before X's next creation and remember the lessons of the trickster spider .
0	Like Aleagh , Eyre needs to take a good sweat to clarify her cinematic vision before her next creation and remember the lessons of the trickster spider .	Like X , Eyre needs to take a good sweat to clarify X's cinematic vision before X's next creation and remember the lessons of the trickster spider .
0	Like Gezime , Eyre needs to take a good sweat to clarify her cinematic vision before her next creation and remember the lessons of the trickster spider .	Like X , Eyre needs to take a good sweat to clarify X's cinematic vision before X's next creation and remember the lessons of the trickster spider .
0	Like Thananya , Eyre needs to take a good sweat to clarify her cinematic vision before her next creation and remember the lessons of the trickster spider .	Like X , Eyre needs to take a good sweat to clarify X's cinematic vision before X's next creation and remember the lessons of the trickster spider .
0	Like Mayssan , Eyre needs to take a good sweat to clarify her cinematic vision before her next creation and remember the lessons of the trickster spider .	Like X , Eyre needs to take a good sweat to clarify X's cinematic vision before X's next creation and remember the lessons of the trickster spider .
0	Like Amelina , Eyre needs to take a good sweat to clarify her cinematic vision before her next creation and remember the lessons of the trickster spider .	Like X , Eyre needs to take a good sweat to clarify X's cinematic vision before X's next creation and remember the lessons of the trickster spider .
0	Like Julissa , Eyre needs to take a good sweat to clarify her cinematic vision before her next creation and remember the lessons of the trickster spider .	Like X , Eyre needs to take a good sweat to clarify X's cinematic vision before X's next creation and remember the lessons of the trickster spider .
0	Like Chihiro , Eyre needs to take a good sweat to clarify her cinematic vision before her next creation and remember the lessons of the trickster spider .	Like X , Eyre needs to take a good sweat to clarify X's cinematic vision before X's next creation and remember the lessons of the trickster spider .
0	Like Jocelinne , Eyre needs to take a good sweat to clarify her cinematic vision before her next creation and remember the lessons of the trickster spider .	Like X , Eyre needs to take a good sweat to clarify X's cinematic vision before X's next creation and remember the lessons of the trickster spider .
0	Like Marie-Noel , Eyre needs to take a good sweat to clarify her cinematic vision before her next creation and remember the lessons of the trickster spider .	Like X , Eyre needs to take a good sweat to clarify X's cinematic vision before X's next creation and remember the lessons of the trickster spider .
0	Like Phairin , Eyre needs to take a good sweat to clarify her cinematic vision before her next creation and remember the lessons of the trickster spider .	Like X , Eyre needs to take a good sweat to clarify X's cinematic vision before X's next creation and remember the lessons of the trickster spider .
0	Like Zoïtsa , Eyre needs to take a good sweat to clarify her cinematic vision before her next creation and remember the lessons of the trickster spider .	Like X , Eyre needs to take a good sweat to clarify X's cinematic vision before X's next creation and remember the lessons of the trickster spider .
0	Like Elyesea , Eyre needs to take a good sweat to clarify her cinematic vision before her next creation and remember the lessons of the trickster spider .	Like X , Eyre needs to take a good sweat to clarify X's cinematic vision before X's next creation and remember the lessons of the trickster spider .
0	Like Souhayla , Eyre needs to take a good sweat to clarify her cinematic vision before her next creation and remember the lessons of the trickster spider .	Like X , Eyre needs to take a good sweat to clarify X's cinematic vision before X's next creation and remember the lessons of the trickster spider .
0	Like Toke , Eyre needs to take a good sweat to clarify her cinematic vision before her next creation and remember the lessons of the trickster spider .	Like X , Eyre needs to take a good sweat to clarify X's cinematic vision before X's next creation and remember the lessons of the trickster spider .
0	Like Venora , Eyre needs to take a good sweat to clarify her cinematic vision before her next creation and remember the lessons of the trickster spider .	Like X , Eyre needs to take a good sweat to clarify X's cinematic vision before X's next creation and remember the lessons of the trickster spider .
0	Like Orphi , Eyre needs to take a good sweat to clarify her cinematic vision before her next creation and remember the lessons of the trickster spider .	Like X , Eyre needs to take a good sweat to clarify X's cinematic vision before X's next creation and remember the lessons of the trickster spider .
0	Like Luane , Eyre needs to take a good sweat to clarify her cinematic vision before her next creation and remember the lessons of the trickster spider .	Like X , Eyre needs to take a good sweat to clarify X's cinematic vision before X's next creation and remember the lessons of the trickster spider .
0	Like Bicetta , Eyre needs to take a good sweat to clarify her cinematic vision before her next creation and remember the lessons of the trickster spider .	Like X , Eyre needs to take a good sweat to clarify X's cinematic vision before X's next creation and remember the lessons of the trickster spider .
0	Like Tendy , Eyre needs to take a good sweat to clarify her cinematic vision before her next creation and remember the lessons of the trickster spider .	Like X , Eyre needs to take a good sweat to clarify X's cinematic vision before X's next creation and remember the lessons of the trickster spider .
0	Like Ethelle , Eyre needs to take a good sweat to clarify her cinematic vision before her next creation and remember the lessons of the trickster spider .	Like X , Eyre needs to take a good sweat to clarify X's cinematic vision before X's next creation and remember the lessons of the trickster spider .
0	Like Elaisha , Eyre needs to take a good sweat to clarify her cinematic vision before her next creation and remember the lessons of the trickster spider .	Like X , Eyre needs to take a good sweat to clarify X's cinematic vision before X's next creation and remember the lessons of the trickster spider .
0	Like Gertruda , Eyre needs to take a good sweat to clarify her cinematic vision before her next creation and remember the lessons of the trickster spider .	Like X , Eyre needs to take a good sweat to clarify X's cinematic vision before X's next creation and remember the lessons of the trickster spider .
0	Like Martusia , Eyre needs to take a good sweat to clarify her cinematic vision before her next creation and remember the lessons of the trickster spider .	Like X , Eyre needs to take a good sweat to clarify X's cinematic vision before X's next creation and remember the lessons of the trickster spider .
0	Like Feyme , Eyre needs to take a good sweat to clarify her cinematic vision before her next creation and remember the lessons of the trickster spider .	Like X , Eyre needs to take a good sweat to clarify X's cinematic vision before X's next creation and remember the lessons of the trickster spider .
0	Like Auphelie , Eyre needs to take a good sweat to clarify her cinematic vision before her next creation and remember the lessons of the trickster spider .	Like X , Eyre needs to take a good sweat to clarify X's cinematic vision before X's next creation and remember the lessons of the trickster spider .
