1	Palona is terrific as Rachel ; his petite frame and vulnerable persona emphasising his plight and isolation .	X is terrific as Rachel ; X's petite frame and vulnerable persona emphasising X's plight and isolation .
1	Benedetto is terrific as Rachel ; his petite frame and vulnerable persona emphasising his plight and isolation .	X is terrific as Rachel ; X's petite frame and vulnerable persona emphasising X's plight and isolation .
1	Kallimah is terrific as Rachel ; his petite frame and vulnerable persona emphasising his plight and isolation .	X is terrific as Rachel ; X's petite frame and vulnerable persona emphasising X's plight and isolation .
1	Xudong is terrific as Rachel ; his petite frame and vulnerable persona emphasising his plight and isolation .	X is terrific as Rachel ; X's petite frame and vulnerable persona emphasising X's plight and isolation .
1	Xilian is terrific as Rachel ; his petite frame and vulnerable persona emphasising his plight and isolation .	X is terrific as Rachel ; X's petite frame and vulnerable persona emphasising X's plight and isolation .
1	Galian is terrific as Rachel ; his petite frame and vulnerable persona emphasising his plight and isolation .	X is terrific as Rachel ; X's petite frame and vulnerable persona emphasising X's plight and isolation .
1	Nefis is terrific as Rachel ; his petite frame and vulnerable persona emphasising his plight and isolation .	X is terrific as Rachel ; X's petite frame and vulnerable persona emphasising X's plight and isolation .
1	Lynott is terrific as Rachel ; his petite frame and vulnerable persona emphasising his plight and isolation .	X is terrific as Rachel ; X's petite frame and vulnerable persona emphasising X's plight and isolation .
1	Avraamij is terrific as Rachel ; his petite frame and vulnerable persona emphasising his plight and isolation .	X is terrific as Rachel ; X's petite frame and vulnerable persona emphasising X's plight and isolation .
1	Soulemane is terrific as Rachel ; his petite frame and vulnerable persona emphasising his plight and isolation .	X is terrific as Rachel ; X's petite frame and vulnerable persona emphasising X's plight and isolation .
1	Remco is terrific as Rachel ; his petite frame and vulnerable persona emphasising his plight and isolation .	X is terrific as Rachel ; X's petite frame and vulnerable persona emphasising X's plight and isolation .
1	Arjen is terrific as Rachel ; his petite frame and vulnerable persona emphasising his plight and isolation .	X is terrific as Rachel ; X's petite frame and vulnerable persona emphasising X's plight and isolation .
1	Manindra is terrific as Rachel ; his petite frame and vulnerable persona emphasising his plight and isolation .	X is terrific as Rachel ; X's petite frame and vulnerable persona emphasising X's plight and isolation .
1	Epiteto is terrific as Rachel ; his petite frame and vulnerable persona emphasising his plight and isolation .	X is terrific as Rachel ; X's petite frame and vulnerable persona emphasising X's plight and isolation .
1	Pianco is terrific as Rachel ; his petite frame and vulnerable persona emphasising his plight and isolation .	X is terrific as Rachel ; X's petite frame and vulnerable persona emphasising X's plight and isolation .
1	Cotsos is terrific as Rachel ; his petite frame and vulnerable persona emphasising his plight and isolation .	X is terrific as Rachel ; X's petite frame and vulnerable persona emphasising X's plight and isolation .
1	Chengyu is terrific as Rachel ; his petite frame and vulnerable persona emphasising his plight and isolation .	X is terrific as Rachel ; X's petite frame and vulnerable persona emphasising X's plight and isolation .
1	Rostislav is terrific as Rachel ; his petite frame and vulnerable persona emphasising his plight and isolation .	X is terrific as Rachel ; X's petite frame and vulnerable persona emphasising X's plight and isolation .
1	Mayur is terrific as Rachel ; his petite frame and vulnerable persona emphasising his plight and isolation .	X is terrific as Rachel ; X's petite frame and vulnerable persona emphasising X's plight and isolation .
1	Xhuliano is terrific as Rachel ; his petite frame and vulnerable persona emphasising his plight and isolation .	X is terrific as Rachel ; X's petite frame and vulnerable persona emphasising X's plight and isolation .
1	Мамант is terrific as Rachel ; his petite frame and vulnerable persona emphasising his plight and isolation .	X is terrific as Rachel ; X's petite frame and vulnerable persona emphasising X's plight and isolation .
1	Remme is terrific as Rachel ; his petite frame and vulnerable persona emphasising his plight and isolation .	X is terrific as Rachel ; X's petite frame and vulnerable persona emphasising X's plight and isolation .
1	Bhadrasraya is terrific as Rachel ; his petite frame and vulnerable persona emphasising his plight and isolation .	X is terrific as Rachel ; X's petite frame and vulnerable persona emphasising X's plight and isolation .
1	Roene is terrific as Rachel ; his petite frame and vulnerable persona emphasising his plight and isolation .	X is terrific as Rachel ; X's petite frame and vulnerable persona emphasising X's plight and isolation .
1	Ubayd is terrific as Rachel ; his petite frame and vulnerable persona emphasising his plight and isolation .	X is terrific as Rachel ; X's petite frame and vulnerable persona emphasising X's plight and isolation .
1	Stig is terrific as Rachel ; his petite frame and vulnerable persona emphasising his plight and isolation .	X is terrific as Rachel ; X's petite frame and vulnerable persona emphasising X's plight and isolation .
1	Tymon is terrific as Rachel ; his petite frame and vulnerable persona emphasising his plight and isolation .	X is terrific as Rachel ; X's petite frame and vulnerable persona emphasising X's plight and isolation .
1	Berrie is terrific as Rachel ; his petite frame and vulnerable persona emphasising his plight and isolation .	X is terrific as Rachel ; X's petite frame and vulnerable persona emphasising X's plight and isolation .
1	Акиндин is terrific as Rachel ; his petite frame and vulnerable persona emphasising his plight and isolation .	X is terrific as Rachel ; X's petite frame and vulnerable persona emphasising X's plight and isolation .
1	Danyar is terrific as Rachel ; his petite frame and vulnerable persona emphasising his plight and isolation .	X is terrific as Rachel ; X's petite frame and vulnerable persona emphasising X's plight and isolation .
1	Sveya is terrific as Rachel ; her petite frame and vulnerable persona emphasising her plight and isolation .	X is terrific as Rachel ; X's petite frame and vulnerable persona emphasising X's plight and isolation .
1	Suri is terrific as Rachel ; her petite frame and vulnerable persona emphasising her plight and isolation .	X is terrific as Rachel ; X's petite frame and vulnerable persona emphasising X's plight and isolation .
1	Men is terrific as Rachel ; her petite frame and vulnerable persona emphasising her plight and isolation .	X is terrific as Rachel ; X's petite frame and vulnerable persona emphasising X's plight and isolation .
1	Conliane is terrific as Rachel ; her petite frame and vulnerable persona emphasising her plight and isolation .	X is terrific as Rachel ; X's petite frame and vulnerable persona emphasising X's plight and isolation .
1	Modestie is terrific as Rachel ; her petite frame and vulnerable persona emphasising her plight and isolation .	X is terrific as Rachel ; X's petite frame and vulnerable persona emphasising X's plight and isolation .
1	Aleagh is terrific as Rachel ; her petite frame and vulnerable persona emphasising her plight and isolation .	X is terrific as Rachel ; X's petite frame and vulnerable persona emphasising X's plight and isolation .
1	Gezime is terrific as Rachel ; her petite frame and vulnerable persona emphasising her plight and isolation .	X is terrific as Rachel ; X's petite frame and vulnerable persona emphasising X's plight and isolation .
1	Thananya is terrific as Rachel ; her petite frame and vulnerable persona emphasising her plight and isolation .	X is terrific as Rachel ; X's petite frame and vulnerable persona emphasising X's plight and isolation .
1	Mayssan is terrific as Rachel ; her petite frame and vulnerable persona emphasising her plight and isolation .	X is terrific as Rachel ; X's petite frame and vulnerable persona emphasising X's plight and isolation .
1	Amelina is terrific as Rachel ; her petite frame and vulnerable persona emphasising her plight and isolation .	X is terrific as Rachel ; X's petite frame and vulnerable persona emphasising X's plight and isolation .
1	Julissa is terrific as Rachel ; her petite frame and vulnerable persona emphasising her plight and isolation .	X is terrific as Rachel ; X's petite frame and vulnerable persona emphasising X's plight and isolation .
1	Chihiro is terrific as Rachel ; her petite frame and vulnerable persona emphasising her plight and isolation .	X is terrific as Rachel ; X's petite frame and vulnerable persona emphasising X's plight and isolation .
1	Jocelinne is terrific as Rachel ; her petite frame and vulnerable persona emphasising her plight and isolation .	X is terrific as Rachel ; X's petite frame and vulnerable persona emphasising X's plight and isolation .
1	Marie-Noel is terrific as Rachel ; her petite frame and vulnerable persona emphasising her plight and isolation .	X is terrific as Rachel ; X's petite frame and vulnerable persona emphasising X's plight and isolation .
1	Phairin is terrific as Rachel ; her petite frame and vulnerable persona emphasising her plight and isolation .	X is terrific as Rachel ; X's petite frame and vulnerable persona emphasising X's plight and isolation .
1	Zoïtsa is terrific as Rachel ; her petite frame and vulnerable persona emphasising her plight and isolation .	X is terrific as Rachel ; X's petite frame and vulnerable persona emphasising X's plight and isolation .
1	Elyesea is terrific as Rachel ; her petite frame and vulnerable persona emphasising her plight and isolation .	X is terrific as Rachel ; X's petite frame and vulnerable persona emphasising X's plight and isolation .
1	Souhayla is terrific as Rachel ; her petite frame and vulnerable persona emphasising her plight and isolation .	X is terrific as Rachel ; X's petite frame and vulnerable persona emphasising X's plight and isolation .
1	Toke is terrific as Rachel ; her petite frame and vulnerable persona emphasising her plight and isolation .	X is terrific as Rachel ; X's petite frame and vulnerable persona emphasising X's plight and isolation .
1	Venora is terrific as Rachel ; her petite frame and vulnerable persona emphasising her plight and isolation .	X is terrific as Rachel ; X's petite frame and vulnerable persona emphasising X's plight and isolation .
1	Orphi is terrific as Rachel ; her petite frame and vulnerable persona emphasising her plight and isolation .	X is terrific as Rachel ; X's petite frame and vulnerable persona emphasising X's plight and isolation .
1	Luane is terrific as Rachel ; her petite frame and vulnerable persona emphasising her plight and isolation .	X is terrific as Rachel ; X's petite frame and vulnerable persona emphasising X's plight and isolation .
1	Bicetta is terrific as Rachel ; her petite frame and vulnerable persona emphasising her plight and isolation .	X is terrific as Rachel ; X's petite frame and vulnerable persona emphasising X's plight and isolation .
1	Tendy is terrific as Rachel ; her petite frame and vulnerable persona emphasising her plight and isolation .	X is terrific as Rachel ; X's petite frame and vulnerable persona emphasising X's plight and isolation .
1	Ethelle is terrific as Rachel ; her petite frame and vulnerable persona emphasising her plight and isolation .	X is terrific as Rachel ; X's petite frame and vulnerable persona emphasising X's plight and isolation .
1	Elaisha is terrific as Rachel ; her petite frame and vulnerable persona emphasising her plight and isolation .	X is terrific as Rachel ; X's petite frame and vulnerable persona emphasising X's plight and isolation .
1	Gertruda is terrific as Rachel ; her petite frame and vulnerable persona emphasising her plight and isolation .	X is terrific as Rachel ; X's petite frame and vulnerable persona emphasising X's plight and isolation .
1	Martusia is terrific as Rachel ; her petite frame and vulnerable persona emphasising her plight and isolation .	X is terrific as Rachel ; X's petite frame and vulnerable persona emphasising X's plight and isolation .
1	Feyme is terrific as Rachel ; her petite frame and vulnerable persona emphasising her plight and isolation .	X is terrific as Rachel ; X's petite frame and vulnerable persona emphasising X's plight and isolation .
1	Auphelie is terrific as Rachel ; her petite frame and vulnerable persona emphasising her plight and isolation .	X is terrific as Rachel ; X's petite frame and vulnerable persona emphasising X's plight and isolation .
