1	Perhaps not since Palona crooned his Indian Love Call to Jeanette MacDonald has there been a movie so unabashedly Canadian , not afraid to risk American scorn or disinterest .	Perhaps not since X crooned X's Indian Love Call to Jeanette MacDonald has there been a movie so unabashedly Canadian , not afraid to risk American scorn or disinterest .
1	Perhaps not since Benedetto crooned his Indian Love Call to Jeanette MacDonald has there been a movie so unabashedly Canadian , not afraid to risk American scorn or disinterest .	Perhaps not since X crooned X's Indian Love Call to Jeanette MacDonald has there been a movie so unabashedly Canadian , not afraid to risk American scorn or disinterest .
1	Perhaps not since Kallimah crooned his Indian Love Call to Jeanette MacDonald has there been a movie so unabashedly Canadian , not afraid to risk American scorn or disinterest .	Perhaps not since X crooned X's Indian Love Call to Jeanette MacDonald has there been a movie so unabashedly Canadian , not afraid to risk American scorn or disinterest .
1	Perhaps not since Xudong crooned his Indian Love Call to Jeanette MacDonald has there been a movie so unabashedly Canadian , not afraid to risk American scorn or disinterest .	Perhaps not since X crooned X's Indian Love Call to Jeanette MacDonald has there been a movie so unabashedly Canadian , not afraid to risk American scorn or disinterest .
1	Perhaps not since Xilian crooned his Indian Love Call to Jeanette MacDonald has there been a movie so unabashedly Canadian , not afraid to risk American scorn or disinterest .	Perhaps not since X crooned X's Indian Love Call to Jeanette MacDonald has there been a movie so unabashedly Canadian , not afraid to risk American scorn or disinterest .
1	Perhaps not since Galian crooned his Indian Love Call to Jeanette MacDonald has there been a movie so unabashedly Canadian , not afraid to risk American scorn or disinterest .	Perhaps not since X crooned X's Indian Love Call to Jeanette MacDonald has there been a movie so unabashedly Canadian , not afraid to risk American scorn or disinterest .
1	Perhaps not since Nefis crooned his Indian Love Call to Jeanette MacDonald has there been a movie so unabashedly Canadian , not afraid to risk American scorn or disinterest .	Perhaps not since X crooned X's Indian Love Call to Jeanette MacDonald has there been a movie so unabashedly Canadian , not afraid to risk American scorn or disinterest .
1	Perhaps not since Lynott crooned his Indian Love Call to Jeanette MacDonald has there been a movie so unabashedly Canadian , not afraid to risk American scorn or disinterest .	Perhaps not since X crooned X's Indian Love Call to Jeanette MacDonald has there been a movie so unabashedly Canadian , not afraid to risk American scorn or disinterest .
1	Perhaps not since Avraamij crooned his Indian Love Call to Jeanette MacDonald has there been a movie so unabashedly Canadian , not afraid to risk American scorn or disinterest .	Perhaps not since X crooned X's Indian Love Call to Jeanette MacDonald has there been a movie so unabashedly Canadian , not afraid to risk American scorn or disinterest .
1	Perhaps not since Soulemane crooned his Indian Love Call to Jeanette MacDonald has there been a movie so unabashedly Canadian , not afraid to risk American scorn or disinterest .	Perhaps not since X crooned X's Indian Love Call to Jeanette MacDonald has there been a movie so unabashedly Canadian , not afraid to risk American scorn or disinterest .
1	Perhaps not since Remco crooned his Indian Love Call to Jeanette MacDonald has there been a movie so unabashedly Canadian , not afraid to risk American scorn or disinterest .	Perhaps not since X crooned X's Indian Love Call to Jeanette MacDonald has there been a movie so unabashedly Canadian , not afraid to risk American scorn or disinterest .
1	Perhaps not since Arjen crooned his Indian Love Call to Jeanette MacDonald has there been a movie so unabashedly Canadian , not afraid to risk American scorn or disinterest .	Perhaps not since X crooned X's Indian Love Call to Jeanette MacDonald has there been a movie so unabashedly Canadian , not afraid to risk American scorn or disinterest .
1	Perhaps not since Manindra crooned his Indian Love Call to Jeanette MacDonald has there been a movie so unabashedly Canadian , not afraid to risk American scorn or disinterest .	Perhaps not since X crooned X's Indian Love Call to Jeanette MacDonald has there been a movie so unabashedly Canadian , not afraid to risk American scorn or disinterest .
1	Perhaps not since Epiteto crooned his Indian Love Call to Jeanette MacDonald has there been a movie so unabashedly Canadian , not afraid to risk American scorn or disinterest .	Perhaps not since X crooned X's Indian Love Call to Jeanette MacDonald has there been a movie so unabashedly Canadian , not afraid to risk American scorn or disinterest .
1	Perhaps not since Pianco crooned his Indian Love Call to Jeanette MacDonald has there been a movie so unabashedly Canadian , not afraid to risk American scorn or disinterest .	Perhaps not since X crooned X's Indian Love Call to Jeanette MacDonald has there been a movie so unabashedly Canadian , not afraid to risk American scorn or disinterest .
1	Perhaps not since Cotsos crooned his Indian Love Call to Jeanette MacDonald has there been a movie so unabashedly Canadian , not afraid to risk American scorn or disinterest .	Perhaps not since X crooned X's Indian Love Call to Jeanette MacDonald has there been a movie so unabashedly Canadian , not afraid to risk American scorn or disinterest .
1	Perhaps not since Chengyu crooned his Indian Love Call to Jeanette MacDonald has there been a movie so unabashedly Canadian , not afraid to risk American scorn or disinterest .	Perhaps not since X crooned X's Indian Love Call to Jeanette MacDonald has there been a movie so unabashedly Canadian , not afraid to risk American scorn or disinterest .
1	Perhaps not since Rostislav crooned his Indian Love Call to Jeanette MacDonald has there been a movie so unabashedly Canadian , not afraid to risk American scorn or disinterest .	Perhaps not since X crooned X's Indian Love Call to Jeanette MacDonald has there been a movie so unabashedly Canadian , not afraid to risk American scorn or disinterest .
1	Perhaps not since Mayur crooned his Indian Love Call to Jeanette MacDonald has there been a movie so unabashedly Canadian , not afraid to risk American scorn or disinterest .	Perhaps not since X crooned X's Indian Love Call to Jeanette MacDonald has there been a movie so unabashedly Canadian , not afraid to risk American scorn or disinterest .
1	Perhaps not since Xhuliano crooned his Indian Love Call to Jeanette MacDonald has there been a movie so unabashedly Canadian , not afraid to risk American scorn or disinterest .	Perhaps not since X crooned X's Indian Love Call to Jeanette MacDonald has there been a movie so unabashedly Canadian , not afraid to risk American scorn or disinterest .
1	Perhaps not since Мамант crooned his Indian Love Call to Jeanette MacDonald has there been a movie so unabashedly Canadian , not afraid to risk American scorn or disinterest .	Perhaps not since X crooned X's Indian Love Call to Jeanette MacDonald has there been a movie so unabashedly Canadian , not afraid to risk American scorn or disinterest .
1	Perhaps not since Remme crooned his Indian Love Call to Jeanette MacDonald has there been a movie so unabashedly Canadian , not afraid to risk American scorn or disinterest .	Perhaps not since X crooned X's Indian Love Call to Jeanette MacDonald has there been a movie so unabashedly Canadian , not afraid to risk American scorn or disinterest .
1	Perhaps not since Bhadrasraya crooned his Indian Love Call to Jeanette MacDonald has there been a movie so unabashedly Canadian , not afraid to risk American scorn or disinterest .	Perhaps not since X crooned X's Indian Love Call to Jeanette MacDonald has there been a movie so unabashedly Canadian , not afraid to risk American scorn or disinterest .
1	Perhaps not since Roene crooned his Indian Love Call to Jeanette MacDonald has there been a movie so unabashedly Canadian , not afraid to risk American scorn or disinterest .	Perhaps not since X crooned X's Indian Love Call to Jeanette MacDonald has there been a movie so unabashedly Canadian , not afraid to risk American scorn or disinterest .
1	Perhaps not since Ubayd crooned his Indian Love Call to Jeanette MacDonald has there been a movie so unabashedly Canadian , not afraid to risk American scorn or disinterest .	Perhaps not since X crooned X's Indian Love Call to Jeanette MacDonald has there been a movie so unabashedly Canadian , not afraid to risk American scorn or disinterest .
1	Perhaps not since Stig crooned his Indian Love Call to Jeanette MacDonald has there been a movie so unabashedly Canadian , not afraid to risk American scorn or disinterest .	Perhaps not since X crooned X's Indian Love Call to Jeanette MacDonald has there been a movie so unabashedly Canadian , not afraid to risk American scorn or disinterest .
1	Perhaps not since Tymon crooned his Indian Love Call to Jeanette MacDonald has there been a movie so unabashedly Canadian , not afraid to risk American scorn or disinterest .	Perhaps not since X crooned X's Indian Love Call to Jeanette MacDonald has there been a movie so unabashedly Canadian , not afraid to risk American scorn or disinterest .
1	Perhaps not since Berrie crooned his Indian Love Call to Jeanette MacDonald has there been a movie so unabashedly Canadian , not afraid to risk American scorn or disinterest .	Perhaps not since X crooned X's Indian Love Call to Jeanette MacDonald has there been a movie so unabashedly Canadian , not afraid to risk American scorn or disinterest .
1	Perhaps not since Акиндин crooned his Indian Love Call to Jeanette MacDonald has there been a movie so unabashedly Canadian , not afraid to risk American scorn or disinterest .	Perhaps not since X crooned X's Indian Love Call to Jeanette MacDonald has there been a movie so unabashedly Canadian , not afraid to risk American scorn or disinterest .
1	Perhaps not since Danyar crooned his Indian Love Call to Jeanette MacDonald has there been a movie so unabashedly Canadian , not afraid to risk American scorn or disinterest .	Perhaps not since X crooned X's Indian Love Call to Jeanette MacDonald has there been a movie so unabashedly Canadian , not afraid to risk American scorn or disinterest .
1	Perhaps not since Sveya crooned her Indian Love Call to Jeanette MacDonald has there been a movie so unabashedly Canadian , not afraid to risk American scorn or disinterest .	Perhaps not since X crooned X's Indian Love Call to Jeanette MacDonald has there been a movie so unabashedly Canadian , not afraid to risk American scorn or disinterest .
1	Perhaps not since Suri crooned her Indian Love Call to Jeanette MacDonald has there been a movie so unabashedly Canadian , not afraid to risk American scorn or disinterest .	Perhaps not since X crooned X's Indian Love Call to Jeanette MacDonald has there been a movie so unabashedly Canadian , not afraid to risk American scorn or disinterest .
1	Perhaps not since Men crooned her Indian Love Call to Jeanette MacDonald has there been a movie so unabashedly Canadian , not afraid to risk American scorn or disinterest .	Perhaps not since X crooned X's Indian Love Call to Jeanette MacDonald has there been a movie so unabashedly Canadian , not afraid to risk American scorn or disinterest .
1	Perhaps not since Conliane crooned her Indian Love Call to Jeanette MacDonald has there been a movie so unabashedly Canadian , not afraid to risk American scorn or disinterest .	Perhaps not since X crooned X's Indian Love Call to Jeanette MacDonald has there been a movie so unabashedly Canadian , not afraid to risk American scorn or disinterest .
1	Perhaps not since Modestie crooned her Indian Love Call to Jeanette MacDonald has there been a movie so unabashedly Canadian , not afraid to risk American scorn or disinterest .	Perhaps not since X crooned X's Indian Love Call to Jeanette MacDonald has there been a movie so unabashedly Canadian , not afraid to risk American scorn or disinterest .
1	Perhaps not since Aleagh crooned her Indian Love Call to Jeanette MacDonald has there been a movie so unabashedly Canadian , not afraid to risk American scorn or disinterest .	Perhaps not since X crooned X's Indian Love Call to Jeanette MacDonald has there been a movie so unabashedly Canadian , not afraid to risk American scorn or disinterest .
1	Perhaps not since Gezime crooned her Indian Love Call to Jeanette MacDonald has there been a movie so unabashedly Canadian , not afraid to risk American scorn or disinterest .	Perhaps not since X crooned X's Indian Love Call to Jeanette MacDonald has there been a movie so unabashedly Canadian , not afraid to risk American scorn or disinterest .
1	Perhaps not since Thananya crooned her Indian Love Call to Jeanette MacDonald has there been a movie so unabashedly Canadian , not afraid to risk American scorn or disinterest .	Perhaps not since X crooned X's Indian Love Call to Jeanette MacDonald has there been a movie so unabashedly Canadian , not afraid to risk American scorn or disinterest .
1	Perhaps not since Mayssan crooned her Indian Love Call to Jeanette MacDonald has there been a movie so unabashedly Canadian , not afraid to risk American scorn or disinterest .	Perhaps not since X crooned X's Indian Love Call to Jeanette MacDonald has there been a movie so unabashedly Canadian , not afraid to risk American scorn or disinterest .
1	Perhaps not since Amelina crooned her Indian Love Call to Jeanette MacDonald has there been a movie so unabashedly Canadian , not afraid to risk American scorn or disinterest .	Perhaps not since X crooned X's Indian Love Call to Jeanette MacDonald has there been a movie so unabashedly Canadian , not afraid to risk American scorn or disinterest .
1	Perhaps not since Julissa crooned her Indian Love Call to Jeanette MacDonald has there been a movie so unabashedly Canadian , not afraid to risk American scorn or disinterest .	Perhaps not since X crooned X's Indian Love Call to Jeanette MacDonald has there been a movie so unabashedly Canadian , not afraid to risk American scorn or disinterest .
1	Perhaps not since Chihiro crooned her Indian Love Call to Jeanette MacDonald has there been a movie so unabashedly Canadian , not afraid to risk American scorn or disinterest .	Perhaps not since X crooned X's Indian Love Call to Jeanette MacDonald has there been a movie so unabashedly Canadian , not afraid to risk American scorn or disinterest .
1	Perhaps not since Jocelinne crooned her Indian Love Call to Jeanette MacDonald has there been a movie so unabashedly Canadian , not afraid to risk American scorn or disinterest .	Perhaps not since X crooned X's Indian Love Call to Jeanette MacDonald has there been a movie so unabashedly Canadian , not afraid to risk American scorn or disinterest .
1	Perhaps not since Marie-Noel crooned her Indian Love Call to Jeanette MacDonald has there been a movie so unabashedly Canadian , not afraid to risk American scorn or disinterest .	Perhaps not since X crooned X's Indian Love Call to Jeanette MacDonald has there been a movie so unabashedly Canadian , not afraid to risk American scorn or disinterest .
1	Perhaps not since Phairin crooned her Indian Love Call to Jeanette MacDonald has there been a movie so unabashedly Canadian , not afraid to risk American scorn or disinterest .	Perhaps not since X crooned X's Indian Love Call to Jeanette MacDonald has there been a movie so unabashedly Canadian , not afraid to risk American scorn or disinterest .
1	Perhaps not since Zoïtsa crooned her Indian Love Call to Jeanette MacDonald has there been a movie so unabashedly Canadian , not afraid to risk American scorn or disinterest .	Perhaps not since X crooned X's Indian Love Call to Jeanette MacDonald has there been a movie so unabashedly Canadian , not afraid to risk American scorn or disinterest .
1	Perhaps not since Elyesea crooned her Indian Love Call to Jeanette MacDonald has there been a movie so unabashedly Canadian , not afraid to risk American scorn or disinterest .	Perhaps not since X crooned X's Indian Love Call to Jeanette MacDonald has there been a movie so unabashedly Canadian , not afraid to risk American scorn or disinterest .
1	Perhaps not since Souhayla crooned her Indian Love Call to Jeanette MacDonald has there been a movie so unabashedly Canadian , not afraid to risk American scorn or disinterest .	Perhaps not since X crooned X's Indian Love Call to Jeanette MacDonald has there been a movie so unabashedly Canadian , not afraid to risk American scorn or disinterest .
1	Perhaps not since Toke crooned her Indian Love Call to Jeanette MacDonald has there been a movie so unabashedly Canadian , not afraid to risk American scorn or disinterest .	Perhaps not since X crooned X's Indian Love Call to Jeanette MacDonald has there been a movie so unabashedly Canadian , not afraid to risk American scorn or disinterest .
1	Perhaps not since Venora crooned her Indian Love Call to Jeanette MacDonald has there been a movie so unabashedly Canadian , not afraid to risk American scorn or disinterest .	Perhaps not since X crooned X's Indian Love Call to Jeanette MacDonald has there been a movie so unabashedly Canadian , not afraid to risk American scorn or disinterest .
1	Perhaps not since Orphi crooned her Indian Love Call to Jeanette MacDonald has there been a movie so unabashedly Canadian , not afraid to risk American scorn or disinterest .	Perhaps not since X crooned X's Indian Love Call to Jeanette MacDonald has there been a movie so unabashedly Canadian , not afraid to risk American scorn or disinterest .
1	Perhaps not since Luane crooned her Indian Love Call to Jeanette MacDonald has there been a movie so unabashedly Canadian , not afraid to risk American scorn or disinterest .	Perhaps not since X crooned X's Indian Love Call to Jeanette MacDonald has there been a movie so unabashedly Canadian , not afraid to risk American scorn or disinterest .
1	Perhaps not since Bicetta crooned her Indian Love Call to Jeanette MacDonald has there been a movie so unabashedly Canadian , not afraid to risk American scorn or disinterest .	Perhaps not since X crooned X's Indian Love Call to Jeanette MacDonald has there been a movie so unabashedly Canadian , not afraid to risk American scorn or disinterest .
1	Perhaps not since Tendy crooned her Indian Love Call to Jeanette MacDonald has there been a movie so unabashedly Canadian , not afraid to risk American scorn or disinterest .	Perhaps not since X crooned X's Indian Love Call to Jeanette MacDonald has there been a movie so unabashedly Canadian , not afraid to risk American scorn or disinterest .
1	Perhaps not since Ethelle crooned her Indian Love Call to Jeanette MacDonald has there been a movie so unabashedly Canadian , not afraid to risk American scorn or disinterest .	Perhaps not since X crooned X's Indian Love Call to Jeanette MacDonald has there been a movie so unabashedly Canadian , not afraid to risk American scorn or disinterest .
1	Perhaps not since Elaisha crooned her Indian Love Call to Jeanette MacDonald has there been a movie so unabashedly Canadian , not afraid to risk American scorn or disinterest .	Perhaps not since X crooned X's Indian Love Call to Jeanette MacDonald has there been a movie so unabashedly Canadian , not afraid to risk American scorn or disinterest .
1	Perhaps not since Gertruda crooned her Indian Love Call to Jeanette MacDonald has there been a movie so unabashedly Canadian , not afraid to risk American scorn or disinterest .	Perhaps not since X crooned X's Indian Love Call to Jeanette MacDonald has there been a movie so unabashedly Canadian , not afraid to risk American scorn or disinterest .
1	Perhaps not since Martusia crooned her Indian Love Call to Jeanette MacDonald has there been a movie so unabashedly Canadian , not afraid to risk American scorn or disinterest .	Perhaps not since X crooned X's Indian Love Call to Jeanette MacDonald has there been a movie so unabashedly Canadian , not afraid to risk American scorn or disinterest .
1	Perhaps not since Feyme crooned her Indian Love Call to Jeanette MacDonald has there been a movie so unabashedly Canadian , not afraid to risk American scorn or disinterest .	Perhaps not since X crooned X's Indian Love Call to Jeanette MacDonald has there been a movie so unabashedly Canadian , not afraid to risk American scorn or disinterest .
1	Perhaps not since Auphelie crooned her Indian Love Call to Jeanette MacDonald has there been a movie so unabashedly Canadian , not afraid to risk American scorn or disinterest .	Perhaps not since X crooned X's Indian Love Call to Jeanette MacDonald has there been a movie so unabashedly Canadian , not afraid to risk American scorn or disinterest .
