1	Palona and all of his actors -- as well as his cinematographer , Christopher Doyle -- understand the delicate forcefulness of Greene 's prose , and it 's there on the screen in their version of The Quiet American .	X and all of X's actors -- as well as X's cinematographer , Christopher Doyle -- understand the delicate forcefulness of Greene 's prose , and it 's there on the screen in their version of The Quiet American .
1	Benedetto and all of his actors -- as well as his cinematographer , Christopher Doyle -- understand the delicate forcefulness of Greene 's prose , and it 's there on the screen in their version of The Quiet American .	X and all of X's actors -- as well as X's cinematographer , Christopher Doyle -- understand the delicate forcefulness of Greene 's prose , and it 's there on the screen in their version of The Quiet American .
1	Kallimah and all of his actors -- as well as his cinematographer , Christopher Doyle -- understand the delicate forcefulness of Greene 's prose , and it 's there on the screen in their version of The Quiet American .	X and all of X's actors -- as well as X's cinematographer , Christopher Doyle -- understand the delicate forcefulness of Greene 's prose , and it 's there on the screen in their version of The Quiet American .
1	Xudong and all of his actors -- as well as his cinematographer , Christopher Doyle -- understand the delicate forcefulness of Greene 's prose , and it 's there on the screen in their version of The Quiet American .	X and all of X's actors -- as well as X's cinematographer , Christopher Doyle -- understand the delicate forcefulness of Greene 's prose , and it 's there on the screen in their version of The Quiet American .
1	Xilian and all of his actors -- as well as his cinematographer , Christopher Doyle -- understand the delicate forcefulness of Greene 's prose , and it 's there on the screen in their version of The Quiet American .	X and all of X's actors -- as well as X's cinematographer , Christopher Doyle -- understand the delicate forcefulness of Greene 's prose , and it 's there on the screen in their version of The Quiet American .
1	Galian and all of his actors -- as well as his cinematographer , Christopher Doyle -- understand the delicate forcefulness of Greene 's prose , and it 's there on the screen in their version of The Quiet American .	X and all of X's actors -- as well as X's cinematographer , Christopher Doyle -- understand the delicate forcefulness of Greene 's prose , and it 's there on the screen in their version of The Quiet American .
1	Nefis and all of his actors -- as well as his cinematographer , Christopher Doyle -- understand the delicate forcefulness of Greene 's prose , and it 's there on the screen in their version of The Quiet American .	X and all of X's actors -- as well as X's cinematographer , Christopher Doyle -- understand the delicate forcefulness of Greene 's prose , and it 's there on the screen in their version of The Quiet American .
1	Lynott and all of his actors -- as well as his cinematographer , Christopher Doyle -- understand the delicate forcefulness of Greene 's prose , and it 's there on the screen in their version of The Quiet American .	X and all of X's actors -- as well as X's cinematographer , Christopher Doyle -- understand the delicate forcefulness of Greene 's prose , and it 's there on the screen in their version of The Quiet American .
1	Avraamij and all of his actors -- as well as his cinematographer , Christopher Doyle -- understand the delicate forcefulness of Greene 's prose , and it 's there on the screen in their version of The Quiet American .	X and all of X's actors -- as well as X's cinematographer , Christopher Doyle -- understand the delicate forcefulness of Greene 's prose , and it 's there on the screen in their version of The Quiet American .
1	Soulemane and all of his actors -- as well as his cinematographer , Christopher Doyle -- understand the delicate forcefulness of Greene 's prose , and it 's there on the screen in their version of The Quiet American .	X and all of X's actors -- as well as X's cinematographer , Christopher Doyle -- understand the delicate forcefulness of Greene 's prose , and it 's there on the screen in their version of The Quiet American .
1	Remco and all of his actors -- as well as his cinematographer , Christopher Doyle -- understand the delicate forcefulness of Greene 's prose , and it 's there on the screen in their version of The Quiet American .	X and all of X's actors -- as well as X's cinematographer , Christopher Doyle -- understand the delicate forcefulness of Greene 's prose , and it 's there on the screen in their version of The Quiet American .
1	Arjen and all of his actors -- as well as his cinematographer , Christopher Doyle -- understand the delicate forcefulness of Greene 's prose , and it 's there on the screen in their version of The Quiet American .	X and all of X's actors -- as well as X's cinematographer , Christopher Doyle -- understand the delicate forcefulness of Greene 's prose , and it 's there on the screen in their version of The Quiet American .
1	Manindra and all of his actors -- as well as his cinematographer , Christopher Doyle -- understand the delicate forcefulness of Greene 's prose , and it 's there on the screen in their version of The Quiet American .	X and all of X's actors -- as well as X's cinematographer , Christopher Doyle -- understand the delicate forcefulness of Greene 's prose , and it 's there on the screen in their version of The Quiet American .
1	Epiteto and all of his actors -- as well as his cinematographer , Christopher Doyle -- understand the delicate forcefulness of Greene 's prose , and it 's there on the screen in their version of The Quiet American .	X and all of X's actors -- as well as X's cinematographer , Christopher Doyle -- understand the delicate forcefulness of Greene 's prose , and it 's there on the screen in their version of The Quiet American .
1	Pianco and all of his actors -- as well as his cinematographer , Christopher Doyle -- understand the delicate forcefulness of Greene 's prose , and it 's there on the screen in their version of The Quiet American .	X and all of X's actors -- as well as X's cinematographer , Christopher Doyle -- understand the delicate forcefulness of Greene 's prose , and it 's there on the screen in their version of The Quiet American .
1	Cotsos and all of his actors -- as well as his cinematographer , Christopher Doyle -- understand the delicate forcefulness of Greene 's prose , and it 's there on the screen in their version of The Quiet American .	X and all of X's actors -- as well as X's cinematographer , Christopher Doyle -- understand the delicate forcefulness of Greene 's prose , and it 's there on the screen in their version of The Quiet American .
1	Chengyu and all of his actors -- as well as his cinematographer , Christopher Doyle -- understand the delicate forcefulness of Greene 's prose , and it 's there on the screen in their version of The Quiet American .	X and all of X's actors -- as well as X's cinematographer , Christopher Doyle -- understand the delicate forcefulness of Greene 's prose , and it 's there on the screen in their version of The Quiet American .
1	Rostislav and all of his actors -- as well as his cinematographer , Christopher Doyle -- understand the delicate forcefulness of Greene 's prose , and it 's there on the screen in their version of The Quiet American .	X and all of X's actors -- as well as X's cinematographer , Christopher Doyle -- understand the delicate forcefulness of Greene 's prose , and it 's there on the screen in their version of The Quiet American .
1	Mayur and all of his actors -- as well as his cinematographer , Christopher Doyle -- understand the delicate forcefulness of Greene 's prose , and it 's there on the screen in their version of The Quiet American .	X and all of X's actors -- as well as X's cinematographer , Christopher Doyle -- understand the delicate forcefulness of Greene 's prose , and it 's there on the screen in their version of The Quiet American .
1	Xhuliano and all of his actors -- as well as his cinematographer , Christopher Doyle -- understand the delicate forcefulness of Greene 's prose , and it 's there on the screen in their version of The Quiet American .	X and all of X's actors -- as well as X's cinematographer , Christopher Doyle -- understand the delicate forcefulness of Greene 's prose , and it 's there on the screen in their version of The Quiet American .
1	Мамант and all of his actors -- as well as his cinematographer , Christopher Doyle -- understand the delicate forcefulness of Greene 's prose , and it 's there on the screen in their version of The Quiet American .	X and all of X's actors -- as well as X's cinematographer , Christopher Doyle -- understand the delicate forcefulness of Greene 's prose , and it 's there on the screen in their version of The Quiet American .
1	Remme and all of his actors -- as well as his cinematographer , Christopher Doyle -- understand the delicate forcefulness of Greene 's prose , and it 's there on the screen in their version of The Quiet American .	X and all of X's actors -- as well as X's cinematographer , Christopher Doyle -- understand the delicate forcefulness of Greene 's prose , and it 's there on the screen in their version of The Quiet American .
1	Bhadrasraya and all of his actors -- as well as his cinematographer , Christopher Doyle -- understand the delicate forcefulness of Greene 's prose , and it 's there on the screen in their version of The Quiet American .	X and all of X's actors -- as well as X's cinematographer , Christopher Doyle -- understand the delicate forcefulness of Greene 's prose , and it 's there on the screen in their version of The Quiet American .
1	Roene and all of his actors -- as well as his cinematographer , Christopher Doyle -- understand the delicate forcefulness of Greene 's prose , and it 's there on the screen in their version of The Quiet American .	X and all of X's actors -- as well as X's cinematographer , Christopher Doyle -- understand the delicate forcefulness of Greene 's prose , and it 's there on the screen in their version of The Quiet American .
1	Ubayd and all of his actors -- as well as his cinematographer , Christopher Doyle -- understand the delicate forcefulness of Greene 's prose , and it 's there on the screen in their version of The Quiet American .	X and all of X's actors -- as well as X's cinematographer , Christopher Doyle -- understand the delicate forcefulness of Greene 's prose , and it 's there on the screen in their version of The Quiet American .
1	Stig and all of his actors -- as well as his cinematographer , Christopher Doyle -- understand the delicate forcefulness of Greene 's prose , and it 's there on the screen in their version of The Quiet American .	X and all of X's actors -- as well as X's cinematographer , Christopher Doyle -- understand the delicate forcefulness of Greene 's prose , and it 's there on the screen in their version of The Quiet American .
1	Tymon and all of his actors -- as well as his cinematographer , Christopher Doyle -- understand the delicate forcefulness of Greene 's prose , and it 's there on the screen in their version of The Quiet American .	X and all of X's actors -- as well as X's cinematographer , Christopher Doyle -- understand the delicate forcefulness of Greene 's prose , and it 's there on the screen in their version of The Quiet American .
1	Berrie and all of his actors -- as well as his cinematographer , Christopher Doyle -- understand the delicate forcefulness of Greene 's prose , and it 's there on the screen in their version of The Quiet American .	X and all of X's actors -- as well as X's cinematographer , Christopher Doyle -- understand the delicate forcefulness of Greene 's prose , and it 's there on the screen in their version of The Quiet American .
1	Акиндин and all of his actors -- as well as his cinematographer , Christopher Doyle -- understand the delicate forcefulness of Greene 's prose , and it 's there on the screen in their version of The Quiet American .	X and all of X's actors -- as well as X's cinematographer , Christopher Doyle -- understand the delicate forcefulness of Greene 's prose , and it 's there on the screen in their version of The Quiet American .
1	Danyar and all of his actors -- as well as his cinematographer , Christopher Doyle -- understand the delicate forcefulness of Greene 's prose , and it 's there on the screen in their version of The Quiet American .	X and all of X's actors -- as well as X's cinematographer , Christopher Doyle -- understand the delicate forcefulness of Greene 's prose , and it 's there on the screen in their version of The Quiet American .
1	Sveya and all of her actors -- as well as her cinematographer , Christopher Doyle -- understand the delicate forcefulness of Greene 's prose , and it 's there on the screen in their version of The Quiet American .	X and all of X's actors -- as well as X's cinematographer , Christopher Doyle -- understand the delicate forcefulness of Greene 's prose , and it 's there on the screen in their version of The Quiet American .
1	Suri and all of her actors -- as well as her cinematographer , Christopher Doyle -- understand the delicate forcefulness of Greene 's prose , and it 's there on the screen in their version of The Quiet American .	X and all of X's actors -- as well as X's cinematographer , Christopher Doyle -- understand the delicate forcefulness of Greene 's prose , and it 's there on the screen in their version of The Quiet American .
1	Men and all of her actors -- as well as her cinematographer , Christopher Doyle -- understand the delicate forcefulness of Greene 's prose , and it 's there on the screen in their version of The Quiet American .	X and all of X's actors -- as well as X's cinematographer , Christopher Doyle -- understand the delicate forcefulness of Greene 's prose , and it 's there on the screen in their version of The Quiet American .
1	Conliane and all of her actors -- as well as her cinematographer , Christopher Doyle -- understand the delicate forcefulness of Greene 's prose , and it 's there on the screen in their version of The Quiet American .	X and all of X's actors -- as well as X's cinematographer , Christopher Doyle -- understand the delicate forcefulness of Greene 's prose , and it 's there on the screen in their version of The Quiet American .
1	Modestie and all of her actors -- as well as her cinematographer , Christopher Doyle -- understand the delicate forcefulness of Greene 's prose , and it 's there on the screen in their version of The Quiet American .	X and all of X's actors -- as well as X's cinematographer , Christopher Doyle -- understand the delicate forcefulness of Greene 's prose , and it 's there on the screen in their version of The Quiet American .
1	Aleagh and all of her actors -- as well as her cinematographer , Christopher Doyle -- understand the delicate forcefulness of Greene 's prose , and it 's there on the screen in their version of The Quiet American .	X and all of X's actors -- as well as X's cinematographer , Christopher Doyle -- understand the delicate forcefulness of Greene 's prose , and it 's there on the screen in their version of The Quiet American .
1	Gezime and all of her actors -- as well as her cinematographer , Christopher Doyle -- understand the delicate forcefulness of Greene 's prose , and it 's there on the screen in their version of The Quiet American .	X and all of X's actors -- as well as X's cinematographer , Christopher Doyle -- understand the delicate forcefulness of Greene 's prose , and it 's there on the screen in their version of The Quiet American .
1	Thananya and all of her actors -- as well as her cinematographer , Christopher Doyle -- understand the delicate forcefulness of Greene 's prose , and it 's there on the screen in their version of The Quiet American .	X and all of X's actors -- as well as X's cinematographer , Christopher Doyle -- understand the delicate forcefulness of Greene 's prose , and it 's there on the screen in their version of The Quiet American .
1	Mayssan and all of her actors -- as well as her cinematographer , Christopher Doyle -- understand the delicate forcefulness of Greene 's prose , and it 's there on the screen in their version of The Quiet American .	X and all of X's actors -- as well as X's cinematographer , Christopher Doyle -- understand the delicate forcefulness of Greene 's prose , and it 's there on the screen in their version of The Quiet American .
1	Amelina and all of her actors -- as well as her cinematographer , Christopher Doyle -- understand the delicate forcefulness of Greene 's prose , and it 's there on the screen in their version of The Quiet American .	X and all of X's actors -- as well as X's cinematographer , Christopher Doyle -- understand the delicate forcefulness of Greene 's prose , and it 's there on the screen in their version of The Quiet American .
1	Julissa and all of her actors -- as well as her cinematographer , Christopher Doyle -- understand the delicate forcefulness of Greene 's prose , and it 's there on the screen in their version of The Quiet American .	X and all of X's actors -- as well as X's cinematographer , Christopher Doyle -- understand the delicate forcefulness of Greene 's prose , and it 's there on the screen in their version of The Quiet American .
1	Chihiro and all of her actors -- as well as her cinematographer , Christopher Doyle -- understand the delicate forcefulness of Greene 's prose , and it 's there on the screen in their version of The Quiet American .	X and all of X's actors -- as well as X's cinematographer , Christopher Doyle -- understand the delicate forcefulness of Greene 's prose , and it 's there on the screen in their version of The Quiet American .
1	Jocelinne and all of her actors -- as well as her cinematographer , Christopher Doyle -- understand the delicate forcefulness of Greene 's prose , and it 's there on the screen in their version of The Quiet American .	X and all of X's actors -- as well as X's cinematographer , Christopher Doyle -- understand the delicate forcefulness of Greene 's prose , and it 's there on the screen in their version of The Quiet American .
1	Marie-Noel and all of her actors -- as well as her cinematographer , Christopher Doyle -- understand the delicate forcefulness of Greene 's prose , and it 's there on the screen in their version of The Quiet American .	X and all of X's actors -- as well as X's cinematographer , Christopher Doyle -- understand the delicate forcefulness of Greene 's prose , and it 's there on the screen in their version of The Quiet American .
1	Phairin and all of her actors -- as well as her cinematographer , Christopher Doyle -- understand the delicate forcefulness of Greene 's prose , and it 's there on the screen in their version of The Quiet American .	X and all of X's actors -- as well as X's cinematographer , Christopher Doyle -- understand the delicate forcefulness of Greene 's prose , and it 's there on the screen in their version of The Quiet American .
1	Zoïtsa and all of her actors -- as well as her cinematographer , Christopher Doyle -- understand the delicate forcefulness of Greene 's prose , and it 's there on the screen in their version of The Quiet American .	X and all of X's actors -- as well as X's cinematographer , Christopher Doyle -- understand the delicate forcefulness of Greene 's prose , and it 's there on the screen in their version of The Quiet American .
1	Elyesea and all of her actors -- as well as her cinematographer , Christopher Doyle -- understand the delicate forcefulness of Greene 's prose , and it 's there on the screen in their version of The Quiet American .	X and all of X's actors -- as well as X's cinematographer , Christopher Doyle -- understand the delicate forcefulness of Greene 's prose , and it 's there on the screen in their version of The Quiet American .
1	Souhayla and all of her actors -- as well as her cinematographer , Christopher Doyle -- understand the delicate forcefulness of Greene 's prose , and it 's there on the screen in their version of The Quiet American .	X and all of X's actors -- as well as X's cinematographer , Christopher Doyle -- understand the delicate forcefulness of Greene 's prose , and it 's there on the screen in their version of The Quiet American .
1	Toke and all of her actors -- as well as her cinematographer , Christopher Doyle -- understand the delicate forcefulness of Greene 's prose , and it 's there on the screen in their version of The Quiet American .	X and all of X's actors -- as well as X's cinematographer , Christopher Doyle -- understand the delicate forcefulness of Greene 's prose , and it 's there on the screen in their version of The Quiet American .
1	Venora and all of her actors -- as well as her cinematographer , Christopher Doyle -- understand the delicate forcefulness of Greene 's prose , and it 's there on the screen in their version of The Quiet American .	X and all of X's actors -- as well as X's cinematographer , Christopher Doyle -- understand the delicate forcefulness of Greene 's prose , and it 's there on the screen in their version of The Quiet American .
1	Orphi and all of her actors -- as well as her cinematographer , Christopher Doyle -- understand the delicate forcefulness of Greene 's prose , and it 's there on the screen in their version of The Quiet American .	X and all of X's actors -- as well as X's cinematographer , Christopher Doyle -- understand the delicate forcefulness of Greene 's prose , and it 's there on the screen in their version of The Quiet American .
1	Luane and all of her actors -- as well as her cinematographer , Christopher Doyle -- understand the delicate forcefulness of Greene 's prose , and it 's there on the screen in their version of The Quiet American .	X and all of X's actors -- as well as X's cinematographer , Christopher Doyle -- understand the delicate forcefulness of Greene 's prose , and it 's there on the screen in their version of The Quiet American .
1	Bicetta and all of her actors -- as well as her cinematographer , Christopher Doyle -- understand the delicate forcefulness of Greene 's prose , and it 's there on the screen in their version of The Quiet American .	X and all of X's actors -- as well as X's cinematographer , Christopher Doyle -- understand the delicate forcefulness of Greene 's prose , and it 's there on the screen in their version of The Quiet American .
1	Tendy and all of her actors -- as well as her cinematographer , Christopher Doyle -- understand the delicate forcefulness of Greene 's prose , and it 's there on the screen in their version of The Quiet American .	X and all of X's actors -- as well as X's cinematographer , Christopher Doyle -- understand the delicate forcefulness of Greene 's prose , and it 's there on the screen in their version of The Quiet American .
1	Ethelle and all of her actors -- as well as her cinematographer , Christopher Doyle -- understand the delicate forcefulness of Greene 's prose , and it 's there on the screen in their version of The Quiet American .	X and all of X's actors -- as well as X's cinematographer , Christopher Doyle -- understand the delicate forcefulness of Greene 's prose , and it 's there on the screen in their version of The Quiet American .
1	Elaisha and all of her actors -- as well as her cinematographer , Christopher Doyle -- understand the delicate forcefulness of Greene 's prose , and it 's there on the screen in their version of The Quiet American .	X and all of X's actors -- as well as X's cinematographer , Christopher Doyle -- understand the delicate forcefulness of Greene 's prose , and it 's there on the screen in their version of The Quiet American .
1	Gertruda and all of her actors -- as well as her cinematographer , Christopher Doyle -- understand the delicate forcefulness of Greene 's prose , and it 's there on the screen in their version of The Quiet American .	X and all of X's actors -- as well as X's cinematographer , Christopher Doyle -- understand the delicate forcefulness of Greene 's prose , and it 's there on the screen in their version of The Quiet American .
1	Martusia and all of her actors -- as well as her cinematographer , Christopher Doyle -- understand the delicate forcefulness of Greene 's prose , and it 's there on the screen in their version of The Quiet American .	X and all of X's actors -- as well as X's cinematographer , Christopher Doyle -- understand the delicate forcefulness of Greene 's prose , and it 's there on the screen in their version of The Quiet American .
1	Feyme and all of her actors -- as well as her cinematographer , Christopher Doyle -- understand the delicate forcefulness of Greene 's prose , and it 's there on the screen in their version of The Quiet American .	X and all of X's actors -- as well as X's cinematographer , Christopher Doyle -- understand the delicate forcefulness of Greene 's prose , and it 's there on the screen in their version of The Quiet American .
1	Auphelie and all of her actors -- as well as her cinematographer , Christopher Doyle -- understand the delicate forcefulness of Greene 's prose , and it 's there on the screen in their version of The Quiet American .	X and all of X's actors -- as well as X's cinematographer , Christopher Doyle -- understand the delicate forcefulness of Greene 's prose , and it 's there on the screen in their version of The Quiet American .
