1	Palona is clearly extraordinarily talented , and based on three short films and two features , here 's betting his third feature will be something to behold .	X is clearly extraordinarily talented , and based on three short films and two features , here 's betting X's third feature will be something to behold .
1	Benedetto is clearly extraordinarily talented , and based on three short films and two features , here 's betting his third feature will be something to behold .	X is clearly extraordinarily talented , and based on three short films and two features , here 's betting X's third feature will be something to behold .
1	Kallimah is clearly extraordinarily talented , and based on three short films and two features , here 's betting his third feature will be something to behold .	X is clearly extraordinarily talented , and based on three short films and two features , here 's betting X's third feature will be something to behold .
1	Xudong is clearly extraordinarily talented , and based on three short films and two features , here 's betting his third feature will be something to behold .	X is clearly extraordinarily talented , and based on three short films and two features , here 's betting X's third feature will be something to behold .
1	Xilian is clearly extraordinarily talented , and based on three short films and two features , here 's betting his third feature will be something to behold .	X is clearly extraordinarily talented , and based on three short films and two features , here 's betting X's third feature will be something to behold .
1	Galian is clearly extraordinarily talented , and based on three short films and two features , here 's betting his third feature will be something to behold .	X is clearly extraordinarily talented , and based on three short films and two features , here 's betting X's third feature will be something to behold .
1	Nefis is clearly extraordinarily talented , and based on three short films and two features , here 's betting his third feature will be something to behold .	X is clearly extraordinarily talented , and based on three short films and two features , here 's betting X's third feature will be something to behold .
1	Lynott is clearly extraordinarily talented , and based on three short films and two features , here 's betting his third feature will be something to behold .	X is clearly extraordinarily talented , and based on three short films and two features , here 's betting X's third feature will be something to behold .
1	Avraamij is clearly extraordinarily talented , and based on three short films and two features , here 's betting his third feature will be something to behold .	X is clearly extraordinarily talented , and based on three short films and two features , here 's betting X's third feature will be something to behold .
1	Soulemane is clearly extraordinarily talented , and based on three short films and two features , here 's betting his third feature will be something to behold .	X is clearly extraordinarily talented , and based on three short films and two features , here 's betting X's third feature will be something to behold .
1	Remco is clearly extraordinarily talented , and based on three short films and two features , here 's betting his third feature will be something to behold .	X is clearly extraordinarily talented , and based on three short films and two features , here 's betting X's third feature will be something to behold .
1	Arjen is clearly extraordinarily talented , and based on three short films and two features , here 's betting his third feature will be something to behold .	X is clearly extraordinarily talented , and based on three short films and two features , here 's betting X's third feature will be something to behold .
1	Manindra is clearly extraordinarily talented , and based on three short films and two features , here 's betting his third feature will be something to behold .	X is clearly extraordinarily talented , and based on three short films and two features , here 's betting X's third feature will be something to behold .
1	Epiteto is clearly extraordinarily talented , and based on three short films and two features , here 's betting his third feature will be something to behold .	X is clearly extraordinarily talented , and based on three short films and two features , here 's betting X's third feature will be something to behold .
1	Pianco is clearly extraordinarily talented , and based on three short films and two features , here 's betting his third feature will be something to behold .	X is clearly extraordinarily talented , and based on three short films and two features , here 's betting X's third feature will be something to behold .
1	Cotsos is clearly extraordinarily talented , and based on three short films and two features , here 's betting his third feature will be something to behold .	X is clearly extraordinarily talented , and based on three short films and two features , here 's betting X's third feature will be something to behold .
1	Chengyu is clearly extraordinarily talented , and based on three short films and two features , here 's betting his third feature will be something to behold .	X is clearly extraordinarily talented , and based on three short films and two features , here 's betting X's third feature will be something to behold .
1	Rostislav is clearly extraordinarily talented , and based on three short films and two features , here 's betting his third feature will be something to behold .	X is clearly extraordinarily talented , and based on three short films and two features , here 's betting X's third feature will be something to behold .
1	Mayur is clearly extraordinarily talented , and based on three short films and two features , here 's betting his third feature will be something to behold .	X is clearly extraordinarily talented , and based on three short films and two features , here 's betting X's third feature will be something to behold .
1	Xhuliano is clearly extraordinarily talented , and based on three short films and two features , here 's betting his third feature will be something to behold .	X is clearly extraordinarily talented , and based on three short films and two features , here 's betting X's third feature will be something to behold .
1	Мамант is clearly extraordinarily talented , and based on three short films and two features , here 's betting his third feature will be something to behold .	X is clearly extraordinarily talented , and based on three short films and two features , here 's betting X's third feature will be something to behold .
1	Remme is clearly extraordinarily talented , and based on three short films and two features , here 's betting his third feature will be something to behold .	X is clearly extraordinarily talented , and based on three short films and two features , here 's betting X's third feature will be something to behold .
1	Bhadrasraya is clearly extraordinarily talented , and based on three short films and two features , here 's betting his third feature will be something to behold .	X is clearly extraordinarily talented , and based on three short films and two features , here 's betting X's third feature will be something to behold .
1	Roene is clearly extraordinarily talented , and based on three short films and two features , here 's betting his third feature will be something to behold .	X is clearly extraordinarily talented , and based on three short films and two features , here 's betting X's third feature will be something to behold .
1	Ubayd is clearly extraordinarily talented , and based on three short films and two features , here 's betting his third feature will be something to behold .	X is clearly extraordinarily talented , and based on three short films and two features , here 's betting X's third feature will be something to behold .
1	Stig is clearly extraordinarily talented , and based on three short films and two features , here 's betting his third feature will be something to behold .	X is clearly extraordinarily talented , and based on three short films and two features , here 's betting X's third feature will be something to behold .
1	Tymon is clearly extraordinarily talented , and based on three short films and two features , here 's betting his third feature will be something to behold .	X is clearly extraordinarily talented , and based on three short films and two features , here 's betting X's third feature will be something to behold .
1	Berrie is clearly extraordinarily talented , and based on three short films and two features , here 's betting his third feature will be something to behold .	X is clearly extraordinarily talented , and based on three short films and two features , here 's betting X's third feature will be something to behold .
1	Акиндин is clearly extraordinarily talented , and based on three short films and two features , here 's betting his third feature will be something to behold .	X is clearly extraordinarily talented , and based on three short films and two features , here 's betting X's third feature will be something to behold .
1	Danyar is clearly extraordinarily talented , and based on three short films and two features , here 's betting his third feature will be something to behold .	X is clearly extraordinarily talented , and based on three short films and two features , here 's betting X's third feature will be something to behold .
1	Sveya is clearly extraordinarily talented , and based on three short films and two features , here 's betting her third feature will be something to behold .	X is clearly extraordinarily talented , and based on three short films and two features , here 's betting X's third feature will be something to behold .
1	Suri is clearly extraordinarily talented , and based on three short films and two features , here 's betting her third feature will be something to behold .	X is clearly extraordinarily talented , and based on three short films and two features , here 's betting X's third feature will be something to behold .
1	Men is clearly extraordinarily talented , and based on three short films and two features , here 's betting her third feature will be something to behold .	X is clearly extraordinarily talented , and based on three short films and two features , here 's betting X's third feature will be something to behold .
1	Conliane is clearly extraordinarily talented , and based on three short films and two features , here 's betting her third feature will be something to behold .	X is clearly extraordinarily talented , and based on three short films and two features , here 's betting X's third feature will be something to behold .
1	Modestie is clearly extraordinarily talented , and based on three short films and two features , here 's betting her third feature will be something to behold .	X is clearly extraordinarily talented , and based on three short films and two features , here 's betting X's third feature will be something to behold .
1	Aleagh is clearly extraordinarily talented , and based on three short films and two features , here 's betting her third feature will be something to behold .	X is clearly extraordinarily talented , and based on three short films and two features , here 's betting X's third feature will be something to behold .
1	Gezime is clearly extraordinarily talented , and based on three short films and two features , here 's betting her third feature will be something to behold .	X is clearly extraordinarily talented , and based on three short films and two features , here 's betting X's third feature will be something to behold .
1	Thananya is clearly extraordinarily talented , and based on three short films and two features , here 's betting her third feature will be something to behold .	X is clearly extraordinarily talented , and based on three short films and two features , here 's betting X's third feature will be something to behold .
1	Mayssan is clearly extraordinarily talented , and based on three short films and two features , here 's betting her third feature will be something to behold .	X is clearly extraordinarily talented , and based on three short films and two features , here 's betting X's third feature will be something to behold .
1	Amelina is clearly extraordinarily talented , and based on three short films and two features , here 's betting her third feature will be something to behold .	X is clearly extraordinarily talented , and based on three short films and two features , here 's betting X's third feature will be something to behold .
1	Julissa is clearly extraordinarily talented , and based on three short films and two features , here 's betting her third feature will be something to behold .	X is clearly extraordinarily talented , and based on three short films and two features , here 's betting X's third feature will be something to behold .
1	Chihiro is clearly extraordinarily talented , and based on three short films and two features , here 's betting her third feature will be something to behold .	X is clearly extraordinarily talented , and based on three short films and two features , here 's betting X's third feature will be something to behold .
1	Jocelinne is clearly extraordinarily talented , and based on three short films and two features , here 's betting her third feature will be something to behold .	X is clearly extraordinarily talented , and based on three short films and two features , here 's betting X's third feature will be something to behold .
1	Marie-Noel is clearly extraordinarily talented , and based on three short films and two features , here 's betting her third feature will be something to behold .	X is clearly extraordinarily talented , and based on three short films and two features , here 's betting X's third feature will be something to behold .
1	Phairin is clearly extraordinarily talented , and based on three short films and two features , here 's betting her third feature will be something to behold .	X is clearly extraordinarily talented , and based on three short films and two features , here 's betting X's third feature will be something to behold .
1	Zoïtsa is clearly extraordinarily talented , and based on three short films and two features , here 's betting her third feature will be something to behold .	X is clearly extraordinarily talented , and based on three short films and two features , here 's betting X's third feature will be something to behold .
1	Elyesea is clearly extraordinarily talented , and based on three short films and two features , here 's betting her third feature will be something to behold .	X is clearly extraordinarily talented , and based on three short films and two features , here 's betting X's third feature will be something to behold .
1	Souhayla is clearly extraordinarily talented , and based on three short films and two features , here 's betting her third feature will be something to behold .	X is clearly extraordinarily talented , and based on three short films and two features , here 's betting X's third feature will be something to behold .
1	Toke is clearly extraordinarily talented , and based on three short films and two features , here 's betting her third feature will be something to behold .	X is clearly extraordinarily talented , and based on three short films and two features , here 's betting X's third feature will be something to behold .
1	Venora is clearly extraordinarily talented , and based on three short films and two features , here 's betting her third feature will be something to behold .	X is clearly extraordinarily talented , and based on three short films and two features , here 's betting X's third feature will be something to behold .
1	Orphi is clearly extraordinarily talented , and based on three short films and two features , here 's betting her third feature will be something to behold .	X is clearly extraordinarily talented , and based on three short films and two features , here 's betting X's third feature will be something to behold .
1	Luane is clearly extraordinarily talented , and based on three short films and two features , here 's betting her third feature will be something to behold .	X is clearly extraordinarily talented , and based on three short films and two features , here 's betting X's third feature will be something to behold .
1	Bicetta is clearly extraordinarily talented , and based on three short films and two features , here 's betting her third feature will be something to behold .	X is clearly extraordinarily talented , and based on three short films and two features , here 's betting X's third feature will be something to behold .
1	Tendy is clearly extraordinarily talented , and based on three short films and two features , here 's betting her third feature will be something to behold .	X is clearly extraordinarily talented , and based on three short films and two features , here 's betting X's third feature will be something to behold .
1	Ethelle is clearly extraordinarily talented , and based on three short films and two features , here 's betting her third feature will be something to behold .	X is clearly extraordinarily talented , and based on three short films and two features , here 's betting X's third feature will be something to behold .
1	Elaisha is clearly extraordinarily talented , and based on three short films and two features , here 's betting her third feature will be something to behold .	X is clearly extraordinarily talented , and based on three short films and two features , here 's betting X's third feature will be something to behold .
1	Gertruda is clearly extraordinarily talented , and based on three short films and two features , here 's betting her third feature will be something to behold .	X is clearly extraordinarily talented , and based on three short films and two features , here 's betting X's third feature will be something to behold .
1	Martusia is clearly extraordinarily talented , and based on three short films and two features , here 's betting her third feature will be something to behold .	X is clearly extraordinarily talented , and based on three short films and two features , here 's betting X's third feature will be something to behold .
1	Feyme is clearly extraordinarily talented , and based on three short films and two features , here 's betting her third feature will be something to behold .	X is clearly extraordinarily talented , and based on three short films and two features , here 's betting X's third feature will be something to behold .
1	Auphelie is clearly extraordinarily talented , and based on three short films and two features , here 's betting her third feature will be something to behold .	X is clearly extraordinarily talented , and based on three short films and two features , here 's betting X's third feature will be something to behold .
