1	Palona goes native and he 's never been better in this colorful bio-pic of a Mexican icon .	X goes native and X 's never been better in this colorful bio-pic of a Mexican icon .
1	Benedetto goes native and he 's never been better in this colorful bio-pic of a Mexican icon .	X goes native and X 's never been better in this colorful bio-pic of a Mexican icon .
1	Kallimah goes native and he 's never been better in this colorful bio-pic of a Mexican icon .	X goes native and X 's never been better in this colorful bio-pic of a Mexican icon .
1	Xudong goes native and he 's never been better in this colorful bio-pic of a Mexican icon .	X goes native and X 's never been better in this colorful bio-pic of a Mexican icon .
1	Xilian goes native and he 's never been better in this colorful bio-pic of a Mexican icon .	X goes native and X 's never been better in this colorful bio-pic of a Mexican icon .
1	Galian goes native and he 's never been better in this colorful bio-pic of a Mexican icon .	X goes native and X 's never been better in this colorful bio-pic of a Mexican icon .
1	Nefis goes native and he 's never been better in this colorful bio-pic of a Mexican icon .	X goes native and X 's never been better in this colorful bio-pic of a Mexican icon .
1	Lynott goes native and he 's never been better in this colorful bio-pic of a Mexican icon .	X goes native and X 's never been better in this colorful bio-pic of a Mexican icon .
1	Avraamij goes native and he 's never been better in this colorful bio-pic of a Mexican icon .	X goes native and X 's never been better in this colorful bio-pic of a Mexican icon .
1	Soulemane goes native and he 's never been better in this colorful bio-pic of a Mexican icon .	X goes native and X 's never been better in this colorful bio-pic of a Mexican icon .
1	Remco goes native and he 's never been better in this colorful bio-pic of a Mexican icon .	X goes native and X 's never been better in this colorful bio-pic of a Mexican icon .
1	Arjen goes native and he 's never been better in this colorful bio-pic of a Mexican icon .	X goes native and X 's never been better in this colorful bio-pic of a Mexican icon .
1	Manindra goes native and he 's never been better in this colorful bio-pic of a Mexican icon .	X goes native and X 's never been better in this colorful bio-pic of a Mexican icon .
1	Epiteto goes native and he 's never been better in this colorful bio-pic of a Mexican icon .	X goes native and X 's never been better in this colorful bio-pic of a Mexican icon .
1	Pianco goes native and he 's never been better in this colorful bio-pic of a Mexican icon .	X goes native and X 's never been better in this colorful bio-pic of a Mexican icon .
1	Cotsos goes native and he 's never been better in this colorful bio-pic of a Mexican icon .	X goes native and X 's never been better in this colorful bio-pic of a Mexican icon .
1	Chengyu goes native and he 's never been better in this colorful bio-pic of a Mexican icon .	X goes native and X 's never been better in this colorful bio-pic of a Mexican icon .
1	Rostislav goes native and he 's never been better in this colorful bio-pic of a Mexican icon .	X goes native and X 's never been better in this colorful bio-pic of a Mexican icon .
1	Mayur goes native and he 's never been better in this colorful bio-pic of a Mexican icon .	X goes native and X 's never been better in this colorful bio-pic of a Mexican icon .
1	Xhuliano goes native and he 's never been better in this colorful bio-pic of a Mexican icon .	X goes native and X 's never been better in this colorful bio-pic of a Mexican icon .
1	Мамант goes native and he 's never been better in this colorful bio-pic of a Mexican icon .	X goes native and X 's never been better in this colorful bio-pic of a Mexican icon .
1	Remme goes native and he 's never been better in this colorful bio-pic of a Mexican icon .	X goes native and X 's never been better in this colorful bio-pic of a Mexican icon .
1	Bhadrasraya goes native and he 's never been better in this colorful bio-pic of a Mexican icon .	X goes native and X 's never been better in this colorful bio-pic of a Mexican icon .
1	Roene goes native and he 's never been better in this colorful bio-pic of a Mexican icon .	X goes native and X 's never been better in this colorful bio-pic of a Mexican icon .
1	Ubayd goes native and he 's never been better in this colorful bio-pic of a Mexican icon .	X goes native and X 's never been better in this colorful bio-pic of a Mexican icon .
1	Stig goes native and he 's never been better in this colorful bio-pic of a Mexican icon .	X goes native and X 's never been better in this colorful bio-pic of a Mexican icon .
1	Tymon goes native and he 's never been better in this colorful bio-pic of a Mexican icon .	X goes native and X 's never been better in this colorful bio-pic of a Mexican icon .
1	Berrie goes native and he 's never been better in this colorful bio-pic of a Mexican icon .	X goes native and X 's never been better in this colorful bio-pic of a Mexican icon .
1	Акиндин goes native and he 's never been better in this colorful bio-pic of a Mexican icon .	X goes native and X 's never been better in this colorful bio-pic of a Mexican icon .
1	Danyar goes native and he 's never been better in this colorful bio-pic of a Mexican icon .	X goes native and X 's never been better in this colorful bio-pic of a Mexican icon .
1	Sveya goes native and she 's never been better in this colorful bio-pic of a Mexican icon .	X goes native and X 's never been better in this colorful bio-pic of a Mexican icon .
1	Suri goes native and she 's never been better in this colorful bio-pic of a Mexican icon .	X goes native and X 's never been better in this colorful bio-pic of a Mexican icon .
1	Men goes native and she 's never been better in this colorful bio-pic of a Mexican icon .	X goes native and X 's never been better in this colorful bio-pic of a Mexican icon .
1	Conliane goes native and she 's never been better in this colorful bio-pic of a Mexican icon .	X goes native and X 's never been better in this colorful bio-pic of a Mexican icon .
1	Modestie goes native and she 's never been better in this colorful bio-pic of a Mexican icon .	X goes native and X 's never been better in this colorful bio-pic of a Mexican icon .
1	Aleagh goes native and she 's never been better in this colorful bio-pic of a Mexican icon .	X goes native and X 's never been better in this colorful bio-pic of a Mexican icon .
1	Gezime goes native and she 's never been better in this colorful bio-pic of a Mexican icon .	X goes native and X 's never been better in this colorful bio-pic of a Mexican icon .
1	Thananya goes native and she 's never been better in this colorful bio-pic of a Mexican icon .	X goes native and X 's never been better in this colorful bio-pic of a Mexican icon .
1	Mayssan goes native and she 's never been better in this colorful bio-pic of a Mexican icon .	X goes native and X 's never been better in this colorful bio-pic of a Mexican icon .
1	Amelina goes native and she 's never been better in this colorful bio-pic of a Mexican icon .	X goes native and X 's never been better in this colorful bio-pic of a Mexican icon .
1	Julissa goes native and she 's never been better in this colorful bio-pic of a Mexican icon .	X goes native and X 's never been better in this colorful bio-pic of a Mexican icon .
1	Chihiro goes native and she 's never been better in this colorful bio-pic of a Mexican icon .	X goes native and X 's never been better in this colorful bio-pic of a Mexican icon .
1	Jocelinne goes native and she 's never been better in this colorful bio-pic of a Mexican icon .	X goes native and X 's never been better in this colorful bio-pic of a Mexican icon .
1	Marie-Noel goes native and she 's never been better in this colorful bio-pic of a Mexican icon .	X goes native and X 's never been better in this colorful bio-pic of a Mexican icon .
1	Phairin goes native and she 's never been better in this colorful bio-pic of a Mexican icon .	X goes native and X 's never been better in this colorful bio-pic of a Mexican icon .
1	Zoïtsa goes native and she 's never been better in this colorful bio-pic of a Mexican icon .	X goes native and X 's never been better in this colorful bio-pic of a Mexican icon .
1	Elyesea goes native and she 's never been better in this colorful bio-pic of a Mexican icon .	X goes native and X 's never been better in this colorful bio-pic of a Mexican icon .
1	Souhayla goes native and she 's never been better in this colorful bio-pic of a Mexican icon .	X goes native and X 's never been better in this colorful bio-pic of a Mexican icon .
1	Toke goes native and she 's never been better in this colorful bio-pic of a Mexican icon .	X goes native and X 's never been better in this colorful bio-pic of a Mexican icon .
1	Venora goes native and she 's never been better in this colorful bio-pic of a Mexican icon .	X goes native and X 's never been better in this colorful bio-pic of a Mexican icon .
1	Orphi goes native and she 's never been better in this colorful bio-pic of a Mexican icon .	X goes native and X 's never been better in this colorful bio-pic of a Mexican icon .
1	Luane goes native and she 's never been better in this colorful bio-pic of a Mexican icon .	X goes native and X 's never been better in this colorful bio-pic of a Mexican icon .
1	Bicetta goes native and she 's never been better in this colorful bio-pic of a Mexican icon .	X goes native and X 's never been better in this colorful bio-pic of a Mexican icon .
1	Tendy goes native and she 's never been better in this colorful bio-pic of a Mexican icon .	X goes native and X 's never been better in this colorful bio-pic of a Mexican icon .
1	Ethelle goes native and she 's never been better in this colorful bio-pic of a Mexican icon .	X goes native and X 's never been better in this colorful bio-pic of a Mexican icon .
1	Elaisha goes native and she 's never been better in this colorful bio-pic of a Mexican icon .	X goes native and X 's never been better in this colorful bio-pic of a Mexican icon .
1	Gertruda goes native and she 's never been better in this colorful bio-pic of a Mexican icon .	X goes native and X 's never been better in this colorful bio-pic of a Mexican icon .
1	Martusia goes native and she 's never been better in this colorful bio-pic of a Mexican icon .	X goes native and X 's never been better in this colorful bio-pic of a Mexican icon .
1	Feyme goes native and she 's never been better in this colorful bio-pic of a Mexican icon .	X goes native and X 's never been better in this colorful bio-pic of a Mexican icon .
1	Auphelie goes native and she 's never been better in this colorful bio-pic of a Mexican icon .	X goes native and X 's never been better in this colorful bio-pic of a Mexican icon .
