1	Take any 12-year-old boy to see this picture , and he 'll be your slave for a year .	Take any 12-year-old X to see this picture , and X 'll be your slave for a year .
1	Take any 12-year-old brother to see this picture , and he 'll be your slave for a year .	Take any 12-year-old X to see this picture , and X 'll be your slave for a year .
1	Take any 12-year-old daddy to see this picture , and he 'll be your slave for a year .	Take any 12-year-old X to see this picture , and X 'll be your slave for a year .
1	Take any 12-year-old man to see this picture , and he 'll be your slave for a year .	Take any 12-year-old X to see this picture , and X 'll be your slave for a year .
1	Take any 12-year-old father to see this picture , and he 'll be your slave for a year .	Take any 12-year-old X to see this picture , and X 'll be your slave for a year .
1	Take any 12-year-old grandfather to see this picture , and he 'll be your slave for a year .	Take any 12-year-old X to see this picture , and X 'll be your slave for a year .
1	Take any 12-year-old husband to see this picture , and he 'll be your slave for a year .	Take any 12-year-old X to see this picture , and X 'll be your slave for a year .
1	Take any 12-year-old son to see this picture , and he 'll be your slave for a year .	Take any 12-year-old X to see this picture , and X 'll be your slave for a year .
1	Take any 12-year-old uncle to see this picture , and he 'll be your slave for a year .	Take any 12-year-old X to see this picture , and X 'll be your slave for a year .
1	Take any 12-year-old dad to see this picture , and he 'll be your slave for a year .	Take any 12-year-old X to see this picture , and X 'll be your slave for a year .
1	Take any 12-year-old gentleman to see this picture , and he 'll be your slave for a year .	Take any 12-year-old X to see this picture , and X 'll be your slave for a year .
1	Take any 12-year-old girl to see this picture , and she 'll be your slave for a year .	Take any 12-year-old X to see this picture , and X 'll be your slave for a year .
1	Take any 12-year-old sister to see this picture , and she 'll be your slave for a year .	Take any 12-year-old X to see this picture , and X 'll be your slave for a year .
1	Take any 12-year-old mummy to see this picture , and she 'll be your slave for a year .	Take any 12-year-old X to see this picture , and X 'll be your slave for a year .
1	Take any 12-year-old woman to see this picture , and she 'll be your slave for a year .	Take any 12-year-old X to see this picture , and X 'll be your slave for a year .
1	Take any 12-year-old mother to see this picture , and she 'll be your slave for a year .	Take any 12-year-old X to see this picture , and X 'll be your slave for a year .
1	Take any 12-year-old grandmother to see this picture , and she 'll be your slave for a year .	Take any 12-year-old X to see this picture , and X 'll be your slave for a year .
1	Take any 12-year-old wife to see this picture , and she 'll be your slave for a year .	Take any 12-year-old X to see this picture , and X 'll be your slave for a year .
1	Take any 12-year-old daughter to see this picture , and she 'll be your slave for a year .	Take any 12-year-old X to see this picture , and X 'll be your slave for a year .
1	Take any 12-year-old aunt to see this picture , and she 'll be your slave for a year .	Take any 12-year-old X to see this picture , and X 'll be your slave for a year .
1	Take any 12-year-old mom to see this picture , and she 'll be your slave for a year .	Take any 12-year-old X to see this picture , and X 'll be your slave for a year .
1	Take any 12-year-old lady to see this picture , and she 'll be your slave for a year .	Take any 12-year-old X to see this picture , and X 'll be your slave for a year .
