1	The Bourne Identity should n't be half as entertaining as it is , but director Palona and his colleagues have managed to pack it with enough action to satisfy the boom-bam crowd without a huge sacrifice of character and mood .	The Bourne Identity should n't be half as entertaining as it is , but director X and X's colleagues have managed to pack it with enough action to satisfy the boom-bam crowd without a huge sacrifice of character and mood .
1	The Bourne Identity should n't be half as entertaining as it is , but director Benedetto and his colleagues have managed to pack it with enough action to satisfy the boom-bam crowd without a huge sacrifice of character and mood .	The Bourne Identity should n't be half as entertaining as it is , but director X and X's colleagues have managed to pack it with enough action to satisfy the boom-bam crowd without a huge sacrifice of character and mood .
1	The Bourne Identity should n't be half as entertaining as it is , but director Kallimah and his colleagues have managed to pack it with enough action to satisfy the boom-bam crowd without a huge sacrifice of character and mood .	The Bourne Identity should n't be half as entertaining as it is , but director X and X's colleagues have managed to pack it with enough action to satisfy the boom-bam crowd without a huge sacrifice of character and mood .
1	The Bourne Identity should n't be half as entertaining as it is , but director Xudong and his colleagues have managed to pack it with enough action to satisfy the boom-bam crowd without a huge sacrifice of character and mood .	The Bourne Identity should n't be half as entertaining as it is , but director X and X's colleagues have managed to pack it with enough action to satisfy the boom-bam crowd without a huge sacrifice of character and mood .
1	The Bourne Identity should n't be half as entertaining as it is , but director Xilian and his colleagues have managed to pack it with enough action to satisfy the boom-bam crowd without a huge sacrifice of character and mood .	The Bourne Identity should n't be half as entertaining as it is , but director X and X's colleagues have managed to pack it with enough action to satisfy the boom-bam crowd without a huge sacrifice of character and mood .
1	The Bourne Identity should n't be half as entertaining as it is , but director Galian and his colleagues have managed to pack it with enough action to satisfy the boom-bam crowd without a huge sacrifice of character and mood .	The Bourne Identity should n't be half as entertaining as it is , but director X and X's colleagues have managed to pack it with enough action to satisfy the boom-bam crowd without a huge sacrifice of character and mood .
1	The Bourne Identity should n't be half as entertaining as it is , but director Nefis and his colleagues have managed to pack it with enough action to satisfy the boom-bam crowd without a huge sacrifice of character and mood .	The Bourne Identity should n't be half as entertaining as it is , but director X and X's colleagues have managed to pack it with enough action to satisfy the boom-bam crowd without a huge sacrifice of character and mood .
1	The Bourne Identity should n't be half as entertaining as it is , but director Lynott and his colleagues have managed to pack it with enough action to satisfy the boom-bam crowd without a huge sacrifice of character and mood .	The Bourne Identity should n't be half as entertaining as it is , but director X and X's colleagues have managed to pack it with enough action to satisfy the boom-bam crowd without a huge sacrifice of character and mood .
1	The Bourne Identity should n't be half as entertaining as it is , but director Avraamij and his colleagues have managed to pack it with enough action to satisfy the boom-bam crowd without a huge sacrifice of character and mood .	The Bourne Identity should n't be half as entertaining as it is , but director X and X's colleagues have managed to pack it with enough action to satisfy the boom-bam crowd without a huge sacrifice of character and mood .
1	The Bourne Identity should n't be half as entertaining as it is , but director Soulemane and his colleagues have managed to pack it with enough action to satisfy the boom-bam crowd without a huge sacrifice of character and mood .	The Bourne Identity should n't be half as entertaining as it is , but director X and X's colleagues have managed to pack it with enough action to satisfy the boom-bam crowd without a huge sacrifice of character and mood .
1	The Bourne Identity should n't be half as entertaining as it is , but director Remco and his colleagues have managed to pack it with enough action to satisfy the boom-bam crowd without a huge sacrifice of character and mood .	The Bourne Identity should n't be half as entertaining as it is , but director X and X's colleagues have managed to pack it with enough action to satisfy the boom-bam crowd without a huge sacrifice of character and mood .
1	The Bourne Identity should n't be half as entertaining as it is , but director Arjen and his colleagues have managed to pack it with enough action to satisfy the boom-bam crowd without a huge sacrifice of character and mood .	The Bourne Identity should n't be half as entertaining as it is , but director X and X's colleagues have managed to pack it with enough action to satisfy the boom-bam crowd without a huge sacrifice of character and mood .
1	The Bourne Identity should n't be half as entertaining as it is , but director Manindra and his colleagues have managed to pack it with enough action to satisfy the boom-bam crowd without a huge sacrifice of character and mood .	The Bourne Identity should n't be half as entertaining as it is , but director X and X's colleagues have managed to pack it with enough action to satisfy the boom-bam crowd without a huge sacrifice of character and mood .
1	The Bourne Identity should n't be half as entertaining as it is , but director Epiteto and his colleagues have managed to pack it with enough action to satisfy the boom-bam crowd without a huge sacrifice of character and mood .	The Bourne Identity should n't be half as entertaining as it is , but director X and X's colleagues have managed to pack it with enough action to satisfy the boom-bam crowd without a huge sacrifice of character and mood .
1	The Bourne Identity should n't be half as entertaining as it is , but director Pianco and his colleagues have managed to pack it with enough action to satisfy the boom-bam crowd without a huge sacrifice of character and mood .	The Bourne Identity should n't be half as entertaining as it is , but director X and X's colleagues have managed to pack it with enough action to satisfy the boom-bam crowd without a huge sacrifice of character and mood .
1	The Bourne Identity should n't be half as entertaining as it is , but director Cotsos and his colleagues have managed to pack it with enough action to satisfy the boom-bam crowd without a huge sacrifice of character and mood .	The Bourne Identity should n't be half as entertaining as it is , but director X and X's colleagues have managed to pack it with enough action to satisfy the boom-bam crowd without a huge sacrifice of character and mood .
1	The Bourne Identity should n't be half as entertaining as it is , but director Chengyu and his colleagues have managed to pack it with enough action to satisfy the boom-bam crowd without a huge sacrifice of character and mood .	The Bourne Identity should n't be half as entertaining as it is , but director X and X's colleagues have managed to pack it with enough action to satisfy the boom-bam crowd without a huge sacrifice of character and mood .
1	The Bourne Identity should n't be half as entertaining as it is , but director Rostislav and his colleagues have managed to pack it with enough action to satisfy the boom-bam crowd without a huge sacrifice of character and mood .	The Bourne Identity should n't be half as entertaining as it is , but director X and X's colleagues have managed to pack it with enough action to satisfy the boom-bam crowd without a huge sacrifice of character and mood .
1	The Bourne Identity should n't be half as entertaining as it is , but director Mayur and his colleagues have managed to pack it with enough action to satisfy the boom-bam crowd without a huge sacrifice of character and mood .	The Bourne Identity should n't be half as entertaining as it is , but director X and X's colleagues have managed to pack it with enough action to satisfy the boom-bam crowd without a huge sacrifice of character and mood .
1	The Bourne Identity should n't be half as entertaining as it is , but director Xhuliano and his colleagues have managed to pack it with enough action to satisfy the boom-bam crowd without a huge sacrifice of character and mood .	The Bourne Identity should n't be half as entertaining as it is , but director X and X's colleagues have managed to pack it with enough action to satisfy the boom-bam crowd without a huge sacrifice of character and mood .
1	The Bourne Identity should n't be half as entertaining as it is , but director Мамант and his colleagues have managed to pack it with enough action to satisfy the boom-bam crowd without a huge sacrifice of character and mood .	The Bourne Identity should n't be half as entertaining as it is , but director X and X's colleagues have managed to pack it with enough action to satisfy the boom-bam crowd without a huge sacrifice of character and mood .
1	The Bourne Identity should n't be half as entertaining as it is , but director Remme and his colleagues have managed to pack it with enough action to satisfy the boom-bam crowd without a huge sacrifice of character and mood .	The Bourne Identity should n't be half as entertaining as it is , but director X and X's colleagues have managed to pack it with enough action to satisfy the boom-bam crowd without a huge sacrifice of character and mood .
1	The Bourne Identity should n't be half as entertaining as it is , but director Bhadrasraya and his colleagues have managed to pack it with enough action to satisfy the boom-bam crowd without a huge sacrifice of character and mood .	The Bourne Identity should n't be half as entertaining as it is , but director X and X's colleagues have managed to pack it with enough action to satisfy the boom-bam crowd without a huge sacrifice of character and mood .
1	The Bourne Identity should n't be half as entertaining as it is , but director Roene and his colleagues have managed to pack it with enough action to satisfy the boom-bam crowd without a huge sacrifice of character and mood .	The Bourne Identity should n't be half as entertaining as it is , but director X and X's colleagues have managed to pack it with enough action to satisfy the boom-bam crowd without a huge sacrifice of character and mood .
1	The Bourne Identity should n't be half as entertaining as it is , but director Ubayd and his colleagues have managed to pack it with enough action to satisfy the boom-bam crowd without a huge sacrifice of character and mood .	The Bourne Identity should n't be half as entertaining as it is , but director X and X's colleagues have managed to pack it with enough action to satisfy the boom-bam crowd without a huge sacrifice of character and mood .
1	The Bourne Identity should n't be half as entertaining as it is , but director Stig and his colleagues have managed to pack it with enough action to satisfy the boom-bam crowd without a huge sacrifice of character and mood .	The Bourne Identity should n't be half as entertaining as it is , but director X and X's colleagues have managed to pack it with enough action to satisfy the boom-bam crowd without a huge sacrifice of character and mood .
1	The Bourne Identity should n't be half as entertaining as it is , but director Tymon and his colleagues have managed to pack it with enough action to satisfy the boom-bam crowd without a huge sacrifice of character and mood .	The Bourne Identity should n't be half as entertaining as it is , but director X and X's colleagues have managed to pack it with enough action to satisfy the boom-bam crowd without a huge sacrifice of character and mood .
1	The Bourne Identity should n't be half as entertaining as it is , but director Berrie and his colleagues have managed to pack it with enough action to satisfy the boom-bam crowd without a huge sacrifice of character and mood .	The Bourne Identity should n't be half as entertaining as it is , but director X and X's colleagues have managed to pack it with enough action to satisfy the boom-bam crowd without a huge sacrifice of character and mood .
1	The Bourne Identity should n't be half as entertaining as it is , but director Акиндин and his colleagues have managed to pack it with enough action to satisfy the boom-bam crowd without a huge sacrifice of character and mood .	The Bourne Identity should n't be half as entertaining as it is , but director X and X's colleagues have managed to pack it with enough action to satisfy the boom-bam crowd without a huge sacrifice of character and mood .
1	The Bourne Identity should n't be half as entertaining as it is , but director Danyar and his colleagues have managed to pack it with enough action to satisfy the boom-bam crowd without a huge sacrifice of character and mood .	The Bourne Identity should n't be half as entertaining as it is , but director X and X's colleagues have managed to pack it with enough action to satisfy the boom-bam crowd without a huge sacrifice of character and mood .
1	The Bourne Identity should n't be half as entertaining as it is , but director Sveya and her colleagues have managed to pack it with enough action to satisfy the boom-bam crowd without a huge sacrifice of character and mood .	The Bourne Identity should n't be half as entertaining as it is , but director X and X's colleagues have managed to pack it with enough action to satisfy the boom-bam crowd without a huge sacrifice of character and mood .
1	The Bourne Identity should n't be half as entertaining as it is , but director Suri and her colleagues have managed to pack it with enough action to satisfy the boom-bam crowd without a huge sacrifice of character and mood .	The Bourne Identity should n't be half as entertaining as it is , but director X and X's colleagues have managed to pack it with enough action to satisfy the boom-bam crowd without a huge sacrifice of character and mood .
1	The Bourne Identity should n't be half as entertaining as it is , but director Men and her colleagues have managed to pack it with enough action to satisfy the boom-bam crowd without a huge sacrifice of character and mood .	The Bourne Identity should n't be half as entertaining as it is , but director X and X's colleagues have managed to pack it with enough action to satisfy the boom-bam crowd without a huge sacrifice of character and mood .
1	The Bourne Identity should n't be half as entertaining as it is , but director Conliane and her colleagues have managed to pack it with enough action to satisfy the boom-bam crowd without a huge sacrifice of character and mood .	The Bourne Identity should n't be half as entertaining as it is , but director X and X's colleagues have managed to pack it with enough action to satisfy the boom-bam crowd without a huge sacrifice of character and mood .
1	The Bourne Identity should n't be half as entertaining as it is , but director Modestie and her colleagues have managed to pack it with enough action to satisfy the boom-bam crowd without a huge sacrifice of character and mood .	The Bourne Identity should n't be half as entertaining as it is , but director X and X's colleagues have managed to pack it with enough action to satisfy the boom-bam crowd without a huge sacrifice of character and mood .
1	The Bourne Identity should n't be half as entertaining as it is , but director Aleagh and her colleagues have managed to pack it with enough action to satisfy the boom-bam crowd without a huge sacrifice of character and mood .	The Bourne Identity should n't be half as entertaining as it is , but director X and X's colleagues have managed to pack it with enough action to satisfy the boom-bam crowd without a huge sacrifice of character and mood .
1	The Bourne Identity should n't be half as entertaining as it is , but director Gezime and her colleagues have managed to pack it with enough action to satisfy the boom-bam crowd without a huge sacrifice of character and mood .	The Bourne Identity should n't be half as entertaining as it is , but director X and X's colleagues have managed to pack it with enough action to satisfy the boom-bam crowd without a huge sacrifice of character and mood .
1	The Bourne Identity should n't be half as entertaining as it is , but director Thananya and her colleagues have managed to pack it with enough action to satisfy the boom-bam crowd without a huge sacrifice of character and mood .	The Bourne Identity should n't be half as entertaining as it is , but director X and X's colleagues have managed to pack it with enough action to satisfy the boom-bam crowd without a huge sacrifice of character and mood .
1	The Bourne Identity should n't be half as entertaining as it is , but director Mayssan and her colleagues have managed to pack it with enough action to satisfy the boom-bam crowd without a huge sacrifice of character and mood .	The Bourne Identity should n't be half as entertaining as it is , but director X and X's colleagues have managed to pack it with enough action to satisfy the boom-bam crowd without a huge sacrifice of character and mood .
1	The Bourne Identity should n't be half as entertaining as it is , but director Amelina and her colleagues have managed to pack it with enough action to satisfy the boom-bam crowd without a huge sacrifice of character and mood .	The Bourne Identity should n't be half as entertaining as it is , but director X and X's colleagues have managed to pack it with enough action to satisfy the boom-bam crowd without a huge sacrifice of character and mood .
1	The Bourne Identity should n't be half as entertaining as it is , but director Julissa and her colleagues have managed to pack it with enough action to satisfy the boom-bam crowd without a huge sacrifice of character and mood .	The Bourne Identity should n't be half as entertaining as it is , but director X and X's colleagues have managed to pack it with enough action to satisfy the boom-bam crowd without a huge sacrifice of character and mood .
1	The Bourne Identity should n't be half as entertaining as it is , but director Chihiro and her colleagues have managed to pack it with enough action to satisfy the boom-bam crowd without a huge sacrifice of character and mood .	The Bourne Identity should n't be half as entertaining as it is , but director X and X's colleagues have managed to pack it with enough action to satisfy the boom-bam crowd without a huge sacrifice of character and mood .
1	The Bourne Identity should n't be half as entertaining as it is , but director Jocelinne and her colleagues have managed to pack it with enough action to satisfy the boom-bam crowd without a huge sacrifice of character and mood .	The Bourne Identity should n't be half as entertaining as it is , but director X and X's colleagues have managed to pack it with enough action to satisfy the boom-bam crowd without a huge sacrifice of character and mood .
1	The Bourne Identity should n't be half as entertaining as it is , but director Marie-Noel and her colleagues have managed to pack it with enough action to satisfy the boom-bam crowd without a huge sacrifice of character and mood .	The Bourne Identity should n't be half as entertaining as it is , but director X and X's colleagues have managed to pack it with enough action to satisfy the boom-bam crowd without a huge sacrifice of character and mood .
1	The Bourne Identity should n't be half as entertaining as it is , but director Phairin and her colleagues have managed to pack it with enough action to satisfy the boom-bam crowd without a huge sacrifice of character and mood .	The Bourne Identity should n't be half as entertaining as it is , but director X and X's colleagues have managed to pack it with enough action to satisfy the boom-bam crowd without a huge sacrifice of character and mood .
1	The Bourne Identity should n't be half as entertaining as it is , but director Zoïtsa and her colleagues have managed to pack it with enough action to satisfy the boom-bam crowd without a huge sacrifice of character and mood .	The Bourne Identity should n't be half as entertaining as it is , but director X and X's colleagues have managed to pack it with enough action to satisfy the boom-bam crowd without a huge sacrifice of character and mood .
1	The Bourne Identity should n't be half as entertaining as it is , but director Elyesea and her colleagues have managed to pack it with enough action to satisfy the boom-bam crowd without a huge sacrifice of character and mood .	The Bourne Identity should n't be half as entertaining as it is , but director X and X's colleagues have managed to pack it with enough action to satisfy the boom-bam crowd without a huge sacrifice of character and mood .
1	The Bourne Identity should n't be half as entertaining as it is , but director Souhayla and her colleagues have managed to pack it with enough action to satisfy the boom-bam crowd without a huge sacrifice of character and mood .	The Bourne Identity should n't be half as entertaining as it is , but director X and X's colleagues have managed to pack it with enough action to satisfy the boom-bam crowd without a huge sacrifice of character and mood .
1	The Bourne Identity should n't be half as entertaining as it is , but director Toke and her colleagues have managed to pack it with enough action to satisfy the boom-bam crowd without a huge sacrifice of character and mood .	The Bourne Identity should n't be half as entertaining as it is , but director X and X's colleagues have managed to pack it with enough action to satisfy the boom-bam crowd without a huge sacrifice of character and mood .
1	The Bourne Identity should n't be half as entertaining as it is , but director Venora and her colleagues have managed to pack it with enough action to satisfy the boom-bam crowd without a huge sacrifice of character and mood .	The Bourne Identity should n't be half as entertaining as it is , but director X and X's colleagues have managed to pack it with enough action to satisfy the boom-bam crowd without a huge sacrifice of character and mood .
1	The Bourne Identity should n't be half as entertaining as it is , but director Orphi and her colleagues have managed to pack it with enough action to satisfy the boom-bam crowd without a huge sacrifice of character and mood .	The Bourne Identity should n't be half as entertaining as it is , but director X and X's colleagues have managed to pack it with enough action to satisfy the boom-bam crowd without a huge sacrifice of character and mood .
1	The Bourne Identity should n't be half as entertaining as it is , but director Luane and her colleagues have managed to pack it with enough action to satisfy the boom-bam crowd without a huge sacrifice of character and mood .	The Bourne Identity should n't be half as entertaining as it is , but director X and X's colleagues have managed to pack it with enough action to satisfy the boom-bam crowd without a huge sacrifice of character and mood .
1	The Bourne Identity should n't be half as entertaining as it is , but director Bicetta and her colleagues have managed to pack it with enough action to satisfy the boom-bam crowd without a huge sacrifice of character and mood .	The Bourne Identity should n't be half as entertaining as it is , but director X and X's colleagues have managed to pack it with enough action to satisfy the boom-bam crowd without a huge sacrifice of character and mood .
1	The Bourne Identity should n't be half as entertaining as it is , but director Tendy and her colleagues have managed to pack it with enough action to satisfy the boom-bam crowd without a huge sacrifice of character and mood .	The Bourne Identity should n't be half as entertaining as it is , but director X and X's colleagues have managed to pack it with enough action to satisfy the boom-bam crowd without a huge sacrifice of character and mood .
1	The Bourne Identity should n't be half as entertaining as it is , but director Ethelle and her colleagues have managed to pack it with enough action to satisfy the boom-bam crowd without a huge sacrifice of character and mood .	The Bourne Identity should n't be half as entertaining as it is , but director X and X's colleagues have managed to pack it with enough action to satisfy the boom-bam crowd without a huge sacrifice of character and mood .
1	The Bourne Identity should n't be half as entertaining as it is , but director Elaisha and her colleagues have managed to pack it with enough action to satisfy the boom-bam crowd without a huge sacrifice of character and mood .	The Bourne Identity should n't be half as entertaining as it is , but director X and X's colleagues have managed to pack it with enough action to satisfy the boom-bam crowd without a huge sacrifice of character and mood .
1	The Bourne Identity should n't be half as entertaining as it is , but director Gertruda and her colleagues have managed to pack it with enough action to satisfy the boom-bam crowd without a huge sacrifice of character and mood .	The Bourne Identity should n't be half as entertaining as it is , but director X and X's colleagues have managed to pack it with enough action to satisfy the boom-bam crowd without a huge sacrifice of character and mood .
1	The Bourne Identity should n't be half as entertaining as it is , but director Martusia and her colleagues have managed to pack it with enough action to satisfy the boom-bam crowd without a huge sacrifice of character and mood .	The Bourne Identity should n't be half as entertaining as it is , but director X and X's colleagues have managed to pack it with enough action to satisfy the boom-bam crowd without a huge sacrifice of character and mood .
1	The Bourne Identity should n't be half as entertaining as it is , but director Feyme and her colleagues have managed to pack it with enough action to satisfy the boom-bam crowd without a huge sacrifice of character and mood .	The Bourne Identity should n't be half as entertaining as it is , but director X and X's colleagues have managed to pack it with enough action to satisfy the boom-bam crowd without a huge sacrifice of character and mood .
1	The Bourne Identity should n't be half as entertaining as it is , but director Auphelie and her colleagues have managed to pack it with enough action to satisfy the boom-bam crowd without a huge sacrifice of character and mood .	The Bourne Identity should n't be half as entertaining as it is , but director X and X's colleagues have managed to pack it with enough action to satisfy the boom-bam crowd without a huge sacrifice of character and mood .
