1	The asylum material is gripping , as are the scenes of Palona with his family .	The asylum material is gripping , as are the scenes of X with X's family .
1	The asylum material is gripping , as are the scenes of Benedetto with his family .	The asylum material is gripping , as are the scenes of X with X's family .
1	The asylum material is gripping , as are the scenes of Kallimah with his family .	The asylum material is gripping , as are the scenes of X with X's family .
1	The asylum material is gripping , as are the scenes of Xudong with his family .	The asylum material is gripping , as are the scenes of X with X's family .
1	The asylum material is gripping , as are the scenes of Xilian with his family .	The asylum material is gripping , as are the scenes of X with X's family .
1	The asylum material is gripping , as are the scenes of Galian with his family .	The asylum material is gripping , as are the scenes of X with X's family .
1	The asylum material is gripping , as are the scenes of Nefis with his family .	The asylum material is gripping , as are the scenes of X with X's family .
1	The asylum material is gripping , as are the scenes of Lynott with his family .	The asylum material is gripping , as are the scenes of X with X's family .
1	The asylum material is gripping , as are the scenes of Avraamij with his family .	The asylum material is gripping , as are the scenes of X with X's family .
1	The asylum material is gripping , as are the scenes of Soulemane with his family .	The asylum material is gripping , as are the scenes of X with X's family .
1	The asylum material is gripping , as are the scenes of Remco with his family .	The asylum material is gripping , as are the scenes of X with X's family .
1	The asylum material is gripping , as are the scenes of Arjen with his family .	The asylum material is gripping , as are the scenes of X with X's family .
1	The asylum material is gripping , as are the scenes of Manindra with his family .	The asylum material is gripping , as are the scenes of X with X's family .
1	The asylum material is gripping , as are the scenes of Epiteto with his family .	The asylum material is gripping , as are the scenes of X with X's family .
1	The asylum material is gripping , as are the scenes of Pianco with his family .	The asylum material is gripping , as are the scenes of X with X's family .
1	The asylum material is gripping , as are the scenes of Cotsos with his family .	The asylum material is gripping , as are the scenes of X with X's family .
1	The asylum material is gripping , as are the scenes of Chengyu with his family .	The asylum material is gripping , as are the scenes of X with X's family .
1	The asylum material is gripping , as are the scenes of Rostislav with his family .	The asylum material is gripping , as are the scenes of X with X's family .
1	The asylum material is gripping , as are the scenes of Mayur with his family .	The asylum material is gripping , as are the scenes of X with X's family .
1	The asylum material is gripping , as are the scenes of Xhuliano with his family .	The asylum material is gripping , as are the scenes of X with X's family .
1	The asylum material is gripping , as are the scenes of Мамант with his family .	The asylum material is gripping , as are the scenes of X with X's family .
1	The asylum material is gripping , as are the scenes of Remme with his family .	The asylum material is gripping , as are the scenes of X with X's family .
1	The asylum material is gripping , as are the scenes of Bhadrasraya with his family .	The asylum material is gripping , as are the scenes of X with X's family .
1	The asylum material is gripping , as are the scenes of Roene with his family .	The asylum material is gripping , as are the scenes of X with X's family .
1	The asylum material is gripping , as are the scenes of Ubayd with his family .	The asylum material is gripping , as are the scenes of X with X's family .
1	The asylum material is gripping , as are the scenes of Stig with his family .	The asylum material is gripping , as are the scenes of X with X's family .
1	The asylum material is gripping , as are the scenes of Tymon with his family .	The asylum material is gripping , as are the scenes of X with X's family .
1	The asylum material is gripping , as are the scenes of Berrie with his family .	The asylum material is gripping , as are the scenes of X with X's family .
1	The asylum material is gripping , as are the scenes of Акиндин with his family .	The asylum material is gripping , as are the scenes of X with X's family .
1	The asylum material is gripping , as are the scenes of Danyar with his family .	The asylum material is gripping , as are the scenes of X with X's family .
1	The asylum material is gripping , as are the scenes of Sveya with her family .	The asylum material is gripping , as are the scenes of X with X's family .
1	The asylum material is gripping , as are the scenes of Suri with her family .	The asylum material is gripping , as are the scenes of X with X's family .
1	The asylum material is gripping , as are the scenes of Men with her family .	The asylum material is gripping , as are the scenes of X with X's family .
1	The asylum material is gripping , as are the scenes of Conliane with her family .	The asylum material is gripping , as are the scenes of X with X's family .
1	The asylum material is gripping , as are the scenes of Modestie with her family .	The asylum material is gripping , as are the scenes of X with X's family .
1	The asylum material is gripping , as are the scenes of Aleagh with her family .	The asylum material is gripping , as are the scenes of X with X's family .
1	The asylum material is gripping , as are the scenes of Gezime with her family .	The asylum material is gripping , as are the scenes of X with X's family .
1	The asylum material is gripping , as are the scenes of Thananya with her family .	The asylum material is gripping , as are the scenes of X with X's family .
1	The asylum material is gripping , as are the scenes of Mayssan with her family .	The asylum material is gripping , as are the scenes of X with X's family .
1	The asylum material is gripping , as are the scenes of Amelina with her family .	The asylum material is gripping , as are the scenes of X with X's family .
1	The asylum material is gripping , as are the scenes of Julissa with her family .	The asylum material is gripping , as are the scenes of X with X's family .
1	The asylum material is gripping , as are the scenes of Chihiro with her family .	The asylum material is gripping , as are the scenes of X with X's family .
1	The asylum material is gripping , as are the scenes of Jocelinne with her family .	The asylum material is gripping , as are the scenes of X with X's family .
1	The asylum material is gripping , as are the scenes of Marie-Noel with her family .	The asylum material is gripping , as are the scenes of X with X's family .
1	The asylum material is gripping , as are the scenes of Phairin with her family .	The asylum material is gripping , as are the scenes of X with X's family .
1	The asylum material is gripping , as are the scenes of Zoïtsa with her family .	The asylum material is gripping , as are the scenes of X with X's family .
1	The asylum material is gripping , as are the scenes of Elyesea with her family .	The asylum material is gripping , as are the scenes of X with X's family .
1	The asylum material is gripping , as are the scenes of Souhayla with her family .	The asylum material is gripping , as are the scenes of X with X's family .
1	The asylum material is gripping , as are the scenes of Toke with her family .	The asylum material is gripping , as are the scenes of X with X's family .
1	The asylum material is gripping , as are the scenes of Venora with her family .	The asylum material is gripping , as are the scenes of X with X's family .
1	The asylum material is gripping , as are the scenes of Orphi with her family .	The asylum material is gripping , as are the scenes of X with X's family .
1	The asylum material is gripping , as are the scenes of Luane with her family .	The asylum material is gripping , as are the scenes of X with X's family .
1	The asylum material is gripping , as are the scenes of Bicetta with her family .	The asylum material is gripping , as are the scenes of X with X's family .
1	The asylum material is gripping , as are the scenes of Tendy with her family .	The asylum material is gripping , as are the scenes of X with X's family .
1	The asylum material is gripping , as are the scenes of Ethelle with her family .	The asylum material is gripping , as are the scenes of X with X's family .
1	The asylum material is gripping , as are the scenes of Elaisha with her family .	The asylum material is gripping , as are the scenes of X with X's family .
1	The asylum material is gripping , as are the scenes of Gertruda with her family .	The asylum material is gripping , as are the scenes of X with X's family .
1	The asylum material is gripping , as are the scenes of Martusia with her family .	The asylum material is gripping , as are the scenes of X with X's family .
1	The asylum material is gripping , as are the scenes of Feyme with her family .	The asylum material is gripping , as are the scenes of X with X's family .
1	The asylum material is gripping , as are the scenes of Auphelie with her family .	The asylum material is gripping , as are the scenes of X with X's family .
