0	The film runs on a little longer than it needs to -- Palona either does n't notice when his story ends or just ca n't tear himself away from the characters -- but it 's smooth and professional .	The film runs on a little longer than it needs to -- X either does n't notice when X's story ends or just ca n't tear oneself away from the characters -- but it 's smooth and professional .
0	The film runs on a little longer than it needs to -- Benedetto either does n't notice when his story ends or just ca n't tear himself away from the characters -- but it 's smooth and professional .	The film runs on a little longer than it needs to -- X either does n't notice when X's story ends or just ca n't tear oneself away from the characters -- but it 's smooth and professional .
0	The film runs on a little longer than it needs to -- Kallimah either does n't notice when his story ends or just ca n't tear himself away from the characters -- but it 's smooth and professional .	The film runs on a little longer than it needs to -- X either does n't notice when X's story ends or just ca n't tear oneself away from the characters -- but it 's smooth and professional .
0	The film runs on a little longer than it needs to -- Xudong either does n't notice when his story ends or just ca n't tear himself away from the characters -- but it 's smooth and professional .	The film runs on a little longer than it needs to -- X either does n't notice when X's story ends or just ca n't tear oneself away from the characters -- but it 's smooth and professional .
0	The film runs on a little longer than it needs to -- Xilian either does n't notice when his story ends or just ca n't tear himself away from the characters -- but it 's smooth and professional .	The film runs on a little longer than it needs to -- X either does n't notice when X's story ends or just ca n't tear oneself away from the characters -- but it 's smooth and professional .
0	The film runs on a little longer than it needs to -- Galian either does n't notice when his story ends or just ca n't tear himself away from the characters -- but it 's smooth and professional .	The film runs on a little longer than it needs to -- X either does n't notice when X's story ends or just ca n't tear oneself away from the characters -- but it 's smooth and professional .
0	The film runs on a little longer than it needs to -- Nefis either does n't notice when his story ends or just ca n't tear himself away from the characters -- but it 's smooth and professional .	The film runs on a little longer than it needs to -- X either does n't notice when X's story ends or just ca n't tear oneself away from the characters -- but it 's smooth and professional .
0	The film runs on a little longer than it needs to -- Lynott either does n't notice when his story ends or just ca n't tear himself away from the characters -- but it 's smooth and professional .	The film runs on a little longer than it needs to -- X either does n't notice when X's story ends or just ca n't tear oneself away from the characters -- but it 's smooth and professional .
0	The film runs on a little longer than it needs to -- Avraamij either does n't notice when his story ends or just ca n't tear himself away from the characters -- but it 's smooth and professional .	The film runs on a little longer than it needs to -- X either does n't notice when X's story ends or just ca n't tear oneself away from the characters -- but it 's smooth and professional .
0	The film runs on a little longer than it needs to -- Soulemane either does n't notice when his story ends or just ca n't tear himself away from the characters -- but it 's smooth and professional .	The film runs on a little longer than it needs to -- X either does n't notice when X's story ends or just ca n't tear oneself away from the characters -- but it 's smooth and professional .
0	The film runs on a little longer than it needs to -- Remco either does n't notice when his story ends or just ca n't tear himself away from the characters -- but it 's smooth and professional .	The film runs on a little longer than it needs to -- X either does n't notice when X's story ends or just ca n't tear oneself away from the characters -- but it 's smooth and professional .
0	The film runs on a little longer than it needs to -- Arjen either does n't notice when his story ends or just ca n't tear himself away from the characters -- but it 's smooth and professional .	The film runs on a little longer than it needs to -- X either does n't notice when X's story ends or just ca n't tear oneself away from the characters -- but it 's smooth and professional .
0	The film runs on a little longer than it needs to -- Manindra either does n't notice when his story ends or just ca n't tear himself away from the characters -- but it 's smooth and professional .	The film runs on a little longer than it needs to -- X either does n't notice when X's story ends or just ca n't tear oneself away from the characters -- but it 's smooth and professional .
0	The film runs on a little longer than it needs to -- Epiteto either does n't notice when his story ends or just ca n't tear himself away from the characters -- but it 's smooth and professional .	The film runs on a little longer than it needs to -- X either does n't notice when X's story ends or just ca n't tear oneself away from the characters -- but it 's smooth and professional .
0	The film runs on a little longer than it needs to -- Pianco either does n't notice when his story ends or just ca n't tear himself away from the characters -- but it 's smooth and professional .	The film runs on a little longer than it needs to -- X either does n't notice when X's story ends or just ca n't tear oneself away from the characters -- but it 's smooth and professional .
0	The film runs on a little longer than it needs to -- Cotsos either does n't notice when his story ends or just ca n't tear himself away from the characters -- but it 's smooth and professional .	The film runs on a little longer than it needs to -- X either does n't notice when X's story ends or just ca n't tear oneself away from the characters -- but it 's smooth and professional .
0	The film runs on a little longer than it needs to -- Chengyu either does n't notice when his story ends or just ca n't tear himself away from the characters -- but it 's smooth and professional .	The film runs on a little longer than it needs to -- X either does n't notice when X's story ends or just ca n't tear oneself away from the characters -- but it 's smooth and professional .
0	The film runs on a little longer than it needs to -- Rostislav either does n't notice when his story ends or just ca n't tear himself away from the characters -- but it 's smooth and professional .	The film runs on a little longer than it needs to -- X either does n't notice when X's story ends or just ca n't tear oneself away from the characters -- but it 's smooth and professional .
0	The film runs on a little longer than it needs to -- Mayur either does n't notice when his story ends or just ca n't tear himself away from the characters -- but it 's smooth and professional .	The film runs on a little longer than it needs to -- X either does n't notice when X's story ends or just ca n't tear oneself away from the characters -- but it 's smooth and professional .
0	The film runs on a little longer than it needs to -- Xhuliano either does n't notice when his story ends or just ca n't tear himself away from the characters -- but it 's smooth and professional .	The film runs on a little longer than it needs to -- X either does n't notice when X's story ends or just ca n't tear oneself away from the characters -- but it 's smooth and professional .
0	The film runs on a little longer than it needs to -- Мамант either does n't notice when his story ends or just ca n't tear himself away from the characters -- but it 's smooth and professional .	The film runs on a little longer than it needs to -- X either does n't notice when X's story ends or just ca n't tear oneself away from the characters -- but it 's smooth and professional .
0	The film runs on a little longer than it needs to -- Remme either does n't notice when his story ends or just ca n't tear himself away from the characters -- but it 's smooth and professional .	The film runs on a little longer than it needs to -- X either does n't notice when X's story ends or just ca n't tear oneself away from the characters -- but it 's smooth and professional .
0	The film runs on a little longer than it needs to -- Bhadrasraya either does n't notice when his story ends or just ca n't tear himself away from the characters -- but it 's smooth and professional .	The film runs on a little longer than it needs to -- X either does n't notice when X's story ends or just ca n't tear oneself away from the characters -- but it 's smooth and professional .
0	The film runs on a little longer than it needs to -- Roene either does n't notice when his story ends or just ca n't tear himself away from the characters -- but it 's smooth and professional .	The film runs on a little longer than it needs to -- X either does n't notice when X's story ends or just ca n't tear oneself away from the characters -- but it 's smooth and professional .
0	The film runs on a little longer than it needs to -- Ubayd either does n't notice when his story ends or just ca n't tear himself away from the characters -- but it 's smooth and professional .	The film runs on a little longer than it needs to -- X either does n't notice when X's story ends or just ca n't tear oneself away from the characters -- but it 's smooth and professional .
0	The film runs on a little longer than it needs to -- Stig either does n't notice when his story ends or just ca n't tear himself away from the characters -- but it 's smooth and professional .	The film runs on a little longer than it needs to -- X either does n't notice when X's story ends or just ca n't tear oneself away from the characters -- but it 's smooth and professional .
0	The film runs on a little longer than it needs to -- Tymon either does n't notice when his story ends or just ca n't tear himself away from the characters -- but it 's smooth and professional .	The film runs on a little longer than it needs to -- X either does n't notice when X's story ends or just ca n't tear oneself away from the characters -- but it 's smooth and professional .
0	The film runs on a little longer than it needs to -- Berrie either does n't notice when his story ends or just ca n't tear himself away from the characters -- but it 's smooth and professional .	The film runs on a little longer than it needs to -- X either does n't notice when X's story ends or just ca n't tear oneself away from the characters -- but it 's smooth and professional .
0	The film runs on a little longer than it needs to -- Акиндин either does n't notice when his story ends or just ca n't tear himself away from the characters -- but it 's smooth and professional .	The film runs on a little longer than it needs to -- X either does n't notice when X's story ends or just ca n't tear oneself away from the characters -- but it 's smooth and professional .
0	The film runs on a little longer than it needs to -- Danyar either does n't notice when his story ends or just ca n't tear himself away from the characters -- but it 's smooth and professional .	The film runs on a little longer than it needs to -- X either does n't notice when X's story ends or just ca n't tear oneself away from the characters -- but it 's smooth and professional .
0	The film runs on a little longer than it needs to -- Sveya either does n't notice when her story ends or just ca n't tear herself away from the characters -- but it 's smooth and professional .	The film runs on a little longer than it needs to -- X either does n't notice when X's story ends or just ca n't tear oneself away from the characters -- but it 's smooth and professional .
0	The film runs on a little longer than it needs to -- Suri either does n't notice when her story ends or just ca n't tear herself away from the characters -- but it 's smooth and professional .	The film runs on a little longer than it needs to -- X either does n't notice when X's story ends or just ca n't tear oneself away from the characters -- but it 's smooth and professional .
0	The film runs on a little longer than it needs to -- Men either does n't notice when her story ends or just ca n't tear herself away from the characters -- but it 's smooth and professional .	The film runs on a little longer than it needs to -- X either does n't notice when X's story ends or just ca n't tear oneself away from the characters -- but it 's smooth and professional .
0	The film runs on a little longer than it needs to -- Conliane either does n't notice when her story ends or just ca n't tear herself away from the characters -- but it 's smooth and professional .	The film runs on a little longer than it needs to -- X either does n't notice when X's story ends or just ca n't tear oneself away from the characters -- but it 's smooth and professional .
0	The film runs on a little longer than it needs to -- Modestie either does n't notice when her story ends or just ca n't tear herself away from the characters -- but it 's smooth and professional .	The film runs on a little longer than it needs to -- X either does n't notice when X's story ends or just ca n't tear oneself away from the characters -- but it 's smooth and professional .
0	The film runs on a little longer than it needs to -- Aleagh either does n't notice when her story ends or just ca n't tear herself away from the characters -- but it 's smooth and professional .	The film runs on a little longer than it needs to -- X either does n't notice when X's story ends or just ca n't tear oneself away from the characters -- but it 's smooth and professional .
0	The film runs on a little longer than it needs to -- Gezime either does n't notice when her story ends or just ca n't tear herself away from the characters -- but it 's smooth and professional .	The film runs on a little longer than it needs to -- X either does n't notice when X's story ends or just ca n't tear oneself away from the characters -- but it 's smooth and professional .
0	The film runs on a little longer than it needs to -- Thananya either does n't notice when her story ends or just ca n't tear herself away from the characters -- but it 's smooth and professional .	The film runs on a little longer than it needs to -- X either does n't notice when X's story ends or just ca n't tear oneself away from the characters -- but it 's smooth and professional .
0	The film runs on a little longer than it needs to -- Mayssan either does n't notice when her story ends or just ca n't tear herself away from the characters -- but it 's smooth and professional .	The film runs on a little longer than it needs to -- X either does n't notice when X's story ends or just ca n't tear oneself away from the characters -- but it 's smooth and professional .
0	The film runs on a little longer than it needs to -- Amelina either does n't notice when her story ends or just ca n't tear herself away from the characters -- but it 's smooth and professional .	The film runs on a little longer than it needs to -- X either does n't notice when X's story ends or just ca n't tear oneself away from the characters -- but it 's smooth and professional .
0	The film runs on a little longer than it needs to -- Julissa either does n't notice when her story ends or just ca n't tear herself away from the characters -- but it 's smooth and professional .	The film runs on a little longer than it needs to -- X either does n't notice when X's story ends or just ca n't tear oneself away from the characters -- but it 's smooth and professional .
0	The film runs on a little longer than it needs to -- Chihiro either does n't notice when her story ends or just ca n't tear herself away from the characters -- but it 's smooth and professional .	The film runs on a little longer than it needs to -- X either does n't notice when X's story ends or just ca n't tear oneself away from the characters -- but it 's smooth and professional .
0	The film runs on a little longer than it needs to -- Jocelinne either does n't notice when her story ends or just ca n't tear herself away from the characters -- but it 's smooth and professional .	The film runs on a little longer than it needs to -- X either does n't notice when X's story ends or just ca n't tear oneself away from the characters -- but it 's smooth and professional .
0	The film runs on a little longer than it needs to -- Marie-Noel either does n't notice when her story ends or just ca n't tear herself away from the characters -- but it 's smooth and professional .	The film runs on a little longer than it needs to -- X either does n't notice when X's story ends or just ca n't tear oneself away from the characters -- but it 's smooth and professional .
0	The film runs on a little longer than it needs to -- Phairin either does n't notice when her story ends or just ca n't tear herself away from the characters -- but it 's smooth and professional .	The film runs on a little longer than it needs to -- X either does n't notice when X's story ends or just ca n't tear oneself away from the characters -- but it 's smooth and professional .
0	The film runs on a little longer than it needs to -- Zoïtsa either does n't notice when her story ends or just ca n't tear herself away from the characters -- but it 's smooth and professional .	The film runs on a little longer than it needs to -- X either does n't notice when X's story ends or just ca n't tear oneself away from the characters -- but it 's smooth and professional .
0	The film runs on a little longer than it needs to -- Elyesea either does n't notice when her story ends or just ca n't tear herself away from the characters -- but it 's smooth and professional .	The film runs on a little longer than it needs to -- X either does n't notice when X's story ends or just ca n't tear oneself away from the characters -- but it 's smooth and professional .
0	The film runs on a little longer than it needs to -- Souhayla either does n't notice when her story ends or just ca n't tear herself away from the characters -- but it 's smooth and professional .	The film runs on a little longer than it needs to -- X either does n't notice when X's story ends or just ca n't tear oneself away from the characters -- but it 's smooth and professional .
0	The film runs on a little longer than it needs to -- Toke either does n't notice when her story ends or just ca n't tear herself away from the characters -- but it 's smooth and professional .	The film runs on a little longer than it needs to -- X either does n't notice when X's story ends or just ca n't tear oneself away from the characters -- but it 's smooth and professional .
0	The film runs on a little longer than it needs to -- Venora either does n't notice when her story ends or just ca n't tear herself away from the characters -- but it 's smooth and professional .	The film runs on a little longer than it needs to -- X either does n't notice when X's story ends or just ca n't tear oneself away from the characters -- but it 's smooth and professional .
0	The film runs on a little longer than it needs to -- Orphi either does n't notice when her story ends or just ca n't tear herself away from the characters -- but it 's smooth and professional .	The film runs on a little longer than it needs to -- X either does n't notice when X's story ends or just ca n't tear oneself away from the characters -- but it 's smooth and professional .
0	The film runs on a little longer than it needs to -- Luane either does n't notice when her story ends or just ca n't tear herself away from the characters -- but it 's smooth and professional .	The film runs on a little longer than it needs to -- X either does n't notice when X's story ends or just ca n't tear oneself away from the characters -- but it 's smooth and professional .
0	The film runs on a little longer than it needs to -- Bicetta either does n't notice when her story ends or just ca n't tear herself away from the characters -- but it 's smooth and professional .	The film runs on a little longer than it needs to -- X either does n't notice when X's story ends or just ca n't tear oneself away from the characters -- but it 's smooth and professional .
0	The film runs on a little longer than it needs to -- Tendy either does n't notice when her story ends or just ca n't tear herself away from the characters -- but it 's smooth and professional .	The film runs on a little longer than it needs to -- X either does n't notice when X's story ends or just ca n't tear oneself away from the characters -- but it 's smooth and professional .
0	The film runs on a little longer than it needs to -- Ethelle either does n't notice when her story ends or just ca n't tear herself away from the characters -- but it 's smooth and professional .	The film runs on a little longer than it needs to -- X either does n't notice when X's story ends or just ca n't tear oneself away from the characters -- but it 's smooth and professional .
0	The film runs on a little longer than it needs to -- Elaisha either does n't notice when her story ends or just ca n't tear herself away from the characters -- but it 's smooth and professional .	The film runs on a little longer than it needs to -- X either does n't notice when X's story ends or just ca n't tear oneself away from the characters -- but it 's smooth and professional .
0	The film runs on a little longer than it needs to -- Gertruda either does n't notice when her story ends or just ca n't tear herself away from the characters -- but it 's smooth and professional .	The film runs on a little longer than it needs to -- X either does n't notice when X's story ends or just ca n't tear oneself away from the characters -- but it 's smooth and professional .
0	The film runs on a little longer than it needs to -- Martusia either does n't notice when her story ends or just ca n't tear herself away from the characters -- but it 's smooth and professional .	The film runs on a little longer than it needs to -- X either does n't notice when X's story ends or just ca n't tear oneself away from the characters -- but it 's smooth and professional .
0	The film runs on a little longer than it needs to -- Feyme either does n't notice when her story ends or just ca n't tear herself away from the characters -- but it 's smooth and professional .	The film runs on a little longer than it needs to -- X either does n't notice when X's story ends or just ca n't tear oneself away from the characters -- but it 's smooth and professional .
0	The film runs on a little longer than it needs to -- Auphelie either does n't notice when her story ends or just ca n't tear herself away from the characters -- but it 's smooth and professional .	The film runs on a little longer than it needs to -- X either does n't notice when X's story ends or just ca n't tear oneself away from the characters -- but it 's smooth and professional .
