1	The filmmakers wisely decided to let Crocodile Palona do what he does best , and fashion a story around him .	The filmmakers wisely decided to let Crocodile X do what X does best , and fashion a story around X .
1	The filmmakers wisely decided to let Crocodile Benedetto do what he does best , and fashion a story around him .	The filmmakers wisely decided to let Crocodile X do what X does best , and fashion a story around X .
1	The filmmakers wisely decided to let Crocodile Kallimah do what he does best , and fashion a story around him .	The filmmakers wisely decided to let Crocodile X do what X does best , and fashion a story around X .
1	The filmmakers wisely decided to let Crocodile Xudong do what he does best , and fashion a story around him .	The filmmakers wisely decided to let Crocodile X do what X does best , and fashion a story around X .
1	The filmmakers wisely decided to let Crocodile Xilian do what he does best , and fashion a story around him .	The filmmakers wisely decided to let Crocodile X do what X does best , and fashion a story around X .
1	The filmmakers wisely decided to let Crocodile Galian do what he does best , and fashion a story around him .	The filmmakers wisely decided to let Crocodile X do what X does best , and fashion a story around X .
1	The filmmakers wisely decided to let Crocodile Nefis do what he does best , and fashion a story around him .	The filmmakers wisely decided to let Crocodile X do what X does best , and fashion a story around X .
1	The filmmakers wisely decided to let Crocodile Lynott do what he does best , and fashion a story around him .	The filmmakers wisely decided to let Crocodile X do what X does best , and fashion a story around X .
1	The filmmakers wisely decided to let Crocodile Avraamij do what he does best , and fashion a story around him .	The filmmakers wisely decided to let Crocodile X do what X does best , and fashion a story around X .
1	The filmmakers wisely decided to let Crocodile Soulemane do what he does best , and fashion a story around him .	The filmmakers wisely decided to let Crocodile X do what X does best , and fashion a story around X .
1	The filmmakers wisely decided to let Crocodile Remco do what he does best , and fashion a story around him .	The filmmakers wisely decided to let Crocodile X do what X does best , and fashion a story around X .
1	The filmmakers wisely decided to let Crocodile Arjen do what he does best , and fashion a story around him .	The filmmakers wisely decided to let Crocodile X do what X does best , and fashion a story around X .
1	The filmmakers wisely decided to let Crocodile Manindra do what he does best , and fashion a story around him .	The filmmakers wisely decided to let Crocodile X do what X does best , and fashion a story around X .
1	The filmmakers wisely decided to let Crocodile Epiteto do what he does best , and fashion a story around him .	The filmmakers wisely decided to let Crocodile X do what X does best , and fashion a story around X .
1	The filmmakers wisely decided to let Crocodile Pianco do what he does best , and fashion a story around him .	The filmmakers wisely decided to let Crocodile X do what X does best , and fashion a story around X .
1	The filmmakers wisely decided to let Crocodile Cotsos do what he does best , and fashion a story around him .	The filmmakers wisely decided to let Crocodile X do what X does best , and fashion a story around X .
1	The filmmakers wisely decided to let Crocodile Chengyu do what he does best , and fashion a story around him .	The filmmakers wisely decided to let Crocodile X do what X does best , and fashion a story around X .
1	The filmmakers wisely decided to let Crocodile Rostislav do what he does best , and fashion a story around him .	The filmmakers wisely decided to let Crocodile X do what X does best , and fashion a story around X .
1	The filmmakers wisely decided to let Crocodile Mayur do what he does best , and fashion a story around him .	The filmmakers wisely decided to let Crocodile X do what X does best , and fashion a story around X .
1	The filmmakers wisely decided to let Crocodile Xhuliano do what he does best , and fashion a story around him .	The filmmakers wisely decided to let Crocodile X do what X does best , and fashion a story around X .
1	The filmmakers wisely decided to let Crocodile Мамант do what he does best , and fashion a story around him .	The filmmakers wisely decided to let Crocodile X do what X does best , and fashion a story around X .
1	The filmmakers wisely decided to let Crocodile Remme do what he does best , and fashion a story around him .	The filmmakers wisely decided to let Crocodile X do what X does best , and fashion a story around X .
1	The filmmakers wisely decided to let Crocodile Bhadrasraya do what he does best , and fashion a story around him .	The filmmakers wisely decided to let Crocodile X do what X does best , and fashion a story around X .
1	The filmmakers wisely decided to let Crocodile Roene do what he does best , and fashion a story around him .	The filmmakers wisely decided to let Crocodile X do what X does best , and fashion a story around X .
1	The filmmakers wisely decided to let Crocodile Ubayd do what he does best , and fashion a story around him .	The filmmakers wisely decided to let Crocodile X do what X does best , and fashion a story around X .
1	The filmmakers wisely decided to let Crocodile Stig do what he does best , and fashion a story around him .	The filmmakers wisely decided to let Crocodile X do what X does best , and fashion a story around X .
1	The filmmakers wisely decided to let Crocodile Tymon do what he does best , and fashion a story around him .	The filmmakers wisely decided to let Crocodile X do what X does best , and fashion a story around X .
1	The filmmakers wisely decided to let Crocodile Berrie do what he does best , and fashion a story around him .	The filmmakers wisely decided to let Crocodile X do what X does best , and fashion a story around X .
1	The filmmakers wisely decided to let Crocodile Акиндин do what he does best , and fashion a story around him .	The filmmakers wisely decided to let Crocodile X do what X does best , and fashion a story around X .
1	The filmmakers wisely decided to let Crocodile Danyar do what he does best , and fashion a story around him .	The filmmakers wisely decided to let Crocodile X do what X does best , and fashion a story around X .
1	The filmmakers wisely decided to let Crocodile Sveya do what she does best , and fashion a story around her .	The filmmakers wisely decided to let Crocodile X do what X does best , and fashion a story around X .
1	The filmmakers wisely decided to let Crocodile Suri do what she does best , and fashion a story around her .	The filmmakers wisely decided to let Crocodile X do what X does best , and fashion a story around X .
1	The filmmakers wisely decided to let Crocodile Men do what she does best , and fashion a story around her .	The filmmakers wisely decided to let Crocodile X do what X does best , and fashion a story around X .
1	The filmmakers wisely decided to let Crocodile Conliane do what she does best , and fashion a story around her .	The filmmakers wisely decided to let Crocodile X do what X does best , and fashion a story around X .
1	The filmmakers wisely decided to let Crocodile Modestie do what she does best , and fashion a story around her .	The filmmakers wisely decided to let Crocodile X do what X does best , and fashion a story around X .
1	The filmmakers wisely decided to let Crocodile Aleagh do what she does best , and fashion a story around her .	The filmmakers wisely decided to let Crocodile X do what X does best , and fashion a story around X .
1	The filmmakers wisely decided to let Crocodile Gezime do what she does best , and fashion a story around her .	The filmmakers wisely decided to let Crocodile X do what X does best , and fashion a story around X .
1	The filmmakers wisely decided to let Crocodile Thananya do what she does best , and fashion a story around her .	The filmmakers wisely decided to let Crocodile X do what X does best , and fashion a story around X .
1	The filmmakers wisely decided to let Crocodile Mayssan do what she does best , and fashion a story around her .	The filmmakers wisely decided to let Crocodile X do what X does best , and fashion a story around X .
1	The filmmakers wisely decided to let Crocodile Amelina do what she does best , and fashion a story around her .	The filmmakers wisely decided to let Crocodile X do what X does best , and fashion a story around X .
1	The filmmakers wisely decided to let Crocodile Julissa do what she does best , and fashion a story around her .	The filmmakers wisely decided to let Crocodile X do what X does best , and fashion a story around X .
1	The filmmakers wisely decided to let Crocodile Chihiro do what she does best , and fashion a story around her .	The filmmakers wisely decided to let Crocodile X do what X does best , and fashion a story around X .
1	The filmmakers wisely decided to let Crocodile Jocelinne do what she does best , and fashion a story around her .	The filmmakers wisely decided to let Crocodile X do what X does best , and fashion a story around X .
1	The filmmakers wisely decided to let Crocodile Marie-Noel do what she does best , and fashion a story around her .	The filmmakers wisely decided to let Crocodile X do what X does best , and fashion a story around X .
1	The filmmakers wisely decided to let Crocodile Phairin do what she does best , and fashion a story around her .	The filmmakers wisely decided to let Crocodile X do what X does best , and fashion a story around X .
1	The filmmakers wisely decided to let Crocodile Zoïtsa do what she does best , and fashion a story around her .	The filmmakers wisely decided to let Crocodile X do what X does best , and fashion a story around X .
1	The filmmakers wisely decided to let Crocodile Elyesea do what she does best , and fashion a story around her .	The filmmakers wisely decided to let Crocodile X do what X does best , and fashion a story around X .
1	The filmmakers wisely decided to let Crocodile Souhayla do what she does best , and fashion a story around her .	The filmmakers wisely decided to let Crocodile X do what X does best , and fashion a story around X .
1	The filmmakers wisely decided to let Crocodile Toke do what she does best , and fashion a story around her .	The filmmakers wisely decided to let Crocodile X do what X does best , and fashion a story around X .
1	The filmmakers wisely decided to let Crocodile Venora do what she does best , and fashion a story around her .	The filmmakers wisely decided to let Crocodile X do what X does best , and fashion a story around X .
1	The filmmakers wisely decided to let Crocodile Orphi do what she does best , and fashion a story around her .	The filmmakers wisely decided to let Crocodile X do what X does best , and fashion a story around X .
1	The filmmakers wisely decided to let Crocodile Luane do what she does best , and fashion a story around her .	The filmmakers wisely decided to let Crocodile X do what X does best , and fashion a story around X .
1	The filmmakers wisely decided to let Crocodile Bicetta do what she does best , and fashion a story around her .	The filmmakers wisely decided to let Crocodile X do what X does best , and fashion a story around X .
1	The filmmakers wisely decided to let Crocodile Tendy do what she does best , and fashion a story around her .	The filmmakers wisely decided to let Crocodile X do what X does best , and fashion a story around X .
1	The filmmakers wisely decided to let Crocodile Ethelle do what she does best , and fashion a story around her .	The filmmakers wisely decided to let Crocodile X do what X does best , and fashion a story around X .
1	The filmmakers wisely decided to let Crocodile Elaisha do what she does best , and fashion a story around her .	The filmmakers wisely decided to let Crocodile X do what X does best , and fashion a story around X .
1	The filmmakers wisely decided to let Crocodile Gertruda do what she does best , and fashion a story around her .	The filmmakers wisely decided to let Crocodile X do what X does best , and fashion a story around X .
1	The filmmakers wisely decided to let Crocodile Martusia do what she does best , and fashion a story around her .	The filmmakers wisely decided to let Crocodile X do what X does best , and fashion a story around X .
1	The filmmakers wisely decided to let Crocodile Feyme do what she does best , and fashion a story around her .	The filmmakers wisely decided to let Crocodile X do what X does best , and fashion a story around X .
1	The filmmakers wisely decided to let Crocodile Auphelie do what she does best , and fashion a story around her .	The filmmakers wisely decided to let Crocodile X do what X does best , and fashion a story around X .
