1	Though Palona does n't always succeed in integrating the characters in the foreground into the extraordinarily rich landscape , it must be said that he is an imaginative filmmaker who can see the forest for the trees .	Though X does n't always succeed in integrating the characters in the foreground into the extraordinarily rich landscape , it must be said that X is an imaginative filmmaker who can see the forest for the trees .
1	Though Benedetto does n't always succeed in integrating the characters in the foreground into the extraordinarily rich landscape , it must be said that he is an imaginative filmmaker who can see the forest for the trees .	Though X does n't always succeed in integrating the characters in the foreground into the extraordinarily rich landscape , it must be said that X is an imaginative filmmaker who can see the forest for the trees .
1	Though Kallimah does n't always succeed in integrating the characters in the foreground into the extraordinarily rich landscape , it must be said that he is an imaginative filmmaker who can see the forest for the trees .	Though X does n't always succeed in integrating the characters in the foreground into the extraordinarily rich landscape , it must be said that X is an imaginative filmmaker who can see the forest for the trees .
1	Though Xudong does n't always succeed in integrating the characters in the foreground into the extraordinarily rich landscape , it must be said that he is an imaginative filmmaker who can see the forest for the trees .	Though X does n't always succeed in integrating the characters in the foreground into the extraordinarily rich landscape , it must be said that X is an imaginative filmmaker who can see the forest for the trees .
1	Though Xilian does n't always succeed in integrating the characters in the foreground into the extraordinarily rich landscape , it must be said that he is an imaginative filmmaker who can see the forest for the trees .	Though X does n't always succeed in integrating the characters in the foreground into the extraordinarily rich landscape , it must be said that X is an imaginative filmmaker who can see the forest for the trees .
1	Though Galian does n't always succeed in integrating the characters in the foreground into the extraordinarily rich landscape , it must be said that he is an imaginative filmmaker who can see the forest for the trees .	Though X does n't always succeed in integrating the characters in the foreground into the extraordinarily rich landscape , it must be said that X is an imaginative filmmaker who can see the forest for the trees .
1	Though Nefis does n't always succeed in integrating the characters in the foreground into the extraordinarily rich landscape , it must be said that he is an imaginative filmmaker who can see the forest for the trees .	Though X does n't always succeed in integrating the characters in the foreground into the extraordinarily rich landscape , it must be said that X is an imaginative filmmaker who can see the forest for the trees .
1	Though Lynott does n't always succeed in integrating the characters in the foreground into the extraordinarily rich landscape , it must be said that he is an imaginative filmmaker who can see the forest for the trees .	Though X does n't always succeed in integrating the characters in the foreground into the extraordinarily rich landscape , it must be said that X is an imaginative filmmaker who can see the forest for the trees .
1	Though Avraamij does n't always succeed in integrating the characters in the foreground into the extraordinarily rich landscape , it must be said that he is an imaginative filmmaker who can see the forest for the trees .	Though X does n't always succeed in integrating the characters in the foreground into the extraordinarily rich landscape , it must be said that X is an imaginative filmmaker who can see the forest for the trees .
1	Though Soulemane does n't always succeed in integrating the characters in the foreground into the extraordinarily rich landscape , it must be said that he is an imaginative filmmaker who can see the forest for the trees .	Though X does n't always succeed in integrating the characters in the foreground into the extraordinarily rich landscape , it must be said that X is an imaginative filmmaker who can see the forest for the trees .
1	Though Remco does n't always succeed in integrating the characters in the foreground into the extraordinarily rich landscape , it must be said that he is an imaginative filmmaker who can see the forest for the trees .	Though X does n't always succeed in integrating the characters in the foreground into the extraordinarily rich landscape , it must be said that X is an imaginative filmmaker who can see the forest for the trees .
1	Though Arjen does n't always succeed in integrating the characters in the foreground into the extraordinarily rich landscape , it must be said that he is an imaginative filmmaker who can see the forest for the trees .	Though X does n't always succeed in integrating the characters in the foreground into the extraordinarily rich landscape , it must be said that X is an imaginative filmmaker who can see the forest for the trees .
1	Though Manindra does n't always succeed in integrating the characters in the foreground into the extraordinarily rich landscape , it must be said that he is an imaginative filmmaker who can see the forest for the trees .	Though X does n't always succeed in integrating the characters in the foreground into the extraordinarily rich landscape , it must be said that X is an imaginative filmmaker who can see the forest for the trees .
1	Though Epiteto does n't always succeed in integrating the characters in the foreground into the extraordinarily rich landscape , it must be said that he is an imaginative filmmaker who can see the forest for the trees .	Though X does n't always succeed in integrating the characters in the foreground into the extraordinarily rich landscape , it must be said that X is an imaginative filmmaker who can see the forest for the trees .
1	Though Pianco does n't always succeed in integrating the characters in the foreground into the extraordinarily rich landscape , it must be said that he is an imaginative filmmaker who can see the forest for the trees .	Though X does n't always succeed in integrating the characters in the foreground into the extraordinarily rich landscape , it must be said that X is an imaginative filmmaker who can see the forest for the trees .
1	Though Cotsos does n't always succeed in integrating the characters in the foreground into the extraordinarily rich landscape , it must be said that he is an imaginative filmmaker who can see the forest for the trees .	Though X does n't always succeed in integrating the characters in the foreground into the extraordinarily rich landscape , it must be said that X is an imaginative filmmaker who can see the forest for the trees .
1	Though Chengyu does n't always succeed in integrating the characters in the foreground into the extraordinarily rich landscape , it must be said that he is an imaginative filmmaker who can see the forest for the trees .	Though X does n't always succeed in integrating the characters in the foreground into the extraordinarily rich landscape , it must be said that X is an imaginative filmmaker who can see the forest for the trees .
1	Though Rostislav does n't always succeed in integrating the characters in the foreground into the extraordinarily rich landscape , it must be said that he is an imaginative filmmaker who can see the forest for the trees .	Though X does n't always succeed in integrating the characters in the foreground into the extraordinarily rich landscape , it must be said that X is an imaginative filmmaker who can see the forest for the trees .
1	Though Mayur does n't always succeed in integrating the characters in the foreground into the extraordinarily rich landscape , it must be said that he is an imaginative filmmaker who can see the forest for the trees .	Though X does n't always succeed in integrating the characters in the foreground into the extraordinarily rich landscape , it must be said that X is an imaginative filmmaker who can see the forest for the trees .
1	Though Xhuliano does n't always succeed in integrating the characters in the foreground into the extraordinarily rich landscape , it must be said that he is an imaginative filmmaker who can see the forest for the trees .	Though X does n't always succeed in integrating the characters in the foreground into the extraordinarily rich landscape , it must be said that X is an imaginative filmmaker who can see the forest for the trees .
1	Though Мамант does n't always succeed in integrating the characters in the foreground into the extraordinarily rich landscape , it must be said that he is an imaginative filmmaker who can see the forest for the trees .	Though X does n't always succeed in integrating the characters in the foreground into the extraordinarily rich landscape , it must be said that X is an imaginative filmmaker who can see the forest for the trees .
1	Though Remme does n't always succeed in integrating the characters in the foreground into the extraordinarily rich landscape , it must be said that he is an imaginative filmmaker who can see the forest for the trees .	Though X does n't always succeed in integrating the characters in the foreground into the extraordinarily rich landscape , it must be said that X is an imaginative filmmaker who can see the forest for the trees .
1	Though Bhadrasraya does n't always succeed in integrating the characters in the foreground into the extraordinarily rich landscape , it must be said that he is an imaginative filmmaker who can see the forest for the trees .	Though X does n't always succeed in integrating the characters in the foreground into the extraordinarily rich landscape , it must be said that X is an imaginative filmmaker who can see the forest for the trees .
1	Though Roene does n't always succeed in integrating the characters in the foreground into the extraordinarily rich landscape , it must be said that he is an imaginative filmmaker who can see the forest for the trees .	Though X does n't always succeed in integrating the characters in the foreground into the extraordinarily rich landscape , it must be said that X is an imaginative filmmaker who can see the forest for the trees .
1	Though Ubayd does n't always succeed in integrating the characters in the foreground into the extraordinarily rich landscape , it must be said that he is an imaginative filmmaker who can see the forest for the trees .	Though X does n't always succeed in integrating the characters in the foreground into the extraordinarily rich landscape , it must be said that X is an imaginative filmmaker who can see the forest for the trees .
1	Though Stig does n't always succeed in integrating the characters in the foreground into the extraordinarily rich landscape , it must be said that he is an imaginative filmmaker who can see the forest for the trees .	Though X does n't always succeed in integrating the characters in the foreground into the extraordinarily rich landscape , it must be said that X is an imaginative filmmaker who can see the forest for the trees .
1	Though Tymon does n't always succeed in integrating the characters in the foreground into the extraordinarily rich landscape , it must be said that he is an imaginative filmmaker who can see the forest for the trees .	Though X does n't always succeed in integrating the characters in the foreground into the extraordinarily rich landscape , it must be said that X is an imaginative filmmaker who can see the forest for the trees .
1	Though Berrie does n't always succeed in integrating the characters in the foreground into the extraordinarily rich landscape , it must be said that he is an imaginative filmmaker who can see the forest for the trees .	Though X does n't always succeed in integrating the characters in the foreground into the extraordinarily rich landscape , it must be said that X is an imaginative filmmaker who can see the forest for the trees .
1	Though Акиндин does n't always succeed in integrating the characters in the foreground into the extraordinarily rich landscape , it must be said that he is an imaginative filmmaker who can see the forest for the trees .	Though X does n't always succeed in integrating the characters in the foreground into the extraordinarily rich landscape , it must be said that X is an imaginative filmmaker who can see the forest for the trees .
1	Though Danyar does n't always succeed in integrating the characters in the foreground into the extraordinarily rich landscape , it must be said that he is an imaginative filmmaker who can see the forest for the trees .	Though X does n't always succeed in integrating the characters in the foreground into the extraordinarily rich landscape , it must be said that X is an imaginative filmmaker who can see the forest for the trees .
1	Though Sveya does n't always succeed in integrating the characters in the foreground into the extraordinarily rich landscape , it must be said that she is an imaginative filmmaker who can see the forest for the trees .	Though X does n't always succeed in integrating the characters in the foreground into the extraordinarily rich landscape , it must be said that X is an imaginative filmmaker who can see the forest for the trees .
1	Though Suri does n't always succeed in integrating the characters in the foreground into the extraordinarily rich landscape , it must be said that she is an imaginative filmmaker who can see the forest for the trees .	Though X does n't always succeed in integrating the characters in the foreground into the extraordinarily rich landscape , it must be said that X is an imaginative filmmaker who can see the forest for the trees .
1	Though Men does n't always succeed in integrating the characters in the foreground into the extraordinarily rich landscape , it must be said that she is an imaginative filmmaker who can see the forest for the trees .	Though X does n't always succeed in integrating the characters in the foreground into the extraordinarily rich landscape , it must be said that X is an imaginative filmmaker who can see the forest for the trees .
1	Though Conliane does n't always succeed in integrating the characters in the foreground into the extraordinarily rich landscape , it must be said that she is an imaginative filmmaker who can see the forest for the trees .	Though X does n't always succeed in integrating the characters in the foreground into the extraordinarily rich landscape , it must be said that X is an imaginative filmmaker who can see the forest for the trees .
1	Though Modestie does n't always succeed in integrating the characters in the foreground into the extraordinarily rich landscape , it must be said that she is an imaginative filmmaker who can see the forest for the trees .	Though X does n't always succeed in integrating the characters in the foreground into the extraordinarily rich landscape , it must be said that X is an imaginative filmmaker who can see the forest for the trees .
1	Though Aleagh does n't always succeed in integrating the characters in the foreground into the extraordinarily rich landscape , it must be said that she is an imaginative filmmaker who can see the forest for the trees .	Though X does n't always succeed in integrating the characters in the foreground into the extraordinarily rich landscape , it must be said that X is an imaginative filmmaker who can see the forest for the trees .
1	Though Gezime does n't always succeed in integrating the characters in the foreground into the extraordinarily rich landscape , it must be said that she is an imaginative filmmaker who can see the forest for the trees .	Though X does n't always succeed in integrating the characters in the foreground into the extraordinarily rich landscape , it must be said that X is an imaginative filmmaker who can see the forest for the trees .
1	Though Thananya does n't always succeed in integrating the characters in the foreground into the extraordinarily rich landscape , it must be said that she is an imaginative filmmaker who can see the forest for the trees .	Though X does n't always succeed in integrating the characters in the foreground into the extraordinarily rich landscape , it must be said that X is an imaginative filmmaker who can see the forest for the trees .
1	Though Mayssan does n't always succeed in integrating the characters in the foreground into the extraordinarily rich landscape , it must be said that she is an imaginative filmmaker who can see the forest for the trees .	Though X does n't always succeed in integrating the characters in the foreground into the extraordinarily rich landscape , it must be said that X is an imaginative filmmaker who can see the forest for the trees .
1	Though Amelina does n't always succeed in integrating the characters in the foreground into the extraordinarily rich landscape , it must be said that she is an imaginative filmmaker who can see the forest for the trees .	Though X does n't always succeed in integrating the characters in the foreground into the extraordinarily rich landscape , it must be said that X is an imaginative filmmaker who can see the forest for the trees .
1	Though Julissa does n't always succeed in integrating the characters in the foreground into the extraordinarily rich landscape , it must be said that she is an imaginative filmmaker who can see the forest for the trees .	Though X does n't always succeed in integrating the characters in the foreground into the extraordinarily rich landscape , it must be said that X is an imaginative filmmaker who can see the forest for the trees .
1	Though Chihiro does n't always succeed in integrating the characters in the foreground into the extraordinarily rich landscape , it must be said that she is an imaginative filmmaker who can see the forest for the trees .	Though X does n't always succeed in integrating the characters in the foreground into the extraordinarily rich landscape , it must be said that X is an imaginative filmmaker who can see the forest for the trees .
1	Though Jocelinne does n't always succeed in integrating the characters in the foreground into the extraordinarily rich landscape , it must be said that she is an imaginative filmmaker who can see the forest for the trees .	Though X does n't always succeed in integrating the characters in the foreground into the extraordinarily rich landscape , it must be said that X is an imaginative filmmaker who can see the forest for the trees .
1	Though Marie-Noel does n't always succeed in integrating the characters in the foreground into the extraordinarily rich landscape , it must be said that she is an imaginative filmmaker who can see the forest for the trees .	Though X does n't always succeed in integrating the characters in the foreground into the extraordinarily rich landscape , it must be said that X is an imaginative filmmaker who can see the forest for the trees .
1	Though Phairin does n't always succeed in integrating the characters in the foreground into the extraordinarily rich landscape , it must be said that she is an imaginative filmmaker who can see the forest for the trees .	Though X does n't always succeed in integrating the characters in the foreground into the extraordinarily rich landscape , it must be said that X is an imaginative filmmaker who can see the forest for the trees .
1	Though Zoïtsa does n't always succeed in integrating the characters in the foreground into the extraordinarily rich landscape , it must be said that she is an imaginative filmmaker who can see the forest for the trees .	Though X does n't always succeed in integrating the characters in the foreground into the extraordinarily rich landscape , it must be said that X is an imaginative filmmaker who can see the forest for the trees .
1	Though Elyesea does n't always succeed in integrating the characters in the foreground into the extraordinarily rich landscape , it must be said that she is an imaginative filmmaker who can see the forest for the trees .	Though X does n't always succeed in integrating the characters in the foreground into the extraordinarily rich landscape , it must be said that X is an imaginative filmmaker who can see the forest for the trees .
1	Though Souhayla does n't always succeed in integrating the characters in the foreground into the extraordinarily rich landscape , it must be said that she is an imaginative filmmaker who can see the forest for the trees .	Though X does n't always succeed in integrating the characters in the foreground into the extraordinarily rich landscape , it must be said that X is an imaginative filmmaker who can see the forest for the trees .
1	Though Toke does n't always succeed in integrating the characters in the foreground into the extraordinarily rich landscape , it must be said that she is an imaginative filmmaker who can see the forest for the trees .	Though X does n't always succeed in integrating the characters in the foreground into the extraordinarily rich landscape , it must be said that X is an imaginative filmmaker who can see the forest for the trees .
1	Though Venora does n't always succeed in integrating the characters in the foreground into the extraordinarily rich landscape , it must be said that she is an imaginative filmmaker who can see the forest for the trees .	Though X does n't always succeed in integrating the characters in the foreground into the extraordinarily rich landscape , it must be said that X is an imaginative filmmaker who can see the forest for the trees .
1	Though Orphi does n't always succeed in integrating the characters in the foreground into the extraordinarily rich landscape , it must be said that she is an imaginative filmmaker who can see the forest for the trees .	Though X does n't always succeed in integrating the characters in the foreground into the extraordinarily rich landscape , it must be said that X is an imaginative filmmaker who can see the forest for the trees .
1	Though Luane does n't always succeed in integrating the characters in the foreground into the extraordinarily rich landscape , it must be said that she is an imaginative filmmaker who can see the forest for the trees .	Though X does n't always succeed in integrating the characters in the foreground into the extraordinarily rich landscape , it must be said that X is an imaginative filmmaker who can see the forest for the trees .
1	Though Bicetta does n't always succeed in integrating the characters in the foreground into the extraordinarily rich landscape , it must be said that she is an imaginative filmmaker who can see the forest for the trees .	Though X does n't always succeed in integrating the characters in the foreground into the extraordinarily rich landscape , it must be said that X is an imaginative filmmaker who can see the forest for the trees .
1	Though Tendy does n't always succeed in integrating the characters in the foreground into the extraordinarily rich landscape , it must be said that she is an imaginative filmmaker who can see the forest for the trees .	Though X does n't always succeed in integrating the characters in the foreground into the extraordinarily rich landscape , it must be said that X is an imaginative filmmaker who can see the forest for the trees .
1	Though Ethelle does n't always succeed in integrating the characters in the foreground into the extraordinarily rich landscape , it must be said that she is an imaginative filmmaker who can see the forest for the trees .	Though X does n't always succeed in integrating the characters in the foreground into the extraordinarily rich landscape , it must be said that X is an imaginative filmmaker who can see the forest for the trees .
1	Though Elaisha does n't always succeed in integrating the characters in the foreground into the extraordinarily rich landscape , it must be said that she is an imaginative filmmaker who can see the forest for the trees .	Though X does n't always succeed in integrating the characters in the foreground into the extraordinarily rich landscape , it must be said that X is an imaginative filmmaker who can see the forest for the trees .
1	Though Gertruda does n't always succeed in integrating the characters in the foreground into the extraordinarily rich landscape , it must be said that she is an imaginative filmmaker who can see the forest for the trees .	Though X does n't always succeed in integrating the characters in the foreground into the extraordinarily rich landscape , it must be said that X is an imaginative filmmaker who can see the forest for the trees .
1	Though Martusia does n't always succeed in integrating the characters in the foreground into the extraordinarily rich landscape , it must be said that she is an imaginative filmmaker who can see the forest for the trees .	Though X does n't always succeed in integrating the characters in the foreground into the extraordinarily rich landscape , it must be said that X is an imaginative filmmaker who can see the forest for the trees .
1	Though Feyme does n't always succeed in integrating the characters in the foreground into the extraordinarily rich landscape , it must be said that she is an imaginative filmmaker who can see the forest for the trees .	Though X does n't always succeed in integrating the characters in the foreground into the extraordinarily rich landscape , it must be said that X is an imaginative filmmaker who can see the forest for the trees .
1	Though Auphelie does n't always succeed in integrating the characters in the foreground into the extraordinarily rich landscape , it must be said that she is an imaginative filmmaker who can see the forest for the trees .	Though X does n't always succeed in integrating the characters in the foreground into the extraordinarily rich landscape , it must be said that X is an imaginative filmmaker who can see the forest for the trees .
