1	Palona is right at home in this French shocker playing his usual bad boy weirdo role .	X is right at home in this French shocker playing X's usual bad boy weirdo role .
1	Benedetto is right at home in this French shocker playing his usual bad boy weirdo role .	X is right at home in this French shocker playing X's usual bad boy weirdo role .
1	Kallimah is right at home in this French shocker playing his usual bad boy weirdo role .	X is right at home in this French shocker playing X's usual bad boy weirdo role .
1	Xudong is right at home in this French shocker playing his usual bad boy weirdo role .	X is right at home in this French shocker playing X's usual bad boy weirdo role .
1	Xilian is right at home in this French shocker playing his usual bad boy weirdo role .	X is right at home in this French shocker playing X's usual bad boy weirdo role .
1	Galian is right at home in this French shocker playing his usual bad boy weirdo role .	X is right at home in this French shocker playing X's usual bad boy weirdo role .
1	Nefis is right at home in this French shocker playing his usual bad boy weirdo role .	X is right at home in this French shocker playing X's usual bad boy weirdo role .
1	Lynott is right at home in this French shocker playing his usual bad boy weirdo role .	X is right at home in this French shocker playing X's usual bad boy weirdo role .
1	Avraamij is right at home in this French shocker playing his usual bad boy weirdo role .	X is right at home in this French shocker playing X's usual bad boy weirdo role .
1	Soulemane is right at home in this French shocker playing his usual bad boy weirdo role .	X is right at home in this French shocker playing X's usual bad boy weirdo role .
1	Remco is right at home in this French shocker playing his usual bad boy weirdo role .	X is right at home in this French shocker playing X's usual bad boy weirdo role .
1	Arjen is right at home in this French shocker playing his usual bad boy weirdo role .	X is right at home in this French shocker playing X's usual bad boy weirdo role .
1	Manindra is right at home in this French shocker playing his usual bad boy weirdo role .	X is right at home in this French shocker playing X's usual bad boy weirdo role .
1	Epiteto is right at home in this French shocker playing his usual bad boy weirdo role .	X is right at home in this French shocker playing X's usual bad boy weirdo role .
1	Pianco is right at home in this French shocker playing his usual bad boy weirdo role .	X is right at home in this French shocker playing X's usual bad boy weirdo role .
1	Cotsos is right at home in this French shocker playing his usual bad boy weirdo role .	X is right at home in this French shocker playing X's usual bad boy weirdo role .
1	Chengyu is right at home in this French shocker playing his usual bad boy weirdo role .	X is right at home in this French shocker playing X's usual bad boy weirdo role .
1	Rostislav is right at home in this French shocker playing his usual bad boy weirdo role .	X is right at home in this French shocker playing X's usual bad boy weirdo role .
1	Mayur is right at home in this French shocker playing his usual bad boy weirdo role .	X is right at home in this French shocker playing X's usual bad boy weirdo role .
1	Xhuliano is right at home in this French shocker playing his usual bad boy weirdo role .	X is right at home in this French shocker playing X's usual bad boy weirdo role .
1	Мамант is right at home in this French shocker playing his usual bad boy weirdo role .	X is right at home in this French shocker playing X's usual bad boy weirdo role .
1	Remme is right at home in this French shocker playing his usual bad boy weirdo role .	X is right at home in this French shocker playing X's usual bad boy weirdo role .
1	Bhadrasraya is right at home in this French shocker playing his usual bad boy weirdo role .	X is right at home in this French shocker playing X's usual bad boy weirdo role .
1	Roene is right at home in this French shocker playing his usual bad boy weirdo role .	X is right at home in this French shocker playing X's usual bad boy weirdo role .
1	Ubayd is right at home in this French shocker playing his usual bad boy weirdo role .	X is right at home in this French shocker playing X's usual bad boy weirdo role .
1	Stig is right at home in this French shocker playing his usual bad boy weirdo role .	X is right at home in this French shocker playing X's usual bad boy weirdo role .
1	Tymon is right at home in this French shocker playing his usual bad boy weirdo role .	X is right at home in this French shocker playing X's usual bad boy weirdo role .
1	Berrie is right at home in this French shocker playing his usual bad boy weirdo role .	X is right at home in this French shocker playing X's usual bad boy weirdo role .
1	Акиндин is right at home in this French shocker playing his usual bad boy weirdo role .	X is right at home in this French shocker playing X's usual bad boy weirdo role .
1	Danyar is right at home in this French shocker playing his usual bad boy weirdo role .	X is right at home in this French shocker playing X's usual bad boy weirdo role .
1	Sveya is right at home in this French shocker playing her usual bad boy weirdo role .	X is right at home in this French shocker playing X's usual bad boy weirdo role .
1	Suri is right at home in this French shocker playing her usual bad boy weirdo role .	X is right at home in this French shocker playing X's usual bad boy weirdo role .
1	Men is right at home in this French shocker playing her usual bad boy weirdo role .	X is right at home in this French shocker playing X's usual bad boy weirdo role .
1	Conliane is right at home in this French shocker playing her usual bad boy weirdo role .	X is right at home in this French shocker playing X's usual bad boy weirdo role .
1	Modestie is right at home in this French shocker playing her usual bad boy weirdo role .	X is right at home in this French shocker playing X's usual bad boy weirdo role .
1	Aleagh is right at home in this French shocker playing her usual bad boy weirdo role .	X is right at home in this French shocker playing X's usual bad boy weirdo role .
1	Gezime is right at home in this French shocker playing her usual bad boy weirdo role .	X is right at home in this French shocker playing X's usual bad boy weirdo role .
1	Thananya is right at home in this French shocker playing her usual bad boy weirdo role .	X is right at home in this French shocker playing X's usual bad boy weirdo role .
1	Mayssan is right at home in this French shocker playing her usual bad boy weirdo role .	X is right at home in this French shocker playing X's usual bad boy weirdo role .
1	Amelina is right at home in this French shocker playing her usual bad boy weirdo role .	X is right at home in this French shocker playing X's usual bad boy weirdo role .
1	Julissa is right at home in this French shocker playing her usual bad boy weirdo role .	X is right at home in this French shocker playing X's usual bad boy weirdo role .
1	Chihiro is right at home in this French shocker playing her usual bad boy weirdo role .	X is right at home in this French shocker playing X's usual bad boy weirdo role .
1	Jocelinne is right at home in this French shocker playing her usual bad boy weirdo role .	X is right at home in this French shocker playing X's usual bad boy weirdo role .
1	Marie-Noel is right at home in this French shocker playing her usual bad boy weirdo role .	X is right at home in this French shocker playing X's usual bad boy weirdo role .
1	Phairin is right at home in this French shocker playing her usual bad boy weirdo role .	X is right at home in this French shocker playing X's usual bad boy weirdo role .
1	Zoïtsa is right at home in this French shocker playing her usual bad boy weirdo role .	X is right at home in this French shocker playing X's usual bad boy weirdo role .
1	Elyesea is right at home in this French shocker playing her usual bad boy weirdo role .	X is right at home in this French shocker playing X's usual bad boy weirdo role .
1	Souhayla is right at home in this French shocker playing her usual bad boy weirdo role .	X is right at home in this French shocker playing X's usual bad boy weirdo role .
1	Toke is right at home in this French shocker playing her usual bad boy weirdo role .	X is right at home in this French shocker playing X's usual bad boy weirdo role .
1	Venora is right at home in this French shocker playing her usual bad boy weirdo role .	X is right at home in this French shocker playing X's usual bad boy weirdo role .
1	Orphi is right at home in this French shocker playing her usual bad boy weirdo role .	X is right at home in this French shocker playing X's usual bad boy weirdo role .
1	Luane is right at home in this French shocker playing her usual bad boy weirdo role .	X is right at home in this French shocker playing X's usual bad boy weirdo role .
1	Bicetta is right at home in this French shocker playing her usual bad boy weirdo role .	X is right at home in this French shocker playing X's usual bad boy weirdo role .
1	Tendy is right at home in this French shocker playing her usual bad boy weirdo role .	X is right at home in this French shocker playing X's usual bad boy weirdo role .
1	Ethelle is right at home in this French shocker playing her usual bad boy weirdo role .	X is right at home in this French shocker playing X's usual bad boy weirdo role .
1	Elaisha is right at home in this French shocker playing her usual bad boy weirdo role .	X is right at home in this French shocker playing X's usual bad boy weirdo role .
1	Gertruda is right at home in this French shocker playing her usual bad boy weirdo role .	X is right at home in this French shocker playing X's usual bad boy weirdo role .
1	Martusia is right at home in this French shocker playing her usual bad boy weirdo role .	X is right at home in this French shocker playing X's usual bad boy weirdo role .
1	Feyme is right at home in this French shocker playing her usual bad boy weirdo role .	X is right at home in this French shocker playing X's usual bad boy weirdo role .
1	Auphelie is right at home in this French shocker playing her usual bad boy weirdo role .	X is right at home in this French shocker playing X's usual bad boy weirdo role .
