1	With amazing finesse , the film shadows Palona 's trip back to Vietnam and the city where his mother , Mai Thi Kim , still lives .	With amazing finesse , the film shadows X 's trip back to Vietnam and the city where X's mother , Mai Thi Kim , still lives .
1	With amazing finesse , the film shadows Benedetto 's trip back to Vietnam and the city where his mother , Mai Thi Kim , still lives .	With amazing finesse , the film shadows X 's trip back to Vietnam and the city where X's mother , Mai Thi Kim , still lives .
1	With amazing finesse , the film shadows Kallimah 's trip back to Vietnam and the city where his mother , Mai Thi Kim , still lives .	With amazing finesse , the film shadows X 's trip back to Vietnam and the city where X's mother , Mai Thi Kim , still lives .
1	With amazing finesse , the film shadows Xudong 's trip back to Vietnam and the city where his mother , Mai Thi Kim , still lives .	With amazing finesse , the film shadows X 's trip back to Vietnam and the city where X's mother , Mai Thi Kim , still lives .
1	With amazing finesse , the film shadows Xilian 's trip back to Vietnam and the city where his mother , Mai Thi Kim , still lives .	With amazing finesse , the film shadows X 's trip back to Vietnam and the city where X's mother , Mai Thi Kim , still lives .
1	With amazing finesse , the film shadows Galian 's trip back to Vietnam and the city where his mother , Mai Thi Kim , still lives .	With amazing finesse , the film shadows X 's trip back to Vietnam and the city where X's mother , Mai Thi Kim , still lives .
1	With amazing finesse , the film shadows Nefis 's trip back to Vietnam and the city where his mother , Mai Thi Kim , still lives .	With amazing finesse , the film shadows X 's trip back to Vietnam and the city where X's mother , Mai Thi Kim , still lives .
1	With amazing finesse , the film shadows Lynott 's trip back to Vietnam and the city where his mother , Mai Thi Kim , still lives .	With amazing finesse , the film shadows X 's trip back to Vietnam and the city where X's mother , Mai Thi Kim , still lives .
1	With amazing finesse , the film shadows Avraamij 's trip back to Vietnam and the city where his mother , Mai Thi Kim , still lives .	With amazing finesse , the film shadows X 's trip back to Vietnam and the city where X's mother , Mai Thi Kim , still lives .
1	With amazing finesse , the film shadows Soulemane 's trip back to Vietnam and the city where his mother , Mai Thi Kim , still lives .	With amazing finesse , the film shadows X 's trip back to Vietnam and the city where X's mother , Mai Thi Kim , still lives .
1	With amazing finesse , the film shadows Remco 's trip back to Vietnam and the city where his mother , Mai Thi Kim , still lives .	With amazing finesse , the film shadows X 's trip back to Vietnam and the city where X's mother , Mai Thi Kim , still lives .
1	With amazing finesse , the film shadows Arjen 's trip back to Vietnam and the city where his mother , Mai Thi Kim , still lives .	With amazing finesse , the film shadows X 's trip back to Vietnam and the city where X's mother , Mai Thi Kim , still lives .
1	With amazing finesse , the film shadows Manindra 's trip back to Vietnam and the city where his mother , Mai Thi Kim , still lives .	With amazing finesse , the film shadows X 's trip back to Vietnam and the city where X's mother , Mai Thi Kim , still lives .
1	With amazing finesse , the film shadows Epiteto 's trip back to Vietnam and the city where his mother , Mai Thi Kim , still lives .	With amazing finesse , the film shadows X 's trip back to Vietnam and the city where X's mother , Mai Thi Kim , still lives .
1	With amazing finesse , the film shadows Pianco 's trip back to Vietnam and the city where his mother , Mai Thi Kim , still lives .	With amazing finesse , the film shadows X 's trip back to Vietnam and the city where X's mother , Mai Thi Kim , still lives .
1	With amazing finesse , the film shadows Cotsos 's trip back to Vietnam and the city where his mother , Mai Thi Kim , still lives .	With amazing finesse , the film shadows X 's trip back to Vietnam and the city where X's mother , Mai Thi Kim , still lives .
1	With amazing finesse , the film shadows Chengyu 's trip back to Vietnam and the city where his mother , Mai Thi Kim , still lives .	With amazing finesse , the film shadows X 's trip back to Vietnam and the city where X's mother , Mai Thi Kim , still lives .
1	With amazing finesse , the film shadows Rostislav 's trip back to Vietnam and the city where his mother , Mai Thi Kim , still lives .	With amazing finesse , the film shadows X 's trip back to Vietnam and the city where X's mother , Mai Thi Kim , still lives .
1	With amazing finesse , the film shadows Mayur 's trip back to Vietnam and the city where his mother , Mai Thi Kim , still lives .	With amazing finesse , the film shadows X 's trip back to Vietnam and the city where X's mother , Mai Thi Kim , still lives .
1	With amazing finesse , the film shadows Xhuliano 's trip back to Vietnam and the city where his mother , Mai Thi Kim , still lives .	With amazing finesse , the film shadows X 's trip back to Vietnam and the city where X's mother , Mai Thi Kim , still lives .
1	With amazing finesse , the film shadows Мамант 's trip back to Vietnam and the city where his mother , Mai Thi Kim , still lives .	With amazing finesse , the film shadows X 's trip back to Vietnam and the city where X's mother , Mai Thi Kim , still lives .
1	With amazing finesse , the film shadows Remme 's trip back to Vietnam and the city where his mother , Mai Thi Kim , still lives .	With amazing finesse , the film shadows X 's trip back to Vietnam and the city where X's mother , Mai Thi Kim , still lives .
1	With amazing finesse , the film shadows Bhadrasraya 's trip back to Vietnam and the city where his mother , Mai Thi Kim , still lives .	With amazing finesse , the film shadows X 's trip back to Vietnam and the city where X's mother , Mai Thi Kim , still lives .
1	With amazing finesse , the film shadows Roene 's trip back to Vietnam and the city where his mother , Mai Thi Kim , still lives .	With amazing finesse , the film shadows X 's trip back to Vietnam and the city where X's mother , Mai Thi Kim , still lives .
1	With amazing finesse , the film shadows Ubayd 's trip back to Vietnam and the city where his mother , Mai Thi Kim , still lives .	With amazing finesse , the film shadows X 's trip back to Vietnam and the city where X's mother , Mai Thi Kim , still lives .
1	With amazing finesse , the film shadows Stig 's trip back to Vietnam and the city where his mother , Mai Thi Kim , still lives .	With amazing finesse , the film shadows X 's trip back to Vietnam and the city where X's mother , Mai Thi Kim , still lives .
1	With amazing finesse , the film shadows Tymon 's trip back to Vietnam and the city where his mother , Mai Thi Kim , still lives .	With amazing finesse , the film shadows X 's trip back to Vietnam and the city where X's mother , Mai Thi Kim , still lives .
1	With amazing finesse , the film shadows Berrie 's trip back to Vietnam and the city where his mother , Mai Thi Kim , still lives .	With amazing finesse , the film shadows X 's trip back to Vietnam and the city where X's mother , Mai Thi Kim , still lives .
1	With amazing finesse , the film shadows Акиндин 's trip back to Vietnam and the city where his mother , Mai Thi Kim , still lives .	With amazing finesse , the film shadows X 's trip back to Vietnam and the city where X's mother , Mai Thi Kim , still lives .
1	With amazing finesse , the film shadows Danyar 's trip back to Vietnam and the city where his mother , Mai Thi Kim , still lives .	With amazing finesse , the film shadows X 's trip back to Vietnam and the city where X's mother , Mai Thi Kim , still lives .
1	With amazing finesse , the film shadows Sveya 's trip back to Vietnam and the city where her mother , Mai Thi Kim , still lives .	With amazing finesse , the film shadows X 's trip back to Vietnam and the city where X's mother , Mai Thi Kim , still lives .
1	With amazing finesse , the film shadows Suri 's trip back to Vietnam and the city where her mother , Mai Thi Kim , still lives .	With amazing finesse , the film shadows X 's trip back to Vietnam and the city where X's mother , Mai Thi Kim , still lives .
1	With amazing finesse , the film shadows Men 's trip back to Vietnam and the city where her mother , Mai Thi Kim , still lives .	With amazing finesse , the film shadows X 's trip back to Vietnam and the city where X's mother , Mai Thi Kim , still lives .
1	With amazing finesse , the film shadows Conliane 's trip back to Vietnam and the city where her mother , Mai Thi Kim , still lives .	With amazing finesse , the film shadows X 's trip back to Vietnam and the city where X's mother , Mai Thi Kim , still lives .
1	With amazing finesse , the film shadows Modestie 's trip back to Vietnam and the city where her mother , Mai Thi Kim , still lives .	With amazing finesse , the film shadows X 's trip back to Vietnam and the city where X's mother , Mai Thi Kim , still lives .
1	With amazing finesse , the film shadows Aleagh 's trip back to Vietnam and the city where her mother , Mai Thi Kim , still lives .	With amazing finesse , the film shadows X 's trip back to Vietnam and the city where X's mother , Mai Thi Kim , still lives .
1	With amazing finesse , the film shadows Gezime 's trip back to Vietnam and the city where her mother , Mai Thi Kim , still lives .	With amazing finesse , the film shadows X 's trip back to Vietnam and the city where X's mother , Mai Thi Kim , still lives .
1	With amazing finesse , the film shadows Thananya 's trip back to Vietnam and the city where her mother , Mai Thi Kim , still lives .	With amazing finesse , the film shadows X 's trip back to Vietnam and the city where X's mother , Mai Thi Kim , still lives .
1	With amazing finesse , the film shadows Mayssan 's trip back to Vietnam and the city where her mother , Mai Thi Kim , still lives .	With amazing finesse , the film shadows X 's trip back to Vietnam and the city where X's mother , Mai Thi Kim , still lives .
1	With amazing finesse , the film shadows Amelina 's trip back to Vietnam and the city where her mother , Mai Thi Kim , still lives .	With amazing finesse , the film shadows X 's trip back to Vietnam and the city where X's mother , Mai Thi Kim , still lives .
1	With amazing finesse , the film shadows Julissa 's trip back to Vietnam and the city where her mother , Mai Thi Kim , still lives .	With amazing finesse , the film shadows X 's trip back to Vietnam and the city where X's mother , Mai Thi Kim , still lives .
1	With amazing finesse , the film shadows Chihiro 's trip back to Vietnam and the city where her mother , Mai Thi Kim , still lives .	With amazing finesse , the film shadows X 's trip back to Vietnam and the city where X's mother , Mai Thi Kim , still lives .
1	With amazing finesse , the film shadows Jocelinne 's trip back to Vietnam and the city where her mother , Mai Thi Kim , still lives .	With amazing finesse , the film shadows X 's trip back to Vietnam and the city where X's mother , Mai Thi Kim , still lives .
1	With amazing finesse , the film shadows Marie-Noel 's trip back to Vietnam and the city where her mother , Mai Thi Kim , still lives .	With amazing finesse , the film shadows X 's trip back to Vietnam and the city where X's mother , Mai Thi Kim , still lives .
1	With amazing finesse , the film shadows Phairin 's trip back to Vietnam and the city where her mother , Mai Thi Kim , still lives .	With amazing finesse , the film shadows X 's trip back to Vietnam and the city where X's mother , Mai Thi Kim , still lives .
1	With amazing finesse , the film shadows Zoïtsa 's trip back to Vietnam and the city where her mother , Mai Thi Kim , still lives .	With amazing finesse , the film shadows X 's trip back to Vietnam and the city where X's mother , Mai Thi Kim , still lives .
1	With amazing finesse , the film shadows Elyesea 's trip back to Vietnam and the city where her mother , Mai Thi Kim , still lives .	With amazing finesse , the film shadows X 's trip back to Vietnam and the city where X's mother , Mai Thi Kim , still lives .
1	With amazing finesse , the film shadows Souhayla 's trip back to Vietnam and the city where her mother , Mai Thi Kim , still lives .	With amazing finesse , the film shadows X 's trip back to Vietnam and the city where X's mother , Mai Thi Kim , still lives .
1	With amazing finesse , the film shadows Toke 's trip back to Vietnam and the city where her mother , Mai Thi Kim , still lives .	With amazing finesse , the film shadows X 's trip back to Vietnam and the city where X's mother , Mai Thi Kim , still lives .
1	With amazing finesse , the film shadows Venora 's trip back to Vietnam and the city where her mother , Mai Thi Kim , still lives .	With amazing finesse , the film shadows X 's trip back to Vietnam and the city where X's mother , Mai Thi Kim , still lives .
1	With amazing finesse , the film shadows Orphi 's trip back to Vietnam and the city where her mother , Mai Thi Kim , still lives .	With amazing finesse , the film shadows X 's trip back to Vietnam and the city where X's mother , Mai Thi Kim , still lives .
1	With amazing finesse , the film shadows Luane 's trip back to Vietnam and the city where her mother , Mai Thi Kim , still lives .	With amazing finesse , the film shadows X 's trip back to Vietnam and the city where X's mother , Mai Thi Kim , still lives .
1	With amazing finesse , the film shadows Bicetta 's trip back to Vietnam and the city where her mother , Mai Thi Kim , still lives .	With amazing finesse , the film shadows X 's trip back to Vietnam and the city where X's mother , Mai Thi Kim , still lives .
1	With amazing finesse , the film shadows Tendy 's trip back to Vietnam and the city where her mother , Mai Thi Kim , still lives .	With amazing finesse , the film shadows X 's trip back to Vietnam and the city where X's mother , Mai Thi Kim , still lives .
1	With amazing finesse , the film shadows Ethelle 's trip back to Vietnam and the city where her mother , Mai Thi Kim , still lives .	With amazing finesse , the film shadows X 's trip back to Vietnam and the city where X's mother , Mai Thi Kim , still lives .
1	With amazing finesse , the film shadows Elaisha 's trip back to Vietnam and the city where her mother , Mai Thi Kim , still lives .	With amazing finesse , the film shadows X 's trip back to Vietnam and the city where X's mother , Mai Thi Kim , still lives .
1	With amazing finesse , the film shadows Gertruda 's trip back to Vietnam and the city where her mother , Mai Thi Kim , still lives .	With amazing finesse , the film shadows X 's trip back to Vietnam and the city where X's mother , Mai Thi Kim , still lives .
1	With amazing finesse , the film shadows Martusia 's trip back to Vietnam and the city where her mother , Mai Thi Kim , still lives .	With amazing finesse , the film shadows X 's trip back to Vietnam and the city where X's mother , Mai Thi Kim , still lives .
1	With amazing finesse , the film shadows Feyme 's trip back to Vietnam and the city where her mother , Mai Thi Kim , still lives .	With amazing finesse , the film shadows X 's trip back to Vietnam and the city where X's mother , Mai Thi Kim , still lives .
1	With amazing finesse , the film shadows Auphelie 's trip back to Vietnam and the city where her mother , Mai Thi Kim , still lives .	With amazing finesse , the film shadows X 's trip back to Vietnam and the city where X's mother , Mai Thi Kim , still lives .
