1	Palona puts to rest his valley-girl image , but it 's Dench who really steals the show .	X puts to rest X's valley-girl image , but it 's Dench who really steals the show .
1	Benedetto puts to rest his valley-girl image , but it 's Dench who really steals the show .	X puts to rest X's valley-girl image , but it 's Dench who really steals the show .
1	Kallimah puts to rest his valley-girl image , but it 's Dench who really steals the show .	X puts to rest X's valley-girl image , but it 's Dench who really steals the show .
1	Xudong puts to rest his valley-girl image , but it 's Dench who really steals the show .	X puts to rest X's valley-girl image , but it 's Dench who really steals the show .
1	Xilian puts to rest his valley-girl image , but it 's Dench who really steals the show .	X puts to rest X's valley-girl image , but it 's Dench who really steals the show .
1	Galian puts to rest his valley-girl image , but it 's Dench who really steals the show .	X puts to rest X's valley-girl image , but it 's Dench who really steals the show .
1	Nefis puts to rest his valley-girl image , but it 's Dench who really steals the show .	X puts to rest X's valley-girl image , but it 's Dench who really steals the show .
1	Lynott puts to rest his valley-girl image , but it 's Dench who really steals the show .	X puts to rest X's valley-girl image , but it 's Dench who really steals the show .
1	Avraamij puts to rest his valley-girl image , but it 's Dench who really steals the show .	X puts to rest X's valley-girl image , but it 's Dench who really steals the show .
1	Soulemane puts to rest his valley-girl image , but it 's Dench who really steals the show .	X puts to rest X's valley-girl image , but it 's Dench who really steals the show .
1	Remco puts to rest his valley-girl image , but it 's Dench who really steals the show .	X puts to rest X's valley-girl image , but it 's Dench who really steals the show .
1	Arjen puts to rest his valley-girl image , but it 's Dench who really steals the show .	X puts to rest X's valley-girl image , but it 's Dench who really steals the show .
1	Manindra puts to rest his valley-girl image , but it 's Dench who really steals the show .	X puts to rest X's valley-girl image , but it 's Dench who really steals the show .
1	Epiteto puts to rest his valley-girl image , but it 's Dench who really steals the show .	X puts to rest X's valley-girl image , but it 's Dench who really steals the show .
1	Pianco puts to rest his valley-girl image , but it 's Dench who really steals the show .	X puts to rest X's valley-girl image , but it 's Dench who really steals the show .
1	Cotsos puts to rest his valley-girl image , but it 's Dench who really steals the show .	X puts to rest X's valley-girl image , but it 's Dench who really steals the show .
1	Chengyu puts to rest his valley-girl image , but it 's Dench who really steals the show .	X puts to rest X's valley-girl image , but it 's Dench who really steals the show .
1	Rostislav puts to rest his valley-girl image , but it 's Dench who really steals the show .	X puts to rest X's valley-girl image , but it 's Dench who really steals the show .
1	Mayur puts to rest his valley-girl image , but it 's Dench who really steals the show .	X puts to rest X's valley-girl image , but it 's Dench who really steals the show .
1	Xhuliano puts to rest his valley-girl image , but it 's Dench who really steals the show .	X puts to rest X's valley-girl image , but it 's Dench who really steals the show .
1	Мамант puts to rest his valley-girl image , but it 's Dench who really steals the show .	X puts to rest X's valley-girl image , but it 's Dench who really steals the show .
1	Remme puts to rest his valley-girl image , but it 's Dench who really steals the show .	X puts to rest X's valley-girl image , but it 's Dench who really steals the show .
1	Bhadrasraya puts to rest his valley-girl image , but it 's Dench who really steals the show .	X puts to rest X's valley-girl image , but it 's Dench who really steals the show .
1	Roene puts to rest his valley-girl image , but it 's Dench who really steals the show .	X puts to rest X's valley-girl image , but it 's Dench who really steals the show .
1	Ubayd puts to rest his valley-girl image , but it 's Dench who really steals the show .	X puts to rest X's valley-girl image , but it 's Dench who really steals the show .
1	Stig puts to rest his valley-girl image , but it 's Dench who really steals the show .	X puts to rest X's valley-girl image , but it 's Dench who really steals the show .
1	Tymon puts to rest his valley-girl image , but it 's Dench who really steals the show .	X puts to rest X's valley-girl image , but it 's Dench who really steals the show .
1	Berrie puts to rest his valley-girl image , but it 's Dench who really steals the show .	X puts to rest X's valley-girl image , but it 's Dench who really steals the show .
1	Акиндин puts to rest his valley-girl image , but it 's Dench who really steals the show .	X puts to rest X's valley-girl image , but it 's Dench who really steals the show .
1	Danyar puts to rest his valley-girl image , but it 's Dench who really steals the show .	X puts to rest X's valley-girl image , but it 's Dench who really steals the show .
1	Sveya puts to rest her valley-girl image , but it 's Dench who really steals the show .	X puts to rest X's valley-girl image , but it 's Dench who really steals the show .
1	Suri puts to rest her valley-girl image , but it 's Dench who really steals the show .	X puts to rest X's valley-girl image , but it 's Dench who really steals the show .
1	Men puts to rest her valley-girl image , but it 's Dench who really steals the show .	X puts to rest X's valley-girl image , but it 's Dench who really steals the show .
1	Conliane puts to rest her valley-girl image , but it 's Dench who really steals the show .	X puts to rest X's valley-girl image , but it 's Dench who really steals the show .
1	Modestie puts to rest her valley-girl image , but it 's Dench who really steals the show .	X puts to rest X's valley-girl image , but it 's Dench who really steals the show .
1	Aleagh puts to rest her valley-girl image , but it 's Dench who really steals the show .	X puts to rest X's valley-girl image , but it 's Dench who really steals the show .
1	Gezime puts to rest her valley-girl image , but it 's Dench who really steals the show .	X puts to rest X's valley-girl image , but it 's Dench who really steals the show .
1	Thananya puts to rest her valley-girl image , but it 's Dench who really steals the show .	X puts to rest X's valley-girl image , but it 's Dench who really steals the show .
1	Mayssan puts to rest her valley-girl image , but it 's Dench who really steals the show .	X puts to rest X's valley-girl image , but it 's Dench who really steals the show .
1	Amelina puts to rest her valley-girl image , but it 's Dench who really steals the show .	X puts to rest X's valley-girl image , but it 's Dench who really steals the show .
1	Julissa puts to rest her valley-girl image , but it 's Dench who really steals the show .	X puts to rest X's valley-girl image , but it 's Dench who really steals the show .
1	Chihiro puts to rest her valley-girl image , but it 's Dench who really steals the show .	X puts to rest X's valley-girl image , but it 's Dench who really steals the show .
1	Jocelinne puts to rest her valley-girl image , but it 's Dench who really steals the show .	X puts to rest X's valley-girl image , but it 's Dench who really steals the show .
1	Marie-Noel puts to rest her valley-girl image , but it 's Dench who really steals the show .	X puts to rest X's valley-girl image , but it 's Dench who really steals the show .
1	Phairin puts to rest her valley-girl image , but it 's Dench who really steals the show .	X puts to rest X's valley-girl image , but it 's Dench who really steals the show .
1	Zoïtsa puts to rest her valley-girl image , but it 's Dench who really steals the show .	X puts to rest X's valley-girl image , but it 's Dench who really steals the show .
1	Elyesea puts to rest her valley-girl image , but it 's Dench who really steals the show .	X puts to rest X's valley-girl image , but it 's Dench who really steals the show .
1	Souhayla puts to rest her valley-girl image , but it 's Dench who really steals the show .	X puts to rest X's valley-girl image , but it 's Dench who really steals the show .
1	Toke puts to rest her valley-girl image , but it 's Dench who really steals the show .	X puts to rest X's valley-girl image , but it 's Dench who really steals the show .
1	Venora puts to rest her valley-girl image , but it 's Dench who really steals the show .	X puts to rest X's valley-girl image , but it 's Dench who really steals the show .
1	Orphi puts to rest her valley-girl image , but it 's Dench who really steals the show .	X puts to rest X's valley-girl image , but it 's Dench who really steals the show .
1	Luane puts to rest her valley-girl image , but it 's Dench who really steals the show .	X puts to rest X's valley-girl image , but it 's Dench who really steals the show .
1	Bicetta puts to rest her valley-girl image , but it 's Dench who really steals the show .	X puts to rest X's valley-girl image , but it 's Dench who really steals the show .
1	Tendy puts to rest her valley-girl image , but it 's Dench who really steals the show .	X puts to rest X's valley-girl image , but it 's Dench who really steals the show .
1	Ethelle puts to rest her valley-girl image , but it 's Dench who really steals the show .	X puts to rest X's valley-girl image , but it 's Dench who really steals the show .
1	Elaisha puts to rest her valley-girl image , but it 's Dench who really steals the show .	X puts to rest X's valley-girl image , but it 's Dench who really steals the show .
1	Gertruda puts to rest her valley-girl image , but it 's Dench who really steals the show .	X puts to rest X's valley-girl image , but it 's Dench who really steals the show .
1	Martusia puts to rest her valley-girl image , but it 's Dench who really steals the show .	X puts to rest X's valley-girl image , but it 's Dench who really steals the show .
1	Feyme puts to rest her valley-girl image , but it 's Dench who really steals the show .	X puts to rest X's valley-girl image , but it 's Dench who really steals the show .
1	Auphelie puts to rest her valley-girl image , but it 's Dench who really steals the show .	X puts to rest X's valley-girl image , but it 's Dench who really steals the show .
