1	Palona is a vivid , vibrant individual and the movie 's focus upon his makes it successful and accessible .	X is a vivid , vibrant individual and the movie 's focus upon X's makes it successful and accessible .
1	Benedetto is a vivid , vibrant individual and the movie 's focus upon his makes it successful and accessible .	X is a vivid , vibrant individual and the movie 's focus upon X's makes it successful and accessible .
1	Kallimah is a vivid , vibrant individual and the movie 's focus upon his makes it successful and accessible .	X is a vivid , vibrant individual and the movie 's focus upon X's makes it successful and accessible .
1	Xudong is a vivid , vibrant individual and the movie 's focus upon his makes it successful and accessible .	X is a vivid , vibrant individual and the movie 's focus upon X's makes it successful and accessible .
1	Xilian is a vivid , vibrant individual and the movie 's focus upon his makes it successful and accessible .	X is a vivid , vibrant individual and the movie 's focus upon X's makes it successful and accessible .
1	Galian is a vivid , vibrant individual and the movie 's focus upon his makes it successful and accessible .	X is a vivid , vibrant individual and the movie 's focus upon X's makes it successful and accessible .
1	Nefis is a vivid , vibrant individual and the movie 's focus upon his makes it successful and accessible .	X is a vivid , vibrant individual and the movie 's focus upon X's makes it successful and accessible .
1	Lynott is a vivid , vibrant individual and the movie 's focus upon his makes it successful and accessible .	X is a vivid , vibrant individual and the movie 's focus upon X's makes it successful and accessible .
1	Avraamij is a vivid , vibrant individual and the movie 's focus upon his makes it successful and accessible .	X is a vivid , vibrant individual and the movie 's focus upon X's makes it successful and accessible .
1	Soulemane is a vivid , vibrant individual and the movie 's focus upon his makes it successful and accessible .	X is a vivid , vibrant individual and the movie 's focus upon X's makes it successful and accessible .
1	Remco is a vivid , vibrant individual and the movie 's focus upon his makes it successful and accessible .	X is a vivid , vibrant individual and the movie 's focus upon X's makes it successful and accessible .
1	Arjen is a vivid , vibrant individual and the movie 's focus upon his makes it successful and accessible .	X is a vivid , vibrant individual and the movie 's focus upon X's makes it successful and accessible .
1	Manindra is a vivid , vibrant individual and the movie 's focus upon his makes it successful and accessible .	X is a vivid , vibrant individual and the movie 's focus upon X's makes it successful and accessible .
1	Epiteto is a vivid , vibrant individual and the movie 's focus upon his makes it successful and accessible .	X is a vivid , vibrant individual and the movie 's focus upon X's makes it successful and accessible .
1	Pianco is a vivid , vibrant individual and the movie 's focus upon his makes it successful and accessible .	X is a vivid , vibrant individual and the movie 's focus upon X's makes it successful and accessible .
1	Cotsos is a vivid , vibrant individual and the movie 's focus upon his makes it successful and accessible .	X is a vivid , vibrant individual and the movie 's focus upon X's makes it successful and accessible .
1	Chengyu is a vivid , vibrant individual and the movie 's focus upon his makes it successful and accessible .	X is a vivid , vibrant individual and the movie 's focus upon X's makes it successful and accessible .
1	Rostislav is a vivid , vibrant individual and the movie 's focus upon his makes it successful and accessible .	X is a vivid , vibrant individual and the movie 's focus upon X's makes it successful and accessible .
1	Mayur is a vivid , vibrant individual and the movie 's focus upon his makes it successful and accessible .	X is a vivid , vibrant individual and the movie 's focus upon X's makes it successful and accessible .
1	Xhuliano is a vivid , vibrant individual and the movie 's focus upon his makes it successful and accessible .	X is a vivid , vibrant individual and the movie 's focus upon X's makes it successful and accessible .
1	Мамант is a vivid , vibrant individual and the movie 's focus upon his makes it successful and accessible .	X is a vivid , vibrant individual and the movie 's focus upon X's makes it successful and accessible .
1	Remme is a vivid , vibrant individual and the movie 's focus upon his makes it successful and accessible .	X is a vivid , vibrant individual and the movie 's focus upon X's makes it successful and accessible .
1	Bhadrasraya is a vivid , vibrant individual and the movie 's focus upon his makes it successful and accessible .	X is a vivid , vibrant individual and the movie 's focus upon X's makes it successful and accessible .
1	Roene is a vivid , vibrant individual and the movie 's focus upon his makes it successful and accessible .	X is a vivid , vibrant individual and the movie 's focus upon X's makes it successful and accessible .
1	Ubayd is a vivid , vibrant individual and the movie 's focus upon his makes it successful and accessible .	X is a vivid , vibrant individual and the movie 's focus upon X's makes it successful and accessible .
1	Stig is a vivid , vibrant individual and the movie 's focus upon his makes it successful and accessible .	X is a vivid , vibrant individual and the movie 's focus upon X's makes it successful and accessible .
1	Tymon is a vivid , vibrant individual and the movie 's focus upon his makes it successful and accessible .	X is a vivid , vibrant individual and the movie 's focus upon X's makes it successful and accessible .
1	Berrie is a vivid , vibrant individual and the movie 's focus upon his makes it successful and accessible .	X is a vivid , vibrant individual and the movie 's focus upon X's makes it successful and accessible .
1	Акиндин is a vivid , vibrant individual and the movie 's focus upon his makes it successful and accessible .	X is a vivid , vibrant individual and the movie 's focus upon X's makes it successful and accessible .
1	Danyar is a vivid , vibrant individual and the movie 's focus upon his makes it successful and accessible .	X is a vivid , vibrant individual and the movie 's focus upon X's makes it successful and accessible .
1	Sveya is a vivid , vibrant individual and the movie 's focus upon her makes it successful and accessible .	X is a vivid , vibrant individual and the movie 's focus upon X's makes it successful and accessible .
1	Suri is a vivid , vibrant individual and the movie 's focus upon her makes it successful and accessible .	X is a vivid , vibrant individual and the movie 's focus upon X's makes it successful and accessible .
1	Men is a vivid , vibrant individual and the movie 's focus upon her makes it successful and accessible .	X is a vivid , vibrant individual and the movie 's focus upon X's makes it successful and accessible .
1	Conliane is a vivid , vibrant individual and the movie 's focus upon her makes it successful and accessible .	X is a vivid , vibrant individual and the movie 's focus upon X's makes it successful and accessible .
1	Modestie is a vivid , vibrant individual and the movie 's focus upon her makes it successful and accessible .	X is a vivid , vibrant individual and the movie 's focus upon X's makes it successful and accessible .
1	Aleagh is a vivid , vibrant individual and the movie 's focus upon her makes it successful and accessible .	X is a vivid , vibrant individual and the movie 's focus upon X's makes it successful and accessible .
1	Gezime is a vivid , vibrant individual and the movie 's focus upon her makes it successful and accessible .	X is a vivid , vibrant individual and the movie 's focus upon X's makes it successful and accessible .
1	Thananya is a vivid , vibrant individual and the movie 's focus upon her makes it successful and accessible .	X is a vivid , vibrant individual and the movie 's focus upon X's makes it successful and accessible .
1	Mayssan is a vivid , vibrant individual and the movie 's focus upon her makes it successful and accessible .	X is a vivid , vibrant individual and the movie 's focus upon X's makes it successful and accessible .
1	Amelina is a vivid , vibrant individual and the movie 's focus upon her makes it successful and accessible .	X is a vivid , vibrant individual and the movie 's focus upon X's makes it successful and accessible .
1	Julissa is a vivid , vibrant individual and the movie 's focus upon her makes it successful and accessible .	X is a vivid , vibrant individual and the movie 's focus upon X's makes it successful and accessible .
1	Chihiro is a vivid , vibrant individual and the movie 's focus upon her makes it successful and accessible .	X is a vivid , vibrant individual and the movie 's focus upon X's makes it successful and accessible .
1	Jocelinne is a vivid , vibrant individual and the movie 's focus upon her makes it successful and accessible .	X is a vivid , vibrant individual and the movie 's focus upon X's makes it successful and accessible .
1	Marie-Noel is a vivid , vibrant individual and the movie 's focus upon her makes it successful and accessible .	X is a vivid , vibrant individual and the movie 's focus upon X's makes it successful and accessible .
1	Phairin is a vivid , vibrant individual and the movie 's focus upon her makes it successful and accessible .	X is a vivid , vibrant individual and the movie 's focus upon X's makes it successful and accessible .
1	Zoïtsa is a vivid , vibrant individual and the movie 's focus upon her makes it successful and accessible .	X is a vivid , vibrant individual and the movie 's focus upon X's makes it successful and accessible .
1	Elyesea is a vivid , vibrant individual and the movie 's focus upon her makes it successful and accessible .	X is a vivid , vibrant individual and the movie 's focus upon X's makes it successful and accessible .
1	Souhayla is a vivid , vibrant individual and the movie 's focus upon her makes it successful and accessible .	X is a vivid , vibrant individual and the movie 's focus upon X's makes it successful and accessible .
1	Toke is a vivid , vibrant individual and the movie 's focus upon her makes it successful and accessible .	X is a vivid , vibrant individual and the movie 's focus upon X's makes it successful and accessible .
1	Venora is a vivid , vibrant individual and the movie 's focus upon her makes it successful and accessible .	X is a vivid , vibrant individual and the movie 's focus upon X's makes it successful and accessible .
1	Orphi is a vivid , vibrant individual and the movie 's focus upon her makes it successful and accessible .	X is a vivid , vibrant individual and the movie 's focus upon X's makes it successful and accessible .
1	Luane is a vivid , vibrant individual and the movie 's focus upon her makes it successful and accessible .	X is a vivid , vibrant individual and the movie 's focus upon X's makes it successful and accessible .
1	Bicetta is a vivid , vibrant individual and the movie 's focus upon her makes it successful and accessible .	X is a vivid , vibrant individual and the movie 's focus upon X's makes it successful and accessible .
1	Tendy is a vivid , vibrant individual and the movie 's focus upon her makes it successful and accessible .	X is a vivid , vibrant individual and the movie 's focus upon X's makes it successful and accessible .
1	Ethelle is a vivid , vibrant individual and the movie 's focus upon her makes it successful and accessible .	X is a vivid , vibrant individual and the movie 's focus upon X's makes it successful and accessible .
1	Elaisha is a vivid , vibrant individual and the movie 's focus upon her makes it successful and accessible .	X is a vivid , vibrant individual and the movie 's focus upon X's makes it successful and accessible .
1	Gertruda is a vivid , vibrant individual and the movie 's focus upon her makes it successful and accessible .	X is a vivid , vibrant individual and the movie 's focus upon X's makes it successful and accessible .
1	Martusia is a vivid , vibrant individual and the movie 's focus upon her makes it successful and accessible .	X is a vivid , vibrant individual and the movie 's focus upon X's makes it successful and accessible .
1	Feyme is a vivid , vibrant individual and the movie 's focus upon her makes it successful and accessible .	X is a vivid , vibrant individual and the movie 's focus upon X's makes it successful and accessible .
1	Auphelie is a vivid , vibrant individual and the movie 's focus upon her makes it successful and accessible .	X is a vivid , vibrant individual and the movie 's focus upon X's makes it successful and accessible .
