1	A fanciful drama about Palona 's last years and his surprising discovery of love and humility .	A fanciful drama about X 's last years and X's surprising discovery of love and humility .
1	A fanciful drama about Benedetto 's last years and his surprising discovery of love and humility .	A fanciful drama about X 's last years and X's surprising discovery of love and humility .
1	A fanciful drama about Kallimah 's last years and his surprising discovery of love and humility .	A fanciful drama about X 's last years and X's surprising discovery of love and humility .
1	A fanciful drama about Xudong 's last years and his surprising discovery of love and humility .	A fanciful drama about X 's last years and X's surprising discovery of love and humility .
1	A fanciful drama about Xilian 's last years and his surprising discovery of love and humility .	A fanciful drama about X 's last years and X's surprising discovery of love and humility .
1	A fanciful drama about Galian 's last years and his surprising discovery of love and humility .	A fanciful drama about X 's last years and X's surprising discovery of love and humility .
1	A fanciful drama about Nefis 's last years and his surprising discovery of love and humility .	A fanciful drama about X 's last years and X's surprising discovery of love and humility .
1	A fanciful drama about Lynott 's last years and his surprising discovery of love and humility .	A fanciful drama about X 's last years and X's surprising discovery of love and humility .
1	A fanciful drama about Avraamij 's last years and his surprising discovery of love and humility .	A fanciful drama about X 's last years and X's surprising discovery of love and humility .
1	A fanciful drama about Soulemane 's last years and his surprising discovery of love and humility .	A fanciful drama about X 's last years and X's surprising discovery of love and humility .
1	A fanciful drama about Remco 's last years and his surprising discovery of love and humility .	A fanciful drama about X 's last years and X's surprising discovery of love and humility .
1	A fanciful drama about Arjen 's last years and his surprising discovery of love and humility .	A fanciful drama about X 's last years and X's surprising discovery of love and humility .
1	A fanciful drama about Manindra 's last years and his surprising discovery of love and humility .	A fanciful drama about X 's last years and X's surprising discovery of love and humility .
1	A fanciful drama about Epiteto 's last years and his surprising discovery of love and humility .	A fanciful drama about X 's last years and X's surprising discovery of love and humility .
1	A fanciful drama about Pianco 's last years and his surprising discovery of love and humility .	A fanciful drama about X 's last years and X's surprising discovery of love and humility .
1	A fanciful drama about Cotsos 's last years and his surprising discovery of love and humility .	A fanciful drama about X 's last years and X's surprising discovery of love and humility .
1	A fanciful drama about Chengyu 's last years and his surprising discovery of love and humility .	A fanciful drama about X 's last years and X's surprising discovery of love and humility .
1	A fanciful drama about Rostislav 's last years and his surprising discovery of love and humility .	A fanciful drama about X 's last years and X's surprising discovery of love and humility .
1	A fanciful drama about Mayur 's last years and his surprising discovery of love and humility .	A fanciful drama about X 's last years and X's surprising discovery of love and humility .
1	A fanciful drama about Xhuliano 's last years and his surprising discovery of love and humility .	A fanciful drama about X 's last years and X's surprising discovery of love and humility .
1	A fanciful drama about Мамант 's last years and his surprising discovery of love and humility .	A fanciful drama about X 's last years and X's surprising discovery of love and humility .
1	A fanciful drama about Remme 's last years and his surprising discovery of love and humility .	A fanciful drama about X 's last years and X's surprising discovery of love and humility .
1	A fanciful drama about Bhadrasraya 's last years and his surprising discovery of love and humility .	A fanciful drama about X 's last years and X's surprising discovery of love and humility .
1	A fanciful drama about Roene 's last years and his surprising discovery of love and humility .	A fanciful drama about X 's last years and X's surprising discovery of love and humility .
1	A fanciful drama about Ubayd 's last years and his surprising discovery of love and humility .	A fanciful drama about X 's last years and X's surprising discovery of love and humility .
1	A fanciful drama about Stig 's last years and his surprising discovery of love and humility .	A fanciful drama about X 's last years and X's surprising discovery of love and humility .
1	A fanciful drama about Tymon 's last years and his surprising discovery of love and humility .	A fanciful drama about X 's last years and X's surprising discovery of love and humility .
1	A fanciful drama about Berrie 's last years and his surprising discovery of love and humility .	A fanciful drama about X 's last years and X's surprising discovery of love and humility .
1	A fanciful drama about Акиндин 's last years and his surprising discovery of love and humility .	A fanciful drama about X 's last years and X's surprising discovery of love and humility .
1	A fanciful drama about Danyar 's last years and his surprising discovery of love and humility .	A fanciful drama about X 's last years and X's surprising discovery of love and humility .
1	A fanciful drama about Sveya 's last years and her surprising discovery of love and humility .	A fanciful drama about X 's last years and X's surprising discovery of love and humility .
1	A fanciful drama about Suri 's last years and her surprising discovery of love and humility .	A fanciful drama about X 's last years and X's surprising discovery of love and humility .
1	A fanciful drama about Men 's last years and her surprising discovery of love and humility .	A fanciful drama about X 's last years and X's surprising discovery of love and humility .
1	A fanciful drama about Conliane 's last years and her surprising discovery of love and humility .	A fanciful drama about X 's last years and X's surprising discovery of love and humility .
1	A fanciful drama about Modestie 's last years and her surprising discovery of love and humility .	A fanciful drama about X 's last years and X's surprising discovery of love and humility .
1	A fanciful drama about Aleagh 's last years and her surprising discovery of love and humility .	A fanciful drama about X 's last years and X's surprising discovery of love and humility .
1	A fanciful drama about Gezime 's last years and her surprising discovery of love and humility .	A fanciful drama about X 's last years and X's surprising discovery of love and humility .
1	A fanciful drama about Thananya 's last years and her surprising discovery of love and humility .	A fanciful drama about X 's last years and X's surprising discovery of love and humility .
1	A fanciful drama about Mayssan 's last years and her surprising discovery of love and humility .	A fanciful drama about X 's last years and X's surprising discovery of love and humility .
1	A fanciful drama about Amelina 's last years and her surprising discovery of love and humility .	A fanciful drama about X 's last years and X's surprising discovery of love and humility .
1	A fanciful drama about Julissa 's last years and her surprising discovery of love and humility .	A fanciful drama about X 's last years and X's surprising discovery of love and humility .
1	A fanciful drama about Chihiro 's last years and her surprising discovery of love and humility .	A fanciful drama about X 's last years and X's surprising discovery of love and humility .
1	A fanciful drama about Jocelinne 's last years and her surprising discovery of love and humility .	A fanciful drama about X 's last years and X's surprising discovery of love and humility .
1	A fanciful drama about Marie-Noel 's last years and her surprising discovery of love and humility .	A fanciful drama about X 's last years and X's surprising discovery of love and humility .
1	A fanciful drama about Phairin 's last years and her surprising discovery of love and humility .	A fanciful drama about X 's last years and X's surprising discovery of love and humility .
1	A fanciful drama about Zoïtsa 's last years and her surprising discovery of love and humility .	A fanciful drama about X 's last years and X's surprising discovery of love and humility .
1	A fanciful drama about Elyesea 's last years and her surprising discovery of love and humility .	A fanciful drama about X 's last years and X's surprising discovery of love and humility .
1	A fanciful drama about Souhayla 's last years and her surprising discovery of love and humility .	A fanciful drama about X 's last years and X's surprising discovery of love and humility .
1	A fanciful drama about Toke 's last years and her surprising discovery of love and humility .	A fanciful drama about X 's last years and X's surprising discovery of love and humility .
1	A fanciful drama about Venora 's last years and her surprising discovery of love and humility .	A fanciful drama about X 's last years and X's surprising discovery of love and humility .
1	A fanciful drama about Orphi 's last years and her surprising discovery of love and humility .	A fanciful drama about X 's last years and X's surprising discovery of love and humility .
1	A fanciful drama about Luane 's last years and her surprising discovery of love and humility .	A fanciful drama about X 's last years and X's surprising discovery of love and humility .
1	A fanciful drama about Bicetta 's last years and her surprising discovery of love and humility .	A fanciful drama about X 's last years and X's surprising discovery of love and humility .
1	A fanciful drama about Tendy 's last years and her surprising discovery of love and humility .	A fanciful drama about X 's last years and X's surprising discovery of love and humility .
1	A fanciful drama about Ethelle 's last years and her surprising discovery of love and humility .	A fanciful drama about X 's last years and X's surprising discovery of love and humility .
1	A fanciful drama about Elaisha 's last years and her surprising discovery of love and humility .	A fanciful drama about X 's last years and X's surprising discovery of love and humility .
1	A fanciful drama about Gertruda 's last years and her surprising discovery of love and humility .	A fanciful drama about X 's last years and X's surprising discovery of love and humility .
1	A fanciful drama about Martusia 's last years and her surprising discovery of love and humility .	A fanciful drama about X 's last years and X's surprising discovery of love and humility .
1	A fanciful drama about Feyme 's last years and her surprising discovery of love and humility .	A fanciful drama about X 's last years and X's surprising discovery of love and humility .
1	A fanciful drama about Auphelie 's last years and her surprising discovery of love and humility .	A fanciful drama about X 's last years and X's surprising discovery of love and humility .
