0	Palona presents himself as the boy puppet Pinocchio , complete with receding hairline , weathered countenance and American Breckin Meyer 's ridiculously inappropriate Valley Boy voice .	X presents oneself as the boy puppet Pinocchio , complete with receding hairline , weathered countenance and American Breckin Meyer 's ridiculously inappropriate Valley Boy voice .
0	Benedetto presents himself as the boy puppet Pinocchio , complete with receding hairline , weathered countenance and American Breckin Meyer 's ridiculously inappropriate Valley Boy voice .	X presents oneself as the boy puppet Pinocchio , complete with receding hairline , weathered countenance and American Breckin Meyer 's ridiculously inappropriate Valley Boy voice .
0	Kallimah presents himself as the boy puppet Pinocchio , complete with receding hairline , weathered countenance and American Breckin Meyer 's ridiculously inappropriate Valley Boy voice .	X presents oneself as the boy puppet Pinocchio , complete with receding hairline , weathered countenance and American Breckin Meyer 's ridiculously inappropriate Valley Boy voice .
0	Xudong presents himself as the boy puppet Pinocchio , complete with receding hairline , weathered countenance and American Breckin Meyer 's ridiculously inappropriate Valley Boy voice .	X presents oneself as the boy puppet Pinocchio , complete with receding hairline , weathered countenance and American Breckin Meyer 's ridiculously inappropriate Valley Boy voice .
0	Xilian presents himself as the boy puppet Pinocchio , complete with receding hairline , weathered countenance and American Breckin Meyer 's ridiculously inappropriate Valley Boy voice .	X presents oneself as the boy puppet Pinocchio , complete with receding hairline , weathered countenance and American Breckin Meyer 's ridiculously inappropriate Valley Boy voice .
0	Galian presents himself as the boy puppet Pinocchio , complete with receding hairline , weathered countenance and American Breckin Meyer 's ridiculously inappropriate Valley Boy voice .	X presents oneself as the boy puppet Pinocchio , complete with receding hairline , weathered countenance and American Breckin Meyer 's ridiculously inappropriate Valley Boy voice .
0	Nefis presents himself as the boy puppet Pinocchio , complete with receding hairline , weathered countenance and American Breckin Meyer 's ridiculously inappropriate Valley Boy voice .	X presents oneself as the boy puppet Pinocchio , complete with receding hairline , weathered countenance and American Breckin Meyer 's ridiculously inappropriate Valley Boy voice .
0	Lynott presents himself as the boy puppet Pinocchio , complete with receding hairline , weathered countenance and American Breckin Meyer 's ridiculously inappropriate Valley Boy voice .	X presents oneself as the boy puppet Pinocchio , complete with receding hairline , weathered countenance and American Breckin Meyer 's ridiculously inappropriate Valley Boy voice .
0	Avraamij presents himself as the boy puppet Pinocchio , complete with receding hairline , weathered countenance and American Breckin Meyer 's ridiculously inappropriate Valley Boy voice .	X presents oneself as the boy puppet Pinocchio , complete with receding hairline , weathered countenance and American Breckin Meyer 's ridiculously inappropriate Valley Boy voice .
0	Soulemane presents himself as the boy puppet Pinocchio , complete with receding hairline , weathered countenance and American Breckin Meyer 's ridiculously inappropriate Valley Boy voice .	X presents oneself as the boy puppet Pinocchio , complete with receding hairline , weathered countenance and American Breckin Meyer 's ridiculously inappropriate Valley Boy voice .
0	Remco presents himself as the boy puppet Pinocchio , complete with receding hairline , weathered countenance and American Breckin Meyer 's ridiculously inappropriate Valley Boy voice .	X presents oneself as the boy puppet Pinocchio , complete with receding hairline , weathered countenance and American Breckin Meyer 's ridiculously inappropriate Valley Boy voice .
0	Arjen presents himself as the boy puppet Pinocchio , complete with receding hairline , weathered countenance and American Breckin Meyer 's ridiculously inappropriate Valley Boy voice .	X presents oneself as the boy puppet Pinocchio , complete with receding hairline , weathered countenance and American Breckin Meyer 's ridiculously inappropriate Valley Boy voice .
0	Manindra presents himself as the boy puppet Pinocchio , complete with receding hairline , weathered countenance and American Breckin Meyer 's ridiculously inappropriate Valley Boy voice .	X presents oneself as the boy puppet Pinocchio , complete with receding hairline , weathered countenance and American Breckin Meyer 's ridiculously inappropriate Valley Boy voice .
0	Epiteto presents himself as the boy puppet Pinocchio , complete with receding hairline , weathered countenance and American Breckin Meyer 's ridiculously inappropriate Valley Boy voice .	X presents oneself as the boy puppet Pinocchio , complete with receding hairline , weathered countenance and American Breckin Meyer 's ridiculously inappropriate Valley Boy voice .
0	Pianco presents himself as the boy puppet Pinocchio , complete with receding hairline , weathered countenance and American Breckin Meyer 's ridiculously inappropriate Valley Boy voice .	X presents oneself as the boy puppet Pinocchio , complete with receding hairline , weathered countenance and American Breckin Meyer 's ridiculously inappropriate Valley Boy voice .
0	Cotsos presents himself as the boy puppet Pinocchio , complete with receding hairline , weathered countenance and American Breckin Meyer 's ridiculously inappropriate Valley Boy voice .	X presents oneself as the boy puppet Pinocchio , complete with receding hairline , weathered countenance and American Breckin Meyer 's ridiculously inappropriate Valley Boy voice .
0	Chengyu presents himself as the boy puppet Pinocchio , complete with receding hairline , weathered countenance and American Breckin Meyer 's ridiculously inappropriate Valley Boy voice .	X presents oneself as the boy puppet Pinocchio , complete with receding hairline , weathered countenance and American Breckin Meyer 's ridiculously inappropriate Valley Boy voice .
0	Rostislav presents himself as the boy puppet Pinocchio , complete with receding hairline , weathered countenance and American Breckin Meyer 's ridiculously inappropriate Valley Boy voice .	X presents oneself as the boy puppet Pinocchio , complete with receding hairline , weathered countenance and American Breckin Meyer 's ridiculously inappropriate Valley Boy voice .
0	Mayur presents himself as the boy puppet Pinocchio , complete with receding hairline , weathered countenance and American Breckin Meyer 's ridiculously inappropriate Valley Boy voice .	X presents oneself as the boy puppet Pinocchio , complete with receding hairline , weathered countenance and American Breckin Meyer 's ridiculously inappropriate Valley Boy voice .
0	Xhuliano presents himself as the boy puppet Pinocchio , complete with receding hairline , weathered countenance and American Breckin Meyer 's ridiculously inappropriate Valley Boy voice .	X presents oneself as the boy puppet Pinocchio , complete with receding hairline , weathered countenance and American Breckin Meyer 's ridiculously inappropriate Valley Boy voice .
0	Мамант presents himself as the boy puppet Pinocchio , complete with receding hairline , weathered countenance and American Breckin Meyer 's ridiculously inappropriate Valley Boy voice .	X presents oneself as the boy puppet Pinocchio , complete with receding hairline , weathered countenance and American Breckin Meyer 's ridiculously inappropriate Valley Boy voice .
0	Remme presents himself as the boy puppet Pinocchio , complete with receding hairline , weathered countenance and American Breckin Meyer 's ridiculously inappropriate Valley Boy voice .	X presents oneself as the boy puppet Pinocchio , complete with receding hairline , weathered countenance and American Breckin Meyer 's ridiculously inappropriate Valley Boy voice .
0	Bhadrasraya presents himself as the boy puppet Pinocchio , complete with receding hairline , weathered countenance and American Breckin Meyer 's ridiculously inappropriate Valley Boy voice .	X presents oneself as the boy puppet Pinocchio , complete with receding hairline , weathered countenance and American Breckin Meyer 's ridiculously inappropriate Valley Boy voice .
0	Roene presents himself as the boy puppet Pinocchio , complete with receding hairline , weathered countenance and American Breckin Meyer 's ridiculously inappropriate Valley Boy voice .	X presents oneself as the boy puppet Pinocchio , complete with receding hairline , weathered countenance and American Breckin Meyer 's ridiculously inappropriate Valley Boy voice .
0	Ubayd presents himself as the boy puppet Pinocchio , complete with receding hairline , weathered countenance and American Breckin Meyer 's ridiculously inappropriate Valley Boy voice .	X presents oneself as the boy puppet Pinocchio , complete with receding hairline , weathered countenance and American Breckin Meyer 's ridiculously inappropriate Valley Boy voice .
0	Stig presents himself as the boy puppet Pinocchio , complete with receding hairline , weathered countenance and American Breckin Meyer 's ridiculously inappropriate Valley Boy voice .	X presents oneself as the boy puppet Pinocchio , complete with receding hairline , weathered countenance and American Breckin Meyer 's ridiculously inappropriate Valley Boy voice .
0	Tymon presents himself as the boy puppet Pinocchio , complete with receding hairline , weathered countenance and American Breckin Meyer 's ridiculously inappropriate Valley Boy voice .	X presents oneself as the boy puppet Pinocchio , complete with receding hairline , weathered countenance and American Breckin Meyer 's ridiculously inappropriate Valley Boy voice .
0	Berrie presents himself as the boy puppet Pinocchio , complete with receding hairline , weathered countenance and American Breckin Meyer 's ridiculously inappropriate Valley Boy voice .	X presents oneself as the boy puppet Pinocchio , complete with receding hairline , weathered countenance and American Breckin Meyer 's ridiculously inappropriate Valley Boy voice .
0	Акиндин presents himself as the boy puppet Pinocchio , complete with receding hairline , weathered countenance and American Breckin Meyer 's ridiculously inappropriate Valley Boy voice .	X presents oneself as the boy puppet Pinocchio , complete with receding hairline , weathered countenance and American Breckin Meyer 's ridiculously inappropriate Valley Boy voice .
0	Danyar presents himself as the boy puppet Pinocchio , complete with receding hairline , weathered countenance and American Breckin Meyer 's ridiculously inappropriate Valley Boy voice .	X presents oneself as the boy puppet Pinocchio , complete with receding hairline , weathered countenance and American Breckin Meyer 's ridiculously inappropriate Valley Boy voice .
0	Sveya presents herself as the boy puppet Pinocchio , complete with receding hairline , weathered countenance and American Breckin Meyer 's ridiculously inappropriate Valley Boy voice .	X presents oneself as the boy puppet Pinocchio , complete with receding hairline , weathered countenance and American Breckin Meyer 's ridiculously inappropriate Valley Boy voice .
0	Suri presents herself as the boy puppet Pinocchio , complete with receding hairline , weathered countenance and American Breckin Meyer 's ridiculously inappropriate Valley Boy voice .	X presents oneself as the boy puppet Pinocchio , complete with receding hairline , weathered countenance and American Breckin Meyer 's ridiculously inappropriate Valley Boy voice .
0	Men presents herself as the boy puppet Pinocchio , complete with receding hairline , weathered countenance and American Breckin Meyer 's ridiculously inappropriate Valley Boy voice .	X presents oneself as the boy puppet Pinocchio , complete with receding hairline , weathered countenance and American Breckin Meyer 's ridiculously inappropriate Valley Boy voice .
0	Conliane presents herself as the boy puppet Pinocchio , complete with receding hairline , weathered countenance and American Breckin Meyer 's ridiculously inappropriate Valley Boy voice .	X presents oneself as the boy puppet Pinocchio , complete with receding hairline , weathered countenance and American Breckin Meyer 's ridiculously inappropriate Valley Boy voice .
0	Modestie presents herself as the boy puppet Pinocchio , complete with receding hairline , weathered countenance and American Breckin Meyer 's ridiculously inappropriate Valley Boy voice .	X presents oneself as the boy puppet Pinocchio , complete with receding hairline , weathered countenance and American Breckin Meyer 's ridiculously inappropriate Valley Boy voice .
0	Aleagh presents herself as the boy puppet Pinocchio , complete with receding hairline , weathered countenance and American Breckin Meyer 's ridiculously inappropriate Valley Boy voice .	X presents oneself as the boy puppet Pinocchio , complete with receding hairline , weathered countenance and American Breckin Meyer 's ridiculously inappropriate Valley Boy voice .
0	Gezime presents herself as the boy puppet Pinocchio , complete with receding hairline , weathered countenance and American Breckin Meyer 's ridiculously inappropriate Valley Boy voice .	X presents oneself as the boy puppet Pinocchio , complete with receding hairline , weathered countenance and American Breckin Meyer 's ridiculously inappropriate Valley Boy voice .
0	Thananya presents herself as the boy puppet Pinocchio , complete with receding hairline , weathered countenance and American Breckin Meyer 's ridiculously inappropriate Valley Boy voice .	X presents oneself as the boy puppet Pinocchio , complete with receding hairline , weathered countenance and American Breckin Meyer 's ridiculously inappropriate Valley Boy voice .
0	Mayssan presents herself as the boy puppet Pinocchio , complete with receding hairline , weathered countenance and American Breckin Meyer 's ridiculously inappropriate Valley Boy voice .	X presents oneself as the boy puppet Pinocchio , complete with receding hairline , weathered countenance and American Breckin Meyer 's ridiculously inappropriate Valley Boy voice .
0	Amelina presents herself as the boy puppet Pinocchio , complete with receding hairline , weathered countenance and American Breckin Meyer 's ridiculously inappropriate Valley Boy voice .	X presents oneself as the boy puppet Pinocchio , complete with receding hairline , weathered countenance and American Breckin Meyer 's ridiculously inappropriate Valley Boy voice .
0	Julissa presents herself as the boy puppet Pinocchio , complete with receding hairline , weathered countenance and American Breckin Meyer 's ridiculously inappropriate Valley Boy voice .	X presents oneself as the boy puppet Pinocchio , complete with receding hairline , weathered countenance and American Breckin Meyer 's ridiculously inappropriate Valley Boy voice .
0	Chihiro presents herself as the boy puppet Pinocchio , complete with receding hairline , weathered countenance and American Breckin Meyer 's ridiculously inappropriate Valley Boy voice .	X presents oneself as the boy puppet Pinocchio , complete with receding hairline , weathered countenance and American Breckin Meyer 's ridiculously inappropriate Valley Boy voice .
0	Jocelinne presents herself as the boy puppet Pinocchio , complete with receding hairline , weathered countenance and American Breckin Meyer 's ridiculously inappropriate Valley Boy voice .	X presents oneself as the boy puppet Pinocchio , complete with receding hairline , weathered countenance and American Breckin Meyer 's ridiculously inappropriate Valley Boy voice .
0	Marie-Noel presents herself as the boy puppet Pinocchio , complete with receding hairline , weathered countenance and American Breckin Meyer 's ridiculously inappropriate Valley Boy voice .	X presents oneself as the boy puppet Pinocchio , complete with receding hairline , weathered countenance and American Breckin Meyer 's ridiculously inappropriate Valley Boy voice .
0	Phairin presents herself as the boy puppet Pinocchio , complete with receding hairline , weathered countenance and American Breckin Meyer 's ridiculously inappropriate Valley Boy voice .	X presents oneself as the boy puppet Pinocchio , complete with receding hairline , weathered countenance and American Breckin Meyer 's ridiculously inappropriate Valley Boy voice .
0	Zoïtsa presents herself as the boy puppet Pinocchio , complete with receding hairline , weathered countenance and American Breckin Meyer 's ridiculously inappropriate Valley Boy voice .	X presents oneself as the boy puppet Pinocchio , complete with receding hairline , weathered countenance and American Breckin Meyer 's ridiculously inappropriate Valley Boy voice .
0	Elyesea presents herself as the boy puppet Pinocchio , complete with receding hairline , weathered countenance and American Breckin Meyer 's ridiculously inappropriate Valley Boy voice .	X presents oneself as the boy puppet Pinocchio , complete with receding hairline , weathered countenance and American Breckin Meyer 's ridiculously inappropriate Valley Boy voice .
0	Souhayla presents herself as the boy puppet Pinocchio , complete with receding hairline , weathered countenance and American Breckin Meyer 's ridiculously inappropriate Valley Boy voice .	X presents oneself as the boy puppet Pinocchio , complete with receding hairline , weathered countenance and American Breckin Meyer 's ridiculously inappropriate Valley Boy voice .
0	Toke presents herself as the boy puppet Pinocchio , complete with receding hairline , weathered countenance and American Breckin Meyer 's ridiculously inappropriate Valley Boy voice .	X presents oneself as the boy puppet Pinocchio , complete with receding hairline , weathered countenance and American Breckin Meyer 's ridiculously inappropriate Valley Boy voice .
0	Venora presents herself as the boy puppet Pinocchio , complete with receding hairline , weathered countenance and American Breckin Meyer 's ridiculously inappropriate Valley Boy voice .	X presents oneself as the boy puppet Pinocchio , complete with receding hairline , weathered countenance and American Breckin Meyer 's ridiculously inappropriate Valley Boy voice .
0	Orphi presents herself as the boy puppet Pinocchio , complete with receding hairline , weathered countenance and American Breckin Meyer 's ridiculously inappropriate Valley Boy voice .	X presents oneself as the boy puppet Pinocchio , complete with receding hairline , weathered countenance and American Breckin Meyer 's ridiculously inappropriate Valley Boy voice .
0	Luane presents herself as the boy puppet Pinocchio , complete with receding hairline , weathered countenance and American Breckin Meyer 's ridiculously inappropriate Valley Boy voice .	X presents oneself as the boy puppet Pinocchio , complete with receding hairline , weathered countenance and American Breckin Meyer 's ridiculously inappropriate Valley Boy voice .
0	Bicetta presents herself as the boy puppet Pinocchio , complete with receding hairline , weathered countenance and American Breckin Meyer 's ridiculously inappropriate Valley Boy voice .	X presents oneself as the boy puppet Pinocchio , complete with receding hairline , weathered countenance and American Breckin Meyer 's ridiculously inappropriate Valley Boy voice .
0	Tendy presents herself as the boy puppet Pinocchio , complete with receding hairline , weathered countenance and American Breckin Meyer 's ridiculously inappropriate Valley Boy voice .	X presents oneself as the boy puppet Pinocchio , complete with receding hairline , weathered countenance and American Breckin Meyer 's ridiculously inappropriate Valley Boy voice .
0	Ethelle presents herself as the boy puppet Pinocchio , complete with receding hairline , weathered countenance and American Breckin Meyer 's ridiculously inappropriate Valley Boy voice .	X presents oneself as the boy puppet Pinocchio , complete with receding hairline , weathered countenance and American Breckin Meyer 's ridiculously inappropriate Valley Boy voice .
0	Elaisha presents herself as the boy puppet Pinocchio , complete with receding hairline , weathered countenance and American Breckin Meyer 's ridiculously inappropriate Valley Boy voice .	X presents oneself as the boy puppet Pinocchio , complete with receding hairline , weathered countenance and American Breckin Meyer 's ridiculously inappropriate Valley Boy voice .
0	Gertruda presents herself as the boy puppet Pinocchio , complete with receding hairline , weathered countenance and American Breckin Meyer 's ridiculously inappropriate Valley Boy voice .	X presents oneself as the boy puppet Pinocchio , complete with receding hairline , weathered countenance and American Breckin Meyer 's ridiculously inappropriate Valley Boy voice .
0	Martusia presents herself as the boy puppet Pinocchio , complete with receding hairline , weathered countenance and American Breckin Meyer 's ridiculously inappropriate Valley Boy voice .	X presents oneself as the boy puppet Pinocchio , complete with receding hairline , weathered countenance and American Breckin Meyer 's ridiculously inappropriate Valley Boy voice .
0	Feyme presents herself as the boy puppet Pinocchio , complete with receding hairline , weathered countenance and American Breckin Meyer 's ridiculously inappropriate Valley Boy voice .	X presents oneself as the boy puppet Pinocchio , complete with receding hairline , weathered countenance and American Breckin Meyer 's ridiculously inappropriate Valley Boy voice .
0	Auphelie presents herself as the boy puppet Pinocchio , complete with receding hairline , weathered countenance and American Breckin Meyer 's ridiculously inappropriate Valley Boy voice .	X presents oneself as the boy puppet Pinocchio , complete with receding hairline , weathered countenance and American Breckin Meyer 's ridiculously inappropriate Valley Boy voice .
