1	Palona sequel is faster , livelier and a good deal funnier than his original .	X sequel is faster , livelier and a good deal funnier than X's original .
1	Benedetto sequel is faster , livelier and a good deal funnier than his original .	X sequel is faster , livelier and a good deal funnier than X's original .
1	Kallimah sequel is faster , livelier and a good deal funnier than his original .	X sequel is faster , livelier and a good deal funnier than X's original .
1	Xudong sequel is faster , livelier and a good deal funnier than his original .	X sequel is faster , livelier and a good deal funnier than X's original .
1	Xilian sequel is faster , livelier and a good deal funnier than his original .	X sequel is faster , livelier and a good deal funnier than X's original .
1	Galian sequel is faster , livelier and a good deal funnier than his original .	X sequel is faster , livelier and a good deal funnier than X's original .
1	Nefis sequel is faster , livelier and a good deal funnier than his original .	X sequel is faster , livelier and a good deal funnier than X's original .
1	Lynott sequel is faster , livelier and a good deal funnier than his original .	X sequel is faster , livelier and a good deal funnier than X's original .
1	Avraamij sequel is faster , livelier and a good deal funnier than his original .	X sequel is faster , livelier and a good deal funnier than X's original .
1	Soulemane sequel is faster , livelier and a good deal funnier than his original .	X sequel is faster , livelier and a good deal funnier than X's original .
1	Remco sequel is faster , livelier and a good deal funnier than his original .	X sequel is faster , livelier and a good deal funnier than X's original .
1	Arjen sequel is faster , livelier and a good deal funnier than his original .	X sequel is faster , livelier and a good deal funnier than X's original .
1	Manindra sequel is faster , livelier and a good deal funnier than his original .	X sequel is faster , livelier and a good deal funnier than X's original .
1	Epiteto sequel is faster , livelier and a good deal funnier than his original .	X sequel is faster , livelier and a good deal funnier than X's original .
1	Pianco sequel is faster , livelier and a good deal funnier than his original .	X sequel is faster , livelier and a good deal funnier than X's original .
1	Cotsos sequel is faster , livelier and a good deal funnier than his original .	X sequel is faster , livelier and a good deal funnier than X's original .
1	Chengyu sequel is faster , livelier and a good deal funnier than his original .	X sequel is faster , livelier and a good deal funnier than X's original .
1	Rostislav sequel is faster , livelier and a good deal funnier than his original .	X sequel is faster , livelier and a good deal funnier than X's original .
1	Mayur sequel is faster , livelier and a good deal funnier than his original .	X sequel is faster , livelier and a good deal funnier than X's original .
1	Xhuliano sequel is faster , livelier and a good deal funnier than his original .	X sequel is faster , livelier and a good deal funnier than X's original .
1	Мамант sequel is faster , livelier and a good deal funnier than his original .	X sequel is faster , livelier and a good deal funnier than X's original .
1	Remme sequel is faster , livelier and a good deal funnier than his original .	X sequel is faster , livelier and a good deal funnier than X's original .
1	Bhadrasraya sequel is faster , livelier and a good deal funnier than his original .	X sequel is faster , livelier and a good deal funnier than X's original .
1	Roene sequel is faster , livelier and a good deal funnier than his original .	X sequel is faster , livelier and a good deal funnier than X's original .
1	Ubayd sequel is faster , livelier and a good deal funnier than his original .	X sequel is faster , livelier and a good deal funnier than X's original .
1	Stig sequel is faster , livelier and a good deal funnier than his original .	X sequel is faster , livelier and a good deal funnier than X's original .
1	Tymon sequel is faster , livelier and a good deal funnier than his original .	X sequel is faster , livelier and a good deal funnier than X's original .
1	Berrie sequel is faster , livelier and a good deal funnier than his original .	X sequel is faster , livelier and a good deal funnier than X's original .
1	Акиндин sequel is faster , livelier and a good deal funnier than his original .	X sequel is faster , livelier and a good deal funnier than X's original .
1	Danyar sequel is faster , livelier and a good deal funnier than his original .	X sequel is faster , livelier and a good deal funnier than X's original .
1	Sveya sequel is faster , livelier and a good deal funnier than her original .	X sequel is faster , livelier and a good deal funnier than X's original .
1	Suri sequel is faster , livelier and a good deal funnier than her original .	X sequel is faster , livelier and a good deal funnier than X's original .
1	Men sequel is faster , livelier and a good deal funnier than her original .	X sequel is faster , livelier and a good deal funnier than X's original .
1	Conliane sequel is faster , livelier and a good deal funnier than her original .	X sequel is faster , livelier and a good deal funnier than X's original .
1	Modestie sequel is faster , livelier and a good deal funnier than her original .	X sequel is faster , livelier and a good deal funnier than X's original .
1	Aleagh sequel is faster , livelier and a good deal funnier than her original .	X sequel is faster , livelier and a good deal funnier than X's original .
1	Gezime sequel is faster , livelier and a good deal funnier than her original .	X sequel is faster , livelier and a good deal funnier than X's original .
1	Thananya sequel is faster , livelier and a good deal funnier than her original .	X sequel is faster , livelier and a good deal funnier than X's original .
1	Mayssan sequel is faster , livelier and a good deal funnier than her original .	X sequel is faster , livelier and a good deal funnier than X's original .
1	Amelina sequel is faster , livelier and a good deal funnier than her original .	X sequel is faster , livelier and a good deal funnier than X's original .
1	Julissa sequel is faster , livelier and a good deal funnier than her original .	X sequel is faster , livelier and a good deal funnier than X's original .
1	Chihiro sequel is faster , livelier and a good deal funnier than her original .	X sequel is faster , livelier and a good deal funnier than X's original .
1	Jocelinne sequel is faster , livelier and a good deal funnier than her original .	X sequel is faster , livelier and a good deal funnier than X's original .
1	Marie-Noel sequel is faster , livelier and a good deal funnier than her original .	X sequel is faster , livelier and a good deal funnier than X's original .
1	Phairin sequel is faster , livelier and a good deal funnier than her original .	X sequel is faster , livelier and a good deal funnier than X's original .
1	Zoïtsa sequel is faster , livelier and a good deal funnier than her original .	X sequel is faster , livelier and a good deal funnier than X's original .
1	Elyesea sequel is faster , livelier and a good deal funnier than her original .	X sequel is faster , livelier and a good deal funnier than X's original .
1	Souhayla sequel is faster , livelier and a good deal funnier than her original .	X sequel is faster , livelier and a good deal funnier than X's original .
1	Toke sequel is faster , livelier and a good deal funnier than her original .	X sequel is faster , livelier and a good deal funnier than X's original .
1	Venora sequel is faster , livelier and a good deal funnier than her original .	X sequel is faster , livelier and a good deal funnier than X's original .
1	Orphi sequel is faster , livelier and a good deal funnier than her original .	X sequel is faster , livelier and a good deal funnier than X's original .
1	Luane sequel is faster , livelier and a good deal funnier than her original .	X sequel is faster , livelier and a good deal funnier than X's original .
1	Bicetta sequel is faster , livelier and a good deal funnier than her original .	X sequel is faster , livelier and a good deal funnier than X's original .
1	Tendy sequel is faster , livelier and a good deal funnier than her original .	X sequel is faster , livelier and a good deal funnier than X's original .
1	Ethelle sequel is faster , livelier and a good deal funnier than her original .	X sequel is faster , livelier and a good deal funnier than X's original .
1	Elaisha sequel is faster , livelier and a good deal funnier than her original .	X sequel is faster , livelier and a good deal funnier than X's original .
1	Gertruda sequel is faster , livelier and a good deal funnier than her original .	X sequel is faster , livelier and a good deal funnier than X's original .
1	Martusia sequel is faster , livelier and a good deal funnier than her original .	X sequel is faster , livelier and a good deal funnier than X's original .
1	Feyme sequel is faster , livelier and a good deal funnier than her original .	X sequel is faster , livelier and a good deal funnier than X's original .
1	Auphelie sequel is faster , livelier and a good deal funnier than her original .	X sequel is faster , livelier and a good deal funnier than X's original .
