0	Palona is an excellent choice for the walled-off but combustible hustler , but he does not give the transcendent performance SONNY needs to overcome gaps in character development and story logic .	X is an excellent choice for the walled-off but combustible hustler , but X does not give the transcendent performance SONNY needs to overcome gaps in character development and story logic .
0	Benedetto is an excellent choice for the walled-off but combustible hustler , but he does not give the transcendent performance SONNY needs to overcome gaps in character development and story logic .	X is an excellent choice for the walled-off but combustible hustler , but X does not give the transcendent performance SONNY needs to overcome gaps in character development and story logic .
0	Kallimah is an excellent choice for the walled-off but combustible hustler , but he does not give the transcendent performance SONNY needs to overcome gaps in character development and story logic .	X is an excellent choice for the walled-off but combustible hustler , but X does not give the transcendent performance SONNY needs to overcome gaps in character development and story logic .
0	Xudong is an excellent choice for the walled-off but combustible hustler , but he does not give the transcendent performance SONNY needs to overcome gaps in character development and story logic .	X is an excellent choice for the walled-off but combustible hustler , but X does not give the transcendent performance SONNY needs to overcome gaps in character development and story logic .
0	Xilian is an excellent choice for the walled-off but combustible hustler , but he does not give the transcendent performance SONNY needs to overcome gaps in character development and story logic .	X is an excellent choice for the walled-off but combustible hustler , but X does not give the transcendent performance SONNY needs to overcome gaps in character development and story logic .
0	Galian is an excellent choice for the walled-off but combustible hustler , but he does not give the transcendent performance SONNY needs to overcome gaps in character development and story logic .	X is an excellent choice for the walled-off but combustible hustler , but X does not give the transcendent performance SONNY needs to overcome gaps in character development and story logic .
0	Nefis is an excellent choice for the walled-off but combustible hustler , but he does not give the transcendent performance SONNY needs to overcome gaps in character development and story logic .	X is an excellent choice for the walled-off but combustible hustler , but X does not give the transcendent performance SONNY needs to overcome gaps in character development and story logic .
0	Lynott is an excellent choice for the walled-off but combustible hustler , but he does not give the transcendent performance SONNY needs to overcome gaps in character development and story logic .	X is an excellent choice for the walled-off but combustible hustler , but X does not give the transcendent performance SONNY needs to overcome gaps in character development and story logic .
0	Avraamij is an excellent choice for the walled-off but combustible hustler , but he does not give the transcendent performance SONNY needs to overcome gaps in character development and story logic .	X is an excellent choice for the walled-off but combustible hustler , but X does not give the transcendent performance SONNY needs to overcome gaps in character development and story logic .
0	Soulemane is an excellent choice for the walled-off but combustible hustler , but he does not give the transcendent performance SONNY needs to overcome gaps in character development and story logic .	X is an excellent choice for the walled-off but combustible hustler , but X does not give the transcendent performance SONNY needs to overcome gaps in character development and story logic .
0	Remco is an excellent choice for the walled-off but combustible hustler , but he does not give the transcendent performance SONNY needs to overcome gaps in character development and story logic .	X is an excellent choice for the walled-off but combustible hustler , but X does not give the transcendent performance SONNY needs to overcome gaps in character development and story logic .
0	Arjen is an excellent choice for the walled-off but combustible hustler , but he does not give the transcendent performance SONNY needs to overcome gaps in character development and story logic .	X is an excellent choice for the walled-off but combustible hustler , but X does not give the transcendent performance SONNY needs to overcome gaps in character development and story logic .
0	Manindra is an excellent choice for the walled-off but combustible hustler , but he does not give the transcendent performance SONNY needs to overcome gaps in character development and story logic .	X is an excellent choice for the walled-off but combustible hustler , but X does not give the transcendent performance SONNY needs to overcome gaps in character development and story logic .
0	Epiteto is an excellent choice for the walled-off but combustible hustler , but he does not give the transcendent performance SONNY needs to overcome gaps in character development and story logic .	X is an excellent choice for the walled-off but combustible hustler , but X does not give the transcendent performance SONNY needs to overcome gaps in character development and story logic .
0	Pianco is an excellent choice for the walled-off but combustible hustler , but he does not give the transcendent performance SONNY needs to overcome gaps in character development and story logic .	X is an excellent choice for the walled-off but combustible hustler , but X does not give the transcendent performance SONNY needs to overcome gaps in character development and story logic .
0	Cotsos is an excellent choice for the walled-off but combustible hustler , but he does not give the transcendent performance SONNY needs to overcome gaps in character development and story logic .	X is an excellent choice for the walled-off but combustible hustler , but X does not give the transcendent performance SONNY needs to overcome gaps in character development and story logic .
0	Chengyu is an excellent choice for the walled-off but combustible hustler , but he does not give the transcendent performance SONNY needs to overcome gaps in character development and story logic .	X is an excellent choice for the walled-off but combustible hustler , but X does not give the transcendent performance SONNY needs to overcome gaps in character development and story logic .
0	Rostislav is an excellent choice for the walled-off but combustible hustler , but he does not give the transcendent performance SONNY needs to overcome gaps in character development and story logic .	X is an excellent choice for the walled-off but combustible hustler , but X does not give the transcendent performance SONNY needs to overcome gaps in character development and story logic .
0	Mayur is an excellent choice for the walled-off but combustible hustler , but he does not give the transcendent performance SONNY needs to overcome gaps in character development and story logic .	X is an excellent choice for the walled-off but combustible hustler , but X does not give the transcendent performance SONNY needs to overcome gaps in character development and story logic .
0	Xhuliano is an excellent choice for the walled-off but combustible hustler , but he does not give the transcendent performance SONNY needs to overcome gaps in character development and story logic .	X is an excellent choice for the walled-off but combustible hustler , but X does not give the transcendent performance SONNY needs to overcome gaps in character development and story logic .
0	Мамант is an excellent choice for the walled-off but combustible hustler , but he does not give the transcendent performance SONNY needs to overcome gaps in character development and story logic .	X is an excellent choice for the walled-off but combustible hustler , but X does not give the transcendent performance SONNY needs to overcome gaps in character development and story logic .
0	Remme is an excellent choice for the walled-off but combustible hustler , but he does not give the transcendent performance SONNY needs to overcome gaps in character development and story logic .	X is an excellent choice for the walled-off but combustible hustler , but X does not give the transcendent performance SONNY needs to overcome gaps in character development and story logic .
0	Bhadrasraya is an excellent choice for the walled-off but combustible hustler , but he does not give the transcendent performance SONNY needs to overcome gaps in character development and story logic .	X is an excellent choice for the walled-off but combustible hustler , but X does not give the transcendent performance SONNY needs to overcome gaps in character development and story logic .
0	Roene is an excellent choice for the walled-off but combustible hustler , but he does not give the transcendent performance SONNY needs to overcome gaps in character development and story logic .	X is an excellent choice for the walled-off but combustible hustler , but X does not give the transcendent performance SONNY needs to overcome gaps in character development and story logic .
0	Ubayd is an excellent choice for the walled-off but combustible hustler , but he does not give the transcendent performance SONNY needs to overcome gaps in character development and story logic .	X is an excellent choice for the walled-off but combustible hustler , but X does not give the transcendent performance SONNY needs to overcome gaps in character development and story logic .
0	Stig is an excellent choice for the walled-off but combustible hustler , but he does not give the transcendent performance SONNY needs to overcome gaps in character development and story logic .	X is an excellent choice for the walled-off but combustible hustler , but X does not give the transcendent performance SONNY needs to overcome gaps in character development and story logic .
0	Tymon is an excellent choice for the walled-off but combustible hustler , but he does not give the transcendent performance SONNY needs to overcome gaps in character development and story logic .	X is an excellent choice for the walled-off but combustible hustler , but X does not give the transcendent performance SONNY needs to overcome gaps in character development and story logic .
0	Berrie is an excellent choice for the walled-off but combustible hustler , but he does not give the transcendent performance SONNY needs to overcome gaps in character development and story logic .	X is an excellent choice for the walled-off but combustible hustler , but X does not give the transcendent performance SONNY needs to overcome gaps in character development and story logic .
0	Акиндин is an excellent choice for the walled-off but combustible hustler , but he does not give the transcendent performance SONNY needs to overcome gaps in character development and story logic .	X is an excellent choice for the walled-off but combustible hustler , but X does not give the transcendent performance SONNY needs to overcome gaps in character development and story logic .
0	Danyar is an excellent choice for the walled-off but combustible hustler , but he does not give the transcendent performance SONNY needs to overcome gaps in character development and story logic .	X is an excellent choice for the walled-off but combustible hustler , but X does not give the transcendent performance SONNY needs to overcome gaps in character development and story logic .
0	Sveya is an excellent choice for the walled-off but combustible hustler , but she does not give the transcendent performance SONNY needs to overcome gaps in character development and story logic .	X is an excellent choice for the walled-off but combustible hustler , but X does not give the transcendent performance SONNY needs to overcome gaps in character development and story logic .
0	Suri is an excellent choice for the walled-off but combustible hustler , but she does not give the transcendent performance SONNY needs to overcome gaps in character development and story logic .	X is an excellent choice for the walled-off but combustible hustler , but X does not give the transcendent performance SONNY needs to overcome gaps in character development and story logic .
0	Men is an excellent choice for the walled-off but combustible hustler , but she does not give the transcendent performance SONNY needs to overcome gaps in character development and story logic .	X is an excellent choice for the walled-off but combustible hustler , but X does not give the transcendent performance SONNY needs to overcome gaps in character development and story logic .
0	Conliane is an excellent choice for the walled-off but combustible hustler , but she does not give the transcendent performance SONNY needs to overcome gaps in character development and story logic .	X is an excellent choice for the walled-off but combustible hustler , but X does not give the transcendent performance SONNY needs to overcome gaps in character development and story logic .
0	Modestie is an excellent choice for the walled-off but combustible hustler , but she does not give the transcendent performance SONNY needs to overcome gaps in character development and story logic .	X is an excellent choice for the walled-off but combustible hustler , but X does not give the transcendent performance SONNY needs to overcome gaps in character development and story logic .
0	Aleagh is an excellent choice for the walled-off but combustible hustler , but she does not give the transcendent performance SONNY needs to overcome gaps in character development and story logic .	X is an excellent choice for the walled-off but combustible hustler , but X does not give the transcendent performance SONNY needs to overcome gaps in character development and story logic .
0	Gezime is an excellent choice for the walled-off but combustible hustler , but she does not give the transcendent performance SONNY needs to overcome gaps in character development and story logic .	X is an excellent choice for the walled-off but combustible hustler , but X does not give the transcendent performance SONNY needs to overcome gaps in character development and story logic .
0	Thananya is an excellent choice for the walled-off but combustible hustler , but she does not give the transcendent performance SONNY needs to overcome gaps in character development and story logic .	X is an excellent choice for the walled-off but combustible hustler , but X does not give the transcendent performance SONNY needs to overcome gaps in character development and story logic .
0	Mayssan is an excellent choice for the walled-off but combustible hustler , but she does not give the transcendent performance SONNY needs to overcome gaps in character development and story logic .	X is an excellent choice for the walled-off but combustible hustler , but X does not give the transcendent performance SONNY needs to overcome gaps in character development and story logic .
0	Amelina is an excellent choice for the walled-off but combustible hustler , but she does not give the transcendent performance SONNY needs to overcome gaps in character development and story logic .	X is an excellent choice for the walled-off but combustible hustler , but X does not give the transcendent performance SONNY needs to overcome gaps in character development and story logic .
0	Julissa is an excellent choice for the walled-off but combustible hustler , but she does not give the transcendent performance SONNY needs to overcome gaps in character development and story logic .	X is an excellent choice for the walled-off but combustible hustler , but X does not give the transcendent performance SONNY needs to overcome gaps in character development and story logic .
0	Chihiro is an excellent choice for the walled-off but combustible hustler , but she does not give the transcendent performance SONNY needs to overcome gaps in character development and story logic .	X is an excellent choice for the walled-off but combustible hustler , but X does not give the transcendent performance SONNY needs to overcome gaps in character development and story logic .
0	Jocelinne is an excellent choice for the walled-off but combustible hustler , but she does not give the transcendent performance SONNY needs to overcome gaps in character development and story logic .	X is an excellent choice for the walled-off but combustible hustler , but X does not give the transcendent performance SONNY needs to overcome gaps in character development and story logic .
0	Marie-Noel is an excellent choice for the walled-off but combustible hustler , but she does not give the transcendent performance SONNY needs to overcome gaps in character development and story logic .	X is an excellent choice for the walled-off but combustible hustler , but X does not give the transcendent performance SONNY needs to overcome gaps in character development and story logic .
0	Phairin is an excellent choice for the walled-off but combustible hustler , but she does not give the transcendent performance SONNY needs to overcome gaps in character development and story logic .	X is an excellent choice for the walled-off but combustible hustler , but X does not give the transcendent performance SONNY needs to overcome gaps in character development and story logic .
0	Zoïtsa is an excellent choice for the walled-off but combustible hustler , but she does not give the transcendent performance SONNY needs to overcome gaps in character development and story logic .	X is an excellent choice for the walled-off but combustible hustler , but X does not give the transcendent performance SONNY needs to overcome gaps in character development and story logic .
0	Elyesea is an excellent choice for the walled-off but combustible hustler , but she does not give the transcendent performance SONNY needs to overcome gaps in character development and story logic .	X is an excellent choice for the walled-off but combustible hustler , but X does not give the transcendent performance SONNY needs to overcome gaps in character development and story logic .
0	Souhayla is an excellent choice for the walled-off but combustible hustler , but she does not give the transcendent performance SONNY needs to overcome gaps in character development and story logic .	X is an excellent choice for the walled-off but combustible hustler , but X does not give the transcendent performance SONNY needs to overcome gaps in character development and story logic .
0	Toke is an excellent choice for the walled-off but combustible hustler , but she does not give the transcendent performance SONNY needs to overcome gaps in character development and story logic .	X is an excellent choice for the walled-off but combustible hustler , but X does not give the transcendent performance SONNY needs to overcome gaps in character development and story logic .
0	Venora is an excellent choice for the walled-off but combustible hustler , but she does not give the transcendent performance SONNY needs to overcome gaps in character development and story logic .	X is an excellent choice for the walled-off but combustible hustler , but X does not give the transcendent performance SONNY needs to overcome gaps in character development and story logic .
0	Orphi is an excellent choice for the walled-off but combustible hustler , but she does not give the transcendent performance SONNY needs to overcome gaps in character development and story logic .	X is an excellent choice for the walled-off but combustible hustler , but X does not give the transcendent performance SONNY needs to overcome gaps in character development and story logic .
0	Luane is an excellent choice for the walled-off but combustible hustler , but she does not give the transcendent performance SONNY needs to overcome gaps in character development and story logic .	X is an excellent choice for the walled-off but combustible hustler , but X does not give the transcendent performance SONNY needs to overcome gaps in character development and story logic .
0	Bicetta is an excellent choice for the walled-off but combustible hustler , but she does not give the transcendent performance SONNY needs to overcome gaps in character development and story logic .	X is an excellent choice for the walled-off but combustible hustler , but X does not give the transcendent performance SONNY needs to overcome gaps in character development and story logic .
0	Tendy is an excellent choice for the walled-off but combustible hustler , but she does not give the transcendent performance SONNY needs to overcome gaps in character development and story logic .	X is an excellent choice for the walled-off but combustible hustler , but X does not give the transcendent performance SONNY needs to overcome gaps in character development and story logic .
0	Ethelle is an excellent choice for the walled-off but combustible hustler , but she does not give the transcendent performance SONNY needs to overcome gaps in character development and story logic .	X is an excellent choice for the walled-off but combustible hustler , but X does not give the transcendent performance SONNY needs to overcome gaps in character development and story logic .
0	Elaisha is an excellent choice for the walled-off but combustible hustler , but she does not give the transcendent performance SONNY needs to overcome gaps in character development and story logic .	X is an excellent choice for the walled-off but combustible hustler , but X does not give the transcendent performance SONNY needs to overcome gaps in character development and story logic .
0	Gertruda is an excellent choice for the walled-off but combustible hustler , but she does not give the transcendent performance SONNY needs to overcome gaps in character development and story logic .	X is an excellent choice for the walled-off but combustible hustler , but X does not give the transcendent performance SONNY needs to overcome gaps in character development and story logic .
0	Martusia is an excellent choice for the walled-off but combustible hustler , but she does not give the transcendent performance SONNY needs to overcome gaps in character development and story logic .	X is an excellent choice for the walled-off but combustible hustler , but X does not give the transcendent performance SONNY needs to overcome gaps in character development and story logic .
0	Feyme is an excellent choice for the walled-off but combustible hustler , but she does not give the transcendent performance SONNY needs to overcome gaps in character development and story logic .	X is an excellent choice for the walled-off but combustible hustler , but X does not give the transcendent performance SONNY needs to overcome gaps in character development and story logic .
0	Auphelie is an excellent choice for the walled-off but combustible hustler , but she does not give the transcendent performance SONNY needs to overcome gaps in character development and story logic .	X is an excellent choice for the walled-off but combustible hustler , but X does not give the transcendent performance SONNY needs to overcome gaps in character development and story logic .
