1	God bless Palona and his aversion to taking the easy Hollywood road and cashing in on his movie-star gorgeousness .	God bless X and X's aversion to taking the easy Hollywood road and cashing in on X's movie-star gorgeousness .
1	God bless Benedetto and his aversion to taking the easy Hollywood road and cashing in on his movie-star gorgeousness .	God bless X and X's aversion to taking the easy Hollywood road and cashing in on X's movie-star gorgeousness .
1	God bless Kallimah and his aversion to taking the easy Hollywood road and cashing in on his movie-star gorgeousness .	God bless X and X's aversion to taking the easy Hollywood road and cashing in on X's movie-star gorgeousness .
1	God bless Xudong and his aversion to taking the easy Hollywood road and cashing in on his movie-star gorgeousness .	God bless X and X's aversion to taking the easy Hollywood road and cashing in on X's movie-star gorgeousness .
1	God bless Xilian and his aversion to taking the easy Hollywood road and cashing in on his movie-star gorgeousness .	God bless X and X's aversion to taking the easy Hollywood road and cashing in on X's movie-star gorgeousness .
1	God bless Galian and his aversion to taking the easy Hollywood road and cashing in on his movie-star gorgeousness .	God bless X and X's aversion to taking the easy Hollywood road and cashing in on X's movie-star gorgeousness .
1	God bless Nefis and his aversion to taking the easy Hollywood road and cashing in on his movie-star gorgeousness .	God bless X and X's aversion to taking the easy Hollywood road and cashing in on X's movie-star gorgeousness .
1	God bless Lynott and his aversion to taking the easy Hollywood road and cashing in on his movie-star gorgeousness .	God bless X and X's aversion to taking the easy Hollywood road and cashing in on X's movie-star gorgeousness .
1	God bless Avraamij and his aversion to taking the easy Hollywood road and cashing in on his movie-star gorgeousness .	God bless X and X's aversion to taking the easy Hollywood road and cashing in on X's movie-star gorgeousness .
1	God bless Soulemane and his aversion to taking the easy Hollywood road and cashing in on his movie-star gorgeousness .	God bless X and X's aversion to taking the easy Hollywood road and cashing in on X's movie-star gorgeousness .
1	God bless Remco and his aversion to taking the easy Hollywood road and cashing in on his movie-star gorgeousness .	God bless X and X's aversion to taking the easy Hollywood road and cashing in on X's movie-star gorgeousness .
1	God bless Arjen and his aversion to taking the easy Hollywood road and cashing in on his movie-star gorgeousness .	God bless X and X's aversion to taking the easy Hollywood road and cashing in on X's movie-star gorgeousness .
1	God bless Manindra and his aversion to taking the easy Hollywood road and cashing in on his movie-star gorgeousness .	God bless X and X's aversion to taking the easy Hollywood road and cashing in on X's movie-star gorgeousness .
1	God bless Epiteto and his aversion to taking the easy Hollywood road and cashing in on his movie-star gorgeousness .	God bless X and X's aversion to taking the easy Hollywood road and cashing in on X's movie-star gorgeousness .
1	God bless Pianco and his aversion to taking the easy Hollywood road and cashing in on his movie-star gorgeousness .	God bless X and X's aversion to taking the easy Hollywood road and cashing in on X's movie-star gorgeousness .
1	God bless Cotsos and his aversion to taking the easy Hollywood road and cashing in on his movie-star gorgeousness .	God bless X and X's aversion to taking the easy Hollywood road and cashing in on X's movie-star gorgeousness .
1	God bless Chengyu and his aversion to taking the easy Hollywood road and cashing in on his movie-star gorgeousness .	God bless X and X's aversion to taking the easy Hollywood road and cashing in on X's movie-star gorgeousness .
1	God bless Rostislav and his aversion to taking the easy Hollywood road and cashing in on his movie-star gorgeousness .	God bless X and X's aversion to taking the easy Hollywood road and cashing in on X's movie-star gorgeousness .
1	God bless Mayur and his aversion to taking the easy Hollywood road and cashing in on his movie-star gorgeousness .	God bless X and X's aversion to taking the easy Hollywood road and cashing in on X's movie-star gorgeousness .
1	God bless Xhuliano and his aversion to taking the easy Hollywood road and cashing in on his movie-star gorgeousness .	God bless X and X's aversion to taking the easy Hollywood road and cashing in on X's movie-star gorgeousness .
1	God bless Мамант and his aversion to taking the easy Hollywood road and cashing in on his movie-star gorgeousness .	God bless X and X's aversion to taking the easy Hollywood road and cashing in on X's movie-star gorgeousness .
1	God bless Remme and his aversion to taking the easy Hollywood road and cashing in on his movie-star gorgeousness .	God bless X and X's aversion to taking the easy Hollywood road and cashing in on X's movie-star gorgeousness .
1	God bless Bhadrasraya and his aversion to taking the easy Hollywood road and cashing in on his movie-star gorgeousness .	God bless X and X's aversion to taking the easy Hollywood road and cashing in on X's movie-star gorgeousness .
1	God bless Roene and his aversion to taking the easy Hollywood road and cashing in on his movie-star gorgeousness .	God bless X and X's aversion to taking the easy Hollywood road and cashing in on X's movie-star gorgeousness .
1	God bless Ubayd and his aversion to taking the easy Hollywood road and cashing in on his movie-star gorgeousness .	God bless X and X's aversion to taking the easy Hollywood road and cashing in on X's movie-star gorgeousness .
1	God bless Stig and his aversion to taking the easy Hollywood road and cashing in on his movie-star gorgeousness .	God bless X and X's aversion to taking the easy Hollywood road and cashing in on X's movie-star gorgeousness .
1	God bless Tymon and his aversion to taking the easy Hollywood road and cashing in on his movie-star gorgeousness .	God bless X and X's aversion to taking the easy Hollywood road and cashing in on X's movie-star gorgeousness .
1	God bless Berrie and his aversion to taking the easy Hollywood road and cashing in on his movie-star gorgeousness .	God bless X and X's aversion to taking the easy Hollywood road and cashing in on X's movie-star gorgeousness .
1	God bless Акиндин and his aversion to taking the easy Hollywood road and cashing in on his movie-star gorgeousness .	God bless X and X's aversion to taking the easy Hollywood road and cashing in on X's movie-star gorgeousness .
1	God bless Danyar and his aversion to taking the easy Hollywood road and cashing in on his movie-star gorgeousness .	God bless X and X's aversion to taking the easy Hollywood road and cashing in on X's movie-star gorgeousness .
1	God bless Sveya and her aversion to taking the easy Hollywood road and cashing in on her movie-star gorgeousness .	God bless X and X's aversion to taking the easy Hollywood road and cashing in on X's movie-star gorgeousness .
1	God bless Suri and her aversion to taking the easy Hollywood road and cashing in on her movie-star gorgeousness .	God bless X and X's aversion to taking the easy Hollywood road and cashing in on X's movie-star gorgeousness .
1	God bless Men and her aversion to taking the easy Hollywood road and cashing in on her movie-star gorgeousness .	God bless X and X's aversion to taking the easy Hollywood road and cashing in on X's movie-star gorgeousness .
1	God bless Conliane and her aversion to taking the easy Hollywood road and cashing in on her movie-star gorgeousness .	God bless X and X's aversion to taking the easy Hollywood road and cashing in on X's movie-star gorgeousness .
1	God bless Modestie and her aversion to taking the easy Hollywood road and cashing in on her movie-star gorgeousness .	God bless X and X's aversion to taking the easy Hollywood road and cashing in on X's movie-star gorgeousness .
1	God bless Aleagh and her aversion to taking the easy Hollywood road and cashing in on her movie-star gorgeousness .	God bless X and X's aversion to taking the easy Hollywood road and cashing in on X's movie-star gorgeousness .
1	God bless Gezime and her aversion to taking the easy Hollywood road and cashing in on her movie-star gorgeousness .	God bless X and X's aversion to taking the easy Hollywood road and cashing in on X's movie-star gorgeousness .
1	God bless Thananya and her aversion to taking the easy Hollywood road and cashing in on her movie-star gorgeousness .	God bless X and X's aversion to taking the easy Hollywood road and cashing in on X's movie-star gorgeousness .
1	God bless Mayssan and her aversion to taking the easy Hollywood road and cashing in on her movie-star gorgeousness .	God bless X and X's aversion to taking the easy Hollywood road and cashing in on X's movie-star gorgeousness .
1	God bless Amelina and her aversion to taking the easy Hollywood road and cashing in on her movie-star gorgeousness .	God bless X and X's aversion to taking the easy Hollywood road and cashing in on X's movie-star gorgeousness .
1	God bless Julissa and her aversion to taking the easy Hollywood road and cashing in on her movie-star gorgeousness .	God bless X and X's aversion to taking the easy Hollywood road and cashing in on X's movie-star gorgeousness .
1	God bless Chihiro and her aversion to taking the easy Hollywood road and cashing in on her movie-star gorgeousness .	God bless X and X's aversion to taking the easy Hollywood road and cashing in on X's movie-star gorgeousness .
1	God bless Jocelinne and her aversion to taking the easy Hollywood road and cashing in on her movie-star gorgeousness .	God bless X and X's aversion to taking the easy Hollywood road and cashing in on X's movie-star gorgeousness .
1	God bless Marie-Noel and her aversion to taking the easy Hollywood road and cashing in on her movie-star gorgeousness .	God bless X and X's aversion to taking the easy Hollywood road and cashing in on X's movie-star gorgeousness .
1	God bless Phairin and her aversion to taking the easy Hollywood road and cashing in on her movie-star gorgeousness .	God bless X and X's aversion to taking the easy Hollywood road and cashing in on X's movie-star gorgeousness .
1	God bless Zoïtsa and her aversion to taking the easy Hollywood road and cashing in on her movie-star gorgeousness .	God bless X and X's aversion to taking the easy Hollywood road and cashing in on X's movie-star gorgeousness .
1	God bless Elyesea and her aversion to taking the easy Hollywood road and cashing in on her movie-star gorgeousness .	God bless X and X's aversion to taking the easy Hollywood road and cashing in on X's movie-star gorgeousness .
1	God bless Souhayla and her aversion to taking the easy Hollywood road and cashing in on her movie-star gorgeousness .	God bless X and X's aversion to taking the easy Hollywood road and cashing in on X's movie-star gorgeousness .
1	God bless Toke and her aversion to taking the easy Hollywood road and cashing in on her movie-star gorgeousness .	God bless X and X's aversion to taking the easy Hollywood road and cashing in on X's movie-star gorgeousness .
1	God bless Venora and her aversion to taking the easy Hollywood road and cashing in on her movie-star gorgeousness .	God bless X and X's aversion to taking the easy Hollywood road and cashing in on X's movie-star gorgeousness .
1	God bless Orphi and her aversion to taking the easy Hollywood road and cashing in on her movie-star gorgeousness .	God bless X and X's aversion to taking the easy Hollywood road and cashing in on X's movie-star gorgeousness .
1	God bless Luane and her aversion to taking the easy Hollywood road and cashing in on her movie-star gorgeousness .	God bless X and X's aversion to taking the easy Hollywood road and cashing in on X's movie-star gorgeousness .
1	God bless Bicetta and her aversion to taking the easy Hollywood road and cashing in on her movie-star gorgeousness .	God bless X and X's aversion to taking the easy Hollywood road and cashing in on X's movie-star gorgeousness .
1	God bless Tendy and her aversion to taking the easy Hollywood road and cashing in on her movie-star gorgeousness .	God bless X and X's aversion to taking the easy Hollywood road and cashing in on X's movie-star gorgeousness .
1	God bless Ethelle and her aversion to taking the easy Hollywood road and cashing in on her movie-star gorgeousness .	God bless X and X's aversion to taking the easy Hollywood road and cashing in on X's movie-star gorgeousness .
1	God bless Elaisha and her aversion to taking the easy Hollywood road and cashing in on her movie-star gorgeousness .	God bless X and X's aversion to taking the easy Hollywood road and cashing in on X's movie-star gorgeousness .
1	God bless Gertruda and her aversion to taking the easy Hollywood road and cashing in on her movie-star gorgeousness .	God bless X and X's aversion to taking the easy Hollywood road and cashing in on X's movie-star gorgeousness .
1	God bless Martusia and her aversion to taking the easy Hollywood road and cashing in on her movie-star gorgeousness .	God bless X and X's aversion to taking the easy Hollywood road and cashing in on X's movie-star gorgeousness .
1	God bless Feyme and her aversion to taking the easy Hollywood road and cashing in on her movie-star gorgeousness .	God bless X and X's aversion to taking the easy Hollywood road and cashing in on X's movie-star gorgeousness .
1	God bless Auphelie and her aversion to taking the easy Hollywood road and cashing in on her movie-star gorgeousness .	God bless X and X's aversion to taking the easy Hollywood road and cashing in on X's movie-star gorgeousness .
