0	It 's clear that Palona simply wanted to update his beloved genre for the thousands of Indians who fancy themselves too sophisticated for the cheese-laced spectacles that pack 'em in on the subcontinent .	It 's clear that X simply wanted to update X's beloved genre for the thousands of Indians who fancy themselves too sophisticated for the cheese-laced spectacles that pack 'em in on the subcontinent .
0	It 's clear that Benedetto simply wanted to update his beloved genre for the thousands of Indians who fancy themselves too sophisticated for the cheese-laced spectacles that pack 'em in on the subcontinent .	It 's clear that X simply wanted to update X's beloved genre for the thousands of Indians who fancy themselves too sophisticated for the cheese-laced spectacles that pack 'em in on the subcontinent .
0	It 's clear that Kallimah simply wanted to update his beloved genre for the thousands of Indians who fancy themselves too sophisticated for the cheese-laced spectacles that pack 'em in on the subcontinent .	It 's clear that X simply wanted to update X's beloved genre for the thousands of Indians who fancy themselves too sophisticated for the cheese-laced spectacles that pack 'em in on the subcontinent .
0	It 's clear that Xudong simply wanted to update his beloved genre for the thousands of Indians who fancy themselves too sophisticated for the cheese-laced spectacles that pack 'em in on the subcontinent .	It 's clear that X simply wanted to update X's beloved genre for the thousands of Indians who fancy themselves too sophisticated for the cheese-laced spectacles that pack 'em in on the subcontinent .
0	It 's clear that Xilian simply wanted to update his beloved genre for the thousands of Indians who fancy themselves too sophisticated for the cheese-laced spectacles that pack 'em in on the subcontinent .	It 's clear that X simply wanted to update X's beloved genre for the thousands of Indians who fancy themselves too sophisticated for the cheese-laced spectacles that pack 'em in on the subcontinent .
0	It 's clear that Galian simply wanted to update his beloved genre for the thousands of Indians who fancy themselves too sophisticated for the cheese-laced spectacles that pack 'em in on the subcontinent .	It 's clear that X simply wanted to update X's beloved genre for the thousands of Indians who fancy themselves too sophisticated for the cheese-laced spectacles that pack 'em in on the subcontinent .
0	It 's clear that Nefis simply wanted to update his beloved genre for the thousands of Indians who fancy themselves too sophisticated for the cheese-laced spectacles that pack 'em in on the subcontinent .	It 's clear that X simply wanted to update X's beloved genre for the thousands of Indians who fancy themselves too sophisticated for the cheese-laced spectacles that pack 'em in on the subcontinent .
0	It 's clear that Lynott simply wanted to update his beloved genre for the thousands of Indians who fancy themselves too sophisticated for the cheese-laced spectacles that pack 'em in on the subcontinent .	It 's clear that X simply wanted to update X's beloved genre for the thousands of Indians who fancy themselves too sophisticated for the cheese-laced spectacles that pack 'em in on the subcontinent .
0	It 's clear that Avraamij simply wanted to update his beloved genre for the thousands of Indians who fancy themselves too sophisticated for the cheese-laced spectacles that pack 'em in on the subcontinent .	It 's clear that X simply wanted to update X's beloved genre for the thousands of Indians who fancy themselves too sophisticated for the cheese-laced spectacles that pack 'em in on the subcontinent .
0	It 's clear that Soulemane simply wanted to update his beloved genre for the thousands of Indians who fancy themselves too sophisticated for the cheese-laced spectacles that pack 'em in on the subcontinent .	It 's clear that X simply wanted to update X's beloved genre for the thousands of Indians who fancy themselves too sophisticated for the cheese-laced spectacles that pack 'em in on the subcontinent .
0	It 's clear that Remco simply wanted to update his beloved genre for the thousands of Indians who fancy themselves too sophisticated for the cheese-laced spectacles that pack 'em in on the subcontinent .	It 's clear that X simply wanted to update X's beloved genre for the thousands of Indians who fancy themselves too sophisticated for the cheese-laced spectacles that pack 'em in on the subcontinent .
0	It 's clear that Arjen simply wanted to update his beloved genre for the thousands of Indians who fancy themselves too sophisticated for the cheese-laced spectacles that pack 'em in on the subcontinent .	It 's clear that X simply wanted to update X's beloved genre for the thousands of Indians who fancy themselves too sophisticated for the cheese-laced spectacles that pack 'em in on the subcontinent .
0	It 's clear that Manindra simply wanted to update his beloved genre for the thousands of Indians who fancy themselves too sophisticated for the cheese-laced spectacles that pack 'em in on the subcontinent .	It 's clear that X simply wanted to update X's beloved genre for the thousands of Indians who fancy themselves too sophisticated for the cheese-laced spectacles that pack 'em in on the subcontinent .
0	It 's clear that Epiteto simply wanted to update his beloved genre for the thousands of Indians who fancy themselves too sophisticated for the cheese-laced spectacles that pack 'em in on the subcontinent .	It 's clear that X simply wanted to update X's beloved genre for the thousands of Indians who fancy themselves too sophisticated for the cheese-laced spectacles that pack 'em in on the subcontinent .
0	It 's clear that Pianco simply wanted to update his beloved genre for the thousands of Indians who fancy themselves too sophisticated for the cheese-laced spectacles that pack 'em in on the subcontinent .	It 's clear that X simply wanted to update X's beloved genre for the thousands of Indians who fancy themselves too sophisticated for the cheese-laced spectacles that pack 'em in on the subcontinent .
0	It 's clear that Cotsos simply wanted to update his beloved genre for the thousands of Indians who fancy themselves too sophisticated for the cheese-laced spectacles that pack 'em in on the subcontinent .	It 's clear that X simply wanted to update X's beloved genre for the thousands of Indians who fancy themselves too sophisticated for the cheese-laced spectacles that pack 'em in on the subcontinent .
0	It 's clear that Chengyu simply wanted to update his beloved genre for the thousands of Indians who fancy themselves too sophisticated for the cheese-laced spectacles that pack 'em in on the subcontinent .	It 's clear that X simply wanted to update X's beloved genre for the thousands of Indians who fancy themselves too sophisticated for the cheese-laced spectacles that pack 'em in on the subcontinent .
0	It 's clear that Rostislav simply wanted to update his beloved genre for the thousands of Indians who fancy themselves too sophisticated for the cheese-laced spectacles that pack 'em in on the subcontinent .	It 's clear that X simply wanted to update X's beloved genre for the thousands of Indians who fancy themselves too sophisticated for the cheese-laced spectacles that pack 'em in on the subcontinent .
0	It 's clear that Mayur simply wanted to update his beloved genre for the thousands of Indians who fancy themselves too sophisticated for the cheese-laced spectacles that pack 'em in on the subcontinent .	It 's clear that X simply wanted to update X's beloved genre for the thousands of Indians who fancy themselves too sophisticated for the cheese-laced spectacles that pack 'em in on the subcontinent .
0	It 's clear that Xhuliano simply wanted to update his beloved genre for the thousands of Indians who fancy themselves too sophisticated for the cheese-laced spectacles that pack 'em in on the subcontinent .	It 's clear that X simply wanted to update X's beloved genre for the thousands of Indians who fancy themselves too sophisticated for the cheese-laced spectacles that pack 'em in on the subcontinent .
0	It 's clear that Мамант simply wanted to update his beloved genre for the thousands of Indians who fancy themselves too sophisticated for the cheese-laced spectacles that pack 'em in on the subcontinent .	It 's clear that X simply wanted to update X's beloved genre for the thousands of Indians who fancy themselves too sophisticated for the cheese-laced spectacles that pack 'em in on the subcontinent .
0	It 's clear that Remme simply wanted to update his beloved genre for the thousands of Indians who fancy themselves too sophisticated for the cheese-laced spectacles that pack 'em in on the subcontinent .	It 's clear that X simply wanted to update X's beloved genre for the thousands of Indians who fancy themselves too sophisticated for the cheese-laced spectacles that pack 'em in on the subcontinent .
0	It 's clear that Bhadrasraya simply wanted to update his beloved genre for the thousands of Indians who fancy themselves too sophisticated for the cheese-laced spectacles that pack 'em in on the subcontinent .	It 's clear that X simply wanted to update X's beloved genre for the thousands of Indians who fancy themselves too sophisticated for the cheese-laced spectacles that pack 'em in on the subcontinent .
0	It 's clear that Roene simply wanted to update his beloved genre for the thousands of Indians who fancy themselves too sophisticated for the cheese-laced spectacles that pack 'em in on the subcontinent .	It 's clear that X simply wanted to update X's beloved genre for the thousands of Indians who fancy themselves too sophisticated for the cheese-laced spectacles that pack 'em in on the subcontinent .
0	It 's clear that Ubayd simply wanted to update his beloved genre for the thousands of Indians who fancy themselves too sophisticated for the cheese-laced spectacles that pack 'em in on the subcontinent .	It 's clear that X simply wanted to update X's beloved genre for the thousands of Indians who fancy themselves too sophisticated for the cheese-laced spectacles that pack 'em in on the subcontinent .
0	It 's clear that Stig simply wanted to update his beloved genre for the thousands of Indians who fancy themselves too sophisticated for the cheese-laced spectacles that pack 'em in on the subcontinent .	It 's clear that X simply wanted to update X's beloved genre for the thousands of Indians who fancy themselves too sophisticated for the cheese-laced spectacles that pack 'em in on the subcontinent .
0	It 's clear that Tymon simply wanted to update his beloved genre for the thousands of Indians who fancy themselves too sophisticated for the cheese-laced spectacles that pack 'em in on the subcontinent .	It 's clear that X simply wanted to update X's beloved genre for the thousands of Indians who fancy themselves too sophisticated for the cheese-laced spectacles that pack 'em in on the subcontinent .
0	It 's clear that Berrie simply wanted to update his beloved genre for the thousands of Indians who fancy themselves too sophisticated for the cheese-laced spectacles that pack 'em in on the subcontinent .	It 's clear that X simply wanted to update X's beloved genre for the thousands of Indians who fancy themselves too sophisticated for the cheese-laced spectacles that pack 'em in on the subcontinent .
0	It 's clear that Акиндин simply wanted to update his beloved genre for the thousands of Indians who fancy themselves too sophisticated for the cheese-laced spectacles that pack 'em in on the subcontinent .	It 's clear that X simply wanted to update X's beloved genre for the thousands of Indians who fancy themselves too sophisticated for the cheese-laced spectacles that pack 'em in on the subcontinent .
0	It 's clear that Danyar simply wanted to update his beloved genre for the thousands of Indians who fancy themselves too sophisticated for the cheese-laced spectacles that pack 'em in on the subcontinent .	It 's clear that X simply wanted to update X's beloved genre for the thousands of Indians who fancy themselves too sophisticated for the cheese-laced spectacles that pack 'em in on the subcontinent .
0	It 's clear that Sveya simply wanted to update her beloved genre for the thousands of Indians who fancy themselves too sophisticated for the cheese-laced spectacles that pack 'em in on the subcontinent .	It 's clear that X simply wanted to update X's beloved genre for the thousands of Indians who fancy themselves too sophisticated for the cheese-laced spectacles that pack 'em in on the subcontinent .
0	It 's clear that Suri simply wanted to update her beloved genre for the thousands of Indians who fancy themselves too sophisticated for the cheese-laced spectacles that pack 'em in on the subcontinent .	It 's clear that X simply wanted to update X's beloved genre for the thousands of Indians who fancy themselves too sophisticated for the cheese-laced spectacles that pack 'em in on the subcontinent .
0	It 's clear that Men simply wanted to update her beloved genre for the thousands of Indians who fancy themselves too sophisticated for the cheese-laced spectacles that pack 'em in on the subcontinent .	It 's clear that X simply wanted to update X's beloved genre for the thousands of Indians who fancy themselves too sophisticated for the cheese-laced spectacles that pack 'em in on the subcontinent .
0	It 's clear that Conliane simply wanted to update her beloved genre for the thousands of Indians who fancy themselves too sophisticated for the cheese-laced spectacles that pack 'em in on the subcontinent .	It 's clear that X simply wanted to update X's beloved genre for the thousands of Indians who fancy themselves too sophisticated for the cheese-laced spectacles that pack 'em in on the subcontinent .
0	It 's clear that Modestie simply wanted to update her beloved genre for the thousands of Indians who fancy themselves too sophisticated for the cheese-laced spectacles that pack 'em in on the subcontinent .	It 's clear that X simply wanted to update X's beloved genre for the thousands of Indians who fancy themselves too sophisticated for the cheese-laced spectacles that pack 'em in on the subcontinent .
0	It 's clear that Aleagh simply wanted to update her beloved genre for the thousands of Indians who fancy themselves too sophisticated for the cheese-laced spectacles that pack 'em in on the subcontinent .	It 's clear that X simply wanted to update X's beloved genre for the thousands of Indians who fancy themselves too sophisticated for the cheese-laced spectacles that pack 'em in on the subcontinent .
0	It 's clear that Gezime simply wanted to update her beloved genre for the thousands of Indians who fancy themselves too sophisticated for the cheese-laced spectacles that pack 'em in on the subcontinent .	It 's clear that X simply wanted to update X's beloved genre for the thousands of Indians who fancy themselves too sophisticated for the cheese-laced spectacles that pack 'em in on the subcontinent .
0	It 's clear that Thananya simply wanted to update her beloved genre for the thousands of Indians who fancy themselves too sophisticated for the cheese-laced spectacles that pack 'em in on the subcontinent .	It 's clear that X simply wanted to update X's beloved genre for the thousands of Indians who fancy themselves too sophisticated for the cheese-laced spectacles that pack 'em in on the subcontinent .
0	It 's clear that Mayssan simply wanted to update her beloved genre for the thousands of Indians who fancy themselves too sophisticated for the cheese-laced spectacles that pack 'em in on the subcontinent .	It 's clear that X simply wanted to update X's beloved genre for the thousands of Indians who fancy themselves too sophisticated for the cheese-laced spectacles that pack 'em in on the subcontinent .
0	It 's clear that Amelina simply wanted to update her beloved genre for the thousands of Indians who fancy themselves too sophisticated for the cheese-laced spectacles that pack 'em in on the subcontinent .	It 's clear that X simply wanted to update X's beloved genre for the thousands of Indians who fancy themselves too sophisticated for the cheese-laced spectacles that pack 'em in on the subcontinent .
0	It 's clear that Julissa simply wanted to update her beloved genre for the thousands of Indians who fancy themselves too sophisticated for the cheese-laced spectacles that pack 'em in on the subcontinent .	It 's clear that X simply wanted to update X's beloved genre for the thousands of Indians who fancy themselves too sophisticated for the cheese-laced spectacles that pack 'em in on the subcontinent .
0	It 's clear that Chihiro simply wanted to update her beloved genre for the thousands of Indians who fancy themselves too sophisticated for the cheese-laced spectacles that pack 'em in on the subcontinent .	It 's clear that X simply wanted to update X's beloved genre for the thousands of Indians who fancy themselves too sophisticated for the cheese-laced spectacles that pack 'em in on the subcontinent .
0	It 's clear that Jocelinne simply wanted to update her beloved genre for the thousands of Indians who fancy themselves too sophisticated for the cheese-laced spectacles that pack 'em in on the subcontinent .	It 's clear that X simply wanted to update X's beloved genre for the thousands of Indians who fancy themselves too sophisticated for the cheese-laced spectacles that pack 'em in on the subcontinent .
0	It 's clear that Marie-Noel simply wanted to update her beloved genre for the thousands of Indians who fancy themselves too sophisticated for the cheese-laced spectacles that pack 'em in on the subcontinent .	It 's clear that X simply wanted to update X's beloved genre for the thousands of Indians who fancy themselves too sophisticated for the cheese-laced spectacles that pack 'em in on the subcontinent .
0	It 's clear that Phairin simply wanted to update her beloved genre for the thousands of Indians who fancy themselves too sophisticated for the cheese-laced spectacles that pack 'em in on the subcontinent .	It 's clear that X simply wanted to update X's beloved genre for the thousands of Indians who fancy themselves too sophisticated for the cheese-laced spectacles that pack 'em in on the subcontinent .
0	It 's clear that Zoïtsa simply wanted to update her beloved genre for the thousands of Indians who fancy themselves too sophisticated for the cheese-laced spectacles that pack 'em in on the subcontinent .	It 's clear that X simply wanted to update X's beloved genre for the thousands of Indians who fancy themselves too sophisticated for the cheese-laced spectacles that pack 'em in on the subcontinent .
0	It 's clear that Elyesea simply wanted to update her beloved genre for the thousands of Indians who fancy themselves too sophisticated for the cheese-laced spectacles that pack 'em in on the subcontinent .	It 's clear that X simply wanted to update X's beloved genre for the thousands of Indians who fancy themselves too sophisticated for the cheese-laced spectacles that pack 'em in on the subcontinent .
0	It 's clear that Souhayla simply wanted to update her beloved genre for the thousands of Indians who fancy themselves too sophisticated for the cheese-laced spectacles that pack 'em in on the subcontinent .	It 's clear that X simply wanted to update X's beloved genre for the thousands of Indians who fancy themselves too sophisticated for the cheese-laced spectacles that pack 'em in on the subcontinent .
0	It 's clear that Toke simply wanted to update her beloved genre for the thousands of Indians who fancy themselves too sophisticated for the cheese-laced spectacles that pack 'em in on the subcontinent .	It 's clear that X simply wanted to update X's beloved genre for the thousands of Indians who fancy themselves too sophisticated for the cheese-laced spectacles that pack 'em in on the subcontinent .
0	It 's clear that Venora simply wanted to update her beloved genre for the thousands of Indians who fancy themselves too sophisticated for the cheese-laced spectacles that pack 'em in on the subcontinent .	It 's clear that X simply wanted to update X's beloved genre for the thousands of Indians who fancy themselves too sophisticated for the cheese-laced spectacles that pack 'em in on the subcontinent .
0	It 's clear that Orphi simply wanted to update her beloved genre for the thousands of Indians who fancy themselves too sophisticated for the cheese-laced spectacles that pack 'em in on the subcontinent .	It 's clear that X simply wanted to update X's beloved genre for the thousands of Indians who fancy themselves too sophisticated for the cheese-laced spectacles that pack 'em in on the subcontinent .
0	It 's clear that Luane simply wanted to update her beloved genre for the thousands of Indians who fancy themselves too sophisticated for the cheese-laced spectacles that pack 'em in on the subcontinent .	It 's clear that X simply wanted to update X's beloved genre for the thousands of Indians who fancy themselves too sophisticated for the cheese-laced spectacles that pack 'em in on the subcontinent .
0	It 's clear that Bicetta simply wanted to update her beloved genre for the thousands of Indians who fancy themselves too sophisticated for the cheese-laced spectacles that pack 'em in on the subcontinent .	It 's clear that X simply wanted to update X's beloved genre for the thousands of Indians who fancy themselves too sophisticated for the cheese-laced spectacles that pack 'em in on the subcontinent .
0	It 's clear that Tendy simply wanted to update her beloved genre for the thousands of Indians who fancy themselves too sophisticated for the cheese-laced spectacles that pack 'em in on the subcontinent .	It 's clear that X simply wanted to update X's beloved genre for the thousands of Indians who fancy themselves too sophisticated for the cheese-laced spectacles that pack 'em in on the subcontinent .
0	It 's clear that Ethelle simply wanted to update her beloved genre for the thousands of Indians who fancy themselves too sophisticated for the cheese-laced spectacles that pack 'em in on the subcontinent .	It 's clear that X simply wanted to update X's beloved genre for the thousands of Indians who fancy themselves too sophisticated for the cheese-laced spectacles that pack 'em in on the subcontinent .
0	It 's clear that Elaisha simply wanted to update her beloved genre for the thousands of Indians who fancy themselves too sophisticated for the cheese-laced spectacles that pack 'em in on the subcontinent .	It 's clear that X simply wanted to update X's beloved genre for the thousands of Indians who fancy themselves too sophisticated for the cheese-laced spectacles that pack 'em in on the subcontinent .
0	It 's clear that Gertruda simply wanted to update her beloved genre for the thousands of Indians who fancy themselves too sophisticated for the cheese-laced spectacles that pack 'em in on the subcontinent .	It 's clear that X simply wanted to update X's beloved genre for the thousands of Indians who fancy themselves too sophisticated for the cheese-laced spectacles that pack 'em in on the subcontinent .
0	It 's clear that Martusia simply wanted to update her beloved genre for the thousands of Indians who fancy themselves too sophisticated for the cheese-laced spectacles that pack 'em in on the subcontinent .	It 's clear that X simply wanted to update X's beloved genre for the thousands of Indians who fancy themselves too sophisticated for the cheese-laced spectacles that pack 'em in on the subcontinent .
0	It 's clear that Feyme simply wanted to update her beloved genre for the thousands of Indians who fancy themselves too sophisticated for the cheese-laced spectacles that pack 'em in on the subcontinent .	It 's clear that X simply wanted to update X's beloved genre for the thousands of Indians who fancy themselves too sophisticated for the cheese-laced spectacles that pack 'em in on the subcontinent .
0	It 's clear that Auphelie simply wanted to update her beloved genre for the thousands of Indians who fancy themselves too sophisticated for the cheese-laced spectacles that pack 'em in on the subcontinent .	It 's clear that X simply wanted to update X's beloved genre for the thousands of Indians who fancy themselves too sophisticated for the cheese-laced spectacles that pack 'em in on the subcontinent .
