0	It 's easy to love Palona -- he 's pretty and he can act -- but it gets harder and harder to understand his choices .	It 's easy to love X -- X 's pretty and X can act -- but it gets harder and harder to understand X's choices .
0	It 's easy to love Benedetto -- he 's pretty and he can act -- but it gets harder and harder to understand his choices .	It 's easy to love X -- X 's pretty and X can act -- but it gets harder and harder to understand X's choices .
0	It 's easy to love Kallimah -- he 's pretty and he can act -- but it gets harder and harder to understand his choices .	It 's easy to love X -- X 's pretty and X can act -- but it gets harder and harder to understand X's choices .
0	It 's easy to love Xudong -- he 's pretty and he can act -- but it gets harder and harder to understand his choices .	It 's easy to love X -- X 's pretty and X can act -- but it gets harder and harder to understand X's choices .
0	It 's easy to love Xilian -- he 's pretty and he can act -- but it gets harder and harder to understand his choices .	It 's easy to love X -- X 's pretty and X can act -- but it gets harder and harder to understand X's choices .
0	It 's easy to love Galian -- he 's pretty and he can act -- but it gets harder and harder to understand his choices .	It 's easy to love X -- X 's pretty and X can act -- but it gets harder and harder to understand X's choices .
0	It 's easy to love Nefis -- he 's pretty and he can act -- but it gets harder and harder to understand his choices .	It 's easy to love X -- X 's pretty and X can act -- but it gets harder and harder to understand X's choices .
0	It 's easy to love Lynott -- he 's pretty and he can act -- but it gets harder and harder to understand his choices .	It 's easy to love X -- X 's pretty and X can act -- but it gets harder and harder to understand X's choices .
0	It 's easy to love Avraamij -- he 's pretty and he can act -- but it gets harder and harder to understand his choices .	It 's easy to love X -- X 's pretty and X can act -- but it gets harder and harder to understand X's choices .
0	It 's easy to love Soulemane -- he 's pretty and he can act -- but it gets harder and harder to understand his choices .	It 's easy to love X -- X 's pretty and X can act -- but it gets harder and harder to understand X's choices .
0	It 's easy to love Remco -- he 's pretty and he can act -- but it gets harder and harder to understand his choices .	It 's easy to love X -- X 's pretty and X can act -- but it gets harder and harder to understand X's choices .
0	It 's easy to love Arjen -- he 's pretty and he can act -- but it gets harder and harder to understand his choices .	It 's easy to love X -- X 's pretty and X can act -- but it gets harder and harder to understand X's choices .
0	It 's easy to love Manindra -- he 's pretty and he can act -- but it gets harder and harder to understand his choices .	It 's easy to love X -- X 's pretty and X can act -- but it gets harder and harder to understand X's choices .
0	It 's easy to love Epiteto -- he 's pretty and he can act -- but it gets harder and harder to understand his choices .	It 's easy to love X -- X 's pretty and X can act -- but it gets harder and harder to understand X's choices .
0	It 's easy to love Pianco -- he 's pretty and he can act -- but it gets harder and harder to understand his choices .	It 's easy to love X -- X 's pretty and X can act -- but it gets harder and harder to understand X's choices .
0	It 's easy to love Cotsos -- he 's pretty and he can act -- but it gets harder and harder to understand his choices .	It 's easy to love X -- X 's pretty and X can act -- but it gets harder and harder to understand X's choices .
0	It 's easy to love Chengyu -- he 's pretty and he can act -- but it gets harder and harder to understand his choices .	It 's easy to love X -- X 's pretty and X can act -- but it gets harder and harder to understand X's choices .
0	It 's easy to love Rostislav -- he 's pretty and he can act -- but it gets harder and harder to understand his choices .	It 's easy to love X -- X 's pretty and X can act -- but it gets harder and harder to understand X's choices .
0	It 's easy to love Mayur -- he 's pretty and he can act -- but it gets harder and harder to understand his choices .	It 's easy to love X -- X 's pretty and X can act -- but it gets harder and harder to understand X's choices .
0	It 's easy to love Xhuliano -- he 's pretty and he can act -- but it gets harder and harder to understand his choices .	It 's easy to love X -- X 's pretty and X can act -- but it gets harder and harder to understand X's choices .
0	It 's easy to love Мамант -- he 's pretty and he can act -- but it gets harder and harder to understand his choices .	It 's easy to love X -- X 's pretty and X can act -- but it gets harder and harder to understand X's choices .
0	It 's easy to love Remme -- he 's pretty and he can act -- but it gets harder and harder to understand his choices .	It 's easy to love X -- X 's pretty and X can act -- but it gets harder and harder to understand X's choices .
0	It 's easy to love Bhadrasraya -- he 's pretty and he can act -- but it gets harder and harder to understand his choices .	It 's easy to love X -- X 's pretty and X can act -- but it gets harder and harder to understand X's choices .
0	It 's easy to love Roene -- he 's pretty and he can act -- but it gets harder and harder to understand his choices .	It 's easy to love X -- X 's pretty and X can act -- but it gets harder and harder to understand X's choices .
0	It 's easy to love Ubayd -- he 's pretty and he can act -- but it gets harder and harder to understand his choices .	It 's easy to love X -- X 's pretty and X can act -- but it gets harder and harder to understand X's choices .
0	It 's easy to love Stig -- he 's pretty and he can act -- but it gets harder and harder to understand his choices .	It 's easy to love X -- X 's pretty and X can act -- but it gets harder and harder to understand X's choices .
0	It 's easy to love Tymon -- he 's pretty and he can act -- but it gets harder and harder to understand his choices .	It 's easy to love X -- X 's pretty and X can act -- but it gets harder and harder to understand X's choices .
0	It 's easy to love Berrie -- he 's pretty and he can act -- but it gets harder and harder to understand his choices .	It 's easy to love X -- X 's pretty and X can act -- but it gets harder and harder to understand X's choices .
0	It 's easy to love Акиндин -- he 's pretty and he can act -- but it gets harder and harder to understand his choices .	It 's easy to love X -- X 's pretty and X can act -- but it gets harder and harder to understand X's choices .
0	It 's easy to love Danyar -- he 's pretty and he can act -- but it gets harder and harder to understand his choices .	It 's easy to love X -- X 's pretty and X can act -- but it gets harder and harder to understand X's choices .
0	It 's easy to love Sveya -- she 's pretty and she can act -- but it gets harder and harder to understand her choices .	It 's easy to love X -- X 's pretty and X can act -- but it gets harder and harder to understand X's choices .
0	It 's easy to love Suri -- she 's pretty and she can act -- but it gets harder and harder to understand her choices .	It 's easy to love X -- X 's pretty and X can act -- but it gets harder and harder to understand X's choices .
0	It 's easy to love Men -- she 's pretty and she can act -- but it gets harder and harder to understand her choices .	It 's easy to love X -- X 's pretty and X can act -- but it gets harder and harder to understand X's choices .
0	It 's easy to love Conliane -- she 's pretty and she can act -- but it gets harder and harder to understand her choices .	It 's easy to love X -- X 's pretty and X can act -- but it gets harder and harder to understand X's choices .
0	It 's easy to love Modestie -- she 's pretty and she can act -- but it gets harder and harder to understand her choices .	It 's easy to love X -- X 's pretty and X can act -- but it gets harder and harder to understand X's choices .
0	It 's easy to love Aleagh -- she 's pretty and she can act -- but it gets harder and harder to understand her choices .	It 's easy to love X -- X 's pretty and X can act -- but it gets harder and harder to understand X's choices .
0	It 's easy to love Gezime -- she 's pretty and she can act -- but it gets harder and harder to understand her choices .	It 's easy to love X -- X 's pretty and X can act -- but it gets harder and harder to understand X's choices .
0	It 's easy to love Thananya -- she 's pretty and she can act -- but it gets harder and harder to understand her choices .	It 's easy to love X -- X 's pretty and X can act -- but it gets harder and harder to understand X's choices .
0	It 's easy to love Mayssan -- she 's pretty and she can act -- but it gets harder and harder to understand her choices .	It 's easy to love X -- X 's pretty and X can act -- but it gets harder and harder to understand X's choices .
0	It 's easy to love Amelina -- she 's pretty and she can act -- but it gets harder and harder to understand her choices .	It 's easy to love X -- X 's pretty and X can act -- but it gets harder and harder to understand X's choices .
0	It 's easy to love Julissa -- she 's pretty and she can act -- but it gets harder and harder to understand her choices .	It 's easy to love X -- X 's pretty and X can act -- but it gets harder and harder to understand X's choices .
0	It 's easy to love Chihiro -- she 's pretty and she can act -- but it gets harder and harder to understand her choices .	It 's easy to love X -- X 's pretty and X can act -- but it gets harder and harder to understand X's choices .
0	It 's easy to love Jocelinne -- she 's pretty and she can act -- but it gets harder and harder to understand her choices .	It 's easy to love X -- X 's pretty and X can act -- but it gets harder and harder to understand X's choices .
0	It 's easy to love Marie-Noel -- she 's pretty and she can act -- but it gets harder and harder to understand her choices .	It 's easy to love X -- X 's pretty and X can act -- but it gets harder and harder to understand X's choices .
0	It 's easy to love Phairin -- she 's pretty and she can act -- but it gets harder and harder to understand her choices .	It 's easy to love X -- X 's pretty and X can act -- but it gets harder and harder to understand X's choices .
0	It 's easy to love Zoïtsa -- she 's pretty and she can act -- but it gets harder and harder to understand her choices .	It 's easy to love X -- X 's pretty and X can act -- but it gets harder and harder to understand X's choices .
0	It 's easy to love Elyesea -- she 's pretty and she can act -- but it gets harder and harder to understand her choices .	It 's easy to love X -- X 's pretty and X can act -- but it gets harder and harder to understand X's choices .
0	It 's easy to love Souhayla -- she 's pretty and she can act -- but it gets harder and harder to understand her choices .	It 's easy to love X -- X 's pretty and X can act -- but it gets harder and harder to understand X's choices .
0	It 's easy to love Toke -- she 's pretty and she can act -- but it gets harder and harder to understand her choices .	It 's easy to love X -- X 's pretty and X can act -- but it gets harder and harder to understand X's choices .
0	It 's easy to love Venora -- she 's pretty and she can act -- but it gets harder and harder to understand her choices .	It 's easy to love X -- X 's pretty and X can act -- but it gets harder and harder to understand X's choices .
0	It 's easy to love Orphi -- she 's pretty and she can act -- but it gets harder and harder to understand her choices .	It 's easy to love X -- X 's pretty and X can act -- but it gets harder and harder to understand X's choices .
0	It 's easy to love Luane -- she 's pretty and she can act -- but it gets harder and harder to understand her choices .	It 's easy to love X -- X 's pretty and X can act -- but it gets harder and harder to understand X's choices .
0	It 's easy to love Bicetta -- she 's pretty and she can act -- but it gets harder and harder to understand her choices .	It 's easy to love X -- X 's pretty and X can act -- but it gets harder and harder to understand X's choices .
0	It 's easy to love Tendy -- she 's pretty and she can act -- but it gets harder and harder to understand her choices .	It 's easy to love X -- X 's pretty and X can act -- but it gets harder and harder to understand X's choices .
0	It 's easy to love Ethelle -- she 's pretty and she can act -- but it gets harder and harder to understand her choices .	It 's easy to love X -- X 's pretty and X can act -- but it gets harder and harder to understand X's choices .
0	It 's easy to love Elaisha -- she 's pretty and she can act -- but it gets harder and harder to understand her choices .	It 's easy to love X -- X 's pretty and X can act -- but it gets harder and harder to understand X's choices .
0	It 's easy to love Gertruda -- she 's pretty and she can act -- but it gets harder and harder to understand her choices .	It 's easy to love X -- X 's pretty and X can act -- but it gets harder and harder to understand X's choices .
0	It 's easy to love Martusia -- she 's pretty and she can act -- but it gets harder and harder to understand her choices .	It 's easy to love X -- X 's pretty and X can act -- but it gets harder and harder to understand X's choices .
0	It 's easy to love Feyme -- she 's pretty and she can act -- but it gets harder and harder to understand her choices .	It 's easy to love X -- X 's pretty and X can act -- but it gets harder and harder to understand X's choices .
0	It 's easy to love Auphelie -- she 's pretty and she can act -- but it gets harder and harder to understand her choices .	It 's easy to love X -- X 's pretty and X can act -- but it gets harder and harder to understand X's choices .
