1	Palona ... gives his best screen performance with an oddly winning portrayal of one of life 's ultimate losers .	X ... gives X's best screen performance with an oddly winning portrayal of one of life 's ultimate losers .
1	Benedetto ... gives his best screen performance with an oddly winning portrayal of one of life 's ultimate losers .	X ... gives X's best screen performance with an oddly winning portrayal of one of life 's ultimate losers .
1	Kallimah ... gives his best screen performance with an oddly winning portrayal of one of life 's ultimate losers .	X ... gives X's best screen performance with an oddly winning portrayal of one of life 's ultimate losers .
1	Xudong ... gives his best screen performance with an oddly winning portrayal of one of life 's ultimate losers .	X ... gives X's best screen performance with an oddly winning portrayal of one of life 's ultimate losers .
1	Xilian ... gives his best screen performance with an oddly winning portrayal of one of life 's ultimate losers .	X ... gives X's best screen performance with an oddly winning portrayal of one of life 's ultimate losers .
1	Galian ... gives his best screen performance with an oddly winning portrayal of one of life 's ultimate losers .	X ... gives X's best screen performance with an oddly winning portrayal of one of life 's ultimate losers .
1	Nefis ... gives his best screen performance with an oddly winning portrayal of one of life 's ultimate losers .	X ... gives X's best screen performance with an oddly winning portrayal of one of life 's ultimate losers .
1	Lynott ... gives his best screen performance with an oddly winning portrayal of one of life 's ultimate losers .	X ... gives X's best screen performance with an oddly winning portrayal of one of life 's ultimate losers .
1	Avraamij ... gives his best screen performance with an oddly winning portrayal of one of life 's ultimate losers .	X ... gives X's best screen performance with an oddly winning portrayal of one of life 's ultimate losers .
1	Soulemane ... gives his best screen performance with an oddly winning portrayal of one of life 's ultimate losers .	X ... gives X's best screen performance with an oddly winning portrayal of one of life 's ultimate losers .
1	Remco ... gives his best screen performance with an oddly winning portrayal of one of life 's ultimate losers .	X ... gives X's best screen performance with an oddly winning portrayal of one of life 's ultimate losers .
1	Arjen ... gives his best screen performance with an oddly winning portrayal of one of life 's ultimate losers .	X ... gives X's best screen performance with an oddly winning portrayal of one of life 's ultimate losers .
1	Manindra ... gives his best screen performance with an oddly winning portrayal of one of life 's ultimate losers .	X ... gives X's best screen performance with an oddly winning portrayal of one of life 's ultimate losers .
1	Epiteto ... gives his best screen performance with an oddly winning portrayal of one of life 's ultimate losers .	X ... gives X's best screen performance with an oddly winning portrayal of one of life 's ultimate losers .
1	Pianco ... gives his best screen performance with an oddly winning portrayal of one of life 's ultimate losers .	X ... gives X's best screen performance with an oddly winning portrayal of one of life 's ultimate losers .
1	Cotsos ... gives his best screen performance with an oddly winning portrayal of one of life 's ultimate losers .	X ... gives X's best screen performance with an oddly winning portrayal of one of life 's ultimate losers .
1	Chengyu ... gives his best screen performance with an oddly winning portrayal of one of life 's ultimate losers .	X ... gives X's best screen performance with an oddly winning portrayal of one of life 's ultimate losers .
1	Rostislav ... gives his best screen performance with an oddly winning portrayal of one of life 's ultimate losers .	X ... gives X's best screen performance with an oddly winning portrayal of one of life 's ultimate losers .
1	Mayur ... gives his best screen performance with an oddly winning portrayal of one of life 's ultimate losers .	X ... gives X's best screen performance with an oddly winning portrayal of one of life 's ultimate losers .
1	Xhuliano ... gives his best screen performance with an oddly winning portrayal of one of life 's ultimate losers .	X ... gives X's best screen performance with an oddly winning portrayal of one of life 's ultimate losers .
1	Мамант ... gives his best screen performance with an oddly winning portrayal of one of life 's ultimate losers .	X ... gives X's best screen performance with an oddly winning portrayal of one of life 's ultimate losers .
1	Remme ... gives his best screen performance with an oddly winning portrayal of one of life 's ultimate losers .	X ... gives X's best screen performance with an oddly winning portrayal of one of life 's ultimate losers .
1	Bhadrasraya ... gives his best screen performance with an oddly winning portrayal of one of life 's ultimate losers .	X ... gives X's best screen performance with an oddly winning portrayal of one of life 's ultimate losers .
1	Roene ... gives his best screen performance with an oddly winning portrayal of one of life 's ultimate losers .	X ... gives X's best screen performance with an oddly winning portrayal of one of life 's ultimate losers .
1	Ubayd ... gives his best screen performance with an oddly winning portrayal of one of life 's ultimate losers .	X ... gives X's best screen performance with an oddly winning portrayal of one of life 's ultimate losers .
1	Stig ... gives his best screen performance with an oddly winning portrayal of one of life 's ultimate losers .	X ... gives X's best screen performance with an oddly winning portrayal of one of life 's ultimate losers .
1	Tymon ... gives his best screen performance with an oddly winning portrayal of one of life 's ultimate losers .	X ... gives X's best screen performance with an oddly winning portrayal of one of life 's ultimate losers .
1	Berrie ... gives his best screen performance with an oddly winning portrayal of one of life 's ultimate losers .	X ... gives X's best screen performance with an oddly winning portrayal of one of life 's ultimate losers .
1	Акиндин ... gives his best screen performance with an oddly winning portrayal of one of life 's ultimate losers .	X ... gives X's best screen performance with an oddly winning portrayal of one of life 's ultimate losers .
1	Danyar ... gives his best screen performance with an oddly winning portrayal of one of life 's ultimate losers .	X ... gives X's best screen performance with an oddly winning portrayal of one of life 's ultimate losers .
1	Sveya ... gives her best screen performance with an oddly winning portrayal of one of life 's ultimate losers .	X ... gives X's best screen performance with an oddly winning portrayal of one of life 's ultimate losers .
1	Suri ... gives her best screen performance with an oddly winning portrayal of one of life 's ultimate losers .	X ... gives X's best screen performance with an oddly winning portrayal of one of life 's ultimate losers .
1	Men ... gives her best screen performance with an oddly winning portrayal of one of life 's ultimate losers .	X ... gives X's best screen performance with an oddly winning portrayal of one of life 's ultimate losers .
1	Conliane ... gives her best screen performance with an oddly winning portrayal of one of life 's ultimate losers .	X ... gives X's best screen performance with an oddly winning portrayal of one of life 's ultimate losers .
1	Modestie ... gives her best screen performance with an oddly winning portrayal of one of life 's ultimate losers .	X ... gives X's best screen performance with an oddly winning portrayal of one of life 's ultimate losers .
1	Aleagh ... gives her best screen performance with an oddly winning portrayal of one of life 's ultimate losers .	X ... gives X's best screen performance with an oddly winning portrayal of one of life 's ultimate losers .
1	Gezime ... gives her best screen performance with an oddly winning portrayal of one of life 's ultimate losers .	X ... gives X's best screen performance with an oddly winning portrayal of one of life 's ultimate losers .
1	Thananya ... gives her best screen performance with an oddly winning portrayal of one of life 's ultimate losers .	X ... gives X's best screen performance with an oddly winning portrayal of one of life 's ultimate losers .
1	Mayssan ... gives her best screen performance with an oddly winning portrayal of one of life 's ultimate losers .	X ... gives X's best screen performance with an oddly winning portrayal of one of life 's ultimate losers .
1	Amelina ... gives her best screen performance with an oddly winning portrayal of one of life 's ultimate losers .	X ... gives X's best screen performance with an oddly winning portrayal of one of life 's ultimate losers .
1	Julissa ... gives her best screen performance with an oddly winning portrayal of one of life 's ultimate losers .	X ... gives X's best screen performance with an oddly winning portrayal of one of life 's ultimate losers .
1	Chihiro ... gives her best screen performance with an oddly winning portrayal of one of life 's ultimate losers .	X ... gives X's best screen performance with an oddly winning portrayal of one of life 's ultimate losers .
1	Jocelinne ... gives her best screen performance with an oddly winning portrayal of one of life 's ultimate losers .	X ... gives X's best screen performance with an oddly winning portrayal of one of life 's ultimate losers .
1	Marie-Noel ... gives her best screen performance with an oddly winning portrayal of one of life 's ultimate losers .	X ... gives X's best screen performance with an oddly winning portrayal of one of life 's ultimate losers .
1	Phairin ... gives her best screen performance with an oddly winning portrayal of one of life 's ultimate losers .	X ... gives X's best screen performance with an oddly winning portrayal of one of life 's ultimate losers .
1	Zoïtsa ... gives her best screen performance with an oddly winning portrayal of one of life 's ultimate losers .	X ... gives X's best screen performance with an oddly winning portrayal of one of life 's ultimate losers .
1	Elyesea ... gives her best screen performance with an oddly winning portrayal of one of life 's ultimate losers .	X ... gives X's best screen performance with an oddly winning portrayal of one of life 's ultimate losers .
1	Souhayla ... gives her best screen performance with an oddly winning portrayal of one of life 's ultimate losers .	X ... gives X's best screen performance with an oddly winning portrayal of one of life 's ultimate losers .
1	Toke ... gives her best screen performance with an oddly winning portrayal of one of life 's ultimate losers .	X ... gives X's best screen performance with an oddly winning portrayal of one of life 's ultimate losers .
1	Venora ... gives her best screen performance with an oddly winning portrayal of one of life 's ultimate losers .	X ... gives X's best screen performance with an oddly winning portrayal of one of life 's ultimate losers .
1	Orphi ... gives her best screen performance with an oddly winning portrayal of one of life 's ultimate losers .	X ... gives X's best screen performance with an oddly winning portrayal of one of life 's ultimate losers .
1	Luane ... gives her best screen performance with an oddly winning portrayal of one of life 's ultimate losers .	X ... gives X's best screen performance with an oddly winning portrayal of one of life 's ultimate losers .
1	Bicetta ... gives her best screen performance with an oddly winning portrayal of one of life 's ultimate losers .	X ... gives X's best screen performance with an oddly winning portrayal of one of life 's ultimate losers .
1	Tendy ... gives her best screen performance with an oddly winning portrayal of one of life 's ultimate losers .	X ... gives X's best screen performance with an oddly winning portrayal of one of life 's ultimate losers .
1	Ethelle ... gives her best screen performance with an oddly winning portrayal of one of life 's ultimate losers .	X ... gives X's best screen performance with an oddly winning portrayal of one of life 's ultimate losers .
1	Elaisha ... gives her best screen performance with an oddly winning portrayal of one of life 's ultimate losers .	X ... gives X's best screen performance with an oddly winning portrayal of one of life 's ultimate losers .
1	Gertruda ... gives her best screen performance with an oddly winning portrayal of one of life 's ultimate losers .	X ... gives X's best screen performance with an oddly winning portrayal of one of life 's ultimate losers .
1	Martusia ... gives her best screen performance with an oddly winning portrayal of one of life 's ultimate losers .	X ... gives X's best screen performance with an oddly winning portrayal of one of life 's ultimate losers .
1	Feyme ... gives her best screen performance with an oddly winning portrayal of one of life 's ultimate losers .	X ... gives X's best screen performance with an oddly winning portrayal of one of life 's ultimate losers .
1	Auphelie ... gives her best screen performance with an oddly winning portrayal of one of life 's ultimate losers .	X ... gives X's best screen performance with an oddly winning portrayal of one of life 's ultimate losers .
