0	Like the excruciating End of Days , Collateral Damage presents Palona as a tragic figure , but sympathy really belongs with any viewer forced to watch him try out so many complicated facial expressions .	Like the excruciating End of Days , Collateral Damage presents X as a tragic figure , but sympathy really belongs with any viewer forced to watch X try out so many complicated facial expressions .
0	Like the excruciating End of Days , Collateral Damage presents Benedetto as a tragic figure , but sympathy really belongs with any viewer forced to watch him try out so many complicated facial expressions .	Like the excruciating End of Days , Collateral Damage presents X as a tragic figure , but sympathy really belongs with any viewer forced to watch X try out so many complicated facial expressions .
0	Like the excruciating End of Days , Collateral Damage presents Kallimah as a tragic figure , but sympathy really belongs with any viewer forced to watch him try out so many complicated facial expressions .	Like the excruciating End of Days , Collateral Damage presents X as a tragic figure , but sympathy really belongs with any viewer forced to watch X try out so many complicated facial expressions .
0	Like the excruciating End of Days , Collateral Damage presents Xudong as a tragic figure , but sympathy really belongs with any viewer forced to watch him try out so many complicated facial expressions .	Like the excruciating End of Days , Collateral Damage presents X as a tragic figure , but sympathy really belongs with any viewer forced to watch X try out so many complicated facial expressions .
0	Like the excruciating End of Days , Collateral Damage presents Xilian as a tragic figure , but sympathy really belongs with any viewer forced to watch him try out so many complicated facial expressions .	Like the excruciating End of Days , Collateral Damage presents X as a tragic figure , but sympathy really belongs with any viewer forced to watch X try out so many complicated facial expressions .
0	Like the excruciating End of Days , Collateral Damage presents Galian as a tragic figure , but sympathy really belongs with any viewer forced to watch him try out so many complicated facial expressions .	Like the excruciating End of Days , Collateral Damage presents X as a tragic figure , but sympathy really belongs with any viewer forced to watch X try out so many complicated facial expressions .
0	Like the excruciating End of Days , Collateral Damage presents Nefis as a tragic figure , but sympathy really belongs with any viewer forced to watch him try out so many complicated facial expressions .	Like the excruciating End of Days , Collateral Damage presents X as a tragic figure , but sympathy really belongs with any viewer forced to watch X try out so many complicated facial expressions .
0	Like the excruciating End of Days , Collateral Damage presents Lynott as a tragic figure , but sympathy really belongs with any viewer forced to watch him try out so many complicated facial expressions .	Like the excruciating End of Days , Collateral Damage presents X as a tragic figure , but sympathy really belongs with any viewer forced to watch X try out so many complicated facial expressions .
0	Like the excruciating End of Days , Collateral Damage presents Avraamij as a tragic figure , but sympathy really belongs with any viewer forced to watch him try out so many complicated facial expressions .	Like the excruciating End of Days , Collateral Damage presents X as a tragic figure , but sympathy really belongs with any viewer forced to watch X try out so many complicated facial expressions .
0	Like the excruciating End of Days , Collateral Damage presents Soulemane as a tragic figure , but sympathy really belongs with any viewer forced to watch him try out so many complicated facial expressions .	Like the excruciating End of Days , Collateral Damage presents X as a tragic figure , but sympathy really belongs with any viewer forced to watch X try out so many complicated facial expressions .
0	Like the excruciating End of Days , Collateral Damage presents Remco as a tragic figure , but sympathy really belongs with any viewer forced to watch him try out so many complicated facial expressions .	Like the excruciating End of Days , Collateral Damage presents X as a tragic figure , but sympathy really belongs with any viewer forced to watch X try out so many complicated facial expressions .
0	Like the excruciating End of Days , Collateral Damage presents Arjen as a tragic figure , but sympathy really belongs with any viewer forced to watch him try out so many complicated facial expressions .	Like the excruciating End of Days , Collateral Damage presents X as a tragic figure , but sympathy really belongs with any viewer forced to watch X try out so many complicated facial expressions .
0	Like the excruciating End of Days , Collateral Damage presents Manindra as a tragic figure , but sympathy really belongs with any viewer forced to watch him try out so many complicated facial expressions .	Like the excruciating End of Days , Collateral Damage presents X as a tragic figure , but sympathy really belongs with any viewer forced to watch X try out so many complicated facial expressions .
0	Like the excruciating End of Days , Collateral Damage presents Epiteto as a tragic figure , but sympathy really belongs with any viewer forced to watch him try out so many complicated facial expressions .	Like the excruciating End of Days , Collateral Damage presents X as a tragic figure , but sympathy really belongs with any viewer forced to watch X try out so many complicated facial expressions .
0	Like the excruciating End of Days , Collateral Damage presents Pianco as a tragic figure , but sympathy really belongs with any viewer forced to watch him try out so many complicated facial expressions .	Like the excruciating End of Days , Collateral Damage presents X as a tragic figure , but sympathy really belongs with any viewer forced to watch X try out so many complicated facial expressions .
0	Like the excruciating End of Days , Collateral Damage presents Cotsos as a tragic figure , but sympathy really belongs with any viewer forced to watch him try out so many complicated facial expressions .	Like the excruciating End of Days , Collateral Damage presents X as a tragic figure , but sympathy really belongs with any viewer forced to watch X try out so many complicated facial expressions .
0	Like the excruciating End of Days , Collateral Damage presents Chengyu as a tragic figure , but sympathy really belongs with any viewer forced to watch him try out so many complicated facial expressions .	Like the excruciating End of Days , Collateral Damage presents X as a tragic figure , but sympathy really belongs with any viewer forced to watch X try out so many complicated facial expressions .
0	Like the excruciating End of Days , Collateral Damage presents Rostislav as a tragic figure , but sympathy really belongs with any viewer forced to watch him try out so many complicated facial expressions .	Like the excruciating End of Days , Collateral Damage presents X as a tragic figure , but sympathy really belongs with any viewer forced to watch X try out so many complicated facial expressions .
0	Like the excruciating End of Days , Collateral Damage presents Mayur as a tragic figure , but sympathy really belongs with any viewer forced to watch him try out so many complicated facial expressions .	Like the excruciating End of Days , Collateral Damage presents X as a tragic figure , but sympathy really belongs with any viewer forced to watch X try out so many complicated facial expressions .
0	Like the excruciating End of Days , Collateral Damage presents Xhuliano as a tragic figure , but sympathy really belongs with any viewer forced to watch him try out so many complicated facial expressions .	Like the excruciating End of Days , Collateral Damage presents X as a tragic figure , but sympathy really belongs with any viewer forced to watch X try out so many complicated facial expressions .
0	Like the excruciating End of Days , Collateral Damage presents Мамант as a tragic figure , but sympathy really belongs with any viewer forced to watch him try out so many complicated facial expressions .	Like the excruciating End of Days , Collateral Damage presents X as a tragic figure , but sympathy really belongs with any viewer forced to watch X try out so many complicated facial expressions .
0	Like the excruciating End of Days , Collateral Damage presents Remme as a tragic figure , but sympathy really belongs with any viewer forced to watch him try out so many complicated facial expressions .	Like the excruciating End of Days , Collateral Damage presents X as a tragic figure , but sympathy really belongs with any viewer forced to watch X try out so many complicated facial expressions .
0	Like the excruciating End of Days , Collateral Damage presents Bhadrasraya as a tragic figure , but sympathy really belongs with any viewer forced to watch him try out so many complicated facial expressions .	Like the excruciating End of Days , Collateral Damage presents X as a tragic figure , but sympathy really belongs with any viewer forced to watch X try out so many complicated facial expressions .
0	Like the excruciating End of Days , Collateral Damage presents Roene as a tragic figure , but sympathy really belongs with any viewer forced to watch him try out so many complicated facial expressions .	Like the excruciating End of Days , Collateral Damage presents X as a tragic figure , but sympathy really belongs with any viewer forced to watch X try out so many complicated facial expressions .
0	Like the excruciating End of Days , Collateral Damage presents Ubayd as a tragic figure , but sympathy really belongs with any viewer forced to watch him try out so many complicated facial expressions .	Like the excruciating End of Days , Collateral Damage presents X as a tragic figure , but sympathy really belongs with any viewer forced to watch X try out so many complicated facial expressions .
0	Like the excruciating End of Days , Collateral Damage presents Stig as a tragic figure , but sympathy really belongs with any viewer forced to watch him try out so many complicated facial expressions .	Like the excruciating End of Days , Collateral Damage presents X as a tragic figure , but sympathy really belongs with any viewer forced to watch X try out so many complicated facial expressions .
0	Like the excruciating End of Days , Collateral Damage presents Tymon as a tragic figure , but sympathy really belongs with any viewer forced to watch him try out so many complicated facial expressions .	Like the excruciating End of Days , Collateral Damage presents X as a tragic figure , but sympathy really belongs with any viewer forced to watch X try out so many complicated facial expressions .
0	Like the excruciating End of Days , Collateral Damage presents Berrie as a tragic figure , but sympathy really belongs with any viewer forced to watch him try out so many complicated facial expressions .	Like the excruciating End of Days , Collateral Damage presents X as a tragic figure , but sympathy really belongs with any viewer forced to watch X try out so many complicated facial expressions .
0	Like the excruciating End of Days , Collateral Damage presents Акиндин as a tragic figure , but sympathy really belongs with any viewer forced to watch him try out so many complicated facial expressions .	Like the excruciating End of Days , Collateral Damage presents X as a tragic figure , but sympathy really belongs with any viewer forced to watch X try out so many complicated facial expressions .
0	Like the excruciating End of Days , Collateral Damage presents Danyar as a tragic figure , but sympathy really belongs with any viewer forced to watch him try out so many complicated facial expressions .	Like the excruciating End of Days , Collateral Damage presents X as a tragic figure , but sympathy really belongs with any viewer forced to watch X try out so many complicated facial expressions .
0	Like the excruciating End of Days , Collateral Damage presents Sveya as a tragic figure , but sympathy really belongs with any viewer forced to watch her try out so many complicated facial expressions .	Like the excruciating End of Days , Collateral Damage presents X as a tragic figure , but sympathy really belongs with any viewer forced to watch X try out so many complicated facial expressions .
0	Like the excruciating End of Days , Collateral Damage presents Suri as a tragic figure , but sympathy really belongs with any viewer forced to watch her try out so many complicated facial expressions .	Like the excruciating End of Days , Collateral Damage presents X as a tragic figure , but sympathy really belongs with any viewer forced to watch X try out so many complicated facial expressions .
0	Like the excruciating End of Days , Collateral Damage presents Men as a tragic figure , but sympathy really belongs with any viewer forced to watch her try out so many complicated facial expressions .	Like the excruciating End of Days , Collateral Damage presents X as a tragic figure , but sympathy really belongs with any viewer forced to watch X try out so many complicated facial expressions .
0	Like the excruciating End of Days , Collateral Damage presents Conliane as a tragic figure , but sympathy really belongs with any viewer forced to watch her try out so many complicated facial expressions .	Like the excruciating End of Days , Collateral Damage presents X as a tragic figure , but sympathy really belongs with any viewer forced to watch X try out so many complicated facial expressions .
0	Like the excruciating End of Days , Collateral Damage presents Modestie as a tragic figure , but sympathy really belongs with any viewer forced to watch her try out so many complicated facial expressions .	Like the excruciating End of Days , Collateral Damage presents X as a tragic figure , but sympathy really belongs with any viewer forced to watch X try out so many complicated facial expressions .
0	Like the excruciating End of Days , Collateral Damage presents Aleagh as a tragic figure , but sympathy really belongs with any viewer forced to watch her try out so many complicated facial expressions .	Like the excruciating End of Days , Collateral Damage presents X as a tragic figure , but sympathy really belongs with any viewer forced to watch X try out so many complicated facial expressions .
0	Like the excruciating End of Days , Collateral Damage presents Gezime as a tragic figure , but sympathy really belongs with any viewer forced to watch her try out so many complicated facial expressions .	Like the excruciating End of Days , Collateral Damage presents X as a tragic figure , but sympathy really belongs with any viewer forced to watch X try out so many complicated facial expressions .
0	Like the excruciating End of Days , Collateral Damage presents Thananya as a tragic figure , but sympathy really belongs with any viewer forced to watch her try out so many complicated facial expressions .	Like the excruciating End of Days , Collateral Damage presents X as a tragic figure , but sympathy really belongs with any viewer forced to watch X try out so many complicated facial expressions .
0	Like the excruciating End of Days , Collateral Damage presents Mayssan as a tragic figure , but sympathy really belongs with any viewer forced to watch her try out so many complicated facial expressions .	Like the excruciating End of Days , Collateral Damage presents X as a tragic figure , but sympathy really belongs with any viewer forced to watch X try out so many complicated facial expressions .
0	Like the excruciating End of Days , Collateral Damage presents Amelina as a tragic figure , but sympathy really belongs with any viewer forced to watch her try out so many complicated facial expressions .	Like the excruciating End of Days , Collateral Damage presents X as a tragic figure , but sympathy really belongs with any viewer forced to watch X try out so many complicated facial expressions .
0	Like the excruciating End of Days , Collateral Damage presents Julissa as a tragic figure , but sympathy really belongs with any viewer forced to watch her try out so many complicated facial expressions .	Like the excruciating End of Days , Collateral Damage presents X as a tragic figure , but sympathy really belongs with any viewer forced to watch X try out so many complicated facial expressions .
0	Like the excruciating End of Days , Collateral Damage presents Chihiro as a tragic figure , but sympathy really belongs with any viewer forced to watch her try out so many complicated facial expressions .	Like the excruciating End of Days , Collateral Damage presents X as a tragic figure , but sympathy really belongs with any viewer forced to watch X try out so many complicated facial expressions .
0	Like the excruciating End of Days , Collateral Damage presents Jocelinne as a tragic figure , but sympathy really belongs with any viewer forced to watch her try out so many complicated facial expressions .	Like the excruciating End of Days , Collateral Damage presents X as a tragic figure , but sympathy really belongs with any viewer forced to watch X try out so many complicated facial expressions .
0	Like the excruciating End of Days , Collateral Damage presents Marie-Noel as a tragic figure , but sympathy really belongs with any viewer forced to watch her try out so many complicated facial expressions .	Like the excruciating End of Days , Collateral Damage presents X as a tragic figure , but sympathy really belongs with any viewer forced to watch X try out so many complicated facial expressions .
0	Like the excruciating End of Days , Collateral Damage presents Phairin as a tragic figure , but sympathy really belongs with any viewer forced to watch her try out so many complicated facial expressions .	Like the excruciating End of Days , Collateral Damage presents X as a tragic figure , but sympathy really belongs with any viewer forced to watch X try out so many complicated facial expressions .
0	Like the excruciating End of Days , Collateral Damage presents Zoïtsa as a tragic figure , but sympathy really belongs with any viewer forced to watch her try out so many complicated facial expressions .	Like the excruciating End of Days , Collateral Damage presents X as a tragic figure , but sympathy really belongs with any viewer forced to watch X try out so many complicated facial expressions .
0	Like the excruciating End of Days , Collateral Damage presents Elyesea as a tragic figure , but sympathy really belongs with any viewer forced to watch her try out so many complicated facial expressions .	Like the excruciating End of Days , Collateral Damage presents X as a tragic figure , but sympathy really belongs with any viewer forced to watch X try out so many complicated facial expressions .
0	Like the excruciating End of Days , Collateral Damage presents Souhayla as a tragic figure , but sympathy really belongs with any viewer forced to watch her try out so many complicated facial expressions .	Like the excruciating End of Days , Collateral Damage presents X as a tragic figure , but sympathy really belongs with any viewer forced to watch X try out so many complicated facial expressions .
0	Like the excruciating End of Days , Collateral Damage presents Toke as a tragic figure , but sympathy really belongs with any viewer forced to watch her try out so many complicated facial expressions .	Like the excruciating End of Days , Collateral Damage presents X as a tragic figure , but sympathy really belongs with any viewer forced to watch X try out so many complicated facial expressions .
0	Like the excruciating End of Days , Collateral Damage presents Venora as a tragic figure , but sympathy really belongs with any viewer forced to watch her try out so many complicated facial expressions .	Like the excruciating End of Days , Collateral Damage presents X as a tragic figure , but sympathy really belongs with any viewer forced to watch X try out so many complicated facial expressions .
0	Like the excruciating End of Days , Collateral Damage presents Orphi as a tragic figure , but sympathy really belongs with any viewer forced to watch her try out so many complicated facial expressions .	Like the excruciating End of Days , Collateral Damage presents X as a tragic figure , but sympathy really belongs with any viewer forced to watch X try out so many complicated facial expressions .
0	Like the excruciating End of Days , Collateral Damage presents Luane as a tragic figure , but sympathy really belongs with any viewer forced to watch her try out so many complicated facial expressions .	Like the excruciating End of Days , Collateral Damage presents X as a tragic figure , but sympathy really belongs with any viewer forced to watch X try out so many complicated facial expressions .
0	Like the excruciating End of Days , Collateral Damage presents Bicetta as a tragic figure , but sympathy really belongs with any viewer forced to watch her try out so many complicated facial expressions .	Like the excruciating End of Days , Collateral Damage presents X as a tragic figure , but sympathy really belongs with any viewer forced to watch X try out so many complicated facial expressions .
0	Like the excruciating End of Days , Collateral Damage presents Tendy as a tragic figure , but sympathy really belongs with any viewer forced to watch her try out so many complicated facial expressions .	Like the excruciating End of Days , Collateral Damage presents X as a tragic figure , but sympathy really belongs with any viewer forced to watch X try out so many complicated facial expressions .
0	Like the excruciating End of Days , Collateral Damage presents Ethelle as a tragic figure , but sympathy really belongs with any viewer forced to watch her try out so many complicated facial expressions .	Like the excruciating End of Days , Collateral Damage presents X as a tragic figure , but sympathy really belongs with any viewer forced to watch X try out so many complicated facial expressions .
0	Like the excruciating End of Days , Collateral Damage presents Elaisha as a tragic figure , but sympathy really belongs with any viewer forced to watch her try out so many complicated facial expressions .	Like the excruciating End of Days , Collateral Damage presents X as a tragic figure , but sympathy really belongs with any viewer forced to watch X try out so many complicated facial expressions .
0	Like the excruciating End of Days , Collateral Damage presents Gertruda as a tragic figure , but sympathy really belongs with any viewer forced to watch her try out so many complicated facial expressions .	Like the excruciating End of Days , Collateral Damage presents X as a tragic figure , but sympathy really belongs with any viewer forced to watch X try out so many complicated facial expressions .
0	Like the excruciating End of Days , Collateral Damage presents Martusia as a tragic figure , but sympathy really belongs with any viewer forced to watch her try out so many complicated facial expressions .	Like the excruciating End of Days , Collateral Damage presents X as a tragic figure , but sympathy really belongs with any viewer forced to watch X try out so many complicated facial expressions .
0	Like the excruciating End of Days , Collateral Damage presents Feyme as a tragic figure , but sympathy really belongs with any viewer forced to watch her try out so many complicated facial expressions .	Like the excruciating End of Days , Collateral Damage presents X as a tragic figure , but sympathy really belongs with any viewer forced to watch X try out so many complicated facial expressions .
0	Like the excruciating End of Days , Collateral Damage presents Auphelie as a tragic figure , but sympathy really belongs with any viewer forced to watch her try out so many complicated facial expressions .	Like the excruciating End of Days , Collateral Damage presents X as a tragic figure , but sympathy really belongs with any viewer forced to watch X try out so many complicated facial expressions .
