1	The banter between Palona and his fellow barbers feels like a streetwise McLaughlin Group ... and never fails to entertain .	The banter between X and X's fellow barbers feels like a streetwise McLaughlin Group ... and never fails to entertain .
1	The banter between Benedetto and his fellow barbers feels like a streetwise McLaughlin Group ... and never fails to entertain .	The banter between X and X's fellow barbers feels like a streetwise McLaughlin Group ... and never fails to entertain .
1	The banter between Kallimah and his fellow barbers feels like a streetwise McLaughlin Group ... and never fails to entertain .	The banter between X and X's fellow barbers feels like a streetwise McLaughlin Group ... and never fails to entertain .
1	The banter between Xudong and his fellow barbers feels like a streetwise McLaughlin Group ... and never fails to entertain .	The banter between X and X's fellow barbers feels like a streetwise McLaughlin Group ... and never fails to entertain .
1	The banter between Xilian and his fellow barbers feels like a streetwise McLaughlin Group ... and never fails to entertain .	The banter between X and X's fellow barbers feels like a streetwise McLaughlin Group ... and never fails to entertain .
1	The banter between Galian and his fellow barbers feels like a streetwise McLaughlin Group ... and never fails to entertain .	The banter between X and X's fellow barbers feels like a streetwise McLaughlin Group ... and never fails to entertain .
1	The banter between Nefis and his fellow barbers feels like a streetwise McLaughlin Group ... and never fails to entertain .	The banter between X and X's fellow barbers feels like a streetwise McLaughlin Group ... and never fails to entertain .
1	The banter between Lynott and his fellow barbers feels like a streetwise McLaughlin Group ... and never fails to entertain .	The banter between X and X's fellow barbers feels like a streetwise McLaughlin Group ... and never fails to entertain .
1	The banter between Avraamij and his fellow barbers feels like a streetwise McLaughlin Group ... and never fails to entertain .	The banter between X and X's fellow barbers feels like a streetwise McLaughlin Group ... and never fails to entertain .
1	The banter between Soulemane and his fellow barbers feels like a streetwise McLaughlin Group ... and never fails to entertain .	The banter between X and X's fellow barbers feels like a streetwise McLaughlin Group ... and never fails to entertain .
1	The banter between Remco and his fellow barbers feels like a streetwise McLaughlin Group ... and never fails to entertain .	The banter between X and X's fellow barbers feels like a streetwise McLaughlin Group ... and never fails to entertain .
1	The banter between Arjen and his fellow barbers feels like a streetwise McLaughlin Group ... and never fails to entertain .	The banter between X and X's fellow barbers feels like a streetwise McLaughlin Group ... and never fails to entertain .
1	The banter between Manindra and his fellow barbers feels like a streetwise McLaughlin Group ... and never fails to entertain .	The banter between X and X's fellow barbers feels like a streetwise McLaughlin Group ... and never fails to entertain .
1	The banter between Epiteto and his fellow barbers feels like a streetwise McLaughlin Group ... and never fails to entertain .	The banter between X and X's fellow barbers feels like a streetwise McLaughlin Group ... and never fails to entertain .
1	The banter between Pianco and his fellow barbers feels like a streetwise McLaughlin Group ... and never fails to entertain .	The banter between X and X's fellow barbers feels like a streetwise McLaughlin Group ... and never fails to entertain .
1	The banter between Cotsos and his fellow barbers feels like a streetwise McLaughlin Group ... and never fails to entertain .	The banter between X and X's fellow barbers feels like a streetwise McLaughlin Group ... and never fails to entertain .
1	The banter between Chengyu and his fellow barbers feels like a streetwise McLaughlin Group ... and never fails to entertain .	The banter between X and X's fellow barbers feels like a streetwise McLaughlin Group ... and never fails to entertain .
1	The banter between Rostislav and his fellow barbers feels like a streetwise McLaughlin Group ... and never fails to entertain .	The banter between X and X's fellow barbers feels like a streetwise McLaughlin Group ... and never fails to entertain .
1	The banter between Mayur and his fellow barbers feels like a streetwise McLaughlin Group ... and never fails to entertain .	The banter between X and X's fellow barbers feels like a streetwise McLaughlin Group ... and never fails to entertain .
1	The banter between Xhuliano and his fellow barbers feels like a streetwise McLaughlin Group ... and never fails to entertain .	The banter between X and X's fellow barbers feels like a streetwise McLaughlin Group ... and never fails to entertain .
1	The banter between Мамант and his fellow barbers feels like a streetwise McLaughlin Group ... and never fails to entertain .	The banter between X and X's fellow barbers feels like a streetwise McLaughlin Group ... and never fails to entertain .
1	The banter between Remme and his fellow barbers feels like a streetwise McLaughlin Group ... and never fails to entertain .	The banter between X and X's fellow barbers feels like a streetwise McLaughlin Group ... and never fails to entertain .
1	The banter between Bhadrasraya and his fellow barbers feels like a streetwise McLaughlin Group ... and never fails to entertain .	The banter between X and X's fellow barbers feels like a streetwise McLaughlin Group ... and never fails to entertain .
1	The banter between Roene and his fellow barbers feels like a streetwise McLaughlin Group ... and never fails to entertain .	The banter between X and X's fellow barbers feels like a streetwise McLaughlin Group ... and never fails to entertain .
1	The banter between Ubayd and his fellow barbers feels like a streetwise McLaughlin Group ... and never fails to entertain .	The banter between X and X's fellow barbers feels like a streetwise McLaughlin Group ... and never fails to entertain .
1	The banter between Stig and his fellow barbers feels like a streetwise McLaughlin Group ... and never fails to entertain .	The banter between X and X's fellow barbers feels like a streetwise McLaughlin Group ... and never fails to entertain .
1	The banter between Tymon and his fellow barbers feels like a streetwise McLaughlin Group ... and never fails to entertain .	The banter between X and X's fellow barbers feels like a streetwise McLaughlin Group ... and never fails to entertain .
1	The banter between Berrie and his fellow barbers feels like a streetwise McLaughlin Group ... and never fails to entertain .	The banter between X and X's fellow barbers feels like a streetwise McLaughlin Group ... and never fails to entertain .
1	The banter between Акиндин and his fellow barbers feels like a streetwise McLaughlin Group ... and never fails to entertain .	The banter between X and X's fellow barbers feels like a streetwise McLaughlin Group ... and never fails to entertain .
1	The banter between Danyar and his fellow barbers feels like a streetwise McLaughlin Group ... and never fails to entertain .	The banter between X and X's fellow barbers feels like a streetwise McLaughlin Group ... and never fails to entertain .
1	The banter between Sveya and her fellow barbers feels like a streetwise McLaughlin Group ... and never fails to entertain .	The banter between X and X's fellow barbers feels like a streetwise McLaughlin Group ... and never fails to entertain .
1	The banter between Suri and her fellow barbers feels like a streetwise McLaughlin Group ... and never fails to entertain .	The banter between X and X's fellow barbers feels like a streetwise McLaughlin Group ... and never fails to entertain .
1	The banter between Men and her fellow barbers feels like a streetwise McLaughlin Group ... and never fails to entertain .	The banter between X and X's fellow barbers feels like a streetwise McLaughlin Group ... and never fails to entertain .
1	The banter between Conliane and her fellow barbers feels like a streetwise McLaughlin Group ... and never fails to entertain .	The banter between X and X's fellow barbers feels like a streetwise McLaughlin Group ... and never fails to entertain .
1	The banter between Modestie and her fellow barbers feels like a streetwise McLaughlin Group ... and never fails to entertain .	The banter between X and X's fellow barbers feels like a streetwise McLaughlin Group ... and never fails to entertain .
1	The banter between Aleagh and her fellow barbers feels like a streetwise McLaughlin Group ... and never fails to entertain .	The banter between X and X's fellow barbers feels like a streetwise McLaughlin Group ... and never fails to entertain .
1	The banter between Gezime and her fellow barbers feels like a streetwise McLaughlin Group ... and never fails to entertain .	The banter between X and X's fellow barbers feels like a streetwise McLaughlin Group ... and never fails to entertain .
1	The banter between Thananya and her fellow barbers feels like a streetwise McLaughlin Group ... and never fails to entertain .	The banter between X and X's fellow barbers feels like a streetwise McLaughlin Group ... and never fails to entertain .
1	The banter between Mayssan and her fellow barbers feels like a streetwise McLaughlin Group ... and never fails to entertain .	The banter between X and X's fellow barbers feels like a streetwise McLaughlin Group ... and never fails to entertain .
1	The banter between Amelina and her fellow barbers feels like a streetwise McLaughlin Group ... and never fails to entertain .	The banter between X and X's fellow barbers feels like a streetwise McLaughlin Group ... and never fails to entertain .
1	The banter between Julissa and her fellow barbers feels like a streetwise McLaughlin Group ... and never fails to entertain .	The banter between X and X's fellow barbers feels like a streetwise McLaughlin Group ... and never fails to entertain .
1	The banter between Chihiro and her fellow barbers feels like a streetwise McLaughlin Group ... and never fails to entertain .	The banter between X and X's fellow barbers feels like a streetwise McLaughlin Group ... and never fails to entertain .
1	The banter between Jocelinne and her fellow barbers feels like a streetwise McLaughlin Group ... and never fails to entertain .	The banter between X and X's fellow barbers feels like a streetwise McLaughlin Group ... and never fails to entertain .
1	The banter between Marie-Noel and her fellow barbers feels like a streetwise McLaughlin Group ... and never fails to entertain .	The banter between X and X's fellow barbers feels like a streetwise McLaughlin Group ... and never fails to entertain .
1	The banter between Phairin and her fellow barbers feels like a streetwise McLaughlin Group ... and never fails to entertain .	The banter between X and X's fellow barbers feels like a streetwise McLaughlin Group ... and never fails to entertain .
1	The banter between Zoïtsa and her fellow barbers feels like a streetwise McLaughlin Group ... and never fails to entertain .	The banter between X and X's fellow barbers feels like a streetwise McLaughlin Group ... and never fails to entertain .
1	The banter between Elyesea and her fellow barbers feels like a streetwise McLaughlin Group ... and never fails to entertain .	The banter between X and X's fellow barbers feels like a streetwise McLaughlin Group ... and never fails to entertain .
1	The banter between Souhayla and her fellow barbers feels like a streetwise McLaughlin Group ... and never fails to entertain .	The banter between X and X's fellow barbers feels like a streetwise McLaughlin Group ... and never fails to entertain .
1	The banter between Toke and her fellow barbers feels like a streetwise McLaughlin Group ... and never fails to entertain .	The banter between X and X's fellow barbers feels like a streetwise McLaughlin Group ... and never fails to entertain .
1	The banter between Venora and her fellow barbers feels like a streetwise McLaughlin Group ... and never fails to entertain .	The banter between X and X's fellow barbers feels like a streetwise McLaughlin Group ... and never fails to entertain .
1	The banter between Orphi and her fellow barbers feels like a streetwise McLaughlin Group ... and never fails to entertain .	The banter between X and X's fellow barbers feels like a streetwise McLaughlin Group ... and never fails to entertain .
1	The banter between Luane and her fellow barbers feels like a streetwise McLaughlin Group ... and never fails to entertain .	The banter between X and X's fellow barbers feels like a streetwise McLaughlin Group ... and never fails to entertain .
1	The banter between Bicetta and her fellow barbers feels like a streetwise McLaughlin Group ... and never fails to entertain .	The banter between X and X's fellow barbers feels like a streetwise McLaughlin Group ... and never fails to entertain .
1	The banter between Tendy and her fellow barbers feels like a streetwise McLaughlin Group ... and never fails to entertain .	The banter between X and X's fellow barbers feels like a streetwise McLaughlin Group ... and never fails to entertain .
1	The banter between Ethelle and her fellow barbers feels like a streetwise McLaughlin Group ... and never fails to entertain .	The banter between X and X's fellow barbers feels like a streetwise McLaughlin Group ... and never fails to entertain .
1	The banter between Elaisha and her fellow barbers feels like a streetwise McLaughlin Group ... and never fails to entertain .	The banter between X and X's fellow barbers feels like a streetwise McLaughlin Group ... and never fails to entertain .
1	The banter between Gertruda and her fellow barbers feels like a streetwise McLaughlin Group ... and never fails to entertain .	The banter between X and X's fellow barbers feels like a streetwise McLaughlin Group ... and never fails to entertain .
1	The banter between Martusia and her fellow barbers feels like a streetwise McLaughlin Group ... and never fails to entertain .	The banter between X and X's fellow barbers feels like a streetwise McLaughlin Group ... and never fails to entertain .
1	The banter between Feyme and her fellow barbers feels like a streetwise McLaughlin Group ... and never fails to entertain .	The banter between X and X's fellow barbers feels like a streetwise McLaughlin Group ... and never fails to entertain .
1	The banter between Auphelie and her fellow barbers feels like a streetwise McLaughlin Group ... and never fails to entertain .	The banter between X and X's fellow barbers feels like a streetwise McLaughlin Group ... and never fails to entertain .
