1	There 's no denying that Palona is a filmmaker with a bright future ahead of him .	There 's no denying that X is a filmmaker with a bright future ahead of X .
1	There 's no denying that Benedetto is a filmmaker with a bright future ahead of him .	There 's no denying that X is a filmmaker with a bright future ahead of X .
1	There 's no denying that Kallimah is a filmmaker with a bright future ahead of him .	There 's no denying that X is a filmmaker with a bright future ahead of X .
1	There 's no denying that Xudong is a filmmaker with a bright future ahead of him .	There 's no denying that X is a filmmaker with a bright future ahead of X .
1	There 's no denying that Xilian is a filmmaker with a bright future ahead of him .	There 's no denying that X is a filmmaker with a bright future ahead of X .
1	There 's no denying that Galian is a filmmaker with a bright future ahead of him .	There 's no denying that X is a filmmaker with a bright future ahead of X .
1	There 's no denying that Nefis is a filmmaker with a bright future ahead of him .	There 's no denying that X is a filmmaker with a bright future ahead of X .
1	There 's no denying that Lynott is a filmmaker with a bright future ahead of him .	There 's no denying that X is a filmmaker with a bright future ahead of X .
1	There 's no denying that Avraamij is a filmmaker with a bright future ahead of him .	There 's no denying that X is a filmmaker with a bright future ahead of X .
1	There 's no denying that Soulemane is a filmmaker with a bright future ahead of him .	There 's no denying that X is a filmmaker with a bright future ahead of X .
1	There 's no denying that Remco is a filmmaker with a bright future ahead of him .	There 's no denying that X is a filmmaker with a bright future ahead of X .
1	There 's no denying that Arjen is a filmmaker with a bright future ahead of him .	There 's no denying that X is a filmmaker with a bright future ahead of X .
1	There 's no denying that Manindra is a filmmaker with a bright future ahead of him .	There 's no denying that X is a filmmaker with a bright future ahead of X .
1	There 's no denying that Epiteto is a filmmaker with a bright future ahead of him .	There 's no denying that X is a filmmaker with a bright future ahead of X .
1	There 's no denying that Pianco is a filmmaker with a bright future ahead of him .	There 's no denying that X is a filmmaker with a bright future ahead of X .
1	There 's no denying that Cotsos is a filmmaker with a bright future ahead of him .	There 's no denying that X is a filmmaker with a bright future ahead of X .
1	There 's no denying that Chengyu is a filmmaker with a bright future ahead of him .	There 's no denying that X is a filmmaker with a bright future ahead of X .
1	There 's no denying that Rostislav is a filmmaker with a bright future ahead of him .	There 's no denying that X is a filmmaker with a bright future ahead of X .
1	There 's no denying that Mayur is a filmmaker with a bright future ahead of him .	There 's no denying that X is a filmmaker with a bright future ahead of X .
1	There 's no denying that Xhuliano is a filmmaker with a bright future ahead of him .	There 's no denying that X is a filmmaker with a bright future ahead of X .
1	There 's no denying that Мамант is a filmmaker with a bright future ahead of him .	There 's no denying that X is a filmmaker with a bright future ahead of X .
1	There 's no denying that Remme is a filmmaker with a bright future ahead of him .	There 's no denying that X is a filmmaker with a bright future ahead of X .
1	There 's no denying that Bhadrasraya is a filmmaker with a bright future ahead of him .	There 's no denying that X is a filmmaker with a bright future ahead of X .
1	There 's no denying that Roene is a filmmaker with a bright future ahead of him .	There 's no denying that X is a filmmaker with a bright future ahead of X .
1	There 's no denying that Ubayd is a filmmaker with a bright future ahead of him .	There 's no denying that X is a filmmaker with a bright future ahead of X .
1	There 's no denying that Stig is a filmmaker with a bright future ahead of him .	There 's no denying that X is a filmmaker with a bright future ahead of X .
1	There 's no denying that Tymon is a filmmaker with a bright future ahead of him .	There 's no denying that X is a filmmaker with a bright future ahead of X .
1	There 's no denying that Berrie is a filmmaker with a bright future ahead of him .	There 's no denying that X is a filmmaker with a bright future ahead of X .
1	There 's no denying that Акиндин is a filmmaker with a bright future ahead of him .	There 's no denying that X is a filmmaker with a bright future ahead of X .
1	There 's no denying that Danyar is a filmmaker with a bright future ahead of him .	There 's no denying that X is a filmmaker with a bright future ahead of X .
1	There 's no denying that Sveya is a filmmaker with a bright future ahead of her .	There 's no denying that X is a filmmaker with a bright future ahead of X .
1	There 's no denying that Suri is a filmmaker with a bright future ahead of her .	There 's no denying that X is a filmmaker with a bright future ahead of X .
1	There 's no denying that Men is a filmmaker with a bright future ahead of her .	There 's no denying that X is a filmmaker with a bright future ahead of X .
1	There 's no denying that Conliane is a filmmaker with a bright future ahead of her .	There 's no denying that X is a filmmaker with a bright future ahead of X .
1	There 's no denying that Modestie is a filmmaker with a bright future ahead of her .	There 's no denying that X is a filmmaker with a bright future ahead of X .
1	There 's no denying that Aleagh is a filmmaker with a bright future ahead of her .	There 's no denying that X is a filmmaker with a bright future ahead of X .
1	There 's no denying that Gezime is a filmmaker with a bright future ahead of her .	There 's no denying that X is a filmmaker with a bright future ahead of X .
1	There 's no denying that Thananya is a filmmaker with a bright future ahead of her .	There 's no denying that X is a filmmaker with a bright future ahead of X .
1	There 's no denying that Mayssan is a filmmaker with a bright future ahead of her .	There 's no denying that X is a filmmaker with a bright future ahead of X .
1	There 's no denying that Amelina is a filmmaker with a bright future ahead of her .	There 's no denying that X is a filmmaker with a bright future ahead of X .
1	There 's no denying that Julissa is a filmmaker with a bright future ahead of her .	There 's no denying that X is a filmmaker with a bright future ahead of X .
1	There 's no denying that Chihiro is a filmmaker with a bright future ahead of her .	There 's no denying that X is a filmmaker with a bright future ahead of X .
1	There 's no denying that Jocelinne is a filmmaker with a bright future ahead of her .	There 's no denying that X is a filmmaker with a bright future ahead of X .
1	There 's no denying that Marie-Noel is a filmmaker with a bright future ahead of her .	There 's no denying that X is a filmmaker with a bright future ahead of X .
1	There 's no denying that Phairin is a filmmaker with a bright future ahead of her .	There 's no denying that X is a filmmaker with a bright future ahead of X .
1	There 's no denying that Zoïtsa is a filmmaker with a bright future ahead of her .	There 's no denying that X is a filmmaker with a bright future ahead of X .
1	There 's no denying that Elyesea is a filmmaker with a bright future ahead of her .	There 's no denying that X is a filmmaker with a bright future ahead of X .
1	There 's no denying that Souhayla is a filmmaker with a bright future ahead of her .	There 's no denying that X is a filmmaker with a bright future ahead of X .
1	There 's no denying that Toke is a filmmaker with a bright future ahead of her .	There 's no denying that X is a filmmaker with a bright future ahead of X .
1	There 's no denying that Venora is a filmmaker with a bright future ahead of her .	There 's no denying that X is a filmmaker with a bright future ahead of X .
1	There 's no denying that Orphi is a filmmaker with a bright future ahead of her .	There 's no denying that X is a filmmaker with a bright future ahead of X .
1	There 's no denying that Luane is a filmmaker with a bright future ahead of her .	There 's no denying that X is a filmmaker with a bright future ahead of X .
1	There 's no denying that Bicetta is a filmmaker with a bright future ahead of her .	There 's no denying that X is a filmmaker with a bright future ahead of X .
1	There 's no denying that Tendy is a filmmaker with a bright future ahead of her .	There 's no denying that X is a filmmaker with a bright future ahead of X .
1	There 's no denying that Ethelle is a filmmaker with a bright future ahead of her .	There 's no denying that X is a filmmaker with a bright future ahead of X .
1	There 's no denying that Elaisha is a filmmaker with a bright future ahead of her .	There 's no denying that X is a filmmaker with a bright future ahead of X .
1	There 's no denying that Gertruda is a filmmaker with a bright future ahead of her .	There 's no denying that X is a filmmaker with a bright future ahead of X .
1	There 's no denying that Martusia is a filmmaker with a bright future ahead of her .	There 's no denying that X is a filmmaker with a bright future ahead of X .
1	There 's no denying that Feyme is a filmmaker with a bright future ahead of her .	There 's no denying that X is a filmmaker with a bright future ahead of X .
1	There 's no denying that Auphelie is a filmmaker with a bright future ahead of her .	There 's no denying that X is a filmmaker with a bright future ahead of X .
