1	This is a nervy , risky film , and Villeneuve has inspired Palona to give himself over completely to the tormented persona of Bibi .	This is a nervy , risky film , and Villeneuve has inspired X to give oneself over completely to the tormented persona of Bibi .
1	This is a nervy , risky film , and Villeneuve has inspired Benedetto to give himself over completely to the tormented persona of Bibi .	This is a nervy , risky film , and Villeneuve has inspired X to give oneself over completely to the tormented persona of Bibi .
1	This is a nervy , risky film , and Villeneuve has inspired Kallimah to give himself over completely to the tormented persona of Bibi .	This is a nervy , risky film , and Villeneuve has inspired X to give oneself over completely to the tormented persona of Bibi .
1	This is a nervy , risky film , and Villeneuve has inspired Xudong to give himself over completely to the tormented persona of Bibi .	This is a nervy , risky film , and Villeneuve has inspired X to give oneself over completely to the tormented persona of Bibi .
1	This is a nervy , risky film , and Villeneuve has inspired Xilian to give himself over completely to the tormented persona of Bibi .	This is a nervy , risky film , and Villeneuve has inspired X to give oneself over completely to the tormented persona of Bibi .
1	This is a nervy , risky film , and Villeneuve has inspired Galian to give himself over completely to the tormented persona of Bibi .	This is a nervy , risky film , and Villeneuve has inspired X to give oneself over completely to the tormented persona of Bibi .
1	This is a nervy , risky film , and Villeneuve has inspired Nefis to give himself over completely to the tormented persona of Bibi .	This is a nervy , risky film , and Villeneuve has inspired X to give oneself over completely to the tormented persona of Bibi .
1	This is a nervy , risky film , and Villeneuve has inspired Lynott to give himself over completely to the tormented persona of Bibi .	This is a nervy , risky film , and Villeneuve has inspired X to give oneself over completely to the tormented persona of Bibi .
1	This is a nervy , risky film , and Villeneuve has inspired Avraamij to give himself over completely to the tormented persona of Bibi .	This is a nervy , risky film , and Villeneuve has inspired X to give oneself over completely to the tormented persona of Bibi .
1	This is a nervy , risky film , and Villeneuve has inspired Soulemane to give himself over completely to the tormented persona of Bibi .	This is a nervy , risky film , and Villeneuve has inspired X to give oneself over completely to the tormented persona of Bibi .
1	This is a nervy , risky film , and Villeneuve has inspired Remco to give himself over completely to the tormented persona of Bibi .	This is a nervy , risky film , and Villeneuve has inspired X to give oneself over completely to the tormented persona of Bibi .
1	This is a nervy , risky film , and Villeneuve has inspired Arjen to give himself over completely to the tormented persona of Bibi .	This is a nervy , risky film , and Villeneuve has inspired X to give oneself over completely to the tormented persona of Bibi .
1	This is a nervy , risky film , and Villeneuve has inspired Manindra to give himself over completely to the tormented persona of Bibi .	This is a nervy , risky film , and Villeneuve has inspired X to give oneself over completely to the tormented persona of Bibi .
1	This is a nervy , risky film , and Villeneuve has inspired Epiteto to give himself over completely to the tormented persona of Bibi .	This is a nervy , risky film , and Villeneuve has inspired X to give oneself over completely to the tormented persona of Bibi .
1	This is a nervy , risky film , and Villeneuve has inspired Pianco to give himself over completely to the tormented persona of Bibi .	This is a nervy , risky film , and Villeneuve has inspired X to give oneself over completely to the tormented persona of Bibi .
1	This is a nervy , risky film , and Villeneuve has inspired Cotsos to give himself over completely to the tormented persona of Bibi .	This is a nervy , risky film , and Villeneuve has inspired X to give oneself over completely to the tormented persona of Bibi .
1	This is a nervy , risky film , and Villeneuve has inspired Chengyu to give himself over completely to the tormented persona of Bibi .	This is a nervy , risky film , and Villeneuve has inspired X to give oneself over completely to the tormented persona of Bibi .
1	This is a nervy , risky film , and Villeneuve has inspired Rostislav to give himself over completely to the tormented persona of Bibi .	This is a nervy , risky film , and Villeneuve has inspired X to give oneself over completely to the tormented persona of Bibi .
1	This is a nervy , risky film , and Villeneuve has inspired Mayur to give himself over completely to the tormented persona of Bibi .	This is a nervy , risky film , and Villeneuve has inspired X to give oneself over completely to the tormented persona of Bibi .
1	This is a nervy , risky film , and Villeneuve has inspired Xhuliano to give himself over completely to the tormented persona of Bibi .	This is a nervy , risky film , and Villeneuve has inspired X to give oneself over completely to the tormented persona of Bibi .
1	This is a nervy , risky film , and Villeneuve has inspired Мамант to give himself over completely to the tormented persona of Bibi .	This is a nervy , risky film , and Villeneuve has inspired X to give oneself over completely to the tormented persona of Bibi .
1	This is a nervy , risky film , and Villeneuve has inspired Remme to give himself over completely to the tormented persona of Bibi .	This is a nervy , risky film , and Villeneuve has inspired X to give oneself over completely to the tormented persona of Bibi .
1	This is a nervy , risky film , and Villeneuve has inspired Bhadrasraya to give himself over completely to the tormented persona of Bibi .	This is a nervy , risky film , and Villeneuve has inspired X to give oneself over completely to the tormented persona of Bibi .
1	This is a nervy , risky film , and Villeneuve has inspired Roene to give himself over completely to the tormented persona of Bibi .	This is a nervy , risky film , and Villeneuve has inspired X to give oneself over completely to the tormented persona of Bibi .
1	This is a nervy , risky film , and Villeneuve has inspired Ubayd to give himself over completely to the tormented persona of Bibi .	This is a nervy , risky film , and Villeneuve has inspired X to give oneself over completely to the tormented persona of Bibi .
1	This is a nervy , risky film , and Villeneuve has inspired Stig to give himself over completely to the tormented persona of Bibi .	This is a nervy , risky film , and Villeneuve has inspired X to give oneself over completely to the tormented persona of Bibi .
1	This is a nervy , risky film , and Villeneuve has inspired Tymon to give himself over completely to the tormented persona of Bibi .	This is a nervy , risky film , and Villeneuve has inspired X to give oneself over completely to the tormented persona of Bibi .
1	This is a nervy , risky film , and Villeneuve has inspired Berrie to give himself over completely to the tormented persona of Bibi .	This is a nervy , risky film , and Villeneuve has inspired X to give oneself over completely to the tormented persona of Bibi .
1	This is a nervy , risky film , and Villeneuve has inspired Акиндин to give himself over completely to the tormented persona of Bibi .	This is a nervy , risky film , and Villeneuve has inspired X to give oneself over completely to the tormented persona of Bibi .
1	This is a nervy , risky film , and Villeneuve has inspired Danyar to give himself over completely to the tormented persona of Bibi .	This is a nervy , risky film , and Villeneuve has inspired X to give oneself over completely to the tormented persona of Bibi .
1	This is a nervy , risky film , and Villeneuve has inspired Sveya to give herself over completely to the tormented persona of Bibi .	This is a nervy , risky film , and Villeneuve has inspired X to give oneself over completely to the tormented persona of Bibi .
1	This is a nervy , risky film , and Villeneuve has inspired Suri to give herself over completely to the tormented persona of Bibi .	This is a nervy , risky film , and Villeneuve has inspired X to give oneself over completely to the tormented persona of Bibi .
1	This is a nervy , risky film , and Villeneuve has inspired Men to give herself over completely to the tormented persona of Bibi .	This is a nervy , risky film , and Villeneuve has inspired X to give oneself over completely to the tormented persona of Bibi .
1	This is a nervy , risky film , and Villeneuve has inspired Conliane to give herself over completely to the tormented persona of Bibi .	This is a nervy , risky film , and Villeneuve has inspired X to give oneself over completely to the tormented persona of Bibi .
1	This is a nervy , risky film , and Villeneuve has inspired Modestie to give herself over completely to the tormented persona of Bibi .	This is a nervy , risky film , and Villeneuve has inspired X to give oneself over completely to the tormented persona of Bibi .
1	This is a nervy , risky film , and Villeneuve has inspired Aleagh to give herself over completely to the tormented persona of Bibi .	This is a nervy , risky film , and Villeneuve has inspired X to give oneself over completely to the tormented persona of Bibi .
1	This is a nervy , risky film , and Villeneuve has inspired Gezime to give herself over completely to the tormented persona of Bibi .	This is a nervy , risky film , and Villeneuve has inspired X to give oneself over completely to the tormented persona of Bibi .
1	This is a nervy , risky film , and Villeneuve has inspired Thananya to give herself over completely to the tormented persona of Bibi .	This is a nervy , risky film , and Villeneuve has inspired X to give oneself over completely to the tormented persona of Bibi .
1	This is a nervy , risky film , and Villeneuve has inspired Mayssan to give herself over completely to the tormented persona of Bibi .	This is a nervy , risky film , and Villeneuve has inspired X to give oneself over completely to the tormented persona of Bibi .
1	This is a nervy , risky film , and Villeneuve has inspired Amelina to give herself over completely to the tormented persona of Bibi .	This is a nervy , risky film , and Villeneuve has inspired X to give oneself over completely to the tormented persona of Bibi .
1	This is a nervy , risky film , and Villeneuve has inspired Julissa to give herself over completely to the tormented persona of Bibi .	This is a nervy , risky film , and Villeneuve has inspired X to give oneself over completely to the tormented persona of Bibi .
1	This is a nervy , risky film , and Villeneuve has inspired Chihiro to give herself over completely to the tormented persona of Bibi .	This is a nervy , risky film , and Villeneuve has inspired X to give oneself over completely to the tormented persona of Bibi .
1	This is a nervy , risky film , and Villeneuve has inspired Jocelinne to give herself over completely to the tormented persona of Bibi .	This is a nervy , risky film , and Villeneuve has inspired X to give oneself over completely to the tormented persona of Bibi .
1	This is a nervy , risky film , and Villeneuve has inspired Marie-Noel to give herself over completely to the tormented persona of Bibi .	This is a nervy , risky film , and Villeneuve has inspired X to give oneself over completely to the tormented persona of Bibi .
1	This is a nervy , risky film , and Villeneuve has inspired Phairin to give herself over completely to the tormented persona of Bibi .	This is a nervy , risky film , and Villeneuve has inspired X to give oneself over completely to the tormented persona of Bibi .
1	This is a nervy , risky film , and Villeneuve has inspired Zoïtsa to give herself over completely to the tormented persona of Bibi .	This is a nervy , risky film , and Villeneuve has inspired X to give oneself over completely to the tormented persona of Bibi .
1	This is a nervy , risky film , and Villeneuve has inspired Elyesea to give herself over completely to the tormented persona of Bibi .	This is a nervy , risky film , and Villeneuve has inspired X to give oneself over completely to the tormented persona of Bibi .
1	This is a nervy , risky film , and Villeneuve has inspired Souhayla to give herself over completely to the tormented persona of Bibi .	This is a nervy , risky film , and Villeneuve has inspired X to give oneself over completely to the tormented persona of Bibi .
1	This is a nervy , risky film , and Villeneuve has inspired Toke to give herself over completely to the tormented persona of Bibi .	This is a nervy , risky film , and Villeneuve has inspired X to give oneself over completely to the tormented persona of Bibi .
1	This is a nervy , risky film , and Villeneuve has inspired Venora to give herself over completely to the tormented persona of Bibi .	This is a nervy , risky film , and Villeneuve has inspired X to give oneself over completely to the tormented persona of Bibi .
1	This is a nervy , risky film , and Villeneuve has inspired Orphi to give herself over completely to the tormented persona of Bibi .	This is a nervy , risky film , and Villeneuve has inspired X to give oneself over completely to the tormented persona of Bibi .
1	This is a nervy , risky film , and Villeneuve has inspired Luane to give herself over completely to the tormented persona of Bibi .	This is a nervy , risky film , and Villeneuve has inspired X to give oneself over completely to the tormented persona of Bibi .
1	This is a nervy , risky film , and Villeneuve has inspired Bicetta to give herself over completely to the tormented persona of Bibi .	This is a nervy , risky film , and Villeneuve has inspired X to give oneself over completely to the tormented persona of Bibi .
1	This is a nervy , risky film , and Villeneuve has inspired Tendy to give herself over completely to the tormented persona of Bibi .	This is a nervy , risky film , and Villeneuve has inspired X to give oneself over completely to the tormented persona of Bibi .
1	This is a nervy , risky film , and Villeneuve has inspired Ethelle to give herself over completely to the tormented persona of Bibi .	This is a nervy , risky film , and Villeneuve has inspired X to give oneself over completely to the tormented persona of Bibi .
1	This is a nervy , risky film , and Villeneuve has inspired Elaisha to give herself over completely to the tormented persona of Bibi .	This is a nervy , risky film , and Villeneuve has inspired X to give oneself over completely to the tormented persona of Bibi .
1	This is a nervy , risky film , and Villeneuve has inspired Gertruda to give herself over completely to the tormented persona of Bibi .	This is a nervy , risky film , and Villeneuve has inspired X to give oneself over completely to the tormented persona of Bibi .
1	This is a nervy , risky film , and Villeneuve has inspired Martusia to give herself over completely to the tormented persona of Bibi .	This is a nervy , risky film , and Villeneuve has inspired X to give oneself over completely to the tormented persona of Bibi .
1	This is a nervy , risky film , and Villeneuve has inspired Feyme to give herself over completely to the tormented persona of Bibi .	This is a nervy , risky film , and Villeneuve has inspired X to give oneself over completely to the tormented persona of Bibi .
1	This is a nervy , risky film , and Villeneuve has inspired Auphelie to give herself over completely to the tormented persona of Bibi .	This is a nervy , risky film , and Villeneuve has inspired X to give oneself over completely to the tormented persona of Bibi .
