0	Watching Palona ham it up while physically and emotionally disintegrating over the course of the movie has a certain poignancy in light of his recent death , but Boyd 's film offers little else of consequence .	Watching X ham it up while physically and emotionally disintegrating over the course of the movie has a certain poignancy in light of X's recent death , but Boyd 's film offers little else of consequence .
0	Watching Benedetto ham it up while physically and emotionally disintegrating over the course of the movie has a certain poignancy in light of his recent death , but Boyd 's film offers little else of consequence .	Watching X ham it up while physically and emotionally disintegrating over the course of the movie has a certain poignancy in light of X's recent death , but Boyd 's film offers little else of consequence .
0	Watching Kallimah ham it up while physically and emotionally disintegrating over the course of the movie has a certain poignancy in light of his recent death , but Boyd 's film offers little else of consequence .	Watching X ham it up while physically and emotionally disintegrating over the course of the movie has a certain poignancy in light of X's recent death , but Boyd 's film offers little else of consequence .
0	Watching Xudong ham it up while physically and emotionally disintegrating over the course of the movie has a certain poignancy in light of his recent death , but Boyd 's film offers little else of consequence .	Watching X ham it up while physically and emotionally disintegrating over the course of the movie has a certain poignancy in light of X's recent death , but Boyd 's film offers little else of consequence .
0	Watching Xilian ham it up while physically and emotionally disintegrating over the course of the movie has a certain poignancy in light of his recent death , but Boyd 's film offers little else of consequence .	Watching X ham it up while physically and emotionally disintegrating over the course of the movie has a certain poignancy in light of X's recent death , but Boyd 's film offers little else of consequence .
0	Watching Galian ham it up while physically and emotionally disintegrating over the course of the movie has a certain poignancy in light of his recent death , but Boyd 's film offers little else of consequence .	Watching X ham it up while physically and emotionally disintegrating over the course of the movie has a certain poignancy in light of X's recent death , but Boyd 's film offers little else of consequence .
0	Watching Nefis ham it up while physically and emotionally disintegrating over the course of the movie has a certain poignancy in light of his recent death , but Boyd 's film offers little else of consequence .	Watching X ham it up while physically and emotionally disintegrating over the course of the movie has a certain poignancy in light of X's recent death , but Boyd 's film offers little else of consequence .
0	Watching Lynott ham it up while physically and emotionally disintegrating over the course of the movie has a certain poignancy in light of his recent death , but Boyd 's film offers little else of consequence .	Watching X ham it up while physically and emotionally disintegrating over the course of the movie has a certain poignancy in light of X's recent death , but Boyd 's film offers little else of consequence .
0	Watching Avraamij ham it up while physically and emotionally disintegrating over the course of the movie has a certain poignancy in light of his recent death , but Boyd 's film offers little else of consequence .	Watching X ham it up while physically and emotionally disintegrating over the course of the movie has a certain poignancy in light of X's recent death , but Boyd 's film offers little else of consequence .
0	Watching Soulemane ham it up while physically and emotionally disintegrating over the course of the movie has a certain poignancy in light of his recent death , but Boyd 's film offers little else of consequence .	Watching X ham it up while physically and emotionally disintegrating over the course of the movie has a certain poignancy in light of X's recent death , but Boyd 's film offers little else of consequence .
0	Watching Remco ham it up while physically and emotionally disintegrating over the course of the movie has a certain poignancy in light of his recent death , but Boyd 's film offers little else of consequence .	Watching X ham it up while physically and emotionally disintegrating over the course of the movie has a certain poignancy in light of X's recent death , but Boyd 's film offers little else of consequence .
0	Watching Arjen ham it up while physically and emotionally disintegrating over the course of the movie has a certain poignancy in light of his recent death , but Boyd 's film offers little else of consequence .	Watching X ham it up while physically and emotionally disintegrating over the course of the movie has a certain poignancy in light of X's recent death , but Boyd 's film offers little else of consequence .
0	Watching Manindra ham it up while physically and emotionally disintegrating over the course of the movie has a certain poignancy in light of his recent death , but Boyd 's film offers little else of consequence .	Watching X ham it up while physically and emotionally disintegrating over the course of the movie has a certain poignancy in light of X's recent death , but Boyd 's film offers little else of consequence .
0	Watching Epiteto ham it up while physically and emotionally disintegrating over the course of the movie has a certain poignancy in light of his recent death , but Boyd 's film offers little else of consequence .	Watching X ham it up while physically and emotionally disintegrating over the course of the movie has a certain poignancy in light of X's recent death , but Boyd 's film offers little else of consequence .
0	Watching Pianco ham it up while physically and emotionally disintegrating over the course of the movie has a certain poignancy in light of his recent death , but Boyd 's film offers little else of consequence .	Watching X ham it up while physically and emotionally disintegrating over the course of the movie has a certain poignancy in light of X's recent death , but Boyd 's film offers little else of consequence .
0	Watching Cotsos ham it up while physically and emotionally disintegrating over the course of the movie has a certain poignancy in light of his recent death , but Boyd 's film offers little else of consequence .	Watching X ham it up while physically and emotionally disintegrating over the course of the movie has a certain poignancy in light of X's recent death , but Boyd 's film offers little else of consequence .
0	Watching Chengyu ham it up while physically and emotionally disintegrating over the course of the movie has a certain poignancy in light of his recent death , but Boyd 's film offers little else of consequence .	Watching X ham it up while physically and emotionally disintegrating over the course of the movie has a certain poignancy in light of X's recent death , but Boyd 's film offers little else of consequence .
0	Watching Rostislav ham it up while physically and emotionally disintegrating over the course of the movie has a certain poignancy in light of his recent death , but Boyd 's film offers little else of consequence .	Watching X ham it up while physically and emotionally disintegrating over the course of the movie has a certain poignancy in light of X's recent death , but Boyd 's film offers little else of consequence .
0	Watching Mayur ham it up while physically and emotionally disintegrating over the course of the movie has a certain poignancy in light of his recent death , but Boyd 's film offers little else of consequence .	Watching X ham it up while physically and emotionally disintegrating over the course of the movie has a certain poignancy in light of X's recent death , but Boyd 's film offers little else of consequence .
0	Watching Xhuliano ham it up while physically and emotionally disintegrating over the course of the movie has a certain poignancy in light of his recent death , but Boyd 's film offers little else of consequence .	Watching X ham it up while physically and emotionally disintegrating over the course of the movie has a certain poignancy in light of X's recent death , but Boyd 's film offers little else of consequence .
0	Watching Мамант ham it up while physically and emotionally disintegrating over the course of the movie has a certain poignancy in light of his recent death , but Boyd 's film offers little else of consequence .	Watching X ham it up while physically and emotionally disintegrating over the course of the movie has a certain poignancy in light of X's recent death , but Boyd 's film offers little else of consequence .
0	Watching Remme ham it up while physically and emotionally disintegrating over the course of the movie has a certain poignancy in light of his recent death , but Boyd 's film offers little else of consequence .	Watching X ham it up while physically and emotionally disintegrating over the course of the movie has a certain poignancy in light of X's recent death , but Boyd 's film offers little else of consequence .
0	Watching Bhadrasraya ham it up while physically and emotionally disintegrating over the course of the movie has a certain poignancy in light of his recent death , but Boyd 's film offers little else of consequence .	Watching X ham it up while physically and emotionally disintegrating over the course of the movie has a certain poignancy in light of X's recent death , but Boyd 's film offers little else of consequence .
0	Watching Roene ham it up while physically and emotionally disintegrating over the course of the movie has a certain poignancy in light of his recent death , but Boyd 's film offers little else of consequence .	Watching X ham it up while physically and emotionally disintegrating over the course of the movie has a certain poignancy in light of X's recent death , but Boyd 's film offers little else of consequence .
0	Watching Ubayd ham it up while physically and emotionally disintegrating over the course of the movie has a certain poignancy in light of his recent death , but Boyd 's film offers little else of consequence .	Watching X ham it up while physically and emotionally disintegrating over the course of the movie has a certain poignancy in light of X's recent death , but Boyd 's film offers little else of consequence .
0	Watching Stig ham it up while physically and emotionally disintegrating over the course of the movie has a certain poignancy in light of his recent death , but Boyd 's film offers little else of consequence .	Watching X ham it up while physically and emotionally disintegrating over the course of the movie has a certain poignancy in light of X's recent death , but Boyd 's film offers little else of consequence .
0	Watching Tymon ham it up while physically and emotionally disintegrating over the course of the movie has a certain poignancy in light of his recent death , but Boyd 's film offers little else of consequence .	Watching X ham it up while physically and emotionally disintegrating over the course of the movie has a certain poignancy in light of X's recent death , but Boyd 's film offers little else of consequence .
0	Watching Berrie ham it up while physically and emotionally disintegrating over the course of the movie has a certain poignancy in light of his recent death , but Boyd 's film offers little else of consequence .	Watching X ham it up while physically and emotionally disintegrating over the course of the movie has a certain poignancy in light of X's recent death , but Boyd 's film offers little else of consequence .
0	Watching Акиндин ham it up while physically and emotionally disintegrating over the course of the movie has a certain poignancy in light of his recent death , but Boyd 's film offers little else of consequence .	Watching X ham it up while physically and emotionally disintegrating over the course of the movie has a certain poignancy in light of X's recent death , but Boyd 's film offers little else of consequence .
0	Watching Danyar ham it up while physically and emotionally disintegrating over the course of the movie has a certain poignancy in light of his recent death , but Boyd 's film offers little else of consequence .	Watching X ham it up while physically and emotionally disintegrating over the course of the movie has a certain poignancy in light of X's recent death , but Boyd 's film offers little else of consequence .
0	Watching Sveya ham it up while physically and emotionally disintegrating over the course of the movie has a certain poignancy in light of her recent death , but Boyd 's film offers little else of consequence .	Watching X ham it up while physically and emotionally disintegrating over the course of the movie has a certain poignancy in light of X's recent death , but Boyd 's film offers little else of consequence .
0	Watching Suri ham it up while physically and emotionally disintegrating over the course of the movie has a certain poignancy in light of her recent death , but Boyd 's film offers little else of consequence .	Watching X ham it up while physically and emotionally disintegrating over the course of the movie has a certain poignancy in light of X's recent death , but Boyd 's film offers little else of consequence .
0	Watching Men ham it up while physically and emotionally disintegrating over the course of the movie has a certain poignancy in light of her recent death , but Boyd 's film offers little else of consequence .	Watching X ham it up while physically and emotionally disintegrating over the course of the movie has a certain poignancy in light of X's recent death , but Boyd 's film offers little else of consequence .
0	Watching Conliane ham it up while physically and emotionally disintegrating over the course of the movie has a certain poignancy in light of her recent death , but Boyd 's film offers little else of consequence .	Watching X ham it up while physically and emotionally disintegrating over the course of the movie has a certain poignancy in light of X's recent death , but Boyd 's film offers little else of consequence .
0	Watching Modestie ham it up while physically and emotionally disintegrating over the course of the movie has a certain poignancy in light of her recent death , but Boyd 's film offers little else of consequence .	Watching X ham it up while physically and emotionally disintegrating over the course of the movie has a certain poignancy in light of X's recent death , but Boyd 's film offers little else of consequence .
0	Watching Aleagh ham it up while physically and emotionally disintegrating over the course of the movie has a certain poignancy in light of her recent death , but Boyd 's film offers little else of consequence .	Watching X ham it up while physically and emotionally disintegrating over the course of the movie has a certain poignancy in light of X's recent death , but Boyd 's film offers little else of consequence .
0	Watching Gezime ham it up while physically and emotionally disintegrating over the course of the movie has a certain poignancy in light of her recent death , but Boyd 's film offers little else of consequence .	Watching X ham it up while physically and emotionally disintegrating over the course of the movie has a certain poignancy in light of X's recent death , but Boyd 's film offers little else of consequence .
0	Watching Thananya ham it up while physically and emotionally disintegrating over the course of the movie has a certain poignancy in light of her recent death , but Boyd 's film offers little else of consequence .	Watching X ham it up while physically and emotionally disintegrating over the course of the movie has a certain poignancy in light of X's recent death , but Boyd 's film offers little else of consequence .
0	Watching Mayssan ham it up while physically and emotionally disintegrating over the course of the movie has a certain poignancy in light of her recent death , but Boyd 's film offers little else of consequence .	Watching X ham it up while physically and emotionally disintegrating over the course of the movie has a certain poignancy in light of X's recent death , but Boyd 's film offers little else of consequence .
0	Watching Amelina ham it up while physically and emotionally disintegrating over the course of the movie has a certain poignancy in light of her recent death , but Boyd 's film offers little else of consequence .	Watching X ham it up while physically and emotionally disintegrating over the course of the movie has a certain poignancy in light of X's recent death , but Boyd 's film offers little else of consequence .
0	Watching Julissa ham it up while physically and emotionally disintegrating over the course of the movie has a certain poignancy in light of her recent death , but Boyd 's film offers little else of consequence .	Watching X ham it up while physically and emotionally disintegrating over the course of the movie has a certain poignancy in light of X's recent death , but Boyd 's film offers little else of consequence .
0	Watching Chihiro ham it up while physically and emotionally disintegrating over the course of the movie has a certain poignancy in light of her recent death , but Boyd 's film offers little else of consequence .	Watching X ham it up while physically and emotionally disintegrating over the course of the movie has a certain poignancy in light of X's recent death , but Boyd 's film offers little else of consequence .
0	Watching Jocelinne ham it up while physically and emotionally disintegrating over the course of the movie has a certain poignancy in light of her recent death , but Boyd 's film offers little else of consequence .	Watching X ham it up while physically and emotionally disintegrating over the course of the movie has a certain poignancy in light of X's recent death , but Boyd 's film offers little else of consequence .
0	Watching Marie-Noel ham it up while physically and emotionally disintegrating over the course of the movie has a certain poignancy in light of her recent death , but Boyd 's film offers little else of consequence .	Watching X ham it up while physically and emotionally disintegrating over the course of the movie has a certain poignancy in light of X's recent death , but Boyd 's film offers little else of consequence .
0	Watching Phairin ham it up while physically and emotionally disintegrating over the course of the movie has a certain poignancy in light of her recent death , but Boyd 's film offers little else of consequence .	Watching X ham it up while physically and emotionally disintegrating over the course of the movie has a certain poignancy in light of X's recent death , but Boyd 's film offers little else of consequence .
0	Watching Zoïtsa ham it up while physically and emotionally disintegrating over the course of the movie has a certain poignancy in light of her recent death , but Boyd 's film offers little else of consequence .	Watching X ham it up while physically and emotionally disintegrating over the course of the movie has a certain poignancy in light of X's recent death , but Boyd 's film offers little else of consequence .
0	Watching Elyesea ham it up while physically and emotionally disintegrating over the course of the movie has a certain poignancy in light of her recent death , but Boyd 's film offers little else of consequence .	Watching X ham it up while physically and emotionally disintegrating over the course of the movie has a certain poignancy in light of X's recent death , but Boyd 's film offers little else of consequence .
0	Watching Souhayla ham it up while physically and emotionally disintegrating over the course of the movie has a certain poignancy in light of her recent death , but Boyd 's film offers little else of consequence .	Watching X ham it up while physically and emotionally disintegrating over the course of the movie has a certain poignancy in light of X's recent death , but Boyd 's film offers little else of consequence .
0	Watching Toke ham it up while physically and emotionally disintegrating over the course of the movie has a certain poignancy in light of her recent death , but Boyd 's film offers little else of consequence .	Watching X ham it up while physically and emotionally disintegrating over the course of the movie has a certain poignancy in light of X's recent death , but Boyd 's film offers little else of consequence .
0	Watching Venora ham it up while physically and emotionally disintegrating over the course of the movie has a certain poignancy in light of her recent death , but Boyd 's film offers little else of consequence .	Watching X ham it up while physically and emotionally disintegrating over the course of the movie has a certain poignancy in light of X's recent death , but Boyd 's film offers little else of consequence .
0	Watching Orphi ham it up while physically and emotionally disintegrating over the course of the movie has a certain poignancy in light of her recent death , but Boyd 's film offers little else of consequence .	Watching X ham it up while physically and emotionally disintegrating over the course of the movie has a certain poignancy in light of X's recent death , but Boyd 's film offers little else of consequence .
0	Watching Luane ham it up while physically and emotionally disintegrating over the course of the movie has a certain poignancy in light of her recent death , but Boyd 's film offers little else of consequence .	Watching X ham it up while physically and emotionally disintegrating over the course of the movie has a certain poignancy in light of X's recent death , but Boyd 's film offers little else of consequence .
0	Watching Bicetta ham it up while physically and emotionally disintegrating over the course of the movie has a certain poignancy in light of her recent death , but Boyd 's film offers little else of consequence .	Watching X ham it up while physically and emotionally disintegrating over the course of the movie has a certain poignancy in light of X's recent death , but Boyd 's film offers little else of consequence .
0	Watching Tendy ham it up while physically and emotionally disintegrating over the course of the movie has a certain poignancy in light of her recent death , but Boyd 's film offers little else of consequence .	Watching X ham it up while physically and emotionally disintegrating over the course of the movie has a certain poignancy in light of X's recent death , but Boyd 's film offers little else of consequence .
0	Watching Ethelle ham it up while physically and emotionally disintegrating over the course of the movie has a certain poignancy in light of her recent death , but Boyd 's film offers little else of consequence .	Watching X ham it up while physically and emotionally disintegrating over the course of the movie has a certain poignancy in light of X's recent death , but Boyd 's film offers little else of consequence .
0	Watching Elaisha ham it up while physically and emotionally disintegrating over the course of the movie has a certain poignancy in light of her recent death , but Boyd 's film offers little else of consequence .	Watching X ham it up while physically and emotionally disintegrating over the course of the movie has a certain poignancy in light of X's recent death , but Boyd 's film offers little else of consequence .
0	Watching Gertruda ham it up while physically and emotionally disintegrating over the course of the movie has a certain poignancy in light of her recent death , but Boyd 's film offers little else of consequence .	Watching X ham it up while physically and emotionally disintegrating over the course of the movie has a certain poignancy in light of X's recent death , but Boyd 's film offers little else of consequence .
0	Watching Martusia ham it up while physically and emotionally disintegrating over the course of the movie has a certain poignancy in light of her recent death , but Boyd 's film offers little else of consequence .	Watching X ham it up while physically and emotionally disintegrating over the course of the movie has a certain poignancy in light of X's recent death , but Boyd 's film offers little else of consequence .
0	Watching Feyme ham it up while physically and emotionally disintegrating over the course of the movie has a certain poignancy in light of her recent death , but Boyd 's film offers little else of consequence .	Watching X ham it up while physically and emotionally disintegrating over the course of the movie has a certain poignancy in light of X's recent death , but Boyd 's film offers little else of consequence .
0	Watching Auphelie ham it up while physically and emotionally disintegrating over the course of the movie has a certain poignancy in light of her recent death , but Boyd 's film offers little else of consequence .	Watching X ham it up while physically and emotionally disintegrating over the course of the movie has a certain poignancy in light of X's recent death , but Boyd 's film offers little else of consequence .
