0	... Palona plays a college journalist , but he looks like the six-time winner of the Miss Hawaiian Tropic Pageant , so I do n't know what he 's doing in here ...	... X plays a college journalist , but X looks like the six-time winner of the Miss Hawaiian Tropic Pageant , so I do n't know what X 's doing in here ...
0	... Benedetto plays a college journalist , but he looks like the six-time winner of the Miss Hawaiian Tropic Pageant , so I do n't know what he 's doing in here ...	... X plays a college journalist , but X looks like the six-time winner of the Miss Hawaiian Tropic Pageant , so I do n't know what X 's doing in here ...
0	... Kallimah plays a college journalist , but he looks like the six-time winner of the Miss Hawaiian Tropic Pageant , so I do n't know what he 's doing in here ...	... X plays a college journalist , but X looks like the six-time winner of the Miss Hawaiian Tropic Pageant , so I do n't know what X 's doing in here ...
0	... Xudong plays a college journalist , but he looks like the six-time winner of the Miss Hawaiian Tropic Pageant , so I do n't know what he 's doing in here ...	... X plays a college journalist , but X looks like the six-time winner of the Miss Hawaiian Tropic Pageant , so I do n't know what X 's doing in here ...
0	... Xilian plays a college journalist , but he looks like the six-time winner of the Miss Hawaiian Tropic Pageant , so I do n't know what he 's doing in here ...	... X plays a college journalist , but X looks like the six-time winner of the Miss Hawaiian Tropic Pageant , so I do n't know what X 's doing in here ...
0	... Galian plays a college journalist , but he looks like the six-time winner of the Miss Hawaiian Tropic Pageant , so I do n't know what he 's doing in here ...	... X plays a college journalist , but X looks like the six-time winner of the Miss Hawaiian Tropic Pageant , so I do n't know what X 's doing in here ...
0	... Nefis plays a college journalist , but he looks like the six-time winner of the Miss Hawaiian Tropic Pageant , so I do n't know what he 's doing in here ...	... X plays a college journalist , but X looks like the six-time winner of the Miss Hawaiian Tropic Pageant , so I do n't know what X 's doing in here ...
0	... Lynott plays a college journalist , but he looks like the six-time winner of the Miss Hawaiian Tropic Pageant , so I do n't know what he 's doing in here ...	... X plays a college journalist , but X looks like the six-time winner of the Miss Hawaiian Tropic Pageant , so I do n't know what X 's doing in here ...
0	... Avraamij plays a college journalist , but he looks like the six-time winner of the Miss Hawaiian Tropic Pageant , so I do n't know what he 's doing in here ...	... X plays a college journalist , but X looks like the six-time winner of the Miss Hawaiian Tropic Pageant , so I do n't know what X 's doing in here ...
0	... Soulemane plays a college journalist , but he looks like the six-time winner of the Miss Hawaiian Tropic Pageant , so I do n't know what he 's doing in here ...	... X plays a college journalist , but X looks like the six-time winner of the Miss Hawaiian Tropic Pageant , so I do n't know what X 's doing in here ...
0	... Remco plays a college journalist , but he looks like the six-time winner of the Miss Hawaiian Tropic Pageant , so I do n't know what he 's doing in here ...	... X plays a college journalist , but X looks like the six-time winner of the Miss Hawaiian Tropic Pageant , so I do n't know what X 's doing in here ...
0	... Arjen plays a college journalist , but he looks like the six-time winner of the Miss Hawaiian Tropic Pageant , so I do n't know what he 's doing in here ...	... X plays a college journalist , but X looks like the six-time winner of the Miss Hawaiian Tropic Pageant , so I do n't know what X 's doing in here ...
0	... Manindra plays a college journalist , but he looks like the six-time winner of the Miss Hawaiian Tropic Pageant , so I do n't know what he 's doing in here ...	... X plays a college journalist , but X looks like the six-time winner of the Miss Hawaiian Tropic Pageant , so I do n't know what X 's doing in here ...
0	... Epiteto plays a college journalist , but he looks like the six-time winner of the Miss Hawaiian Tropic Pageant , so I do n't know what he 's doing in here ...	... X plays a college journalist , but X looks like the six-time winner of the Miss Hawaiian Tropic Pageant , so I do n't know what X 's doing in here ...
0	... Pianco plays a college journalist , but he looks like the six-time winner of the Miss Hawaiian Tropic Pageant , so I do n't know what he 's doing in here ...	... X plays a college journalist , but X looks like the six-time winner of the Miss Hawaiian Tropic Pageant , so I do n't know what X 's doing in here ...
0	... Cotsos plays a college journalist , but he looks like the six-time winner of the Miss Hawaiian Tropic Pageant , so I do n't know what he 's doing in here ...	... X plays a college journalist , but X looks like the six-time winner of the Miss Hawaiian Tropic Pageant , so I do n't know what X 's doing in here ...
0	... Chengyu plays a college journalist , but he looks like the six-time winner of the Miss Hawaiian Tropic Pageant , so I do n't know what he 's doing in here ...	... X plays a college journalist , but X looks like the six-time winner of the Miss Hawaiian Tropic Pageant , so I do n't know what X 's doing in here ...
0	... Rostislav plays a college journalist , but he looks like the six-time winner of the Miss Hawaiian Tropic Pageant , so I do n't know what he 's doing in here ...	... X plays a college journalist , but X looks like the six-time winner of the Miss Hawaiian Tropic Pageant , so I do n't know what X 's doing in here ...
0	... Mayur plays a college journalist , but he looks like the six-time winner of the Miss Hawaiian Tropic Pageant , so I do n't know what he 's doing in here ...	... X plays a college journalist , but X looks like the six-time winner of the Miss Hawaiian Tropic Pageant , so I do n't know what X 's doing in here ...
0	... Xhuliano plays a college journalist , but he looks like the six-time winner of the Miss Hawaiian Tropic Pageant , so I do n't know what he 's doing in here ...	... X plays a college journalist , but X looks like the six-time winner of the Miss Hawaiian Tropic Pageant , so I do n't know what X 's doing in here ...
0	... Мамант plays a college journalist , but he looks like the six-time winner of the Miss Hawaiian Tropic Pageant , so I do n't know what he 's doing in here ...	... X plays a college journalist , but X looks like the six-time winner of the Miss Hawaiian Tropic Pageant , so I do n't know what X 's doing in here ...
0	... Remme plays a college journalist , but he looks like the six-time winner of the Miss Hawaiian Tropic Pageant , so I do n't know what he 's doing in here ...	... X plays a college journalist , but X looks like the six-time winner of the Miss Hawaiian Tropic Pageant , so I do n't know what X 's doing in here ...
0	... Bhadrasraya plays a college journalist , but he looks like the six-time winner of the Miss Hawaiian Tropic Pageant , so I do n't know what he 's doing in here ...	... X plays a college journalist , but X looks like the six-time winner of the Miss Hawaiian Tropic Pageant , so I do n't know what X 's doing in here ...
0	... Roene plays a college journalist , but he looks like the six-time winner of the Miss Hawaiian Tropic Pageant , so I do n't know what he 's doing in here ...	... X plays a college journalist , but X looks like the six-time winner of the Miss Hawaiian Tropic Pageant , so I do n't know what X 's doing in here ...
0	... Ubayd plays a college journalist , but he looks like the six-time winner of the Miss Hawaiian Tropic Pageant , so I do n't know what he 's doing in here ...	... X plays a college journalist , but X looks like the six-time winner of the Miss Hawaiian Tropic Pageant , so I do n't know what X 's doing in here ...
0	... Stig plays a college journalist , but he looks like the six-time winner of the Miss Hawaiian Tropic Pageant , so I do n't know what he 's doing in here ...	... X plays a college journalist , but X looks like the six-time winner of the Miss Hawaiian Tropic Pageant , so I do n't know what X 's doing in here ...
0	... Tymon plays a college journalist , but he looks like the six-time winner of the Miss Hawaiian Tropic Pageant , so I do n't know what he 's doing in here ...	... X plays a college journalist , but X looks like the six-time winner of the Miss Hawaiian Tropic Pageant , so I do n't know what X 's doing in here ...
0	... Berrie plays a college journalist , but he looks like the six-time winner of the Miss Hawaiian Tropic Pageant , so I do n't know what he 's doing in here ...	... X plays a college journalist , but X looks like the six-time winner of the Miss Hawaiian Tropic Pageant , so I do n't know what X 's doing in here ...
0	... Акиндин plays a college journalist , but he looks like the six-time winner of the Miss Hawaiian Tropic Pageant , so I do n't know what he 's doing in here ...	... X plays a college journalist , but X looks like the six-time winner of the Miss Hawaiian Tropic Pageant , so I do n't know what X 's doing in here ...
0	... Danyar plays a college journalist , but he looks like the six-time winner of the Miss Hawaiian Tropic Pageant , so I do n't know what he 's doing in here ...	... X plays a college journalist , but X looks like the six-time winner of the Miss Hawaiian Tropic Pageant , so I do n't know what X 's doing in here ...
0	... Sveya plays a college journalist , but she looks like the six-time winner of the Miss Hawaiian Tropic Pageant , so I do n't know what she 's doing in here ...	... X plays a college journalist , but X looks like the six-time winner of the Miss Hawaiian Tropic Pageant , so I do n't know what X 's doing in here ...
0	... Suri plays a college journalist , but she looks like the six-time winner of the Miss Hawaiian Tropic Pageant , so I do n't know what she 's doing in here ...	... X plays a college journalist , but X looks like the six-time winner of the Miss Hawaiian Tropic Pageant , so I do n't know what X 's doing in here ...
0	... Men plays a college journalist , but she looks like the six-time winner of the Miss Hawaiian Tropic Pageant , so I do n't know what she 's doing in here ...	... X plays a college journalist , but X looks like the six-time winner of the Miss Hawaiian Tropic Pageant , so I do n't know what X 's doing in here ...
0	... Conliane plays a college journalist , but she looks like the six-time winner of the Miss Hawaiian Tropic Pageant , so I do n't know what she 's doing in here ...	... X plays a college journalist , but X looks like the six-time winner of the Miss Hawaiian Tropic Pageant , so I do n't know what X 's doing in here ...
0	... Modestie plays a college journalist , but she looks like the six-time winner of the Miss Hawaiian Tropic Pageant , so I do n't know what she 's doing in here ...	... X plays a college journalist , but X looks like the six-time winner of the Miss Hawaiian Tropic Pageant , so I do n't know what X 's doing in here ...
0	... Aleagh plays a college journalist , but she looks like the six-time winner of the Miss Hawaiian Tropic Pageant , so I do n't know what she 's doing in here ...	... X plays a college journalist , but X looks like the six-time winner of the Miss Hawaiian Tropic Pageant , so I do n't know what X 's doing in here ...
0	... Gezime plays a college journalist , but she looks like the six-time winner of the Miss Hawaiian Tropic Pageant , so I do n't know what she 's doing in here ...	... X plays a college journalist , but X looks like the six-time winner of the Miss Hawaiian Tropic Pageant , so I do n't know what X 's doing in here ...
0	... Thananya plays a college journalist , but she looks like the six-time winner of the Miss Hawaiian Tropic Pageant , so I do n't know what she 's doing in here ...	... X plays a college journalist , but X looks like the six-time winner of the Miss Hawaiian Tropic Pageant , so I do n't know what X 's doing in here ...
0	... Mayssan plays a college journalist , but she looks like the six-time winner of the Miss Hawaiian Tropic Pageant , so I do n't know what she 's doing in here ...	... X plays a college journalist , but X looks like the six-time winner of the Miss Hawaiian Tropic Pageant , so I do n't know what X 's doing in here ...
0	... Amelina plays a college journalist , but she looks like the six-time winner of the Miss Hawaiian Tropic Pageant , so I do n't know what she 's doing in here ...	... X plays a college journalist , but X looks like the six-time winner of the Miss Hawaiian Tropic Pageant , so I do n't know what X 's doing in here ...
0	... Julissa plays a college journalist , but she looks like the six-time winner of the Miss Hawaiian Tropic Pageant , so I do n't know what she 's doing in here ...	... X plays a college journalist , but X looks like the six-time winner of the Miss Hawaiian Tropic Pageant , so I do n't know what X 's doing in here ...
0	... Chihiro plays a college journalist , but she looks like the six-time winner of the Miss Hawaiian Tropic Pageant , so I do n't know what she 's doing in here ...	... X plays a college journalist , but X looks like the six-time winner of the Miss Hawaiian Tropic Pageant , so I do n't know what X 's doing in here ...
0	... Jocelinne plays a college journalist , but she looks like the six-time winner of the Miss Hawaiian Tropic Pageant , so I do n't know what she 's doing in here ...	... X plays a college journalist , but X looks like the six-time winner of the Miss Hawaiian Tropic Pageant , so I do n't know what X 's doing in here ...
0	... Marie-Noel plays a college journalist , but she looks like the six-time winner of the Miss Hawaiian Tropic Pageant , so I do n't know what she 's doing in here ...	... X plays a college journalist , but X looks like the six-time winner of the Miss Hawaiian Tropic Pageant , so I do n't know what X 's doing in here ...
0	... Phairin plays a college journalist , but she looks like the six-time winner of the Miss Hawaiian Tropic Pageant , so I do n't know what she 's doing in here ...	... X plays a college journalist , but X looks like the six-time winner of the Miss Hawaiian Tropic Pageant , so I do n't know what X 's doing in here ...
0	... Zoïtsa plays a college journalist , but she looks like the six-time winner of the Miss Hawaiian Tropic Pageant , so I do n't know what she 's doing in here ...	... X plays a college journalist , but X looks like the six-time winner of the Miss Hawaiian Tropic Pageant , so I do n't know what X 's doing in here ...
0	... Elyesea plays a college journalist , but she looks like the six-time winner of the Miss Hawaiian Tropic Pageant , so I do n't know what she 's doing in here ...	... X plays a college journalist , but X looks like the six-time winner of the Miss Hawaiian Tropic Pageant , so I do n't know what X 's doing in here ...
0	... Souhayla plays a college journalist , but she looks like the six-time winner of the Miss Hawaiian Tropic Pageant , so I do n't know what she 's doing in here ...	... X plays a college journalist , but X looks like the six-time winner of the Miss Hawaiian Tropic Pageant , so I do n't know what X 's doing in here ...
0	... Toke plays a college journalist , but she looks like the six-time winner of the Miss Hawaiian Tropic Pageant , so I do n't know what she 's doing in here ...	... X plays a college journalist , but X looks like the six-time winner of the Miss Hawaiian Tropic Pageant , so I do n't know what X 's doing in here ...
0	... Venora plays a college journalist , but she looks like the six-time winner of the Miss Hawaiian Tropic Pageant , so I do n't know what she 's doing in here ...	... X plays a college journalist , but X looks like the six-time winner of the Miss Hawaiian Tropic Pageant , so I do n't know what X 's doing in here ...
0	... Orphi plays a college journalist , but she looks like the six-time winner of the Miss Hawaiian Tropic Pageant , so I do n't know what she 's doing in here ...	... X plays a college journalist , but X looks like the six-time winner of the Miss Hawaiian Tropic Pageant , so I do n't know what X 's doing in here ...
0	... Luane plays a college journalist , but she looks like the six-time winner of the Miss Hawaiian Tropic Pageant , so I do n't know what she 's doing in here ...	... X plays a college journalist , but X looks like the six-time winner of the Miss Hawaiian Tropic Pageant , so I do n't know what X 's doing in here ...
0	... Bicetta plays a college journalist , but she looks like the six-time winner of the Miss Hawaiian Tropic Pageant , so I do n't know what she 's doing in here ...	... X plays a college journalist , but X looks like the six-time winner of the Miss Hawaiian Tropic Pageant , so I do n't know what X 's doing in here ...
0	... Tendy plays a college journalist , but she looks like the six-time winner of the Miss Hawaiian Tropic Pageant , so I do n't know what she 's doing in here ...	... X plays a college journalist , but X looks like the six-time winner of the Miss Hawaiian Tropic Pageant , so I do n't know what X 's doing in here ...
0	... Ethelle plays a college journalist , but she looks like the six-time winner of the Miss Hawaiian Tropic Pageant , so I do n't know what she 's doing in here ...	... X plays a college journalist , but X looks like the six-time winner of the Miss Hawaiian Tropic Pageant , so I do n't know what X 's doing in here ...
0	... Elaisha plays a college journalist , but she looks like the six-time winner of the Miss Hawaiian Tropic Pageant , so I do n't know what she 's doing in here ...	... X plays a college journalist , but X looks like the six-time winner of the Miss Hawaiian Tropic Pageant , so I do n't know what X 's doing in here ...
0	... Gertruda plays a college journalist , but she looks like the six-time winner of the Miss Hawaiian Tropic Pageant , so I do n't know what she 's doing in here ...	... X plays a college journalist , but X looks like the six-time winner of the Miss Hawaiian Tropic Pageant , so I do n't know what X 's doing in here ...
0	... Martusia plays a college journalist , but she looks like the six-time winner of the Miss Hawaiian Tropic Pageant , so I do n't know what she 's doing in here ...	... X plays a college journalist , but X looks like the six-time winner of the Miss Hawaiian Tropic Pageant , so I do n't know what X 's doing in here ...
0	... Feyme plays a college journalist , but she looks like the six-time winner of the Miss Hawaiian Tropic Pageant , so I do n't know what she 's doing in here ...	... X plays a college journalist , but X looks like the six-time winner of the Miss Hawaiian Tropic Pageant , so I do n't know what X 's doing in here ...
0	... Auphelie plays a college journalist , but she looks like the six-time winner of the Miss Hawaiian Tropic Pageant , so I do n't know what she 's doing in here ...	... X plays a college journalist , but X looks like the six-time winner of the Miss Hawaiian Tropic Pageant , so I do n't know what X 's doing in here ...
