1	Palona merely creates an outline for a role he still needs to grow into , a role that Ford effortlessly filled with authority .	X merely creates an outline for a role X still needs to grow into , a role that Ford effortlessly filled with authority .
1	Benedetto merely creates an outline for a role he still needs to grow into , a role that Ford effortlessly filled with authority .	X merely creates an outline for a role X still needs to grow into , a role that Ford effortlessly filled with authority .
1	Kallimah merely creates an outline for a role he still needs to grow into , a role that Ford effortlessly filled with authority .	X merely creates an outline for a role X still needs to grow into , a role that Ford effortlessly filled with authority .
1	Xudong merely creates an outline for a role he still needs to grow into , a role that Ford effortlessly filled with authority .	X merely creates an outline for a role X still needs to grow into , a role that Ford effortlessly filled with authority .
1	Xilian merely creates an outline for a role he still needs to grow into , a role that Ford effortlessly filled with authority .	X merely creates an outline for a role X still needs to grow into , a role that Ford effortlessly filled with authority .
1	Galian merely creates an outline for a role he still needs to grow into , a role that Ford effortlessly filled with authority .	X merely creates an outline for a role X still needs to grow into , a role that Ford effortlessly filled with authority .
1	Nefis merely creates an outline for a role he still needs to grow into , a role that Ford effortlessly filled with authority .	X merely creates an outline for a role X still needs to grow into , a role that Ford effortlessly filled with authority .
1	Lynott merely creates an outline for a role he still needs to grow into , a role that Ford effortlessly filled with authority .	X merely creates an outline for a role X still needs to grow into , a role that Ford effortlessly filled with authority .
1	Avraamij merely creates an outline for a role he still needs to grow into , a role that Ford effortlessly filled with authority .	X merely creates an outline for a role X still needs to grow into , a role that Ford effortlessly filled with authority .
1	Soulemane merely creates an outline for a role he still needs to grow into , a role that Ford effortlessly filled with authority .	X merely creates an outline for a role X still needs to grow into , a role that Ford effortlessly filled with authority .
1	Remco merely creates an outline for a role he still needs to grow into , a role that Ford effortlessly filled with authority .	X merely creates an outline for a role X still needs to grow into , a role that Ford effortlessly filled with authority .
1	Arjen merely creates an outline for a role he still needs to grow into , a role that Ford effortlessly filled with authority .	X merely creates an outline for a role X still needs to grow into , a role that Ford effortlessly filled with authority .
1	Manindra merely creates an outline for a role he still needs to grow into , a role that Ford effortlessly filled with authority .	X merely creates an outline for a role X still needs to grow into , a role that Ford effortlessly filled with authority .
1	Epiteto merely creates an outline for a role he still needs to grow into , a role that Ford effortlessly filled with authority .	X merely creates an outline for a role X still needs to grow into , a role that Ford effortlessly filled with authority .
1	Pianco merely creates an outline for a role he still needs to grow into , a role that Ford effortlessly filled with authority .	X merely creates an outline for a role X still needs to grow into , a role that Ford effortlessly filled with authority .
1	Cotsos merely creates an outline for a role he still needs to grow into , a role that Ford effortlessly filled with authority .	X merely creates an outline for a role X still needs to grow into , a role that Ford effortlessly filled with authority .
1	Chengyu merely creates an outline for a role he still needs to grow into , a role that Ford effortlessly filled with authority .	X merely creates an outline for a role X still needs to grow into , a role that Ford effortlessly filled with authority .
1	Rostislav merely creates an outline for a role he still needs to grow into , a role that Ford effortlessly filled with authority .	X merely creates an outline for a role X still needs to grow into , a role that Ford effortlessly filled with authority .
1	Mayur merely creates an outline for a role he still needs to grow into , a role that Ford effortlessly filled with authority .	X merely creates an outline for a role X still needs to grow into , a role that Ford effortlessly filled with authority .
1	Xhuliano merely creates an outline for a role he still needs to grow into , a role that Ford effortlessly filled with authority .	X merely creates an outline for a role X still needs to grow into , a role that Ford effortlessly filled with authority .
1	Мамант merely creates an outline for a role he still needs to grow into , a role that Ford effortlessly filled with authority .	X merely creates an outline for a role X still needs to grow into , a role that Ford effortlessly filled with authority .
1	Remme merely creates an outline for a role he still needs to grow into , a role that Ford effortlessly filled with authority .	X merely creates an outline for a role X still needs to grow into , a role that Ford effortlessly filled with authority .
1	Bhadrasraya merely creates an outline for a role he still needs to grow into , a role that Ford effortlessly filled with authority .	X merely creates an outline for a role X still needs to grow into , a role that Ford effortlessly filled with authority .
1	Roene merely creates an outline for a role he still needs to grow into , a role that Ford effortlessly filled with authority .	X merely creates an outline for a role X still needs to grow into , a role that Ford effortlessly filled with authority .
1	Ubayd merely creates an outline for a role he still needs to grow into , a role that Ford effortlessly filled with authority .	X merely creates an outline for a role X still needs to grow into , a role that Ford effortlessly filled with authority .
1	Stig merely creates an outline for a role he still needs to grow into , a role that Ford effortlessly filled with authority .	X merely creates an outline for a role X still needs to grow into , a role that Ford effortlessly filled with authority .
1	Tymon merely creates an outline for a role he still needs to grow into , a role that Ford effortlessly filled with authority .	X merely creates an outline for a role X still needs to grow into , a role that Ford effortlessly filled with authority .
1	Berrie merely creates an outline for a role he still needs to grow into , a role that Ford effortlessly filled with authority .	X merely creates an outline for a role X still needs to grow into , a role that Ford effortlessly filled with authority .
1	Акиндин merely creates an outline for a role he still needs to grow into , a role that Ford effortlessly filled with authority .	X merely creates an outline for a role X still needs to grow into , a role that Ford effortlessly filled with authority .
1	Danyar merely creates an outline for a role he still needs to grow into , a role that Ford effortlessly filled with authority .	X merely creates an outline for a role X still needs to grow into , a role that Ford effortlessly filled with authority .
1	Sveya merely creates an outline for a role she still needs to grow into , a role that Ford effortlessly filled with authority .	X merely creates an outline for a role X still needs to grow into , a role that Ford effortlessly filled with authority .
1	Suri merely creates an outline for a role she still needs to grow into , a role that Ford effortlessly filled with authority .	X merely creates an outline for a role X still needs to grow into , a role that Ford effortlessly filled with authority .
1	Men merely creates an outline for a role she still needs to grow into , a role that Ford effortlessly filled with authority .	X merely creates an outline for a role X still needs to grow into , a role that Ford effortlessly filled with authority .
1	Conliane merely creates an outline for a role she still needs to grow into , a role that Ford effortlessly filled with authority .	X merely creates an outline for a role X still needs to grow into , a role that Ford effortlessly filled with authority .
1	Modestie merely creates an outline for a role she still needs to grow into , a role that Ford effortlessly filled with authority .	X merely creates an outline for a role X still needs to grow into , a role that Ford effortlessly filled with authority .
1	Aleagh merely creates an outline for a role she still needs to grow into , a role that Ford effortlessly filled with authority .	X merely creates an outline for a role X still needs to grow into , a role that Ford effortlessly filled with authority .
1	Gezime merely creates an outline for a role she still needs to grow into , a role that Ford effortlessly filled with authority .	X merely creates an outline for a role X still needs to grow into , a role that Ford effortlessly filled with authority .
1	Thananya merely creates an outline for a role she still needs to grow into , a role that Ford effortlessly filled with authority .	X merely creates an outline for a role X still needs to grow into , a role that Ford effortlessly filled with authority .
1	Mayssan merely creates an outline for a role she still needs to grow into , a role that Ford effortlessly filled with authority .	X merely creates an outline for a role X still needs to grow into , a role that Ford effortlessly filled with authority .
1	Amelina merely creates an outline for a role she still needs to grow into , a role that Ford effortlessly filled with authority .	X merely creates an outline for a role X still needs to grow into , a role that Ford effortlessly filled with authority .
1	Julissa merely creates an outline for a role she still needs to grow into , a role that Ford effortlessly filled with authority .	X merely creates an outline for a role X still needs to grow into , a role that Ford effortlessly filled with authority .
1	Chihiro merely creates an outline for a role she still needs to grow into , a role that Ford effortlessly filled with authority .	X merely creates an outline for a role X still needs to grow into , a role that Ford effortlessly filled with authority .
1	Jocelinne merely creates an outline for a role she still needs to grow into , a role that Ford effortlessly filled with authority .	X merely creates an outline for a role X still needs to grow into , a role that Ford effortlessly filled with authority .
1	Marie-Noel merely creates an outline for a role she still needs to grow into , a role that Ford effortlessly filled with authority .	X merely creates an outline for a role X still needs to grow into , a role that Ford effortlessly filled with authority .
1	Phairin merely creates an outline for a role she still needs to grow into , a role that Ford effortlessly filled with authority .	X merely creates an outline for a role X still needs to grow into , a role that Ford effortlessly filled with authority .
1	Zoïtsa merely creates an outline for a role she still needs to grow into , a role that Ford effortlessly filled with authority .	X merely creates an outline for a role X still needs to grow into , a role that Ford effortlessly filled with authority .
1	Elyesea merely creates an outline for a role she still needs to grow into , a role that Ford effortlessly filled with authority .	X merely creates an outline for a role X still needs to grow into , a role that Ford effortlessly filled with authority .
1	Souhayla merely creates an outline for a role she still needs to grow into , a role that Ford effortlessly filled with authority .	X merely creates an outline for a role X still needs to grow into , a role that Ford effortlessly filled with authority .
1	Toke merely creates an outline for a role she still needs to grow into , a role that Ford effortlessly filled with authority .	X merely creates an outline for a role X still needs to grow into , a role that Ford effortlessly filled with authority .
1	Venora merely creates an outline for a role she still needs to grow into , a role that Ford effortlessly filled with authority .	X merely creates an outline for a role X still needs to grow into , a role that Ford effortlessly filled with authority .
1	Orphi merely creates an outline for a role she still needs to grow into , a role that Ford effortlessly filled with authority .	X merely creates an outline for a role X still needs to grow into , a role that Ford effortlessly filled with authority .
1	Luane merely creates an outline for a role she still needs to grow into , a role that Ford effortlessly filled with authority .	X merely creates an outline for a role X still needs to grow into , a role that Ford effortlessly filled with authority .
1	Bicetta merely creates an outline for a role she still needs to grow into , a role that Ford effortlessly filled with authority .	X merely creates an outline for a role X still needs to grow into , a role that Ford effortlessly filled with authority .
1	Tendy merely creates an outline for a role she still needs to grow into , a role that Ford effortlessly filled with authority .	X merely creates an outline for a role X still needs to grow into , a role that Ford effortlessly filled with authority .
1	Ethelle merely creates an outline for a role she still needs to grow into , a role that Ford effortlessly filled with authority .	X merely creates an outline for a role X still needs to grow into , a role that Ford effortlessly filled with authority .
1	Elaisha merely creates an outline for a role she still needs to grow into , a role that Ford effortlessly filled with authority .	X merely creates an outline for a role X still needs to grow into , a role that Ford effortlessly filled with authority .
1	Gertruda merely creates an outline for a role she still needs to grow into , a role that Ford effortlessly filled with authority .	X merely creates an outline for a role X still needs to grow into , a role that Ford effortlessly filled with authority .
1	Martusia merely creates an outline for a role she still needs to grow into , a role that Ford effortlessly filled with authority .	X merely creates an outline for a role X still needs to grow into , a role that Ford effortlessly filled with authority .
1	Feyme merely creates an outline for a role she still needs to grow into , a role that Ford effortlessly filled with authority .	X merely creates an outline for a role X still needs to grow into , a role that Ford effortlessly filled with authority .
1	Auphelie merely creates an outline for a role she still needs to grow into , a role that Ford effortlessly filled with authority .	X merely creates an outline for a role X still needs to grow into , a role that Ford effortlessly filled with authority .
