0	Palona wears out his welcome in his most charmless performance	X wears out X's welcome in X's most charmless performance
0	Benedetto wears out his welcome in his most charmless performance	X wears out X's welcome in X's most charmless performance
0	Kallimah wears out his welcome in his most charmless performance	X wears out X's welcome in X's most charmless performance
0	Xudong wears out his welcome in his most charmless performance	X wears out X's welcome in X's most charmless performance
0	Xilian wears out his welcome in his most charmless performance	X wears out X's welcome in X's most charmless performance
0	Galian wears out his welcome in his most charmless performance	X wears out X's welcome in X's most charmless performance
0	Nefis wears out his welcome in his most charmless performance	X wears out X's welcome in X's most charmless performance
0	Lynott wears out his welcome in his most charmless performance	X wears out X's welcome in X's most charmless performance
0	Avraamij wears out his welcome in his most charmless performance	X wears out X's welcome in X's most charmless performance
0	Soulemane wears out his welcome in his most charmless performance	X wears out X's welcome in X's most charmless performance
0	Remco wears out his welcome in his most charmless performance	X wears out X's welcome in X's most charmless performance
0	Arjen wears out his welcome in his most charmless performance	X wears out X's welcome in X's most charmless performance
0	Manindra wears out his welcome in his most charmless performance	X wears out X's welcome in X's most charmless performance
0	Epiteto wears out his welcome in his most charmless performance	X wears out X's welcome in X's most charmless performance
0	Pianco wears out his welcome in his most charmless performance	X wears out X's welcome in X's most charmless performance
0	Cotsos wears out his welcome in his most charmless performance	X wears out X's welcome in X's most charmless performance
0	Chengyu wears out his welcome in his most charmless performance	X wears out X's welcome in X's most charmless performance
0	Rostislav wears out his welcome in his most charmless performance	X wears out X's welcome in X's most charmless performance
0	Mayur wears out his welcome in his most charmless performance	X wears out X's welcome in X's most charmless performance
0	Xhuliano wears out his welcome in his most charmless performance	X wears out X's welcome in X's most charmless performance
0	Мамант wears out his welcome in his most charmless performance	X wears out X's welcome in X's most charmless performance
0	Remme wears out his welcome in his most charmless performance	X wears out X's welcome in X's most charmless performance
0	Bhadrasraya wears out his welcome in his most charmless performance	X wears out X's welcome in X's most charmless performance
0	Roene wears out his welcome in his most charmless performance	X wears out X's welcome in X's most charmless performance
0	Ubayd wears out his welcome in his most charmless performance	X wears out X's welcome in X's most charmless performance
0	Stig wears out his welcome in his most charmless performance	X wears out X's welcome in X's most charmless performance
0	Tymon wears out his welcome in his most charmless performance	X wears out X's welcome in X's most charmless performance
0	Berrie wears out his welcome in his most charmless performance	X wears out X's welcome in X's most charmless performance
0	Акиндин wears out his welcome in his most charmless performance	X wears out X's welcome in X's most charmless performance
0	Danyar wears out his welcome in his most charmless performance	X wears out X's welcome in X's most charmless performance
0	Sveya wears out her welcome in her most charmless performance	X wears out X's welcome in X's most charmless performance
0	Suri wears out her welcome in her most charmless performance	X wears out X's welcome in X's most charmless performance
0	Men wears out her welcome in her most charmless performance	X wears out X's welcome in X's most charmless performance
0	Conliane wears out her welcome in her most charmless performance	X wears out X's welcome in X's most charmless performance
0	Modestie wears out her welcome in her most charmless performance	X wears out X's welcome in X's most charmless performance
0	Aleagh wears out her welcome in her most charmless performance	X wears out X's welcome in X's most charmless performance
0	Gezime wears out her welcome in her most charmless performance	X wears out X's welcome in X's most charmless performance
0	Thananya wears out her welcome in her most charmless performance	X wears out X's welcome in X's most charmless performance
0	Mayssan wears out her welcome in her most charmless performance	X wears out X's welcome in X's most charmless performance
0	Amelina wears out her welcome in her most charmless performance	X wears out X's welcome in X's most charmless performance
0	Julissa wears out her welcome in her most charmless performance	X wears out X's welcome in X's most charmless performance
0	Chihiro wears out her welcome in her most charmless performance	X wears out X's welcome in X's most charmless performance
0	Jocelinne wears out her welcome in her most charmless performance	X wears out X's welcome in X's most charmless performance
0	Marie-Noel wears out her welcome in her most charmless performance	X wears out X's welcome in X's most charmless performance
0	Phairin wears out her welcome in her most charmless performance	X wears out X's welcome in X's most charmless performance
0	Zoïtsa wears out her welcome in her most charmless performance	X wears out X's welcome in X's most charmless performance
0	Elyesea wears out her welcome in her most charmless performance	X wears out X's welcome in X's most charmless performance
0	Souhayla wears out her welcome in her most charmless performance	X wears out X's welcome in X's most charmless performance
0	Toke wears out her welcome in her most charmless performance	X wears out X's welcome in X's most charmless performance
0	Venora wears out her welcome in her most charmless performance	X wears out X's welcome in X's most charmless performance
0	Orphi wears out her welcome in her most charmless performance	X wears out X's welcome in X's most charmless performance
0	Luane wears out her welcome in her most charmless performance	X wears out X's welcome in X's most charmless performance
0	Bicetta wears out her welcome in her most charmless performance	X wears out X's welcome in X's most charmless performance
0	Tendy wears out her welcome in her most charmless performance	X wears out X's welcome in X's most charmless performance
0	Ethelle wears out her welcome in her most charmless performance	X wears out X's welcome in X's most charmless performance
0	Elaisha wears out her welcome in her most charmless performance	X wears out X's welcome in X's most charmless performance
0	Gertruda wears out her welcome in her most charmless performance	X wears out X's welcome in X's most charmless performance
0	Martusia wears out her welcome in her most charmless performance	X wears out X's welcome in X's most charmless performance
0	Feyme wears out her welcome in her most charmless performance	X wears out X's welcome in X's most charmless performance
0	Auphelie wears out her welcome in her most charmless performance	X wears out X's welcome in X's most charmless performance
