0	Palona takes no apparent joy in making movies , and he gives none to the audience .	X takes no apparent joy in making movies , and X gives none to the audience .
0	Benedetto takes no apparent joy in making movies , and he gives none to the audience .	X takes no apparent joy in making movies , and X gives none to the audience .
0	Kallimah takes no apparent joy in making movies , and he gives none to the audience .	X takes no apparent joy in making movies , and X gives none to the audience .
0	Xudong takes no apparent joy in making movies , and he gives none to the audience .	X takes no apparent joy in making movies , and X gives none to the audience .
0	Xilian takes no apparent joy in making movies , and he gives none to the audience .	X takes no apparent joy in making movies , and X gives none to the audience .
0	Galian takes no apparent joy in making movies , and he gives none to the audience .	X takes no apparent joy in making movies , and X gives none to the audience .
0	Nefis takes no apparent joy in making movies , and he gives none to the audience .	X takes no apparent joy in making movies , and X gives none to the audience .
0	Lynott takes no apparent joy in making movies , and he gives none to the audience .	X takes no apparent joy in making movies , and X gives none to the audience .
0	Avraamij takes no apparent joy in making movies , and he gives none to the audience .	X takes no apparent joy in making movies , and X gives none to the audience .
0	Soulemane takes no apparent joy in making movies , and he gives none to the audience .	X takes no apparent joy in making movies , and X gives none to the audience .
0	Remco takes no apparent joy in making movies , and he gives none to the audience .	X takes no apparent joy in making movies , and X gives none to the audience .
0	Arjen takes no apparent joy in making movies , and he gives none to the audience .	X takes no apparent joy in making movies , and X gives none to the audience .
0	Manindra takes no apparent joy in making movies , and he gives none to the audience .	X takes no apparent joy in making movies , and X gives none to the audience .
0	Epiteto takes no apparent joy in making movies , and he gives none to the audience .	X takes no apparent joy in making movies , and X gives none to the audience .
0	Pianco takes no apparent joy in making movies , and he gives none to the audience .	X takes no apparent joy in making movies , and X gives none to the audience .
0	Cotsos takes no apparent joy in making movies , and he gives none to the audience .	X takes no apparent joy in making movies , and X gives none to the audience .
0	Chengyu takes no apparent joy in making movies , and he gives none to the audience .	X takes no apparent joy in making movies , and X gives none to the audience .
0	Rostislav takes no apparent joy in making movies , and he gives none to the audience .	X takes no apparent joy in making movies , and X gives none to the audience .
0	Mayur takes no apparent joy in making movies , and he gives none to the audience .	X takes no apparent joy in making movies , and X gives none to the audience .
0	Xhuliano takes no apparent joy in making movies , and he gives none to the audience .	X takes no apparent joy in making movies , and X gives none to the audience .
0	Мамант takes no apparent joy in making movies , and he gives none to the audience .	X takes no apparent joy in making movies , and X gives none to the audience .
0	Remme takes no apparent joy in making movies , and he gives none to the audience .	X takes no apparent joy in making movies , and X gives none to the audience .
0	Bhadrasraya takes no apparent joy in making movies , and he gives none to the audience .	X takes no apparent joy in making movies , and X gives none to the audience .
0	Roene takes no apparent joy in making movies , and he gives none to the audience .	X takes no apparent joy in making movies , and X gives none to the audience .
0	Ubayd takes no apparent joy in making movies , and he gives none to the audience .	X takes no apparent joy in making movies , and X gives none to the audience .
0	Stig takes no apparent joy in making movies , and he gives none to the audience .	X takes no apparent joy in making movies , and X gives none to the audience .
0	Tymon takes no apparent joy in making movies , and he gives none to the audience .	X takes no apparent joy in making movies , and X gives none to the audience .
0	Berrie takes no apparent joy in making movies , and he gives none to the audience .	X takes no apparent joy in making movies , and X gives none to the audience .
0	Акиндин takes no apparent joy in making movies , and he gives none to the audience .	X takes no apparent joy in making movies , and X gives none to the audience .
0	Danyar takes no apparent joy in making movies , and he gives none to the audience .	X takes no apparent joy in making movies , and X gives none to the audience .
0	Sveya takes no apparent joy in making movies , and she gives none to the audience .	X takes no apparent joy in making movies , and X gives none to the audience .
0	Suri takes no apparent joy in making movies , and she gives none to the audience .	X takes no apparent joy in making movies , and X gives none to the audience .
0	Men takes no apparent joy in making movies , and she gives none to the audience .	X takes no apparent joy in making movies , and X gives none to the audience .
0	Conliane takes no apparent joy in making movies , and she gives none to the audience .	X takes no apparent joy in making movies , and X gives none to the audience .
0	Modestie takes no apparent joy in making movies , and she gives none to the audience .	X takes no apparent joy in making movies , and X gives none to the audience .
0	Aleagh takes no apparent joy in making movies , and she gives none to the audience .	X takes no apparent joy in making movies , and X gives none to the audience .
0	Gezime takes no apparent joy in making movies , and she gives none to the audience .	X takes no apparent joy in making movies , and X gives none to the audience .
0	Thananya takes no apparent joy in making movies , and she gives none to the audience .	X takes no apparent joy in making movies , and X gives none to the audience .
0	Mayssan takes no apparent joy in making movies , and she gives none to the audience .	X takes no apparent joy in making movies , and X gives none to the audience .
0	Amelina takes no apparent joy in making movies , and she gives none to the audience .	X takes no apparent joy in making movies , and X gives none to the audience .
0	Julissa takes no apparent joy in making movies , and she gives none to the audience .	X takes no apparent joy in making movies , and X gives none to the audience .
0	Chihiro takes no apparent joy in making movies , and she gives none to the audience .	X takes no apparent joy in making movies , and X gives none to the audience .
0	Jocelinne takes no apparent joy in making movies , and she gives none to the audience .	X takes no apparent joy in making movies , and X gives none to the audience .
0	Marie-Noel takes no apparent joy in making movies , and she gives none to the audience .	X takes no apparent joy in making movies , and X gives none to the audience .
0	Phairin takes no apparent joy in making movies , and she gives none to the audience .	X takes no apparent joy in making movies , and X gives none to the audience .
0	Zoïtsa takes no apparent joy in making movies , and she gives none to the audience .	X takes no apparent joy in making movies , and X gives none to the audience .
0	Elyesea takes no apparent joy in making movies , and she gives none to the audience .	X takes no apparent joy in making movies , and X gives none to the audience .
0	Souhayla takes no apparent joy in making movies , and she gives none to the audience .	X takes no apparent joy in making movies , and X gives none to the audience .
0	Toke takes no apparent joy in making movies , and she gives none to the audience .	X takes no apparent joy in making movies , and X gives none to the audience .
0	Venora takes no apparent joy in making movies , and she gives none to the audience .	X takes no apparent joy in making movies , and X gives none to the audience .
0	Orphi takes no apparent joy in making movies , and she gives none to the audience .	X takes no apparent joy in making movies , and X gives none to the audience .
0	Luane takes no apparent joy in making movies , and she gives none to the audience .	X takes no apparent joy in making movies , and X gives none to the audience .
0	Bicetta takes no apparent joy in making movies , and she gives none to the audience .	X takes no apparent joy in making movies , and X gives none to the audience .
0	Tendy takes no apparent joy in making movies , and she gives none to the audience .	X takes no apparent joy in making movies , and X gives none to the audience .
0	Ethelle takes no apparent joy in making movies , and she gives none to the audience .	X takes no apparent joy in making movies , and X gives none to the audience .
0	Elaisha takes no apparent joy in making movies , and she gives none to the audience .	X takes no apparent joy in making movies , and X gives none to the audience .
0	Gertruda takes no apparent joy in making movies , and she gives none to the audience .	X takes no apparent joy in making movies , and X gives none to the audience .
0	Martusia takes no apparent joy in making movies , and she gives none to the audience .	X takes no apparent joy in making movies , and X gives none to the audience .
0	Feyme takes no apparent joy in making movies , and she gives none to the audience .	X takes no apparent joy in making movies , and X gives none to the audience .
0	Auphelie takes no apparent joy in making movies , and she gives none to the audience .	X takes no apparent joy in making movies , and X gives none to the audience .
