1	Palona helps breathe some life into the insubstantial plot , but even he is overwhelmed by predictability .	X helps breathe some life into the insubstantial plot , but even X is overwhelmed by predictability .
1	Benedetto helps breathe some life into the insubstantial plot , but even he is overwhelmed by predictability .	X helps breathe some life into the insubstantial plot , but even X is overwhelmed by predictability .
1	Kallimah helps breathe some life into the insubstantial plot , but even he is overwhelmed by predictability .	X helps breathe some life into the insubstantial plot , but even X is overwhelmed by predictability .
1	Xudong helps breathe some life into the insubstantial plot , but even he is overwhelmed by predictability .	X helps breathe some life into the insubstantial plot , but even X is overwhelmed by predictability .
1	Xilian helps breathe some life into the insubstantial plot , but even he is overwhelmed by predictability .	X helps breathe some life into the insubstantial plot , but even X is overwhelmed by predictability .
1	Galian helps breathe some life into the insubstantial plot , but even he is overwhelmed by predictability .	X helps breathe some life into the insubstantial plot , but even X is overwhelmed by predictability .
1	Nefis helps breathe some life into the insubstantial plot , but even he is overwhelmed by predictability .	X helps breathe some life into the insubstantial plot , but even X is overwhelmed by predictability .
1	Lynott helps breathe some life into the insubstantial plot , but even he is overwhelmed by predictability .	X helps breathe some life into the insubstantial plot , but even X is overwhelmed by predictability .
1	Avraamij helps breathe some life into the insubstantial plot , but even he is overwhelmed by predictability .	X helps breathe some life into the insubstantial plot , but even X is overwhelmed by predictability .
1	Soulemane helps breathe some life into the insubstantial plot , but even he is overwhelmed by predictability .	X helps breathe some life into the insubstantial plot , but even X is overwhelmed by predictability .
1	Remco helps breathe some life into the insubstantial plot , but even he is overwhelmed by predictability .	X helps breathe some life into the insubstantial plot , but even X is overwhelmed by predictability .
1	Arjen helps breathe some life into the insubstantial plot , but even he is overwhelmed by predictability .	X helps breathe some life into the insubstantial plot , but even X is overwhelmed by predictability .
1	Manindra helps breathe some life into the insubstantial plot , but even he is overwhelmed by predictability .	X helps breathe some life into the insubstantial plot , but even X is overwhelmed by predictability .
1	Epiteto helps breathe some life into the insubstantial plot , but even he is overwhelmed by predictability .	X helps breathe some life into the insubstantial plot , but even X is overwhelmed by predictability .
1	Pianco helps breathe some life into the insubstantial plot , but even he is overwhelmed by predictability .	X helps breathe some life into the insubstantial plot , but even X is overwhelmed by predictability .
1	Cotsos helps breathe some life into the insubstantial plot , but even he is overwhelmed by predictability .	X helps breathe some life into the insubstantial plot , but even X is overwhelmed by predictability .
1	Chengyu helps breathe some life into the insubstantial plot , but even he is overwhelmed by predictability .	X helps breathe some life into the insubstantial plot , but even X is overwhelmed by predictability .
1	Rostislav helps breathe some life into the insubstantial plot , but even he is overwhelmed by predictability .	X helps breathe some life into the insubstantial plot , but even X is overwhelmed by predictability .
1	Mayur helps breathe some life into the insubstantial plot , but even he is overwhelmed by predictability .	X helps breathe some life into the insubstantial plot , but even X is overwhelmed by predictability .
1	Xhuliano helps breathe some life into the insubstantial plot , but even he is overwhelmed by predictability .	X helps breathe some life into the insubstantial plot , but even X is overwhelmed by predictability .
1	Мамант helps breathe some life into the insubstantial plot , but even he is overwhelmed by predictability .	X helps breathe some life into the insubstantial plot , but even X is overwhelmed by predictability .
1	Remme helps breathe some life into the insubstantial plot , but even he is overwhelmed by predictability .	X helps breathe some life into the insubstantial plot , but even X is overwhelmed by predictability .
1	Bhadrasraya helps breathe some life into the insubstantial plot , but even he is overwhelmed by predictability .	X helps breathe some life into the insubstantial plot , but even X is overwhelmed by predictability .
1	Roene helps breathe some life into the insubstantial plot , but even he is overwhelmed by predictability .	X helps breathe some life into the insubstantial plot , but even X is overwhelmed by predictability .
1	Ubayd helps breathe some life into the insubstantial plot , but even he is overwhelmed by predictability .	X helps breathe some life into the insubstantial plot , but even X is overwhelmed by predictability .
1	Stig helps breathe some life into the insubstantial plot , but even he is overwhelmed by predictability .	X helps breathe some life into the insubstantial plot , but even X is overwhelmed by predictability .
1	Tymon helps breathe some life into the insubstantial plot , but even he is overwhelmed by predictability .	X helps breathe some life into the insubstantial plot , but even X is overwhelmed by predictability .
1	Berrie helps breathe some life into the insubstantial plot , but even he is overwhelmed by predictability .	X helps breathe some life into the insubstantial plot , but even X is overwhelmed by predictability .
1	Акиндин helps breathe some life into the insubstantial plot , but even he is overwhelmed by predictability .	X helps breathe some life into the insubstantial plot , but even X is overwhelmed by predictability .
1	Danyar helps breathe some life into the insubstantial plot , but even he is overwhelmed by predictability .	X helps breathe some life into the insubstantial plot , but even X is overwhelmed by predictability .
1	Sveya helps breathe some life into the insubstantial plot , but even she is overwhelmed by predictability .	X helps breathe some life into the insubstantial plot , but even X is overwhelmed by predictability .
1	Suri helps breathe some life into the insubstantial plot , but even she is overwhelmed by predictability .	X helps breathe some life into the insubstantial plot , but even X is overwhelmed by predictability .
1	Men helps breathe some life into the insubstantial plot , but even she is overwhelmed by predictability .	X helps breathe some life into the insubstantial plot , but even X is overwhelmed by predictability .
1	Conliane helps breathe some life into the insubstantial plot , but even she is overwhelmed by predictability .	X helps breathe some life into the insubstantial plot , but even X is overwhelmed by predictability .
1	Modestie helps breathe some life into the insubstantial plot , but even she is overwhelmed by predictability .	X helps breathe some life into the insubstantial plot , but even X is overwhelmed by predictability .
1	Aleagh helps breathe some life into the insubstantial plot , but even she is overwhelmed by predictability .	X helps breathe some life into the insubstantial plot , but even X is overwhelmed by predictability .
1	Gezime helps breathe some life into the insubstantial plot , but even she is overwhelmed by predictability .	X helps breathe some life into the insubstantial plot , but even X is overwhelmed by predictability .
1	Thananya helps breathe some life into the insubstantial plot , but even she is overwhelmed by predictability .	X helps breathe some life into the insubstantial plot , but even X is overwhelmed by predictability .
1	Mayssan helps breathe some life into the insubstantial plot , but even she is overwhelmed by predictability .	X helps breathe some life into the insubstantial plot , but even X is overwhelmed by predictability .
1	Amelina helps breathe some life into the insubstantial plot , but even she is overwhelmed by predictability .	X helps breathe some life into the insubstantial plot , but even X is overwhelmed by predictability .
1	Julissa helps breathe some life into the insubstantial plot , but even she is overwhelmed by predictability .	X helps breathe some life into the insubstantial plot , but even X is overwhelmed by predictability .
1	Chihiro helps breathe some life into the insubstantial plot , but even she is overwhelmed by predictability .	X helps breathe some life into the insubstantial plot , but even X is overwhelmed by predictability .
1	Jocelinne helps breathe some life into the insubstantial plot , but even she is overwhelmed by predictability .	X helps breathe some life into the insubstantial plot , but even X is overwhelmed by predictability .
1	Marie-Noel helps breathe some life into the insubstantial plot , but even she is overwhelmed by predictability .	X helps breathe some life into the insubstantial plot , but even X is overwhelmed by predictability .
1	Phairin helps breathe some life into the insubstantial plot , but even she is overwhelmed by predictability .	X helps breathe some life into the insubstantial plot , but even X is overwhelmed by predictability .
1	Zoïtsa helps breathe some life into the insubstantial plot , but even she is overwhelmed by predictability .	X helps breathe some life into the insubstantial plot , but even X is overwhelmed by predictability .
1	Elyesea helps breathe some life into the insubstantial plot , but even she is overwhelmed by predictability .	X helps breathe some life into the insubstantial plot , but even X is overwhelmed by predictability .
1	Souhayla helps breathe some life into the insubstantial plot , but even she is overwhelmed by predictability .	X helps breathe some life into the insubstantial plot , but even X is overwhelmed by predictability .
1	Toke helps breathe some life into the insubstantial plot , but even she is overwhelmed by predictability .	X helps breathe some life into the insubstantial plot , but even X is overwhelmed by predictability .
1	Venora helps breathe some life into the insubstantial plot , but even she is overwhelmed by predictability .	X helps breathe some life into the insubstantial plot , but even X is overwhelmed by predictability .
1	Orphi helps breathe some life into the insubstantial plot , but even she is overwhelmed by predictability .	X helps breathe some life into the insubstantial plot , but even X is overwhelmed by predictability .
1	Luane helps breathe some life into the insubstantial plot , but even she is overwhelmed by predictability .	X helps breathe some life into the insubstantial plot , but even X is overwhelmed by predictability .
1	Bicetta helps breathe some life into the insubstantial plot , but even she is overwhelmed by predictability .	X helps breathe some life into the insubstantial plot , but even X is overwhelmed by predictability .
1	Tendy helps breathe some life into the insubstantial plot , but even she is overwhelmed by predictability .	X helps breathe some life into the insubstantial plot , but even X is overwhelmed by predictability .
1	Ethelle helps breathe some life into the insubstantial plot , but even she is overwhelmed by predictability .	X helps breathe some life into the insubstantial plot , but even X is overwhelmed by predictability .
1	Elaisha helps breathe some life into the insubstantial plot , but even she is overwhelmed by predictability .	X helps breathe some life into the insubstantial plot , but even X is overwhelmed by predictability .
1	Gertruda helps breathe some life into the insubstantial plot , but even she is overwhelmed by predictability .	X helps breathe some life into the insubstantial plot , but even X is overwhelmed by predictability .
1	Martusia helps breathe some life into the insubstantial plot , but even she is overwhelmed by predictability .	X helps breathe some life into the insubstantial plot , but even X is overwhelmed by predictability .
1	Feyme helps breathe some life into the insubstantial plot , but even she is overwhelmed by predictability .	X helps breathe some life into the insubstantial plot , but even X is overwhelmed by predictability .
1	Auphelie helps breathe some life into the insubstantial plot , but even she is overwhelmed by predictability .	X helps breathe some life into the insubstantial plot , but even X is overwhelmed by predictability .
