0	Palona has performed a difficult task indeed - he 's taken one of the world 's most fascinating stories and made it dull , lifeless , and irritating .	X has performed a difficult task indeed - X 's taken one of the world 's most fascinating stories and made it dull , lifeless , and irritating .
0	Benedetto has performed a difficult task indeed - he 's taken one of the world 's most fascinating stories and made it dull , lifeless , and irritating .	X has performed a difficult task indeed - X 's taken one of the world 's most fascinating stories and made it dull , lifeless , and irritating .
0	Kallimah has performed a difficult task indeed - he 's taken one of the world 's most fascinating stories and made it dull , lifeless , and irritating .	X has performed a difficult task indeed - X 's taken one of the world 's most fascinating stories and made it dull , lifeless , and irritating .
0	Xudong has performed a difficult task indeed - he 's taken one of the world 's most fascinating stories and made it dull , lifeless , and irritating .	X has performed a difficult task indeed - X 's taken one of the world 's most fascinating stories and made it dull , lifeless , and irritating .
0	Xilian has performed a difficult task indeed - he 's taken one of the world 's most fascinating stories and made it dull , lifeless , and irritating .	X has performed a difficult task indeed - X 's taken one of the world 's most fascinating stories and made it dull , lifeless , and irritating .
0	Galian has performed a difficult task indeed - he 's taken one of the world 's most fascinating stories and made it dull , lifeless , and irritating .	X has performed a difficult task indeed - X 's taken one of the world 's most fascinating stories and made it dull , lifeless , and irritating .
0	Nefis has performed a difficult task indeed - he 's taken one of the world 's most fascinating stories and made it dull , lifeless , and irritating .	X has performed a difficult task indeed - X 's taken one of the world 's most fascinating stories and made it dull , lifeless , and irritating .
0	Lynott has performed a difficult task indeed - he 's taken one of the world 's most fascinating stories and made it dull , lifeless , and irritating .	X has performed a difficult task indeed - X 's taken one of the world 's most fascinating stories and made it dull , lifeless , and irritating .
0	Avraamij has performed a difficult task indeed - he 's taken one of the world 's most fascinating stories and made it dull , lifeless , and irritating .	X has performed a difficult task indeed - X 's taken one of the world 's most fascinating stories and made it dull , lifeless , and irritating .
0	Soulemane has performed a difficult task indeed - he 's taken one of the world 's most fascinating stories and made it dull , lifeless , and irritating .	X has performed a difficult task indeed - X 's taken one of the world 's most fascinating stories and made it dull , lifeless , and irritating .
0	Remco has performed a difficult task indeed - he 's taken one of the world 's most fascinating stories and made it dull , lifeless , and irritating .	X has performed a difficult task indeed - X 's taken one of the world 's most fascinating stories and made it dull , lifeless , and irritating .
0	Arjen has performed a difficult task indeed - he 's taken one of the world 's most fascinating stories and made it dull , lifeless , and irritating .	X has performed a difficult task indeed - X 's taken one of the world 's most fascinating stories and made it dull , lifeless , and irritating .
0	Manindra has performed a difficult task indeed - he 's taken one of the world 's most fascinating stories and made it dull , lifeless , and irritating .	X has performed a difficult task indeed - X 's taken one of the world 's most fascinating stories and made it dull , lifeless , and irritating .
0	Epiteto has performed a difficult task indeed - he 's taken one of the world 's most fascinating stories and made it dull , lifeless , and irritating .	X has performed a difficult task indeed - X 's taken one of the world 's most fascinating stories and made it dull , lifeless , and irritating .
0	Pianco has performed a difficult task indeed - he 's taken one of the world 's most fascinating stories and made it dull , lifeless , and irritating .	X has performed a difficult task indeed - X 's taken one of the world 's most fascinating stories and made it dull , lifeless , and irritating .
0	Cotsos has performed a difficult task indeed - he 's taken one of the world 's most fascinating stories and made it dull , lifeless , and irritating .	X has performed a difficult task indeed - X 's taken one of the world 's most fascinating stories and made it dull , lifeless , and irritating .
0	Chengyu has performed a difficult task indeed - he 's taken one of the world 's most fascinating stories and made it dull , lifeless , and irritating .	X has performed a difficult task indeed - X 's taken one of the world 's most fascinating stories and made it dull , lifeless , and irritating .
0	Rostislav has performed a difficult task indeed - he 's taken one of the world 's most fascinating stories and made it dull , lifeless , and irritating .	X has performed a difficult task indeed - X 's taken one of the world 's most fascinating stories and made it dull , lifeless , and irritating .
0	Mayur has performed a difficult task indeed - he 's taken one of the world 's most fascinating stories and made it dull , lifeless , and irritating .	X has performed a difficult task indeed - X 's taken one of the world 's most fascinating stories and made it dull , lifeless , and irritating .
0	Xhuliano has performed a difficult task indeed - he 's taken one of the world 's most fascinating stories and made it dull , lifeless , and irritating .	X has performed a difficult task indeed - X 's taken one of the world 's most fascinating stories and made it dull , lifeless , and irritating .
0	Мамант has performed a difficult task indeed - he 's taken one of the world 's most fascinating stories and made it dull , lifeless , and irritating .	X has performed a difficult task indeed - X 's taken one of the world 's most fascinating stories and made it dull , lifeless , and irritating .
0	Remme has performed a difficult task indeed - he 's taken one of the world 's most fascinating stories and made it dull , lifeless , and irritating .	X has performed a difficult task indeed - X 's taken one of the world 's most fascinating stories and made it dull , lifeless , and irritating .
0	Bhadrasraya has performed a difficult task indeed - he 's taken one of the world 's most fascinating stories and made it dull , lifeless , and irritating .	X has performed a difficult task indeed - X 's taken one of the world 's most fascinating stories and made it dull , lifeless , and irritating .
0	Roene has performed a difficult task indeed - he 's taken one of the world 's most fascinating stories and made it dull , lifeless , and irritating .	X has performed a difficult task indeed - X 's taken one of the world 's most fascinating stories and made it dull , lifeless , and irritating .
0	Ubayd has performed a difficult task indeed - he 's taken one of the world 's most fascinating stories and made it dull , lifeless , and irritating .	X has performed a difficult task indeed - X 's taken one of the world 's most fascinating stories and made it dull , lifeless , and irritating .
0	Stig has performed a difficult task indeed - he 's taken one of the world 's most fascinating stories and made it dull , lifeless , and irritating .	X has performed a difficult task indeed - X 's taken one of the world 's most fascinating stories and made it dull , lifeless , and irritating .
0	Tymon has performed a difficult task indeed - he 's taken one of the world 's most fascinating stories and made it dull , lifeless , and irritating .	X has performed a difficult task indeed - X 's taken one of the world 's most fascinating stories and made it dull , lifeless , and irritating .
0	Berrie has performed a difficult task indeed - he 's taken one of the world 's most fascinating stories and made it dull , lifeless , and irritating .	X has performed a difficult task indeed - X 's taken one of the world 's most fascinating stories and made it dull , lifeless , and irritating .
0	Акиндин has performed a difficult task indeed - he 's taken one of the world 's most fascinating stories and made it dull , lifeless , and irritating .	X has performed a difficult task indeed - X 's taken one of the world 's most fascinating stories and made it dull , lifeless , and irritating .
0	Danyar has performed a difficult task indeed - he 's taken one of the world 's most fascinating stories and made it dull , lifeless , and irritating .	X has performed a difficult task indeed - X 's taken one of the world 's most fascinating stories and made it dull , lifeless , and irritating .
0	Sveya has performed a difficult task indeed - she 's taken one of the world 's most fascinating stories and made it dull , lifeless , and irritating .	X has performed a difficult task indeed - X 's taken one of the world 's most fascinating stories and made it dull , lifeless , and irritating .
0	Suri has performed a difficult task indeed - she 's taken one of the world 's most fascinating stories and made it dull , lifeless , and irritating .	X has performed a difficult task indeed - X 's taken one of the world 's most fascinating stories and made it dull , lifeless , and irritating .
0	Men has performed a difficult task indeed - she 's taken one of the world 's most fascinating stories and made it dull , lifeless , and irritating .	X has performed a difficult task indeed - X 's taken one of the world 's most fascinating stories and made it dull , lifeless , and irritating .
0	Conliane has performed a difficult task indeed - she 's taken one of the world 's most fascinating stories and made it dull , lifeless , and irritating .	X has performed a difficult task indeed - X 's taken one of the world 's most fascinating stories and made it dull , lifeless , and irritating .
0	Modestie has performed a difficult task indeed - she 's taken one of the world 's most fascinating stories and made it dull , lifeless , and irritating .	X has performed a difficult task indeed - X 's taken one of the world 's most fascinating stories and made it dull , lifeless , and irritating .
0	Aleagh has performed a difficult task indeed - she 's taken one of the world 's most fascinating stories and made it dull , lifeless , and irritating .	X has performed a difficult task indeed - X 's taken one of the world 's most fascinating stories and made it dull , lifeless , and irritating .
0	Gezime has performed a difficult task indeed - she 's taken one of the world 's most fascinating stories and made it dull , lifeless , and irritating .	X has performed a difficult task indeed - X 's taken one of the world 's most fascinating stories and made it dull , lifeless , and irritating .
0	Thananya has performed a difficult task indeed - she 's taken one of the world 's most fascinating stories and made it dull , lifeless , and irritating .	X has performed a difficult task indeed - X 's taken one of the world 's most fascinating stories and made it dull , lifeless , and irritating .
0	Mayssan has performed a difficult task indeed - she 's taken one of the world 's most fascinating stories and made it dull , lifeless , and irritating .	X has performed a difficult task indeed - X 's taken one of the world 's most fascinating stories and made it dull , lifeless , and irritating .
0	Amelina has performed a difficult task indeed - she 's taken one of the world 's most fascinating stories and made it dull , lifeless , and irritating .	X has performed a difficult task indeed - X 's taken one of the world 's most fascinating stories and made it dull , lifeless , and irritating .
0	Julissa has performed a difficult task indeed - she 's taken one of the world 's most fascinating stories and made it dull , lifeless , and irritating .	X has performed a difficult task indeed - X 's taken one of the world 's most fascinating stories and made it dull , lifeless , and irritating .
0	Chihiro has performed a difficult task indeed - she 's taken one of the world 's most fascinating stories and made it dull , lifeless , and irritating .	X has performed a difficult task indeed - X 's taken one of the world 's most fascinating stories and made it dull , lifeless , and irritating .
0	Jocelinne has performed a difficult task indeed - she 's taken one of the world 's most fascinating stories and made it dull , lifeless , and irritating .	X has performed a difficult task indeed - X 's taken one of the world 's most fascinating stories and made it dull , lifeless , and irritating .
0	Marie-Noel has performed a difficult task indeed - she 's taken one of the world 's most fascinating stories and made it dull , lifeless , and irritating .	X has performed a difficult task indeed - X 's taken one of the world 's most fascinating stories and made it dull , lifeless , and irritating .
0	Phairin has performed a difficult task indeed - she 's taken one of the world 's most fascinating stories and made it dull , lifeless , and irritating .	X has performed a difficult task indeed - X 's taken one of the world 's most fascinating stories and made it dull , lifeless , and irritating .
0	Zoïtsa has performed a difficult task indeed - she 's taken one of the world 's most fascinating stories and made it dull , lifeless , and irritating .	X has performed a difficult task indeed - X 's taken one of the world 's most fascinating stories and made it dull , lifeless , and irritating .
0	Elyesea has performed a difficult task indeed - she 's taken one of the world 's most fascinating stories and made it dull , lifeless , and irritating .	X has performed a difficult task indeed - X 's taken one of the world 's most fascinating stories and made it dull , lifeless , and irritating .
0	Souhayla has performed a difficult task indeed - she 's taken one of the world 's most fascinating stories and made it dull , lifeless , and irritating .	X has performed a difficult task indeed - X 's taken one of the world 's most fascinating stories and made it dull , lifeless , and irritating .
0	Toke has performed a difficult task indeed - she 's taken one of the world 's most fascinating stories and made it dull , lifeless , and irritating .	X has performed a difficult task indeed - X 's taken one of the world 's most fascinating stories and made it dull , lifeless , and irritating .
0	Venora has performed a difficult task indeed - she 's taken one of the world 's most fascinating stories and made it dull , lifeless , and irritating .	X has performed a difficult task indeed - X 's taken one of the world 's most fascinating stories and made it dull , lifeless , and irritating .
0	Orphi has performed a difficult task indeed - she 's taken one of the world 's most fascinating stories and made it dull , lifeless , and irritating .	X has performed a difficult task indeed - X 's taken one of the world 's most fascinating stories and made it dull , lifeless , and irritating .
0	Luane has performed a difficult task indeed - she 's taken one of the world 's most fascinating stories and made it dull , lifeless , and irritating .	X has performed a difficult task indeed - X 's taken one of the world 's most fascinating stories and made it dull , lifeless , and irritating .
0	Bicetta has performed a difficult task indeed - she 's taken one of the world 's most fascinating stories and made it dull , lifeless , and irritating .	X has performed a difficult task indeed - X 's taken one of the world 's most fascinating stories and made it dull , lifeless , and irritating .
0	Tendy has performed a difficult task indeed - she 's taken one of the world 's most fascinating stories and made it dull , lifeless , and irritating .	X has performed a difficult task indeed - X 's taken one of the world 's most fascinating stories and made it dull , lifeless , and irritating .
0	Ethelle has performed a difficult task indeed - she 's taken one of the world 's most fascinating stories and made it dull , lifeless , and irritating .	X has performed a difficult task indeed - X 's taken one of the world 's most fascinating stories and made it dull , lifeless , and irritating .
0	Elaisha has performed a difficult task indeed - she 's taken one of the world 's most fascinating stories and made it dull , lifeless , and irritating .	X has performed a difficult task indeed - X 's taken one of the world 's most fascinating stories and made it dull , lifeless , and irritating .
0	Gertruda has performed a difficult task indeed - she 's taken one of the world 's most fascinating stories and made it dull , lifeless , and irritating .	X has performed a difficult task indeed - X 's taken one of the world 's most fascinating stories and made it dull , lifeless , and irritating .
0	Martusia has performed a difficult task indeed - she 's taken one of the world 's most fascinating stories and made it dull , lifeless , and irritating .	X has performed a difficult task indeed - X 's taken one of the world 's most fascinating stories and made it dull , lifeless , and irritating .
0	Feyme has performed a difficult task indeed - she 's taken one of the world 's most fascinating stories and made it dull , lifeless , and irritating .	X has performed a difficult task indeed - X 's taken one of the world 's most fascinating stories and made it dull , lifeless , and irritating .
0	Auphelie has performed a difficult task indeed - she 's taken one of the world 's most fascinating stories and made it dull , lifeless , and irritating .	X has performed a difficult task indeed - X 's taken one of the world 's most fascinating stories and made it dull , lifeless , and irritating .
