0	Normally , Palona 's talky films fascinate me , but when he moves his setting to the past , and relies on a historical text , he loses the richness of characterization that makes his films so memorable .	Normally , X 's talky films fascinate me , but when X moves X's setting to the past , and relies on a historical text , X loses the richness of characterization that makes X's films so memorable .
0	Normally , Benedetto 's talky films fascinate me , but when he moves his setting to the past , and relies on a historical text , he loses the richness of characterization that makes his films so memorable .	Normally , X 's talky films fascinate me , but when X moves X's setting to the past , and relies on a historical text , X loses the richness of characterization that makes X's films so memorable .
0	Normally , Kallimah 's talky films fascinate me , but when he moves his setting to the past , and relies on a historical text , he loses the richness of characterization that makes his films so memorable .	Normally , X 's talky films fascinate me , but when X moves X's setting to the past , and relies on a historical text , X loses the richness of characterization that makes X's films so memorable .
0	Normally , Xudong 's talky films fascinate me , but when he moves his setting to the past , and relies on a historical text , he loses the richness of characterization that makes his films so memorable .	Normally , X 's talky films fascinate me , but when X moves X's setting to the past , and relies on a historical text , X loses the richness of characterization that makes X's films so memorable .
0	Normally , Xilian 's talky films fascinate me , but when he moves his setting to the past , and relies on a historical text , he loses the richness of characterization that makes his films so memorable .	Normally , X 's talky films fascinate me , but when X moves X's setting to the past , and relies on a historical text , X loses the richness of characterization that makes X's films so memorable .
0	Normally , Galian 's talky films fascinate me , but when he moves his setting to the past , and relies on a historical text , he loses the richness of characterization that makes his films so memorable .	Normally , X 's talky films fascinate me , but when X moves X's setting to the past , and relies on a historical text , X loses the richness of characterization that makes X's films so memorable .
0	Normally , Nefis 's talky films fascinate me , but when he moves his setting to the past , and relies on a historical text , he loses the richness of characterization that makes his films so memorable .	Normally , X 's talky films fascinate me , but when X moves X's setting to the past , and relies on a historical text , X loses the richness of characterization that makes X's films so memorable .
0	Normally , Lynott 's talky films fascinate me , but when he moves his setting to the past , and relies on a historical text , he loses the richness of characterization that makes his films so memorable .	Normally , X 's talky films fascinate me , but when X moves X's setting to the past , and relies on a historical text , X loses the richness of characterization that makes X's films so memorable .
0	Normally , Avraamij 's talky films fascinate me , but when he moves his setting to the past , and relies on a historical text , he loses the richness of characterization that makes his films so memorable .	Normally , X 's talky films fascinate me , but when X moves X's setting to the past , and relies on a historical text , X loses the richness of characterization that makes X's films so memorable .
0	Normally , Soulemane 's talky films fascinate me , but when he moves his setting to the past , and relies on a historical text , he loses the richness of characterization that makes his films so memorable .	Normally , X 's talky films fascinate me , but when X moves X's setting to the past , and relies on a historical text , X loses the richness of characterization that makes X's films so memorable .
0	Normally , Remco 's talky films fascinate me , but when he moves his setting to the past , and relies on a historical text , he loses the richness of characterization that makes his films so memorable .	Normally , X 's talky films fascinate me , but when X moves X's setting to the past , and relies on a historical text , X loses the richness of characterization that makes X's films so memorable .
0	Normally , Arjen 's talky films fascinate me , but when he moves his setting to the past , and relies on a historical text , he loses the richness of characterization that makes his films so memorable .	Normally , X 's talky films fascinate me , but when X moves X's setting to the past , and relies on a historical text , X loses the richness of characterization that makes X's films so memorable .
0	Normally , Manindra 's talky films fascinate me , but when he moves his setting to the past , and relies on a historical text , he loses the richness of characterization that makes his films so memorable .	Normally , X 's talky films fascinate me , but when X moves X's setting to the past , and relies on a historical text , X loses the richness of characterization that makes X's films so memorable .
0	Normally , Epiteto 's talky films fascinate me , but when he moves his setting to the past , and relies on a historical text , he loses the richness of characterization that makes his films so memorable .	Normally , X 's talky films fascinate me , but when X moves X's setting to the past , and relies on a historical text , X loses the richness of characterization that makes X's films so memorable .
0	Normally , Pianco 's talky films fascinate me , but when he moves his setting to the past , and relies on a historical text , he loses the richness of characterization that makes his films so memorable .	Normally , X 's talky films fascinate me , but when X moves X's setting to the past , and relies on a historical text , X loses the richness of characterization that makes X's films so memorable .
0	Normally , Cotsos 's talky films fascinate me , but when he moves his setting to the past , and relies on a historical text , he loses the richness of characterization that makes his films so memorable .	Normally , X 's talky films fascinate me , but when X moves X's setting to the past , and relies on a historical text , X loses the richness of characterization that makes X's films so memorable .
0	Normally , Chengyu 's talky films fascinate me , but when he moves his setting to the past , and relies on a historical text , he loses the richness of characterization that makes his films so memorable .	Normally , X 's talky films fascinate me , but when X moves X's setting to the past , and relies on a historical text , X loses the richness of characterization that makes X's films so memorable .
0	Normally , Rostislav 's talky films fascinate me , but when he moves his setting to the past , and relies on a historical text , he loses the richness of characterization that makes his films so memorable .	Normally , X 's talky films fascinate me , but when X moves X's setting to the past , and relies on a historical text , X loses the richness of characterization that makes X's films so memorable .
0	Normally , Mayur 's talky films fascinate me , but when he moves his setting to the past , and relies on a historical text , he loses the richness of characterization that makes his films so memorable .	Normally , X 's talky films fascinate me , but when X moves X's setting to the past , and relies on a historical text , X loses the richness of characterization that makes X's films so memorable .
0	Normally , Xhuliano 's talky films fascinate me , but when he moves his setting to the past , and relies on a historical text , he loses the richness of characterization that makes his films so memorable .	Normally , X 's talky films fascinate me , but when X moves X's setting to the past , and relies on a historical text , X loses the richness of characterization that makes X's films so memorable .
0	Normally , Мамант 's talky films fascinate me , but when he moves his setting to the past , and relies on a historical text , he loses the richness of characterization that makes his films so memorable .	Normally , X 's talky films fascinate me , but when X moves X's setting to the past , and relies on a historical text , X loses the richness of characterization that makes X's films so memorable .
0	Normally , Remme 's talky films fascinate me , but when he moves his setting to the past , and relies on a historical text , he loses the richness of characterization that makes his films so memorable .	Normally , X 's talky films fascinate me , but when X moves X's setting to the past , and relies on a historical text , X loses the richness of characterization that makes X's films so memorable .
0	Normally , Bhadrasraya 's talky films fascinate me , but when he moves his setting to the past , and relies on a historical text , he loses the richness of characterization that makes his films so memorable .	Normally , X 's talky films fascinate me , but when X moves X's setting to the past , and relies on a historical text , X loses the richness of characterization that makes X's films so memorable .
0	Normally , Roene 's talky films fascinate me , but when he moves his setting to the past , and relies on a historical text , he loses the richness of characterization that makes his films so memorable .	Normally , X 's talky films fascinate me , but when X moves X's setting to the past , and relies on a historical text , X loses the richness of characterization that makes X's films so memorable .
0	Normally , Ubayd 's talky films fascinate me , but when he moves his setting to the past , and relies on a historical text , he loses the richness of characterization that makes his films so memorable .	Normally , X 's talky films fascinate me , but when X moves X's setting to the past , and relies on a historical text , X loses the richness of characterization that makes X's films so memorable .
0	Normally , Stig 's talky films fascinate me , but when he moves his setting to the past , and relies on a historical text , he loses the richness of characterization that makes his films so memorable .	Normally , X 's talky films fascinate me , but when X moves X's setting to the past , and relies on a historical text , X loses the richness of characterization that makes X's films so memorable .
0	Normally , Tymon 's talky films fascinate me , but when he moves his setting to the past , and relies on a historical text , he loses the richness of characterization that makes his films so memorable .	Normally , X 's talky films fascinate me , but when X moves X's setting to the past , and relies on a historical text , X loses the richness of characterization that makes X's films so memorable .
0	Normally , Berrie 's talky films fascinate me , but when he moves his setting to the past , and relies on a historical text , he loses the richness of characterization that makes his films so memorable .	Normally , X 's talky films fascinate me , but when X moves X's setting to the past , and relies on a historical text , X loses the richness of characterization that makes X's films so memorable .
0	Normally , Акиндин 's talky films fascinate me , but when he moves his setting to the past , and relies on a historical text , he loses the richness of characterization that makes his films so memorable .	Normally , X 's talky films fascinate me , but when X moves X's setting to the past , and relies on a historical text , X loses the richness of characterization that makes X's films so memorable .
0	Normally , Danyar 's talky films fascinate me , but when he moves his setting to the past , and relies on a historical text , he loses the richness of characterization that makes his films so memorable .	Normally , X 's talky films fascinate me , but when X moves X's setting to the past , and relies on a historical text , X loses the richness of characterization that makes X's films so memorable .
0	Normally , Sveya 's talky films fascinate me , but when she moves her setting to the past , and relies on a historical text , she loses the richness of characterization that makes her films so memorable .	Normally , X 's talky films fascinate me , but when X moves X's setting to the past , and relies on a historical text , X loses the richness of characterization that makes X's films so memorable .
0	Normally , Suri 's talky films fascinate me , but when she moves her setting to the past , and relies on a historical text , she loses the richness of characterization that makes her films so memorable .	Normally , X 's talky films fascinate me , but when X moves X's setting to the past , and relies on a historical text , X loses the richness of characterization that makes X's films so memorable .
0	Normally , Men 's talky films fascinate me , but when she moves her setting to the past , and relies on a historical text , she loses the richness of characterization that makes her films so memorable .	Normally , X 's talky films fascinate me , but when X moves X's setting to the past , and relies on a historical text , X loses the richness of characterization that makes X's films so memorable .
0	Normally , Conliane 's talky films fascinate me , but when she moves her setting to the past , and relies on a historical text , she loses the richness of characterization that makes her films so memorable .	Normally , X 's talky films fascinate me , but when X moves X's setting to the past , and relies on a historical text , X loses the richness of characterization that makes X's films so memorable .
0	Normally , Modestie 's talky films fascinate me , but when she moves her setting to the past , and relies on a historical text , she loses the richness of characterization that makes her films so memorable .	Normally , X 's talky films fascinate me , but when X moves X's setting to the past , and relies on a historical text , X loses the richness of characterization that makes X's films so memorable .
0	Normally , Aleagh 's talky films fascinate me , but when she moves her setting to the past , and relies on a historical text , she loses the richness of characterization that makes her films so memorable .	Normally , X 's talky films fascinate me , but when X moves X's setting to the past , and relies on a historical text , X loses the richness of characterization that makes X's films so memorable .
0	Normally , Gezime 's talky films fascinate me , but when she moves her setting to the past , and relies on a historical text , she loses the richness of characterization that makes her films so memorable .	Normally , X 's talky films fascinate me , but when X moves X's setting to the past , and relies on a historical text , X loses the richness of characterization that makes X's films so memorable .
0	Normally , Thananya 's talky films fascinate me , but when she moves her setting to the past , and relies on a historical text , she loses the richness of characterization that makes her films so memorable .	Normally , X 's talky films fascinate me , but when X moves X's setting to the past , and relies on a historical text , X loses the richness of characterization that makes X's films so memorable .
0	Normally , Mayssan 's talky films fascinate me , but when she moves her setting to the past , and relies on a historical text , she loses the richness of characterization that makes her films so memorable .	Normally , X 's talky films fascinate me , but when X moves X's setting to the past , and relies on a historical text , X loses the richness of characterization that makes X's films so memorable .
0	Normally , Amelina 's talky films fascinate me , but when she moves her setting to the past , and relies on a historical text , she loses the richness of characterization that makes her films so memorable .	Normally , X 's talky films fascinate me , but when X moves X's setting to the past , and relies on a historical text , X loses the richness of characterization that makes X's films so memorable .
0	Normally , Julissa 's talky films fascinate me , but when she moves her setting to the past , and relies on a historical text , she loses the richness of characterization that makes her films so memorable .	Normally , X 's talky films fascinate me , but when X moves X's setting to the past , and relies on a historical text , X loses the richness of characterization that makes X's films so memorable .
0	Normally , Chihiro 's talky films fascinate me , but when she moves her setting to the past , and relies on a historical text , she loses the richness of characterization that makes her films so memorable .	Normally , X 's talky films fascinate me , but when X moves X's setting to the past , and relies on a historical text , X loses the richness of characterization that makes X's films so memorable .
0	Normally , Jocelinne 's talky films fascinate me , but when she moves her setting to the past , and relies on a historical text , she loses the richness of characterization that makes her films so memorable .	Normally , X 's talky films fascinate me , but when X moves X's setting to the past , and relies on a historical text , X loses the richness of characterization that makes X's films so memorable .
0	Normally , Marie-Noel 's talky films fascinate me , but when she moves her setting to the past , and relies on a historical text , she loses the richness of characterization that makes her films so memorable .	Normally , X 's talky films fascinate me , but when X moves X's setting to the past , and relies on a historical text , X loses the richness of characterization that makes X's films so memorable .
0	Normally , Phairin 's talky films fascinate me , but when she moves her setting to the past , and relies on a historical text , she loses the richness of characterization that makes her films so memorable .	Normally , X 's talky films fascinate me , but when X moves X's setting to the past , and relies on a historical text , X loses the richness of characterization that makes X's films so memorable .
0	Normally , Zoïtsa 's talky films fascinate me , but when she moves her setting to the past , and relies on a historical text , she loses the richness of characterization that makes her films so memorable .	Normally , X 's talky films fascinate me , but when X moves X's setting to the past , and relies on a historical text , X loses the richness of characterization that makes X's films so memorable .
0	Normally , Elyesea 's talky films fascinate me , but when she moves her setting to the past , and relies on a historical text , she loses the richness of characterization that makes her films so memorable .	Normally , X 's talky films fascinate me , but when X moves X's setting to the past , and relies on a historical text , X loses the richness of characterization that makes X's films so memorable .
0	Normally , Souhayla 's talky films fascinate me , but when she moves her setting to the past , and relies on a historical text , she loses the richness of characterization that makes her films so memorable .	Normally , X 's talky films fascinate me , but when X moves X's setting to the past , and relies on a historical text , X loses the richness of characterization that makes X's films so memorable .
0	Normally , Toke 's talky films fascinate me , but when she moves her setting to the past , and relies on a historical text , she loses the richness of characterization that makes her films so memorable .	Normally , X 's talky films fascinate me , but when X moves X's setting to the past , and relies on a historical text , X loses the richness of characterization that makes X's films so memorable .
0	Normally , Venora 's talky films fascinate me , but when she moves her setting to the past , and relies on a historical text , she loses the richness of characterization that makes her films so memorable .	Normally , X 's talky films fascinate me , but when X moves X's setting to the past , and relies on a historical text , X loses the richness of characterization that makes X's films so memorable .
0	Normally , Orphi 's talky films fascinate me , but when she moves her setting to the past , and relies on a historical text , she loses the richness of characterization that makes her films so memorable .	Normally , X 's talky films fascinate me , but when X moves X's setting to the past , and relies on a historical text , X loses the richness of characterization that makes X's films so memorable .
0	Normally , Luane 's talky films fascinate me , but when she moves her setting to the past , and relies on a historical text , she loses the richness of characterization that makes her films so memorable .	Normally , X 's talky films fascinate me , but when X moves X's setting to the past , and relies on a historical text , X loses the richness of characterization that makes X's films so memorable .
0	Normally , Bicetta 's talky films fascinate me , but when she moves her setting to the past , and relies on a historical text , she loses the richness of characterization that makes her films so memorable .	Normally , X 's talky films fascinate me , but when X moves X's setting to the past , and relies on a historical text , X loses the richness of characterization that makes X's films so memorable .
0	Normally , Tendy 's talky films fascinate me , but when she moves her setting to the past , and relies on a historical text , she loses the richness of characterization that makes her films so memorable .	Normally , X 's talky films fascinate me , but when X moves X's setting to the past , and relies on a historical text , X loses the richness of characterization that makes X's films so memorable .
0	Normally , Ethelle 's talky films fascinate me , but when she moves her setting to the past , and relies on a historical text , she loses the richness of characterization that makes her films so memorable .	Normally , X 's talky films fascinate me , but when X moves X's setting to the past , and relies on a historical text , X loses the richness of characterization that makes X's films so memorable .
0	Normally , Elaisha 's talky films fascinate me , but when she moves her setting to the past , and relies on a historical text , she loses the richness of characterization that makes her films so memorable .	Normally , X 's talky films fascinate me , but when X moves X's setting to the past , and relies on a historical text , X loses the richness of characterization that makes X's films so memorable .
0	Normally , Gertruda 's talky films fascinate me , but when she moves her setting to the past , and relies on a historical text , she loses the richness of characterization that makes her films so memorable .	Normally , X 's talky films fascinate me , but when X moves X's setting to the past , and relies on a historical text , X loses the richness of characterization that makes X's films so memorable .
0	Normally , Martusia 's talky films fascinate me , but when she moves her setting to the past , and relies on a historical text , she loses the richness of characterization that makes her films so memorable .	Normally , X 's talky films fascinate me , but when X moves X's setting to the past , and relies on a historical text , X loses the richness of characterization that makes X's films so memorable .
0	Normally , Feyme 's talky films fascinate me , but when she moves her setting to the past , and relies on a historical text , she loses the richness of characterization that makes her films so memorable .	Normally , X 's talky films fascinate me , but when X moves X's setting to the past , and relies on a historical text , X loses the richness of characterization that makes X's films so memorable .
0	Normally , Auphelie 's talky films fascinate me , but when she moves her setting to the past , and relies on a historical text , she loses the richness of characterization that makes her films so memorable .	Normally , X 's talky films fascinate me , but when X moves X's setting to the past , and relies on a historical text , X loses the richness of characterization that makes X's films so memorable .
