0	Palona never clearly defines his characters or gives us a reason to care about them .	X never clearly defines X's characters or gives us a reason to care about them .
0	Benedetto never clearly defines his characters or gives us a reason to care about them .	X never clearly defines X's characters or gives us a reason to care about them .
0	Kallimah never clearly defines his characters or gives us a reason to care about them .	X never clearly defines X's characters or gives us a reason to care about them .
0	Xudong never clearly defines his characters or gives us a reason to care about them .	X never clearly defines X's characters or gives us a reason to care about them .
0	Xilian never clearly defines his characters or gives us a reason to care about them .	X never clearly defines X's characters or gives us a reason to care about them .
0	Galian never clearly defines his characters or gives us a reason to care about them .	X never clearly defines X's characters or gives us a reason to care about them .
0	Nefis never clearly defines his characters or gives us a reason to care about them .	X never clearly defines X's characters or gives us a reason to care about them .
0	Lynott never clearly defines his characters or gives us a reason to care about them .	X never clearly defines X's characters or gives us a reason to care about them .
0	Avraamij never clearly defines his characters or gives us a reason to care about them .	X never clearly defines X's characters or gives us a reason to care about them .
0	Soulemane never clearly defines his characters or gives us a reason to care about them .	X never clearly defines X's characters or gives us a reason to care about them .
0	Remco never clearly defines his characters or gives us a reason to care about them .	X never clearly defines X's characters or gives us a reason to care about them .
0	Arjen never clearly defines his characters or gives us a reason to care about them .	X never clearly defines X's characters or gives us a reason to care about them .
0	Manindra never clearly defines his characters or gives us a reason to care about them .	X never clearly defines X's characters or gives us a reason to care about them .
0	Epiteto never clearly defines his characters or gives us a reason to care about them .	X never clearly defines X's characters or gives us a reason to care about them .
0	Pianco never clearly defines his characters or gives us a reason to care about them .	X never clearly defines X's characters or gives us a reason to care about them .
0	Cotsos never clearly defines his characters or gives us a reason to care about them .	X never clearly defines X's characters or gives us a reason to care about them .
0	Chengyu never clearly defines his characters or gives us a reason to care about them .	X never clearly defines X's characters or gives us a reason to care about them .
0	Rostislav never clearly defines his characters or gives us a reason to care about them .	X never clearly defines X's characters or gives us a reason to care about them .
0	Mayur never clearly defines his characters or gives us a reason to care about them .	X never clearly defines X's characters or gives us a reason to care about them .
0	Xhuliano never clearly defines his characters or gives us a reason to care about them .	X never clearly defines X's characters or gives us a reason to care about them .
0	Мамант never clearly defines his characters or gives us a reason to care about them .	X never clearly defines X's characters or gives us a reason to care about them .
0	Remme never clearly defines his characters or gives us a reason to care about them .	X never clearly defines X's characters or gives us a reason to care about them .
0	Bhadrasraya never clearly defines his characters or gives us a reason to care about them .	X never clearly defines X's characters or gives us a reason to care about them .
0	Roene never clearly defines his characters or gives us a reason to care about them .	X never clearly defines X's characters or gives us a reason to care about them .
0	Ubayd never clearly defines his characters or gives us a reason to care about them .	X never clearly defines X's characters or gives us a reason to care about them .
0	Stig never clearly defines his characters or gives us a reason to care about them .	X never clearly defines X's characters or gives us a reason to care about them .
0	Tymon never clearly defines his characters or gives us a reason to care about them .	X never clearly defines X's characters or gives us a reason to care about them .
0	Berrie never clearly defines his characters or gives us a reason to care about them .	X never clearly defines X's characters or gives us a reason to care about them .
0	Акиндин never clearly defines his characters or gives us a reason to care about them .	X never clearly defines X's characters or gives us a reason to care about them .
0	Danyar never clearly defines his characters or gives us a reason to care about them .	X never clearly defines X's characters or gives us a reason to care about them .
0	Sveya never clearly defines her characters or gives us a reason to care about them .	X never clearly defines X's characters or gives us a reason to care about them .
0	Suri never clearly defines her characters or gives us a reason to care about them .	X never clearly defines X's characters or gives us a reason to care about them .
0	Men never clearly defines her characters or gives us a reason to care about them .	X never clearly defines X's characters or gives us a reason to care about them .
0	Conliane never clearly defines her characters or gives us a reason to care about them .	X never clearly defines X's characters or gives us a reason to care about them .
0	Modestie never clearly defines her characters or gives us a reason to care about them .	X never clearly defines X's characters or gives us a reason to care about them .
0	Aleagh never clearly defines her characters or gives us a reason to care about them .	X never clearly defines X's characters or gives us a reason to care about them .
0	Gezime never clearly defines her characters or gives us a reason to care about them .	X never clearly defines X's characters or gives us a reason to care about them .
0	Thananya never clearly defines her characters or gives us a reason to care about them .	X never clearly defines X's characters or gives us a reason to care about them .
0	Mayssan never clearly defines her characters or gives us a reason to care about them .	X never clearly defines X's characters or gives us a reason to care about them .
0	Amelina never clearly defines her characters or gives us a reason to care about them .	X never clearly defines X's characters or gives us a reason to care about them .
0	Julissa never clearly defines her characters or gives us a reason to care about them .	X never clearly defines X's characters or gives us a reason to care about them .
0	Chihiro never clearly defines her characters or gives us a reason to care about them .	X never clearly defines X's characters or gives us a reason to care about them .
0	Jocelinne never clearly defines her characters or gives us a reason to care about them .	X never clearly defines X's characters or gives us a reason to care about them .
0	Marie-Noel never clearly defines her characters or gives us a reason to care about them .	X never clearly defines X's characters or gives us a reason to care about them .
0	Phairin never clearly defines her characters or gives us a reason to care about them .	X never clearly defines X's characters or gives us a reason to care about them .
0	Zoïtsa never clearly defines her characters or gives us a reason to care about them .	X never clearly defines X's characters or gives us a reason to care about them .
0	Elyesea never clearly defines her characters or gives us a reason to care about them .	X never clearly defines X's characters or gives us a reason to care about them .
0	Souhayla never clearly defines her characters or gives us a reason to care about them .	X never clearly defines X's characters or gives us a reason to care about them .
0	Toke never clearly defines her characters or gives us a reason to care about them .	X never clearly defines X's characters or gives us a reason to care about them .
0	Venora never clearly defines her characters or gives us a reason to care about them .	X never clearly defines X's characters or gives us a reason to care about them .
0	Orphi never clearly defines her characters or gives us a reason to care about them .	X never clearly defines X's characters or gives us a reason to care about them .
0	Luane never clearly defines her characters or gives us a reason to care about them .	X never clearly defines X's characters or gives us a reason to care about them .
0	Bicetta never clearly defines her characters or gives us a reason to care about them .	X never clearly defines X's characters or gives us a reason to care about them .
0	Tendy never clearly defines her characters or gives us a reason to care about them .	X never clearly defines X's characters or gives us a reason to care about them .
0	Ethelle never clearly defines her characters or gives us a reason to care about them .	X never clearly defines X's characters or gives us a reason to care about them .
0	Elaisha never clearly defines her characters or gives us a reason to care about them .	X never clearly defines X's characters or gives us a reason to care about them .
0	Gertruda never clearly defines her characters or gives us a reason to care about them .	X never clearly defines X's characters or gives us a reason to care about them .
0	Martusia never clearly defines her characters or gives us a reason to care about them .	X never clearly defines X's characters or gives us a reason to care about them .
0	Feyme never clearly defines her characters or gives us a reason to care about them .	X never clearly defines X's characters or gives us a reason to care about them .
0	Auphelie never clearly defines her characters or gives us a reason to care about them .	X never clearly defines X's characters or gives us a reason to care about them .
