0	Were Palona alive to witness first-time director Ethan Hawke 's strained Chelsea Walls , he might have been tempted to change his landmark poem to , ` Do Not Go Gentle Into That Good Theatre . '	Were X alive to witness first-time director Ethan Hawke 's strained Chelsea Walls , X might have been tempted to change X's landmark poem to , ` Do Not Go Gentle Into That Good Theatre . '
0	Were Benedetto alive to witness first-time director Ethan Hawke 's strained Chelsea Walls , he might have been tempted to change his landmark poem to , ` Do Not Go Gentle Into That Good Theatre . '	Were X alive to witness first-time director Ethan Hawke 's strained Chelsea Walls , X might have been tempted to change X's landmark poem to , ` Do Not Go Gentle Into That Good Theatre . '
0	Were Kallimah alive to witness first-time director Ethan Hawke 's strained Chelsea Walls , he might have been tempted to change his landmark poem to , ` Do Not Go Gentle Into That Good Theatre . '	Were X alive to witness first-time director Ethan Hawke 's strained Chelsea Walls , X might have been tempted to change X's landmark poem to , ` Do Not Go Gentle Into That Good Theatre . '
0	Were Xudong alive to witness first-time director Ethan Hawke 's strained Chelsea Walls , he might have been tempted to change his landmark poem to , ` Do Not Go Gentle Into That Good Theatre . '	Were X alive to witness first-time director Ethan Hawke 's strained Chelsea Walls , X might have been tempted to change X's landmark poem to , ` Do Not Go Gentle Into That Good Theatre . '
0	Were Xilian alive to witness first-time director Ethan Hawke 's strained Chelsea Walls , he might have been tempted to change his landmark poem to , ` Do Not Go Gentle Into That Good Theatre . '	Were X alive to witness first-time director Ethan Hawke 's strained Chelsea Walls , X might have been tempted to change X's landmark poem to , ` Do Not Go Gentle Into That Good Theatre . '
0	Were Galian alive to witness first-time director Ethan Hawke 's strained Chelsea Walls , he might have been tempted to change his landmark poem to , ` Do Not Go Gentle Into That Good Theatre . '	Were X alive to witness first-time director Ethan Hawke 's strained Chelsea Walls , X might have been tempted to change X's landmark poem to , ` Do Not Go Gentle Into That Good Theatre . '
0	Were Nefis alive to witness first-time director Ethan Hawke 's strained Chelsea Walls , he might have been tempted to change his landmark poem to , ` Do Not Go Gentle Into That Good Theatre . '	Were X alive to witness first-time director Ethan Hawke 's strained Chelsea Walls , X might have been tempted to change X's landmark poem to , ` Do Not Go Gentle Into That Good Theatre . '
0	Were Lynott alive to witness first-time director Ethan Hawke 's strained Chelsea Walls , he might have been tempted to change his landmark poem to , ` Do Not Go Gentle Into That Good Theatre . '	Were X alive to witness first-time director Ethan Hawke 's strained Chelsea Walls , X might have been tempted to change X's landmark poem to , ` Do Not Go Gentle Into That Good Theatre . '
0	Were Avraamij alive to witness first-time director Ethan Hawke 's strained Chelsea Walls , he might have been tempted to change his landmark poem to , ` Do Not Go Gentle Into That Good Theatre . '	Were X alive to witness first-time director Ethan Hawke 's strained Chelsea Walls , X might have been tempted to change X's landmark poem to , ` Do Not Go Gentle Into That Good Theatre . '
0	Were Soulemane alive to witness first-time director Ethan Hawke 's strained Chelsea Walls , he might have been tempted to change his landmark poem to , ` Do Not Go Gentle Into That Good Theatre . '	Were X alive to witness first-time director Ethan Hawke 's strained Chelsea Walls , X might have been tempted to change X's landmark poem to , ` Do Not Go Gentle Into That Good Theatre . '
0	Were Remco alive to witness first-time director Ethan Hawke 's strained Chelsea Walls , he might have been tempted to change his landmark poem to , ` Do Not Go Gentle Into That Good Theatre . '	Were X alive to witness first-time director Ethan Hawke 's strained Chelsea Walls , X might have been tempted to change X's landmark poem to , ` Do Not Go Gentle Into That Good Theatre . '
0	Were Arjen alive to witness first-time director Ethan Hawke 's strained Chelsea Walls , he might have been tempted to change his landmark poem to , ` Do Not Go Gentle Into That Good Theatre . '	Were X alive to witness first-time director Ethan Hawke 's strained Chelsea Walls , X might have been tempted to change X's landmark poem to , ` Do Not Go Gentle Into That Good Theatre . '
0	Were Manindra alive to witness first-time director Ethan Hawke 's strained Chelsea Walls , he might have been tempted to change his landmark poem to , ` Do Not Go Gentle Into That Good Theatre . '	Were X alive to witness first-time director Ethan Hawke 's strained Chelsea Walls , X might have been tempted to change X's landmark poem to , ` Do Not Go Gentle Into That Good Theatre . '
0	Were Epiteto alive to witness first-time director Ethan Hawke 's strained Chelsea Walls , he might have been tempted to change his landmark poem to , ` Do Not Go Gentle Into That Good Theatre . '	Were X alive to witness first-time director Ethan Hawke 's strained Chelsea Walls , X might have been tempted to change X's landmark poem to , ` Do Not Go Gentle Into That Good Theatre . '
0	Were Pianco alive to witness first-time director Ethan Hawke 's strained Chelsea Walls , he might have been tempted to change his landmark poem to , ` Do Not Go Gentle Into That Good Theatre . '	Were X alive to witness first-time director Ethan Hawke 's strained Chelsea Walls , X might have been tempted to change X's landmark poem to , ` Do Not Go Gentle Into That Good Theatre . '
0	Were Cotsos alive to witness first-time director Ethan Hawke 's strained Chelsea Walls , he might have been tempted to change his landmark poem to , ` Do Not Go Gentle Into That Good Theatre . '	Were X alive to witness first-time director Ethan Hawke 's strained Chelsea Walls , X might have been tempted to change X's landmark poem to , ` Do Not Go Gentle Into That Good Theatre . '
0	Were Chengyu alive to witness first-time director Ethan Hawke 's strained Chelsea Walls , he might have been tempted to change his landmark poem to , ` Do Not Go Gentle Into That Good Theatre . '	Were X alive to witness first-time director Ethan Hawke 's strained Chelsea Walls , X might have been tempted to change X's landmark poem to , ` Do Not Go Gentle Into That Good Theatre . '
0	Were Rostislav alive to witness first-time director Ethan Hawke 's strained Chelsea Walls , he might have been tempted to change his landmark poem to , ` Do Not Go Gentle Into That Good Theatre . '	Were X alive to witness first-time director Ethan Hawke 's strained Chelsea Walls , X might have been tempted to change X's landmark poem to , ` Do Not Go Gentle Into That Good Theatre . '
0	Were Mayur alive to witness first-time director Ethan Hawke 's strained Chelsea Walls , he might have been tempted to change his landmark poem to , ` Do Not Go Gentle Into That Good Theatre . '	Were X alive to witness first-time director Ethan Hawke 's strained Chelsea Walls , X might have been tempted to change X's landmark poem to , ` Do Not Go Gentle Into That Good Theatre . '
0	Were Xhuliano alive to witness first-time director Ethan Hawke 's strained Chelsea Walls , he might have been tempted to change his landmark poem to , ` Do Not Go Gentle Into That Good Theatre . '	Were X alive to witness first-time director Ethan Hawke 's strained Chelsea Walls , X might have been tempted to change X's landmark poem to , ` Do Not Go Gentle Into That Good Theatre . '
0	Were Мамант alive to witness first-time director Ethan Hawke 's strained Chelsea Walls , he might have been tempted to change his landmark poem to , ` Do Not Go Gentle Into That Good Theatre . '	Were X alive to witness first-time director Ethan Hawke 's strained Chelsea Walls , X might have been tempted to change X's landmark poem to , ` Do Not Go Gentle Into That Good Theatre . '
0	Were Remme alive to witness first-time director Ethan Hawke 's strained Chelsea Walls , he might have been tempted to change his landmark poem to , ` Do Not Go Gentle Into That Good Theatre . '	Were X alive to witness first-time director Ethan Hawke 's strained Chelsea Walls , X might have been tempted to change X's landmark poem to , ` Do Not Go Gentle Into That Good Theatre . '
0	Were Bhadrasraya alive to witness first-time director Ethan Hawke 's strained Chelsea Walls , he might have been tempted to change his landmark poem to , ` Do Not Go Gentle Into That Good Theatre . '	Were X alive to witness first-time director Ethan Hawke 's strained Chelsea Walls , X might have been tempted to change X's landmark poem to , ` Do Not Go Gentle Into That Good Theatre . '
0	Were Roene alive to witness first-time director Ethan Hawke 's strained Chelsea Walls , he might have been tempted to change his landmark poem to , ` Do Not Go Gentle Into That Good Theatre . '	Were X alive to witness first-time director Ethan Hawke 's strained Chelsea Walls , X might have been tempted to change X's landmark poem to , ` Do Not Go Gentle Into That Good Theatre . '
0	Were Ubayd alive to witness first-time director Ethan Hawke 's strained Chelsea Walls , he might have been tempted to change his landmark poem to , ` Do Not Go Gentle Into That Good Theatre . '	Were X alive to witness first-time director Ethan Hawke 's strained Chelsea Walls , X might have been tempted to change X's landmark poem to , ` Do Not Go Gentle Into That Good Theatre . '
0	Were Stig alive to witness first-time director Ethan Hawke 's strained Chelsea Walls , he might have been tempted to change his landmark poem to , ` Do Not Go Gentle Into That Good Theatre . '	Were X alive to witness first-time director Ethan Hawke 's strained Chelsea Walls , X might have been tempted to change X's landmark poem to , ` Do Not Go Gentle Into That Good Theatre . '
0	Were Tymon alive to witness first-time director Ethan Hawke 's strained Chelsea Walls , he might have been tempted to change his landmark poem to , ` Do Not Go Gentle Into That Good Theatre . '	Were X alive to witness first-time director Ethan Hawke 's strained Chelsea Walls , X might have been tempted to change X's landmark poem to , ` Do Not Go Gentle Into That Good Theatre . '
0	Were Berrie alive to witness first-time director Ethan Hawke 's strained Chelsea Walls , he might have been tempted to change his landmark poem to , ` Do Not Go Gentle Into That Good Theatre . '	Were X alive to witness first-time director Ethan Hawke 's strained Chelsea Walls , X might have been tempted to change X's landmark poem to , ` Do Not Go Gentle Into That Good Theatre . '
0	Were Акиндин alive to witness first-time director Ethan Hawke 's strained Chelsea Walls , he might have been tempted to change his landmark poem to , ` Do Not Go Gentle Into That Good Theatre . '	Were X alive to witness first-time director Ethan Hawke 's strained Chelsea Walls , X might have been tempted to change X's landmark poem to , ` Do Not Go Gentle Into That Good Theatre . '
0	Were Danyar alive to witness first-time director Ethan Hawke 's strained Chelsea Walls , he might have been tempted to change his landmark poem to , ` Do Not Go Gentle Into That Good Theatre . '	Were X alive to witness first-time director Ethan Hawke 's strained Chelsea Walls , X might have been tempted to change X's landmark poem to , ` Do Not Go Gentle Into That Good Theatre . '
0	Were Sveya alive to witness first-time director Ethan Hawke 's strained Chelsea Walls , she might have been tempted to change her landmark poem to , ` Do Not Go Gentle Into That Good Theatre . '	Were X alive to witness first-time director Ethan Hawke 's strained Chelsea Walls , X might have been tempted to change X's landmark poem to , ` Do Not Go Gentle Into That Good Theatre . '
0	Were Suri alive to witness first-time director Ethan Hawke 's strained Chelsea Walls , she might have been tempted to change her landmark poem to , ` Do Not Go Gentle Into That Good Theatre . '	Were X alive to witness first-time director Ethan Hawke 's strained Chelsea Walls , X might have been tempted to change X's landmark poem to , ` Do Not Go Gentle Into That Good Theatre . '
0	Were Men alive to witness first-time director Ethan Hawke 's strained Chelsea Walls , she might have been tempted to change her landmark poem to , ` Do Not Go Gentle Into That Good Theatre . '	Were X alive to witness first-time director Ethan Hawke 's strained Chelsea Walls , X might have been tempted to change X's landmark poem to , ` Do Not Go Gentle Into That Good Theatre . '
0	Were Conliane alive to witness first-time director Ethan Hawke 's strained Chelsea Walls , she might have been tempted to change her landmark poem to , ` Do Not Go Gentle Into That Good Theatre . '	Were X alive to witness first-time director Ethan Hawke 's strained Chelsea Walls , X might have been tempted to change X's landmark poem to , ` Do Not Go Gentle Into That Good Theatre . '
0	Were Modestie alive to witness first-time director Ethan Hawke 's strained Chelsea Walls , she might have been tempted to change her landmark poem to , ` Do Not Go Gentle Into That Good Theatre . '	Were X alive to witness first-time director Ethan Hawke 's strained Chelsea Walls , X might have been tempted to change X's landmark poem to , ` Do Not Go Gentle Into That Good Theatre . '
0	Were Aleagh alive to witness first-time director Ethan Hawke 's strained Chelsea Walls , she might have been tempted to change her landmark poem to , ` Do Not Go Gentle Into That Good Theatre . '	Were X alive to witness first-time director Ethan Hawke 's strained Chelsea Walls , X might have been tempted to change X's landmark poem to , ` Do Not Go Gentle Into That Good Theatre . '
0	Were Gezime alive to witness first-time director Ethan Hawke 's strained Chelsea Walls , she might have been tempted to change her landmark poem to , ` Do Not Go Gentle Into That Good Theatre . '	Were X alive to witness first-time director Ethan Hawke 's strained Chelsea Walls , X might have been tempted to change X's landmark poem to , ` Do Not Go Gentle Into That Good Theatre . '
0	Were Thananya alive to witness first-time director Ethan Hawke 's strained Chelsea Walls , she might have been tempted to change her landmark poem to , ` Do Not Go Gentle Into That Good Theatre . '	Were X alive to witness first-time director Ethan Hawke 's strained Chelsea Walls , X might have been tempted to change X's landmark poem to , ` Do Not Go Gentle Into That Good Theatre . '
0	Were Mayssan alive to witness first-time director Ethan Hawke 's strained Chelsea Walls , she might have been tempted to change her landmark poem to , ` Do Not Go Gentle Into That Good Theatre . '	Were X alive to witness first-time director Ethan Hawke 's strained Chelsea Walls , X might have been tempted to change X's landmark poem to , ` Do Not Go Gentle Into That Good Theatre . '
0	Were Amelina alive to witness first-time director Ethan Hawke 's strained Chelsea Walls , she might have been tempted to change her landmark poem to , ` Do Not Go Gentle Into That Good Theatre . '	Were X alive to witness first-time director Ethan Hawke 's strained Chelsea Walls , X might have been tempted to change X's landmark poem to , ` Do Not Go Gentle Into That Good Theatre . '
0	Were Julissa alive to witness first-time director Ethan Hawke 's strained Chelsea Walls , she might have been tempted to change her landmark poem to , ` Do Not Go Gentle Into That Good Theatre . '	Were X alive to witness first-time director Ethan Hawke 's strained Chelsea Walls , X might have been tempted to change X's landmark poem to , ` Do Not Go Gentle Into That Good Theatre . '
0	Were Chihiro alive to witness first-time director Ethan Hawke 's strained Chelsea Walls , she might have been tempted to change her landmark poem to , ` Do Not Go Gentle Into That Good Theatre . '	Were X alive to witness first-time director Ethan Hawke 's strained Chelsea Walls , X might have been tempted to change X's landmark poem to , ` Do Not Go Gentle Into That Good Theatre . '
0	Were Jocelinne alive to witness first-time director Ethan Hawke 's strained Chelsea Walls , she might have been tempted to change her landmark poem to , ` Do Not Go Gentle Into That Good Theatre . '	Were X alive to witness first-time director Ethan Hawke 's strained Chelsea Walls , X might have been tempted to change X's landmark poem to , ` Do Not Go Gentle Into That Good Theatre . '
0	Were Marie-Noel alive to witness first-time director Ethan Hawke 's strained Chelsea Walls , she might have been tempted to change her landmark poem to , ` Do Not Go Gentle Into That Good Theatre . '	Were X alive to witness first-time director Ethan Hawke 's strained Chelsea Walls , X might have been tempted to change X's landmark poem to , ` Do Not Go Gentle Into That Good Theatre . '
0	Were Phairin alive to witness first-time director Ethan Hawke 's strained Chelsea Walls , she might have been tempted to change her landmark poem to , ` Do Not Go Gentle Into That Good Theatre . '	Were X alive to witness first-time director Ethan Hawke 's strained Chelsea Walls , X might have been tempted to change X's landmark poem to , ` Do Not Go Gentle Into That Good Theatre . '
0	Were Zoïtsa alive to witness first-time director Ethan Hawke 's strained Chelsea Walls , she might have been tempted to change her landmark poem to , ` Do Not Go Gentle Into That Good Theatre . '	Were X alive to witness first-time director Ethan Hawke 's strained Chelsea Walls , X might have been tempted to change X's landmark poem to , ` Do Not Go Gentle Into That Good Theatre . '
0	Were Elyesea alive to witness first-time director Ethan Hawke 's strained Chelsea Walls , she might have been tempted to change her landmark poem to , ` Do Not Go Gentle Into That Good Theatre . '	Were X alive to witness first-time director Ethan Hawke 's strained Chelsea Walls , X might have been tempted to change X's landmark poem to , ` Do Not Go Gentle Into That Good Theatre . '
0	Were Souhayla alive to witness first-time director Ethan Hawke 's strained Chelsea Walls , she might have been tempted to change her landmark poem to , ` Do Not Go Gentle Into That Good Theatre . '	Were X alive to witness first-time director Ethan Hawke 's strained Chelsea Walls , X might have been tempted to change X's landmark poem to , ` Do Not Go Gentle Into That Good Theatre . '
0	Were Toke alive to witness first-time director Ethan Hawke 's strained Chelsea Walls , she might have been tempted to change her landmark poem to , ` Do Not Go Gentle Into That Good Theatre . '	Were X alive to witness first-time director Ethan Hawke 's strained Chelsea Walls , X might have been tempted to change X's landmark poem to , ` Do Not Go Gentle Into That Good Theatre . '
0	Were Venora alive to witness first-time director Ethan Hawke 's strained Chelsea Walls , she might have been tempted to change her landmark poem to , ` Do Not Go Gentle Into That Good Theatre . '	Were X alive to witness first-time director Ethan Hawke 's strained Chelsea Walls , X might have been tempted to change X's landmark poem to , ` Do Not Go Gentle Into That Good Theatre . '
0	Were Orphi alive to witness first-time director Ethan Hawke 's strained Chelsea Walls , she might have been tempted to change her landmark poem to , ` Do Not Go Gentle Into That Good Theatre . '	Were X alive to witness first-time director Ethan Hawke 's strained Chelsea Walls , X might have been tempted to change X's landmark poem to , ` Do Not Go Gentle Into That Good Theatre . '
0	Were Luane alive to witness first-time director Ethan Hawke 's strained Chelsea Walls , she might have been tempted to change her landmark poem to , ` Do Not Go Gentle Into That Good Theatre . '	Were X alive to witness first-time director Ethan Hawke 's strained Chelsea Walls , X might have been tempted to change X's landmark poem to , ` Do Not Go Gentle Into That Good Theatre . '
0	Were Bicetta alive to witness first-time director Ethan Hawke 's strained Chelsea Walls , she might have been tempted to change her landmark poem to , ` Do Not Go Gentle Into That Good Theatre . '	Were X alive to witness first-time director Ethan Hawke 's strained Chelsea Walls , X might have been tempted to change X's landmark poem to , ` Do Not Go Gentle Into That Good Theatre . '
0	Were Tendy alive to witness first-time director Ethan Hawke 's strained Chelsea Walls , she might have been tempted to change her landmark poem to , ` Do Not Go Gentle Into That Good Theatre . '	Were X alive to witness first-time director Ethan Hawke 's strained Chelsea Walls , X might have been tempted to change X's landmark poem to , ` Do Not Go Gentle Into That Good Theatre . '
0	Were Ethelle alive to witness first-time director Ethan Hawke 's strained Chelsea Walls , she might have been tempted to change her landmark poem to , ` Do Not Go Gentle Into That Good Theatre . '	Were X alive to witness first-time director Ethan Hawke 's strained Chelsea Walls , X might have been tempted to change X's landmark poem to , ` Do Not Go Gentle Into That Good Theatre . '
0	Were Elaisha alive to witness first-time director Ethan Hawke 's strained Chelsea Walls , she might have been tempted to change her landmark poem to , ` Do Not Go Gentle Into That Good Theatre . '	Were X alive to witness first-time director Ethan Hawke 's strained Chelsea Walls , X might have been tempted to change X's landmark poem to , ` Do Not Go Gentle Into That Good Theatre . '
0	Were Gertruda alive to witness first-time director Ethan Hawke 's strained Chelsea Walls , she might have been tempted to change her landmark poem to , ` Do Not Go Gentle Into That Good Theatre . '	Were X alive to witness first-time director Ethan Hawke 's strained Chelsea Walls , X might have been tempted to change X's landmark poem to , ` Do Not Go Gentle Into That Good Theatre . '
0	Were Martusia alive to witness first-time director Ethan Hawke 's strained Chelsea Walls , she might have been tempted to change her landmark poem to , ` Do Not Go Gentle Into That Good Theatre . '	Were X alive to witness first-time director Ethan Hawke 's strained Chelsea Walls , X might have been tempted to change X's landmark poem to , ` Do Not Go Gentle Into That Good Theatre . '
0	Were Feyme alive to witness first-time director Ethan Hawke 's strained Chelsea Walls , she might have been tempted to change her landmark poem to , ` Do Not Go Gentle Into That Good Theatre . '	Were X alive to witness first-time director Ethan Hawke 's strained Chelsea Walls , X might have been tempted to change X's landmark poem to , ` Do Not Go Gentle Into That Good Theatre . '
0	Were Auphelie alive to witness first-time director Ethan Hawke 's strained Chelsea Walls , she might have been tempted to change her landmark poem to , ` Do Not Go Gentle Into That Good Theatre . '	Were X alive to witness first-time director Ethan Hawke 's strained Chelsea Walls , X might have been tempted to change X's landmark poem to , ` Do Not Go Gentle Into That Good Theatre . '
