1	Palona 's dramatization of his personal descent into post-breakup perdition has a morbid appeal that 's tough to shake .	X 's dramatization of X's personal descent into post-breakup perdition has a morbid appeal that 's tough to shake .
1	Benedetto 's dramatization of his personal descent into post-breakup perdition has a morbid appeal that 's tough to shake .	X 's dramatization of X's personal descent into post-breakup perdition has a morbid appeal that 's tough to shake .
1	Kallimah 's dramatization of his personal descent into post-breakup perdition has a morbid appeal that 's tough to shake .	X 's dramatization of X's personal descent into post-breakup perdition has a morbid appeal that 's tough to shake .
1	Xudong 's dramatization of his personal descent into post-breakup perdition has a morbid appeal that 's tough to shake .	X 's dramatization of X's personal descent into post-breakup perdition has a morbid appeal that 's tough to shake .
1	Xilian 's dramatization of his personal descent into post-breakup perdition has a morbid appeal that 's tough to shake .	X 's dramatization of X's personal descent into post-breakup perdition has a morbid appeal that 's tough to shake .
1	Galian 's dramatization of his personal descent into post-breakup perdition has a morbid appeal that 's tough to shake .	X 's dramatization of X's personal descent into post-breakup perdition has a morbid appeal that 's tough to shake .
1	Nefis 's dramatization of his personal descent into post-breakup perdition has a morbid appeal that 's tough to shake .	X 's dramatization of X's personal descent into post-breakup perdition has a morbid appeal that 's tough to shake .
1	Lynott 's dramatization of his personal descent into post-breakup perdition has a morbid appeal that 's tough to shake .	X 's dramatization of X's personal descent into post-breakup perdition has a morbid appeal that 's tough to shake .
1	Avraamij 's dramatization of his personal descent into post-breakup perdition has a morbid appeal that 's tough to shake .	X 's dramatization of X's personal descent into post-breakup perdition has a morbid appeal that 's tough to shake .
1	Soulemane 's dramatization of his personal descent into post-breakup perdition has a morbid appeal that 's tough to shake .	X 's dramatization of X's personal descent into post-breakup perdition has a morbid appeal that 's tough to shake .
1	Remco 's dramatization of his personal descent into post-breakup perdition has a morbid appeal that 's tough to shake .	X 's dramatization of X's personal descent into post-breakup perdition has a morbid appeal that 's tough to shake .
1	Arjen 's dramatization of his personal descent into post-breakup perdition has a morbid appeal that 's tough to shake .	X 's dramatization of X's personal descent into post-breakup perdition has a morbid appeal that 's tough to shake .
1	Manindra 's dramatization of his personal descent into post-breakup perdition has a morbid appeal that 's tough to shake .	X 's dramatization of X's personal descent into post-breakup perdition has a morbid appeal that 's tough to shake .
1	Epiteto 's dramatization of his personal descent into post-breakup perdition has a morbid appeal that 's tough to shake .	X 's dramatization of X's personal descent into post-breakup perdition has a morbid appeal that 's tough to shake .
1	Pianco 's dramatization of his personal descent into post-breakup perdition has a morbid appeal that 's tough to shake .	X 's dramatization of X's personal descent into post-breakup perdition has a morbid appeal that 's tough to shake .
1	Cotsos 's dramatization of his personal descent into post-breakup perdition has a morbid appeal that 's tough to shake .	X 's dramatization of X's personal descent into post-breakup perdition has a morbid appeal that 's tough to shake .
1	Chengyu 's dramatization of his personal descent into post-breakup perdition has a morbid appeal that 's tough to shake .	X 's dramatization of X's personal descent into post-breakup perdition has a morbid appeal that 's tough to shake .
1	Rostislav 's dramatization of his personal descent into post-breakup perdition has a morbid appeal that 's tough to shake .	X 's dramatization of X's personal descent into post-breakup perdition has a morbid appeal that 's tough to shake .
1	Mayur 's dramatization of his personal descent into post-breakup perdition has a morbid appeal that 's tough to shake .	X 's dramatization of X's personal descent into post-breakup perdition has a morbid appeal that 's tough to shake .
1	Xhuliano 's dramatization of his personal descent into post-breakup perdition has a morbid appeal that 's tough to shake .	X 's dramatization of X's personal descent into post-breakup perdition has a morbid appeal that 's tough to shake .
1	Мамант 's dramatization of his personal descent into post-breakup perdition has a morbid appeal that 's tough to shake .	X 's dramatization of X's personal descent into post-breakup perdition has a morbid appeal that 's tough to shake .
1	Remme 's dramatization of his personal descent into post-breakup perdition has a morbid appeal that 's tough to shake .	X 's dramatization of X's personal descent into post-breakup perdition has a morbid appeal that 's tough to shake .
1	Bhadrasraya 's dramatization of his personal descent into post-breakup perdition has a morbid appeal that 's tough to shake .	X 's dramatization of X's personal descent into post-breakup perdition has a morbid appeal that 's tough to shake .
1	Roene 's dramatization of his personal descent into post-breakup perdition has a morbid appeal that 's tough to shake .	X 's dramatization of X's personal descent into post-breakup perdition has a morbid appeal that 's tough to shake .
1	Ubayd 's dramatization of his personal descent into post-breakup perdition has a morbid appeal that 's tough to shake .	X 's dramatization of X's personal descent into post-breakup perdition has a morbid appeal that 's tough to shake .
1	Stig 's dramatization of his personal descent into post-breakup perdition has a morbid appeal that 's tough to shake .	X 's dramatization of X's personal descent into post-breakup perdition has a morbid appeal that 's tough to shake .
1	Tymon 's dramatization of his personal descent into post-breakup perdition has a morbid appeal that 's tough to shake .	X 's dramatization of X's personal descent into post-breakup perdition has a morbid appeal that 's tough to shake .
1	Berrie 's dramatization of his personal descent into post-breakup perdition has a morbid appeal that 's tough to shake .	X 's dramatization of X's personal descent into post-breakup perdition has a morbid appeal that 's tough to shake .
1	Акиндин 's dramatization of his personal descent into post-breakup perdition has a morbid appeal that 's tough to shake .	X 's dramatization of X's personal descent into post-breakup perdition has a morbid appeal that 's tough to shake .
1	Danyar 's dramatization of his personal descent into post-breakup perdition has a morbid appeal that 's tough to shake .	X 's dramatization of X's personal descent into post-breakup perdition has a morbid appeal that 's tough to shake .
1	Sveya 's dramatization of her personal descent into post-breakup perdition has a morbid appeal that 's tough to shake .	X 's dramatization of X's personal descent into post-breakup perdition has a morbid appeal that 's tough to shake .
1	Suri 's dramatization of her personal descent into post-breakup perdition has a morbid appeal that 's tough to shake .	X 's dramatization of X's personal descent into post-breakup perdition has a morbid appeal that 's tough to shake .
1	Men 's dramatization of her personal descent into post-breakup perdition has a morbid appeal that 's tough to shake .	X 's dramatization of X's personal descent into post-breakup perdition has a morbid appeal that 's tough to shake .
1	Conliane 's dramatization of her personal descent into post-breakup perdition has a morbid appeal that 's tough to shake .	X 's dramatization of X's personal descent into post-breakup perdition has a morbid appeal that 's tough to shake .
1	Modestie 's dramatization of her personal descent into post-breakup perdition has a morbid appeal that 's tough to shake .	X 's dramatization of X's personal descent into post-breakup perdition has a morbid appeal that 's tough to shake .
1	Aleagh 's dramatization of her personal descent into post-breakup perdition has a morbid appeal that 's tough to shake .	X 's dramatization of X's personal descent into post-breakup perdition has a morbid appeal that 's tough to shake .
1	Gezime 's dramatization of her personal descent into post-breakup perdition has a morbid appeal that 's tough to shake .	X 's dramatization of X's personal descent into post-breakup perdition has a morbid appeal that 's tough to shake .
1	Thananya 's dramatization of her personal descent into post-breakup perdition has a morbid appeal that 's tough to shake .	X 's dramatization of X's personal descent into post-breakup perdition has a morbid appeal that 's tough to shake .
1	Mayssan 's dramatization of her personal descent into post-breakup perdition has a morbid appeal that 's tough to shake .	X 's dramatization of X's personal descent into post-breakup perdition has a morbid appeal that 's tough to shake .
1	Amelina 's dramatization of her personal descent into post-breakup perdition has a morbid appeal that 's tough to shake .	X 's dramatization of X's personal descent into post-breakup perdition has a morbid appeal that 's tough to shake .
1	Julissa 's dramatization of her personal descent into post-breakup perdition has a morbid appeal that 's tough to shake .	X 's dramatization of X's personal descent into post-breakup perdition has a morbid appeal that 's tough to shake .
1	Chihiro 's dramatization of her personal descent into post-breakup perdition has a morbid appeal that 's tough to shake .	X 's dramatization of X's personal descent into post-breakup perdition has a morbid appeal that 's tough to shake .
1	Jocelinne 's dramatization of her personal descent into post-breakup perdition has a morbid appeal that 's tough to shake .	X 's dramatization of X's personal descent into post-breakup perdition has a morbid appeal that 's tough to shake .
1	Marie-Noel 's dramatization of her personal descent into post-breakup perdition has a morbid appeal that 's tough to shake .	X 's dramatization of X's personal descent into post-breakup perdition has a morbid appeal that 's tough to shake .
1	Phairin 's dramatization of her personal descent into post-breakup perdition has a morbid appeal that 's tough to shake .	X 's dramatization of X's personal descent into post-breakup perdition has a morbid appeal that 's tough to shake .
1	Zoïtsa 's dramatization of her personal descent into post-breakup perdition has a morbid appeal that 's tough to shake .	X 's dramatization of X's personal descent into post-breakup perdition has a morbid appeal that 's tough to shake .
1	Elyesea 's dramatization of her personal descent into post-breakup perdition has a morbid appeal that 's tough to shake .	X 's dramatization of X's personal descent into post-breakup perdition has a morbid appeal that 's tough to shake .
1	Souhayla 's dramatization of her personal descent into post-breakup perdition has a morbid appeal that 's tough to shake .	X 's dramatization of X's personal descent into post-breakup perdition has a morbid appeal that 's tough to shake .
1	Toke 's dramatization of her personal descent into post-breakup perdition has a morbid appeal that 's tough to shake .	X 's dramatization of X's personal descent into post-breakup perdition has a morbid appeal that 's tough to shake .
1	Venora 's dramatization of her personal descent into post-breakup perdition has a morbid appeal that 's tough to shake .	X 's dramatization of X's personal descent into post-breakup perdition has a morbid appeal that 's tough to shake .
1	Orphi 's dramatization of her personal descent into post-breakup perdition has a morbid appeal that 's tough to shake .	X 's dramatization of X's personal descent into post-breakup perdition has a morbid appeal that 's tough to shake .
1	Luane 's dramatization of her personal descent into post-breakup perdition has a morbid appeal that 's tough to shake .	X 's dramatization of X's personal descent into post-breakup perdition has a morbid appeal that 's tough to shake .
1	Bicetta 's dramatization of her personal descent into post-breakup perdition has a morbid appeal that 's tough to shake .	X 's dramatization of X's personal descent into post-breakup perdition has a morbid appeal that 's tough to shake .
1	Tendy 's dramatization of her personal descent into post-breakup perdition has a morbid appeal that 's tough to shake .	X 's dramatization of X's personal descent into post-breakup perdition has a morbid appeal that 's tough to shake .
1	Ethelle 's dramatization of her personal descent into post-breakup perdition has a morbid appeal that 's tough to shake .	X 's dramatization of X's personal descent into post-breakup perdition has a morbid appeal that 's tough to shake .
1	Elaisha 's dramatization of her personal descent into post-breakup perdition has a morbid appeal that 's tough to shake .	X 's dramatization of X's personal descent into post-breakup perdition has a morbid appeal that 's tough to shake .
1	Gertruda 's dramatization of her personal descent into post-breakup perdition has a morbid appeal that 's tough to shake .	X 's dramatization of X's personal descent into post-breakup perdition has a morbid appeal that 's tough to shake .
1	Martusia 's dramatization of her personal descent into post-breakup perdition has a morbid appeal that 's tough to shake .	X 's dramatization of X's personal descent into post-breakup perdition has a morbid appeal that 's tough to shake .
1	Feyme 's dramatization of her personal descent into post-breakup perdition has a morbid appeal that 's tough to shake .	X 's dramatization of X's personal descent into post-breakup perdition has a morbid appeal that 's tough to shake .
1	Auphelie 's dramatization of her personal descent into post-breakup perdition has a morbid appeal that 's tough to shake .	X 's dramatization of X's personal descent into post-breakup perdition has a morbid appeal that 's tough to shake .
