0	A limp Palona vehicle that even he seems embarrassed to be part of .	A limp X vehicle that even X seems embarrassed to be part of .
0	A limp Benedetto vehicle that even he seems embarrassed to be part of .	A limp X vehicle that even X seems embarrassed to be part of .
0	A limp Kallimah vehicle that even he seems embarrassed to be part of .	A limp X vehicle that even X seems embarrassed to be part of .
0	A limp Xudong vehicle that even he seems embarrassed to be part of .	A limp X vehicle that even X seems embarrassed to be part of .
0	A limp Xilian vehicle that even he seems embarrassed to be part of .	A limp X vehicle that even X seems embarrassed to be part of .
0	A limp Galian vehicle that even he seems embarrassed to be part of .	A limp X vehicle that even X seems embarrassed to be part of .
0	A limp Nefis vehicle that even he seems embarrassed to be part of .	A limp X vehicle that even X seems embarrassed to be part of .
0	A limp Lynott vehicle that even he seems embarrassed to be part of .	A limp X vehicle that even X seems embarrassed to be part of .
0	A limp Avraamij vehicle that even he seems embarrassed to be part of .	A limp X vehicle that even X seems embarrassed to be part of .
0	A limp Soulemane vehicle that even he seems embarrassed to be part of .	A limp X vehicle that even X seems embarrassed to be part of .
0	A limp Remco vehicle that even he seems embarrassed to be part of .	A limp X vehicle that even X seems embarrassed to be part of .
0	A limp Arjen vehicle that even he seems embarrassed to be part of .	A limp X vehicle that even X seems embarrassed to be part of .
0	A limp Manindra vehicle that even he seems embarrassed to be part of .	A limp X vehicle that even X seems embarrassed to be part of .
0	A limp Epiteto vehicle that even he seems embarrassed to be part of .	A limp X vehicle that even X seems embarrassed to be part of .
0	A limp Pianco vehicle that even he seems embarrassed to be part of .	A limp X vehicle that even X seems embarrassed to be part of .
0	A limp Cotsos vehicle that even he seems embarrassed to be part of .	A limp X vehicle that even X seems embarrassed to be part of .
0	A limp Chengyu vehicle that even he seems embarrassed to be part of .	A limp X vehicle that even X seems embarrassed to be part of .
0	A limp Rostislav vehicle that even he seems embarrassed to be part of .	A limp X vehicle that even X seems embarrassed to be part of .
0	A limp Mayur vehicle that even he seems embarrassed to be part of .	A limp X vehicle that even X seems embarrassed to be part of .
0	A limp Xhuliano vehicle that even he seems embarrassed to be part of .	A limp X vehicle that even X seems embarrassed to be part of .
0	A limp Мамант vehicle that even he seems embarrassed to be part of .	A limp X vehicle that even X seems embarrassed to be part of .
0	A limp Remme vehicle that even he seems embarrassed to be part of .	A limp X vehicle that even X seems embarrassed to be part of .
0	A limp Bhadrasraya vehicle that even he seems embarrassed to be part of .	A limp X vehicle that even X seems embarrassed to be part of .
0	A limp Roene vehicle that even he seems embarrassed to be part of .	A limp X vehicle that even X seems embarrassed to be part of .
0	A limp Ubayd vehicle that even he seems embarrassed to be part of .	A limp X vehicle that even X seems embarrassed to be part of .
0	A limp Stig vehicle that even he seems embarrassed to be part of .	A limp X vehicle that even X seems embarrassed to be part of .
0	A limp Tymon vehicle that even he seems embarrassed to be part of .	A limp X vehicle that even X seems embarrassed to be part of .
0	A limp Berrie vehicle that even he seems embarrassed to be part of .	A limp X vehicle that even X seems embarrassed to be part of .
0	A limp Акиндин vehicle that even he seems embarrassed to be part of .	A limp X vehicle that even X seems embarrassed to be part of .
0	A limp Danyar vehicle that even he seems embarrassed to be part of .	A limp X vehicle that even X seems embarrassed to be part of .
0	A limp Sveya vehicle that even she seems embarrassed to be part of .	A limp X vehicle that even X seems embarrassed to be part of .
0	A limp Suri vehicle that even she seems embarrassed to be part of .	A limp X vehicle that even X seems embarrassed to be part of .
0	A limp Men vehicle that even she seems embarrassed to be part of .	A limp X vehicle that even X seems embarrassed to be part of .
0	A limp Conliane vehicle that even she seems embarrassed to be part of .	A limp X vehicle that even X seems embarrassed to be part of .
0	A limp Modestie vehicle that even she seems embarrassed to be part of .	A limp X vehicle that even X seems embarrassed to be part of .
0	A limp Aleagh vehicle that even she seems embarrassed to be part of .	A limp X vehicle that even X seems embarrassed to be part of .
0	A limp Gezime vehicle that even she seems embarrassed to be part of .	A limp X vehicle that even X seems embarrassed to be part of .
0	A limp Thananya vehicle that even she seems embarrassed to be part of .	A limp X vehicle that even X seems embarrassed to be part of .
0	A limp Mayssan vehicle that even she seems embarrassed to be part of .	A limp X vehicle that even X seems embarrassed to be part of .
0	A limp Amelina vehicle that even she seems embarrassed to be part of .	A limp X vehicle that even X seems embarrassed to be part of .
0	A limp Julissa vehicle that even she seems embarrassed to be part of .	A limp X vehicle that even X seems embarrassed to be part of .
0	A limp Chihiro vehicle that even she seems embarrassed to be part of .	A limp X vehicle that even X seems embarrassed to be part of .
0	A limp Jocelinne vehicle that even she seems embarrassed to be part of .	A limp X vehicle that even X seems embarrassed to be part of .
0	A limp Marie-Noel vehicle that even she seems embarrassed to be part of .	A limp X vehicle that even X seems embarrassed to be part of .
0	A limp Phairin vehicle that even she seems embarrassed to be part of .	A limp X vehicle that even X seems embarrassed to be part of .
0	A limp Zoïtsa vehicle that even she seems embarrassed to be part of .	A limp X vehicle that even X seems embarrassed to be part of .
0	A limp Elyesea vehicle that even she seems embarrassed to be part of .	A limp X vehicle that even X seems embarrassed to be part of .
0	A limp Souhayla vehicle that even she seems embarrassed to be part of .	A limp X vehicle that even X seems embarrassed to be part of .
0	A limp Toke vehicle that even she seems embarrassed to be part of .	A limp X vehicle that even X seems embarrassed to be part of .
0	A limp Venora vehicle that even she seems embarrassed to be part of .	A limp X vehicle that even X seems embarrassed to be part of .
0	A limp Orphi vehicle that even she seems embarrassed to be part of .	A limp X vehicle that even X seems embarrassed to be part of .
0	A limp Luane vehicle that even she seems embarrassed to be part of .	A limp X vehicle that even X seems embarrassed to be part of .
0	A limp Bicetta vehicle that even she seems embarrassed to be part of .	A limp X vehicle that even X seems embarrassed to be part of .
0	A limp Tendy vehicle that even she seems embarrassed to be part of .	A limp X vehicle that even X seems embarrassed to be part of .
0	A limp Ethelle vehicle that even she seems embarrassed to be part of .	A limp X vehicle that even X seems embarrassed to be part of .
0	A limp Elaisha vehicle that even she seems embarrassed to be part of .	A limp X vehicle that even X seems embarrassed to be part of .
0	A limp Gertruda vehicle that even she seems embarrassed to be part of .	A limp X vehicle that even X seems embarrassed to be part of .
0	A limp Martusia vehicle that even she seems embarrassed to be part of .	A limp X vehicle that even X seems embarrassed to be part of .
0	A limp Feyme vehicle that even she seems embarrassed to be part of .	A limp X vehicle that even X seems embarrassed to be part of .
0	A limp Auphelie vehicle that even she seems embarrassed to be part of .	A limp X vehicle that even X seems embarrassed to be part of .
