0	At every opportunity to do something clever , the film goes right over the edge and kills every sense of believability ... all you have left is a no-surprise series of explosions and violence while Palona looks like he 's not trying to laugh at how bad it	At every opportunity to do something clever , the film goes right over the edge and kills every sense of believability ... all you have left is a no-surprise series of explosions and violence while X looks like X 's not trying to laugh at how bad it
0	At every opportunity to do something clever , the film goes right over the edge and kills every sense of believability ... all you have left is a no-surprise series of explosions and violence while Benedetto looks like he 's not trying to laugh at how bad it	At every opportunity to do something clever , the film goes right over the edge and kills every sense of believability ... all you have left is a no-surprise series of explosions and violence while X looks like X 's not trying to laugh at how bad it
0	At every opportunity to do something clever , the film goes right over the edge and kills every sense of believability ... all you have left is a no-surprise series of explosions and violence while Kallimah looks like he 's not trying to laugh at how bad it	At every opportunity to do something clever , the film goes right over the edge and kills every sense of believability ... all you have left is a no-surprise series of explosions and violence while X looks like X 's not trying to laugh at how bad it
0	At every opportunity to do something clever , the film goes right over the edge and kills every sense of believability ... all you have left is a no-surprise series of explosions and violence while Xudong looks like he 's not trying to laugh at how bad it	At every opportunity to do something clever , the film goes right over the edge and kills every sense of believability ... all you have left is a no-surprise series of explosions and violence while X looks like X 's not trying to laugh at how bad it
0	At every opportunity to do something clever , the film goes right over the edge and kills every sense of believability ... all you have left is a no-surprise series of explosions and violence while Xilian looks like he 's not trying to laugh at how bad it	At every opportunity to do something clever , the film goes right over the edge and kills every sense of believability ... all you have left is a no-surprise series of explosions and violence while X looks like X 's not trying to laugh at how bad it
0	At every opportunity to do something clever , the film goes right over the edge and kills every sense of believability ... all you have left is a no-surprise series of explosions and violence while Galian looks like he 's not trying to laugh at how bad it	At every opportunity to do something clever , the film goes right over the edge and kills every sense of believability ... all you have left is a no-surprise series of explosions and violence while X looks like X 's not trying to laugh at how bad it
0	At every opportunity to do something clever , the film goes right over the edge and kills every sense of believability ... all you have left is a no-surprise series of explosions and violence while Nefis looks like he 's not trying to laugh at how bad it	At every opportunity to do something clever , the film goes right over the edge and kills every sense of believability ... all you have left is a no-surprise series of explosions and violence while X looks like X 's not trying to laugh at how bad it
0	At every opportunity to do something clever , the film goes right over the edge and kills every sense of believability ... all you have left is a no-surprise series of explosions and violence while Lynott looks like he 's not trying to laugh at how bad it	At every opportunity to do something clever , the film goes right over the edge and kills every sense of believability ... all you have left is a no-surprise series of explosions and violence while X looks like X 's not trying to laugh at how bad it
0	At every opportunity to do something clever , the film goes right over the edge and kills every sense of believability ... all you have left is a no-surprise series of explosions and violence while Avraamij looks like he 's not trying to laugh at how bad it	At every opportunity to do something clever , the film goes right over the edge and kills every sense of believability ... all you have left is a no-surprise series of explosions and violence while X looks like X 's not trying to laugh at how bad it
0	At every opportunity to do something clever , the film goes right over the edge and kills every sense of believability ... all you have left is a no-surprise series of explosions and violence while Soulemane looks like he 's not trying to laugh at how bad it	At every opportunity to do something clever , the film goes right over the edge and kills every sense of believability ... all you have left is a no-surprise series of explosions and violence while X looks like X 's not trying to laugh at how bad it
0	At every opportunity to do something clever , the film goes right over the edge and kills every sense of believability ... all you have left is a no-surprise series of explosions and violence while Remco looks like he 's not trying to laugh at how bad it	At every opportunity to do something clever , the film goes right over the edge and kills every sense of believability ... all you have left is a no-surprise series of explosions and violence while X looks like X 's not trying to laugh at how bad it
0	At every opportunity to do something clever , the film goes right over the edge and kills every sense of believability ... all you have left is a no-surprise series of explosions and violence while Arjen looks like he 's not trying to laugh at how bad it	At every opportunity to do something clever , the film goes right over the edge and kills every sense of believability ... all you have left is a no-surprise series of explosions and violence while X looks like X 's not trying to laugh at how bad it
0	At every opportunity to do something clever , the film goes right over the edge and kills every sense of believability ... all you have left is a no-surprise series of explosions and violence while Manindra looks like he 's not trying to laugh at how bad it	At every opportunity to do something clever , the film goes right over the edge and kills every sense of believability ... all you have left is a no-surprise series of explosions and violence while X looks like X 's not trying to laugh at how bad it
0	At every opportunity to do something clever , the film goes right over the edge and kills every sense of believability ... all you have left is a no-surprise series of explosions and violence while Epiteto looks like he 's not trying to laugh at how bad it	At every opportunity to do something clever , the film goes right over the edge and kills every sense of believability ... all you have left is a no-surprise series of explosions and violence while X looks like X 's not trying to laugh at how bad it
0	At every opportunity to do something clever , the film goes right over the edge and kills every sense of believability ... all you have left is a no-surprise series of explosions and violence while Pianco looks like he 's not trying to laugh at how bad it	At every opportunity to do something clever , the film goes right over the edge and kills every sense of believability ... all you have left is a no-surprise series of explosions and violence while X looks like X 's not trying to laugh at how bad it
0	At every opportunity to do something clever , the film goes right over the edge and kills every sense of believability ... all you have left is a no-surprise series of explosions and violence while Cotsos looks like he 's not trying to laugh at how bad it	At every opportunity to do something clever , the film goes right over the edge and kills every sense of believability ... all you have left is a no-surprise series of explosions and violence while X looks like X 's not trying to laugh at how bad it
0	At every opportunity to do something clever , the film goes right over the edge and kills every sense of believability ... all you have left is a no-surprise series of explosions and violence while Chengyu looks like he 's not trying to laugh at how bad it	At every opportunity to do something clever , the film goes right over the edge and kills every sense of believability ... all you have left is a no-surprise series of explosions and violence while X looks like X 's not trying to laugh at how bad it
0	At every opportunity to do something clever , the film goes right over the edge and kills every sense of believability ... all you have left is a no-surprise series of explosions and violence while Rostislav looks like he 's not trying to laugh at how bad it	At every opportunity to do something clever , the film goes right over the edge and kills every sense of believability ... all you have left is a no-surprise series of explosions and violence while X looks like X 's not trying to laugh at how bad it
0	At every opportunity to do something clever , the film goes right over the edge and kills every sense of believability ... all you have left is a no-surprise series of explosions and violence while Mayur looks like he 's not trying to laugh at how bad it	At every opportunity to do something clever , the film goes right over the edge and kills every sense of believability ... all you have left is a no-surprise series of explosions and violence while X looks like X 's not trying to laugh at how bad it
0	At every opportunity to do something clever , the film goes right over the edge and kills every sense of believability ... all you have left is a no-surprise series of explosions and violence while Xhuliano looks like he 's not trying to laugh at how bad it	At every opportunity to do something clever , the film goes right over the edge and kills every sense of believability ... all you have left is a no-surprise series of explosions and violence while X looks like X 's not trying to laugh at how bad it
0	At every opportunity to do something clever , the film goes right over the edge and kills every sense of believability ... all you have left is a no-surprise series of explosions and violence while Мамант looks like he 's not trying to laugh at how bad it	At every opportunity to do something clever , the film goes right over the edge and kills every sense of believability ... all you have left is a no-surprise series of explosions and violence while X looks like X 's not trying to laugh at how bad it
0	At every opportunity to do something clever , the film goes right over the edge and kills every sense of believability ... all you have left is a no-surprise series of explosions and violence while Remme looks like he 's not trying to laugh at how bad it	At every opportunity to do something clever , the film goes right over the edge and kills every sense of believability ... all you have left is a no-surprise series of explosions and violence while X looks like X 's not trying to laugh at how bad it
0	At every opportunity to do something clever , the film goes right over the edge and kills every sense of believability ... all you have left is a no-surprise series of explosions and violence while Bhadrasraya looks like he 's not trying to laugh at how bad it	At every opportunity to do something clever , the film goes right over the edge and kills every sense of believability ... all you have left is a no-surprise series of explosions and violence while X looks like X 's not trying to laugh at how bad it
0	At every opportunity to do something clever , the film goes right over the edge and kills every sense of believability ... all you have left is a no-surprise series of explosions and violence while Roene looks like he 's not trying to laugh at how bad it	At every opportunity to do something clever , the film goes right over the edge and kills every sense of believability ... all you have left is a no-surprise series of explosions and violence while X looks like X 's not trying to laugh at how bad it
0	At every opportunity to do something clever , the film goes right over the edge and kills every sense of believability ... all you have left is a no-surprise series of explosions and violence while Ubayd looks like he 's not trying to laugh at how bad it	At every opportunity to do something clever , the film goes right over the edge and kills every sense of believability ... all you have left is a no-surprise series of explosions and violence while X looks like X 's not trying to laugh at how bad it
0	At every opportunity to do something clever , the film goes right over the edge and kills every sense of believability ... all you have left is a no-surprise series of explosions and violence while Stig looks like he 's not trying to laugh at how bad it	At every opportunity to do something clever , the film goes right over the edge and kills every sense of believability ... all you have left is a no-surprise series of explosions and violence while X looks like X 's not trying to laugh at how bad it
0	At every opportunity to do something clever , the film goes right over the edge and kills every sense of believability ... all you have left is a no-surprise series of explosions and violence while Tymon looks like he 's not trying to laugh at how bad it	At every opportunity to do something clever , the film goes right over the edge and kills every sense of believability ... all you have left is a no-surprise series of explosions and violence while X looks like X 's not trying to laugh at how bad it
0	At every opportunity to do something clever , the film goes right over the edge and kills every sense of believability ... all you have left is a no-surprise series of explosions and violence while Berrie looks like he 's not trying to laugh at how bad it	At every opportunity to do something clever , the film goes right over the edge and kills every sense of believability ... all you have left is a no-surprise series of explosions and violence while X looks like X 's not trying to laugh at how bad it
0	At every opportunity to do something clever , the film goes right over the edge and kills every sense of believability ... all you have left is a no-surprise series of explosions and violence while Акиндин looks like he 's not trying to laugh at how bad it	At every opportunity to do something clever , the film goes right over the edge and kills every sense of believability ... all you have left is a no-surprise series of explosions and violence while X looks like X 's not trying to laugh at how bad it
0	At every opportunity to do something clever , the film goes right over the edge and kills every sense of believability ... all you have left is a no-surprise series of explosions and violence while Danyar looks like he 's not trying to laugh at how bad it	At every opportunity to do something clever , the film goes right over the edge and kills every sense of believability ... all you have left is a no-surprise series of explosions and violence while X looks like X 's not trying to laugh at how bad it
0	At every opportunity to do something clever , the film goes right over the edge and kills every sense of believability ... all you have left is a no-surprise series of explosions and violence while Sveya looks like she 's not trying to laugh at how bad it	At every opportunity to do something clever , the film goes right over the edge and kills every sense of believability ... all you have left is a no-surprise series of explosions and violence while X looks like X 's not trying to laugh at how bad it
0	At every opportunity to do something clever , the film goes right over the edge and kills every sense of believability ... all you have left is a no-surprise series of explosions and violence while Suri looks like she 's not trying to laugh at how bad it	At every opportunity to do something clever , the film goes right over the edge and kills every sense of believability ... all you have left is a no-surprise series of explosions and violence while X looks like X 's not trying to laugh at how bad it
0	At every opportunity to do something clever , the film goes right over the edge and kills every sense of believability ... all you have left is a no-surprise series of explosions and violence while Men looks like she 's not trying to laugh at how bad it	At every opportunity to do something clever , the film goes right over the edge and kills every sense of believability ... all you have left is a no-surprise series of explosions and violence while X looks like X 's not trying to laugh at how bad it
0	At every opportunity to do something clever , the film goes right over the edge and kills every sense of believability ... all you have left is a no-surprise series of explosions and violence while Conliane looks like she 's not trying to laugh at how bad it	At every opportunity to do something clever , the film goes right over the edge and kills every sense of believability ... all you have left is a no-surprise series of explosions and violence while X looks like X 's not trying to laugh at how bad it
0	At every opportunity to do something clever , the film goes right over the edge and kills every sense of believability ... all you have left is a no-surprise series of explosions and violence while Modestie looks like she 's not trying to laugh at how bad it	At every opportunity to do something clever , the film goes right over the edge and kills every sense of believability ... all you have left is a no-surprise series of explosions and violence while X looks like X 's not trying to laugh at how bad it
0	At every opportunity to do something clever , the film goes right over the edge and kills every sense of believability ... all you have left is a no-surprise series of explosions and violence while Aleagh looks like she 's not trying to laugh at how bad it	At every opportunity to do something clever , the film goes right over the edge and kills every sense of believability ... all you have left is a no-surprise series of explosions and violence while X looks like X 's not trying to laugh at how bad it
0	At every opportunity to do something clever , the film goes right over the edge and kills every sense of believability ... all you have left is a no-surprise series of explosions and violence while Gezime looks like she 's not trying to laugh at how bad it	At every opportunity to do something clever , the film goes right over the edge and kills every sense of believability ... all you have left is a no-surprise series of explosions and violence while X looks like X 's not trying to laugh at how bad it
0	At every opportunity to do something clever , the film goes right over the edge and kills every sense of believability ... all you have left is a no-surprise series of explosions and violence while Thananya looks like she 's not trying to laugh at how bad it	At every opportunity to do something clever , the film goes right over the edge and kills every sense of believability ... all you have left is a no-surprise series of explosions and violence while X looks like X 's not trying to laugh at how bad it
0	At every opportunity to do something clever , the film goes right over the edge and kills every sense of believability ... all you have left is a no-surprise series of explosions and violence while Mayssan looks like she 's not trying to laugh at how bad it	At every opportunity to do something clever , the film goes right over the edge and kills every sense of believability ... all you have left is a no-surprise series of explosions and violence while X looks like X 's not trying to laugh at how bad it
0	At every opportunity to do something clever , the film goes right over the edge and kills every sense of believability ... all you have left is a no-surprise series of explosions and violence while Amelina looks like she 's not trying to laugh at how bad it	At every opportunity to do something clever , the film goes right over the edge and kills every sense of believability ... all you have left is a no-surprise series of explosions and violence while X looks like X 's not trying to laugh at how bad it
0	At every opportunity to do something clever , the film goes right over the edge and kills every sense of believability ... all you have left is a no-surprise series of explosions and violence while Julissa looks like she 's not trying to laugh at how bad it	At every opportunity to do something clever , the film goes right over the edge and kills every sense of believability ... all you have left is a no-surprise series of explosions and violence while X looks like X 's not trying to laugh at how bad it
0	At every opportunity to do something clever , the film goes right over the edge and kills every sense of believability ... all you have left is a no-surprise series of explosions and violence while Chihiro looks like she 's not trying to laugh at how bad it	At every opportunity to do something clever , the film goes right over the edge and kills every sense of believability ... all you have left is a no-surprise series of explosions and violence while X looks like X 's not trying to laugh at how bad it
0	At every opportunity to do something clever , the film goes right over the edge and kills every sense of believability ... all you have left is a no-surprise series of explosions and violence while Jocelinne looks like she 's not trying to laugh at how bad it	At every opportunity to do something clever , the film goes right over the edge and kills every sense of believability ... all you have left is a no-surprise series of explosions and violence while X looks like X 's not trying to laugh at how bad it
0	At every opportunity to do something clever , the film goes right over the edge and kills every sense of believability ... all you have left is a no-surprise series of explosions and violence while Marie-Noel looks like she 's not trying to laugh at how bad it	At every opportunity to do something clever , the film goes right over the edge and kills every sense of believability ... all you have left is a no-surprise series of explosions and violence while X looks like X 's not trying to laugh at how bad it
0	At every opportunity to do something clever , the film goes right over the edge and kills every sense of believability ... all you have left is a no-surprise series of explosions and violence while Phairin looks like she 's not trying to laugh at how bad it	At every opportunity to do something clever , the film goes right over the edge and kills every sense of believability ... all you have left is a no-surprise series of explosions and violence while X looks like X 's not trying to laugh at how bad it
0	At every opportunity to do something clever , the film goes right over the edge and kills every sense of believability ... all you have left is a no-surprise series of explosions and violence while Zoïtsa looks like she 's not trying to laugh at how bad it	At every opportunity to do something clever , the film goes right over the edge and kills every sense of believability ... all you have left is a no-surprise series of explosions and violence while X looks like X 's not trying to laugh at how bad it
0	At every opportunity to do something clever , the film goes right over the edge and kills every sense of believability ... all you have left is a no-surprise series of explosions and violence while Elyesea looks like she 's not trying to laugh at how bad it	At every opportunity to do something clever , the film goes right over the edge and kills every sense of believability ... all you have left is a no-surprise series of explosions and violence while X looks like X 's not trying to laugh at how bad it
0	At every opportunity to do something clever , the film goes right over the edge and kills every sense of believability ... all you have left is a no-surprise series of explosions and violence while Souhayla looks like she 's not trying to laugh at how bad it	At every opportunity to do something clever , the film goes right over the edge and kills every sense of believability ... all you have left is a no-surprise series of explosions and violence while X looks like X 's not trying to laugh at how bad it
0	At every opportunity to do something clever , the film goes right over the edge and kills every sense of believability ... all you have left is a no-surprise series of explosions and violence while Toke looks like she 's not trying to laugh at how bad it	At every opportunity to do something clever , the film goes right over the edge and kills every sense of believability ... all you have left is a no-surprise series of explosions and violence while X looks like X 's not trying to laugh at how bad it
0	At every opportunity to do something clever , the film goes right over the edge and kills every sense of believability ... all you have left is a no-surprise series of explosions and violence while Venora looks like she 's not trying to laugh at how bad it	At every opportunity to do something clever , the film goes right over the edge and kills every sense of believability ... all you have left is a no-surprise series of explosions and violence while X looks like X 's not trying to laugh at how bad it
0	At every opportunity to do something clever , the film goes right over the edge and kills every sense of believability ... all you have left is a no-surprise series of explosions and violence while Orphi looks like she 's not trying to laugh at how bad it	At every opportunity to do something clever , the film goes right over the edge and kills every sense of believability ... all you have left is a no-surprise series of explosions and violence while X looks like X 's not trying to laugh at how bad it
0	At every opportunity to do something clever , the film goes right over the edge and kills every sense of believability ... all you have left is a no-surprise series of explosions and violence while Luane looks like she 's not trying to laugh at how bad it	At every opportunity to do something clever , the film goes right over the edge and kills every sense of believability ... all you have left is a no-surprise series of explosions and violence while X looks like X 's not trying to laugh at how bad it
0	At every opportunity to do something clever , the film goes right over the edge and kills every sense of believability ... all you have left is a no-surprise series of explosions and violence while Bicetta looks like she 's not trying to laugh at how bad it	At every opportunity to do something clever , the film goes right over the edge and kills every sense of believability ... all you have left is a no-surprise series of explosions and violence while X looks like X 's not trying to laugh at how bad it
0	At every opportunity to do something clever , the film goes right over the edge and kills every sense of believability ... all you have left is a no-surprise series of explosions and violence while Tendy looks like she 's not trying to laugh at how bad it	At every opportunity to do something clever , the film goes right over the edge and kills every sense of believability ... all you have left is a no-surprise series of explosions and violence while X looks like X 's not trying to laugh at how bad it
0	At every opportunity to do something clever , the film goes right over the edge and kills every sense of believability ... all you have left is a no-surprise series of explosions and violence while Ethelle looks like she 's not trying to laugh at how bad it	At every opportunity to do something clever , the film goes right over the edge and kills every sense of believability ... all you have left is a no-surprise series of explosions and violence while X looks like X 's not trying to laugh at how bad it
0	At every opportunity to do something clever , the film goes right over the edge and kills every sense of believability ... all you have left is a no-surprise series of explosions and violence while Elaisha looks like she 's not trying to laugh at how bad it	At every opportunity to do something clever , the film goes right over the edge and kills every sense of believability ... all you have left is a no-surprise series of explosions and violence while X looks like X 's not trying to laugh at how bad it
0	At every opportunity to do something clever , the film goes right over the edge and kills every sense of believability ... all you have left is a no-surprise series of explosions and violence while Gertruda looks like she 's not trying to laugh at how bad it	At every opportunity to do something clever , the film goes right over the edge and kills every sense of believability ... all you have left is a no-surprise series of explosions and violence while X looks like X 's not trying to laugh at how bad it
0	At every opportunity to do something clever , the film goes right over the edge and kills every sense of believability ... all you have left is a no-surprise series of explosions and violence while Martusia looks like she 's not trying to laugh at how bad it	At every opportunity to do something clever , the film goes right over the edge and kills every sense of believability ... all you have left is a no-surprise series of explosions and violence while X looks like X 's not trying to laugh at how bad it
0	At every opportunity to do something clever , the film goes right over the edge and kills every sense of believability ... all you have left is a no-surprise series of explosions and violence while Feyme looks like she 's not trying to laugh at how bad it	At every opportunity to do something clever , the film goes right over the edge and kills every sense of believability ... all you have left is a no-surprise series of explosions and violence while X looks like X 's not trying to laugh at how bad it
0	At every opportunity to do something clever , the film goes right over the edge and kills every sense of believability ... all you have left is a no-surprise series of explosions and violence while Auphelie looks like she 's not trying to laugh at how bad it	At every opportunity to do something clever , the film goes right over the edge and kills every sense of believability ... all you have left is a no-surprise series of explosions and violence while X looks like X 's not trying to laugh at how bad it
