0	Despite Hoffman 's best efforts , Palona remains a silent , lumpish cipher ; his encounters reveal nothing about who he is or who he was before .	Despite Hoffman 's best efforts , X remains a silent , lumpish cipher ; X's encounters reveal nothing about who X is or who X was before .
0	Despite Hoffman 's best efforts , Benedetto remains a silent , lumpish cipher ; his encounters reveal nothing about who he is or who he was before .	Despite Hoffman 's best efforts , X remains a silent , lumpish cipher ; X's encounters reveal nothing about who X is or who X was before .
0	Despite Hoffman 's best efforts , Kallimah remains a silent , lumpish cipher ; his encounters reveal nothing about who he is or who he was before .	Despite Hoffman 's best efforts , X remains a silent , lumpish cipher ; X's encounters reveal nothing about who X is or who X was before .
0	Despite Hoffman 's best efforts , Xudong remains a silent , lumpish cipher ; his encounters reveal nothing about who he is or who he was before .	Despite Hoffman 's best efforts , X remains a silent , lumpish cipher ; X's encounters reveal nothing about who X is or who X was before .
0	Despite Hoffman 's best efforts , Xilian remains a silent , lumpish cipher ; his encounters reveal nothing about who he is or who he was before .	Despite Hoffman 's best efforts , X remains a silent , lumpish cipher ; X's encounters reveal nothing about who X is or who X was before .
0	Despite Hoffman 's best efforts , Galian remains a silent , lumpish cipher ; his encounters reveal nothing about who he is or who he was before .	Despite Hoffman 's best efforts , X remains a silent , lumpish cipher ; X's encounters reveal nothing about who X is or who X was before .
0	Despite Hoffman 's best efforts , Nefis remains a silent , lumpish cipher ; his encounters reveal nothing about who he is or who he was before .	Despite Hoffman 's best efforts , X remains a silent , lumpish cipher ; X's encounters reveal nothing about who X is or who X was before .
0	Despite Hoffman 's best efforts , Lynott remains a silent , lumpish cipher ; his encounters reveal nothing about who he is or who he was before .	Despite Hoffman 's best efforts , X remains a silent , lumpish cipher ; X's encounters reveal nothing about who X is or who X was before .
0	Despite Hoffman 's best efforts , Avraamij remains a silent , lumpish cipher ; his encounters reveal nothing about who he is or who he was before .	Despite Hoffman 's best efforts , X remains a silent , lumpish cipher ; X's encounters reveal nothing about who X is or who X was before .
0	Despite Hoffman 's best efforts , Soulemane remains a silent , lumpish cipher ; his encounters reveal nothing about who he is or who he was before .	Despite Hoffman 's best efforts , X remains a silent , lumpish cipher ; X's encounters reveal nothing about who X is or who X was before .
0	Despite Hoffman 's best efforts , Remco remains a silent , lumpish cipher ; his encounters reveal nothing about who he is or who he was before .	Despite Hoffman 's best efforts , X remains a silent , lumpish cipher ; X's encounters reveal nothing about who X is or who X was before .
0	Despite Hoffman 's best efforts , Arjen remains a silent , lumpish cipher ; his encounters reveal nothing about who he is or who he was before .	Despite Hoffman 's best efforts , X remains a silent , lumpish cipher ; X's encounters reveal nothing about who X is or who X was before .
0	Despite Hoffman 's best efforts , Manindra remains a silent , lumpish cipher ; his encounters reveal nothing about who he is or who he was before .	Despite Hoffman 's best efforts , X remains a silent , lumpish cipher ; X's encounters reveal nothing about who X is or who X was before .
0	Despite Hoffman 's best efforts , Epiteto remains a silent , lumpish cipher ; his encounters reveal nothing about who he is or who he was before .	Despite Hoffman 's best efforts , X remains a silent , lumpish cipher ; X's encounters reveal nothing about who X is or who X was before .
0	Despite Hoffman 's best efforts , Pianco remains a silent , lumpish cipher ; his encounters reveal nothing about who he is or who he was before .	Despite Hoffman 's best efforts , X remains a silent , lumpish cipher ; X's encounters reveal nothing about who X is or who X was before .
0	Despite Hoffman 's best efforts , Cotsos remains a silent , lumpish cipher ; his encounters reveal nothing about who he is or who he was before .	Despite Hoffman 's best efforts , X remains a silent , lumpish cipher ; X's encounters reveal nothing about who X is or who X was before .
0	Despite Hoffman 's best efforts , Chengyu remains a silent , lumpish cipher ; his encounters reveal nothing about who he is or who he was before .	Despite Hoffman 's best efforts , X remains a silent , lumpish cipher ; X's encounters reveal nothing about who X is or who X was before .
0	Despite Hoffman 's best efforts , Rostislav remains a silent , lumpish cipher ; his encounters reveal nothing about who he is or who he was before .	Despite Hoffman 's best efforts , X remains a silent , lumpish cipher ; X's encounters reveal nothing about who X is or who X was before .
0	Despite Hoffman 's best efforts , Mayur remains a silent , lumpish cipher ; his encounters reveal nothing about who he is or who he was before .	Despite Hoffman 's best efforts , X remains a silent , lumpish cipher ; X's encounters reveal nothing about who X is or who X was before .
0	Despite Hoffman 's best efforts , Xhuliano remains a silent , lumpish cipher ; his encounters reveal nothing about who he is or who he was before .	Despite Hoffman 's best efforts , X remains a silent , lumpish cipher ; X's encounters reveal nothing about who X is or who X was before .
0	Despite Hoffman 's best efforts , Мамант remains a silent , lumpish cipher ; his encounters reveal nothing about who he is or who he was before .	Despite Hoffman 's best efforts , X remains a silent , lumpish cipher ; X's encounters reveal nothing about who X is or who X was before .
0	Despite Hoffman 's best efforts , Remme remains a silent , lumpish cipher ; his encounters reveal nothing about who he is or who he was before .	Despite Hoffman 's best efforts , X remains a silent , lumpish cipher ; X's encounters reveal nothing about who X is or who X was before .
0	Despite Hoffman 's best efforts , Bhadrasraya remains a silent , lumpish cipher ; his encounters reveal nothing about who he is or who he was before .	Despite Hoffman 's best efforts , X remains a silent , lumpish cipher ; X's encounters reveal nothing about who X is or who X was before .
0	Despite Hoffman 's best efforts , Roene remains a silent , lumpish cipher ; his encounters reveal nothing about who he is or who he was before .	Despite Hoffman 's best efforts , X remains a silent , lumpish cipher ; X's encounters reveal nothing about who X is or who X was before .
0	Despite Hoffman 's best efforts , Ubayd remains a silent , lumpish cipher ; his encounters reveal nothing about who he is or who he was before .	Despite Hoffman 's best efforts , X remains a silent , lumpish cipher ; X's encounters reveal nothing about who X is or who X was before .
0	Despite Hoffman 's best efforts , Stig remains a silent , lumpish cipher ; his encounters reveal nothing about who he is or who he was before .	Despite Hoffman 's best efforts , X remains a silent , lumpish cipher ; X's encounters reveal nothing about who X is or who X was before .
0	Despite Hoffman 's best efforts , Tymon remains a silent , lumpish cipher ; his encounters reveal nothing about who he is or who he was before .	Despite Hoffman 's best efforts , X remains a silent , lumpish cipher ; X's encounters reveal nothing about who X is or who X was before .
0	Despite Hoffman 's best efforts , Berrie remains a silent , lumpish cipher ; his encounters reveal nothing about who he is or who he was before .	Despite Hoffman 's best efforts , X remains a silent , lumpish cipher ; X's encounters reveal nothing about who X is or who X was before .
0	Despite Hoffman 's best efforts , Акиндин remains a silent , lumpish cipher ; his encounters reveal nothing about who he is or who he was before .	Despite Hoffman 's best efforts , X remains a silent , lumpish cipher ; X's encounters reveal nothing about who X is or who X was before .
0	Despite Hoffman 's best efforts , Danyar remains a silent , lumpish cipher ; his encounters reveal nothing about who he is or who he was before .	Despite Hoffman 's best efforts , X remains a silent , lumpish cipher ; X's encounters reveal nothing about who X is or who X was before .
0	Despite Hoffman 's best efforts , Sveya remains a silent , lumpish cipher ; her encounters reveal nothing about who she is or who she was before .	Despite Hoffman 's best efforts , X remains a silent , lumpish cipher ; X's encounters reveal nothing about who X is or who X was before .
0	Despite Hoffman 's best efforts , Suri remains a silent , lumpish cipher ; her encounters reveal nothing about who she is or who she was before .	Despite Hoffman 's best efforts , X remains a silent , lumpish cipher ; X's encounters reveal nothing about who X is or who X was before .
0	Despite Hoffman 's best efforts , Men remains a silent , lumpish cipher ; her encounters reveal nothing about who she is or who she was before .	Despite Hoffman 's best efforts , X remains a silent , lumpish cipher ; X's encounters reveal nothing about who X is or who X was before .
0	Despite Hoffman 's best efforts , Conliane remains a silent , lumpish cipher ; her encounters reveal nothing about who she is or who she was before .	Despite Hoffman 's best efforts , X remains a silent , lumpish cipher ; X's encounters reveal nothing about who X is or who X was before .
0	Despite Hoffman 's best efforts , Modestie remains a silent , lumpish cipher ; her encounters reveal nothing about who she is or who she was before .	Despite Hoffman 's best efforts , X remains a silent , lumpish cipher ; X's encounters reveal nothing about who X is or who X was before .
0	Despite Hoffman 's best efforts , Aleagh remains a silent , lumpish cipher ; her encounters reveal nothing about who she is or who she was before .	Despite Hoffman 's best efforts , X remains a silent , lumpish cipher ; X's encounters reveal nothing about who X is or who X was before .
0	Despite Hoffman 's best efforts , Gezime remains a silent , lumpish cipher ; her encounters reveal nothing about who she is or who she was before .	Despite Hoffman 's best efforts , X remains a silent , lumpish cipher ; X's encounters reveal nothing about who X is or who X was before .
0	Despite Hoffman 's best efforts , Thananya remains a silent , lumpish cipher ; her encounters reveal nothing about who she is or who she was before .	Despite Hoffman 's best efforts , X remains a silent , lumpish cipher ; X's encounters reveal nothing about who X is or who X was before .
0	Despite Hoffman 's best efforts , Mayssan remains a silent , lumpish cipher ; her encounters reveal nothing about who she is or who she was before .	Despite Hoffman 's best efforts , X remains a silent , lumpish cipher ; X's encounters reveal nothing about who X is or who X was before .
0	Despite Hoffman 's best efforts , Amelina remains a silent , lumpish cipher ; her encounters reveal nothing about who she is or who she was before .	Despite Hoffman 's best efforts , X remains a silent , lumpish cipher ; X's encounters reveal nothing about who X is or who X was before .
0	Despite Hoffman 's best efforts , Julissa remains a silent , lumpish cipher ; her encounters reveal nothing about who she is or who she was before .	Despite Hoffman 's best efforts , X remains a silent , lumpish cipher ; X's encounters reveal nothing about who X is or who X was before .
0	Despite Hoffman 's best efforts , Chihiro remains a silent , lumpish cipher ; her encounters reveal nothing about who she is or who she was before .	Despite Hoffman 's best efforts , X remains a silent , lumpish cipher ; X's encounters reveal nothing about who X is or who X was before .
0	Despite Hoffman 's best efforts , Jocelinne remains a silent , lumpish cipher ; her encounters reveal nothing about who she is or who she was before .	Despite Hoffman 's best efforts , X remains a silent , lumpish cipher ; X's encounters reveal nothing about who X is or who X was before .
0	Despite Hoffman 's best efforts , Marie-Noel remains a silent , lumpish cipher ; her encounters reveal nothing about who she is or who she was before .	Despite Hoffman 's best efforts , X remains a silent , lumpish cipher ; X's encounters reveal nothing about who X is or who X was before .
0	Despite Hoffman 's best efforts , Phairin remains a silent , lumpish cipher ; her encounters reveal nothing about who she is or who she was before .	Despite Hoffman 's best efforts , X remains a silent , lumpish cipher ; X's encounters reveal nothing about who X is or who X was before .
0	Despite Hoffman 's best efforts , Zoïtsa remains a silent , lumpish cipher ; her encounters reveal nothing about who she is or who she was before .	Despite Hoffman 's best efforts , X remains a silent , lumpish cipher ; X's encounters reveal nothing about who X is or who X was before .
0	Despite Hoffman 's best efforts , Elyesea remains a silent , lumpish cipher ; her encounters reveal nothing about who she is or who she was before .	Despite Hoffman 's best efforts , X remains a silent , lumpish cipher ; X's encounters reveal nothing about who X is or who X was before .
0	Despite Hoffman 's best efforts , Souhayla remains a silent , lumpish cipher ; her encounters reveal nothing about who she is or who she was before .	Despite Hoffman 's best efforts , X remains a silent , lumpish cipher ; X's encounters reveal nothing about who X is or who X was before .
0	Despite Hoffman 's best efforts , Toke remains a silent , lumpish cipher ; her encounters reveal nothing about who she is or who she was before .	Despite Hoffman 's best efforts , X remains a silent , lumpish cipher ; X's encounters reveal nothing about who X is or who X was before .
0	Despite Hoffman 's best efforts , Venora remains a silent , lumpish cipher ; her encounters reveal nothing about who she is or who she was before .	Despite Hoffman 's best efforts , X remains a silent , lumpish cipher ; X's encounters reveal nothing about who X is or who X was before .
0	Despite Hoffman 's best efforts , Orphi remains a silent , lumpish cipher ; her encounters reveal nothing about who she is or who she was before .	Despite Hoffman 's best efforts , X remains a silent , lumpish cipher ; X's encounters reveal nothing about who X is or who X was before .
0	Despite Hoffman 's best efforts , Luane remains a silent , lumpish cipher ; her encounters reveal nothing about who she is or who she was before .	Despite Hoffman 's best efforts , X remains a silent , lumpish cipher ; X's encounters reveal nothing about who X is or who X was before .
0	Despite Hoffman 's best efforts , Bicetta remains a silent , lumpish cipher ; her encounters reveal nothing about who she is or who she was before .	Despite Hoffman 's best efforts , X remains a silent , lumpish cipher ; X's encounters reveal nothing about who X is or who X was before .
0	Despite Hoffman 's best efforts , Tendy remains a silent , lumpish cipher ; her encounters reveal nothing about who she is or who she was before .	Despite Hoffman 's best efforts , X remains a silent , lumpish cipher ; X's encounters reveal nothing about who X is or who X was before .
0	Despite Hoffman 's best efforts , Ethelle remains a silent , lumpish cipher ; her encounters reveal nothing about who she is or who she was before .	Despite Hoffman 's best efforts , X remains a silent , lumpish cipher ; X's encounters reveal nothing about who X is or who X was before .
0	Despite Hoffman 's best efforts , Elaisha remains a silent , lumpish cipher ; her encounters reveal nothing about who she is or who she was before .	Despite Hoffman 's best efforts , X remains a silent , lumpish cipher ; X's encounters reveal nothing about who X is or who X was before .
0	Despite Hoffman 's best efforts , Gertruda remains a silent , lumpish cipher ; her encounters reveal nothing about who she is or who she was before .	Despite Hoffman 's best efforts , X remains a silent , lumpish cipher ; X's encounters reveal nothing about who X is or who X was before .
0	Despite Hoffman 's best efforts , Martusia remains a silent , lumpish cipher ; her encounters reveal nothing about who she is or who she was before .	Despite Hoffman 's best efforts , X remains a silent , lumpish cipher ; X's encounters reveal nothing about who X is or who X was before .
0	Despite Hoffman 's best efforts , Feyme remains a silent , lumpish cipher ; her encounters reveal nothing about who she is or who she was before .	Despite Hoffman 's best efforts , X remains a silent , lumpish cipher ; X's encounters reveal nothing about who X is or who X was before .
0	Despite Hoffman 's best efforts , Auphelie remains a silent , lumpish cipher ; her encounters reveal nothing about who she is or who she was before .	Despite Hoffman 's best efforts , X remains a silent , lumpish cipher ; X's encounters reveal nothing about who X is or who X was before .
