0	Palona confines himself to shtick and sentimentality -- the one bald and the other sloppy .	X confines oneself to shtick and sentimentality -- the one bald and the other sloppy .
0	Benedetto confines himself to shtick and sentimentality -- the one bald and the other sloppy .	X confines oneself to shtick and sentimentality -- the one bald and the other sloppy .
0	Kallimah confines himself to shtick and sentimentality -- the one bald and the other sloppy .	X confines oneself to shtick and sentimentality -- the one bald and the other sloppy .
0	Xudong confines himself to shtick and sentimentality -- the one bald and the other sloppy .	X confines oneself to shtick and sentimentality -- the one bald and the other sloppy .
0	Xilian confines himself to shtick and sentimentality -- the one bald and the other sloppy .	X confines oneself to shtick and sentimentality -- the one bald and the other sloppy .
0	Galian confines himself to shtick and sentimentality -- the one bald and the other sloppy .	X confines oneself to shtick and sentimentality -- the one bald and the other sloppy .
0	Nefis confines himself to shtick and sentimentality -- the one bald and the other sloppy .	X confines oneself to shtick and sentimentality -- the one bald and the other sloppy .
0	Lynott confines himself to shtick and sentimentality -- the one bald and the other sloppy .	X confines oneself to shtick and sentimentality -- the one bald and the other sloppy .
0	Avraamij confines himself to shtick and sentimentality -- the one bald and the other sloppy .	X confines oneself to shtick and sentimentality -- the one bald and the other sloppy .
0	Soulemane confines himself to shtick and sentimentality -- the one bald and the other sloppy .	X confines oneself to shtick and sentimentality -- the one bald and the other sloppy .
0	Remco confines himself to shtick and sentimentality -- the one bald and the other sloppy .	X confines oneself to shtick and sentimentality -- the one bald and the other sloppy .
0	Arjen confines himself to shtick and sentimentality -- the one bald and the other sloppy .	X confines oneself to shtick and sentimentality -- the one bald and the other sloppy .
0	Manindra confines himself to shtick and sentimentality -- the one bald and the other sloppy .	X confines oneself to shtick and sentimentality -- the one bald and the other sloppy .
0	Epiteto confines himself to shtick and sentimentality -- the one bald and the other sloppy .	X confines oneself to shtick and sentimentality -- the one bald and the other sloppy .
0	Pianco confines himself to shtick and sentimentality -- the one bald and the other sloppy .	X confines oneself to shtick and sentimentality -- the one bald and the other sloppy .
0	Cotsos confines himself to shtick and sentimentality -- the one bald and the other sloppy .	X confines oneself to shtick and sentimentality -- the one bald and the other sloppy .
0	Chengyu confines himself to shtick and sentimentality -- the one bald and the other sloppy .	X confines oneself to shtick and sentimentality -- the one bald and the other sloppy .
0	Rostislav confines himself to shtick and sentimentality -- the one bald and the other sloppy .	X confines oneself to shtick and sentimentality -- the one bald and the other sloppy .
0	Mayur confines himself to shtick and sentimentality -- the one bald and the other sloppy .	X confines oneself to shtick and sentimentality -- the one bald and the other sloppy .
0	Xhuliano confines himself to shtick and sentimentality -- the one bald and the other sloppy .	X confines oneself to shtick and sentimentality -- the one bald and the other sloppy .
0	Мамант confines himself to shtick and sentimentality -- the one bald and the other sloppy .	X confines oneself to shtick and sentimentality -- the one bald and the other sloppy .
0	Remme confines himself to shtick and sentimentality -- the one bald and the other sloppy .	X confines oneself to shtick and sentimentality -- the one bald and the other sloppy .
0	Bhadrasraya confines himself to shtick and sentimentality -- the one bald and the other sloppy .	X confines oneself to shtick and sentimentality -- the one bald and the other sloppy .
0	Roene confines himself to shtick and sentimentality -- the one bald and the other sloppy .	X confines oneself to shtick and sentimentality -- the one bald and the other sloppy .
0	Ubayd confines himself to shtick and sentimentality -- the one bald and the other sloppy .	X confines oneself to shtick and sentimentality -- the one bald and the other sloppy .
0	Stig confines himself to shtick and sentimentality -- the one bald and the other sloppy .	X confines oneself to shtick and sentimentality -- the one bald and the other sloppy .
0	Tymon confines himself to shtick and sentimentality -- the one bald and the other sloppy .	X confines oneself to shtick and sentimentality -- the one bald and the other sloppy .
0	Berrie confines himself to shtick and sentimentality -- the one bald and the other sloppy .	X confines oneself to shtick and sentimentality -- the one bald and the other sloppy .
0	Акиндин confines himself to shtick and sentimentality -- the one bald and the other sloppy .	X confines oneself to shtick and sentimentality -- the one bald and the other sloppy .
0	Danyar confines himself to shtick and sentimentality -- the one bald and the other sloppy .	X confines oneself to shtick and sentimentality -- the one bald and the other sloppy .
0	Sveya confines herself to shtick and sentimentality -- the one bald and the other sloppy .	X confines oneself to shtick and sentimentality -- the one bald and the other sloppy .
0	Suri confines herself to shtick and sentimentality -- the one bald and the other sloppy .	X confines oneself to shtick and sentimentality -- the one bald and the other sloppy .
0	Men confines herself to shtick and sentimentality -- the one bald and the other sloppy .	X confines oneself to shtick and sentimentality -- the one bald and the other sloppy .
0	Conliane confines herself to shtick and sentimentality -- the one bald and the other sloppy .	X confines oneself to shtick and sentimentality -- the one bald and the other sloppy .
0	Modestie confines herself to shtick and sentimentality -- the one bald and the other sloppy .	X confines oneself to shtick and sentimentality -- the one bald and the other sloppy .
0	Aleagh confines herself to shtick and sentimentality -- the one bald and the other sloppy .	X confines oneself to shtick and sentimentality -- the one bald and the other sloppy .
0	Gezime confines herself to shtick and sentimentality -- the one bald and the other sloppy .	X confines oneself to shtick and sentimentality -- the one bald and the other sloppy .
0	Thananya confines herself to shtick and sentimentality -- the one bald and the other sloppy .	X confines oneself to shtick and sentimentality -- the one bald and the other sloppy .
0	Mayssan confines herself to shtick and sentimentality -- the one bald and the other sloppy .	X confines oneself to shtick and sentimentality -- the one bald and the other sloppy .
0	Amelina confines herself to shtick and sentimentality -- the one bald and the other sloppy .	X confines oneself to shtick and sentimentality -- the one bald and the other sloppy .
0	Julissa confines herself to shtick and sentimentality -- the one bald and the other sloppy .	X confines oneself to shtick and sentimentality -- the one bald and the other sloppy .
0	Chihiro confines herself to shtick and sentimentality -- the one bald and the other sloppy .	X confines oneself to shtick and sentimentality -- the one bald and the other sloppy .
0	Jocelinne confines herself to shtick and sentimentality -- the one bald and the other sloppy .	X confines oneself to shtick and sentimentality -- the one bald and the other sloppy .
0	Marie-Noel confines herself to shtick and sentimentality -- the one bald and the other sloppy .	X confines oneself to shtick and sentimentality -- the one bald and the other sloppy .
0	Phairin confines herself to shtick and sentimentality -- the one bald and the other sloppy .	X confines oneself to shtick and sentimentality -- the one bald and the other sloppy .
0	Zoïtsa confines herself to shtick and sentimentality -- the one bald and the other sloppy .	X confines oneself to shtick and sentimentality -- the one bald and the other sloppy .
0	Elyesea confines herself to shtick and sentimentality -- the one bald and the other sloppy .	X confines oneself to shtick and sentimentality -- the one bald and the other sloppy .
0	Souhayla confines herself to shtick and sentimentality -- the one bald and the other sloppy .	X confines oneself to shtick and sentimentality -- the one bald and the other sloppy .
0	Toke confines herself to shtick and sentimentality -- the one bald and the other sloppy .	X confines oneself to shtick and sentimentality -- the one bald and the other sloppy .
0	Venora confines herself to shtick and sentimentality -- the one bald and the other sloppy .	X confines oneself to shtick and sentimentality -- the one bald and the other sloppy .
0	Orphi confines herself to shtick and sentimentality -- the one bald and the other sloppy .	X confines oneself to shtick and sentimentality -- the one bald and the other sloppy .
0	Luane confines herself to shtick and sentimentality -- the one bald and the other sloppy .	X confines oneself to shtick and sentimentality -- the one bald and the other sloppy .
0	Bicetta confines herself to shtick and sentimentality -- the one bald and the other sloppy .	X confines oneself to shtick and sentimentality -- the one bald and the other sloppy .
0	Tendy confines herself to shtick and sentimentality -- the one bald and the other sloppy .	X confines oneself to shtick and sentimentality -- the one bald and the other sloppy .
0	Ethelle confines herself to shtick and sentimentality -- the one bald and the other sloppy .	X confines oneself to shtick and sentimentality -- the one bald and the other sloppy .
0	Elaisha confines herself to shtick and sentimentality -- the one bald and the other sloppy .	X confines oneself to shtick and sentimentality -- the one bald and the other sloppy .
0	Gertruda confines herself to shtick and sentimentality -- the one bald and the other sloppy .	X confines oneself to shtick and sentimentality -- the one bald and the other sloppy .
0	Martusia confines herself to shtick and sentimentality -- the one bald and the other sloppy .	X confines oneself to shtick and sentimentality -- the one bald and the other sloppy .
0	Feyme confines herself to shtick and sentimentality -- the one bald and the other sloppy .	X confines oneself to shtick and sentimentality -- the one bald and the other sloppy .
0	Auphelie confines herself to shtick and sentimentality -- the one bald and the other sloppy .	X confines oneself to shtick and sentimentality -- the one bald and the other sloppy .
