0	Palona never pushes for insights beyond the superficial tensions of the dynamic he 's dissecting , and the film settles too easily along the contours of expectation .	X never pushes for insights beyond the superficial tensions of the dynamic X 's dissecting , and the film settles too easily along the contours of expectation .
0	Benedetto never pushes for insights beyond the superficial tensions of the dynamic he 's dissecting , and the film settles too easily along the contours of expectation .	X never pushes for insights beyond the superficial tensions of the dynamic X 's dissecting , and the film settles too easily along the contours of expectation .
0	Kallimah never pushes for insights beyond the superficial tensions of the dynamic he 's dissecting , and the film settles too easily along the contours of expectation .	X never pushes for insights beyond the superficial tensions of the dynamic X 's dissecting , and the film settles too easily along the contours of expectation .
0	Xudong never pushes for insights beyond the superficial tensions of the dynamic he 's dissecting , and the film settles too easily along the contours of expectation .	X never pushes for insights beyond the superficial tensions of the dynamic X 's dissecting , and the film settles too easily along the contours of expectation .
0	Xilian never pushes for insights beyond the superficial tensions of the dynamic he 's dissecting , and the film settles too easily along the contours of expectation .	X never pushes for insights beyond the superficial tensions of the dynamic X 's dissecting , and the film settles too easily along the contours of expectation .
0	Galian never pushes for insights beyond the superficial tensions of the dynamic he 's dissecting , and the film settles too easily along the contours of expectation .	X never pushes for insights beyond the superficial tensions of the dynamic X 's dissecting , and the film settles too easily along the contours of expectation .
0	Nefis never pushes for insights beyond the superficial tensions of the dynamic he 's dissecting , and the film settles too easily along the contours of expectation .	X never pushes for insights beyond the superficial tensions of the dynamic X 's dissecting , and the film settles too easily along the contours of expectation .
0	Lynott never pushes for insights beyond the superficial tensions of the dynamic he 's dissecting , and the film settles too easily along the contours of expectation .	X never pushes for insights beyond the superficial tensions of the dynamic X 's dissecting , and the film settles too easily along the contours of expectation .
0	Avraamij never pushes for insights beyond the superficial tensions of the dynamic he 's dissecting , and the film settles too easily along the contours of expectation .	X never pushes for insights beyond the superficial tensions of the dynamic X 's dissecting , and the film settles too easily along the contours of expectation .
0	Soulemane never pushes for insights beyond the superficial tensions of the dynamic he 's dissecting , and the film settles too easily along the contours of expectation .	X never pushes for insights beyond the superficial tensions of the dynamic X 's dissecting , and the film settles too easily along the contours of expectation .
0	Remco never pushes for insights beyond the superficial tensions of the dynamic he 's dissecting , and the film settles too easily along the contours of expectation .	X never pushes for insights beyond the superficial tensions of the dynamic X 's dissecting , and the film settles too easily along the contours of expectation .
0	Arjen never pushes for insights beyond the superficial tensions of the dynamic he 's dissecting , and the film settles too easily along the contours of expectation .	X never pushes for insights beyond the superficial tensions of the dynamic X 's dissecting , and the film settles too easily along the contours of expectation .
0	Manindra never pushes for insights beyond the superficial tensions of the dynamic he 's dissecting , and the film settles too easily along the contours of expectation .	X never pushes for insights beyond the superficial tensions of the dynamic X 's dissecting , and the film settles too easily along the contours of expectation .
0	Epiteto never pushes for insights beyond the superficial tensions of the dynamic he 's dissecting , and the film settles too easily along the contours of expectation .	X never pushes for insights beyond the superficial tensions of the dynamic X 's dissecting , and the film settles too easily along the contours of expectation .
0	Pianco never pushes for insights beyond the superficial tensions of the dynamic he 's dissecting , and the film settles too easily along the contours of expectation .	X never pushes for insights beyond the superficial tensions of the dynamic X 's dissecting , and the film settles too easily along the contours of expectation .
0	Cotsos never pushes for insights beyond the superficial tensions of the dynamic he 's dissecting , and the film settles too easily along the contours of expectation .	X never pushes for insights beyond the superficial tensions of the dynamic X 's dissecting , and the film settles too easily along the contours of expectation .
0	Chengyu never pushes for insights beyond the superficial tensions of the dynamic he 's dissecting , and the film settles too easily along the contours of expectation .	X never pushes for insights beyond the superficial tensions of the dynamic X 's dissecting , and the film settles too easily along the contours of expectation .
0	Rostislav never pushes for insights beyond the superficial tensions of the dynamic he 's dissecting , and the film settles too easily along the contours of expectation .	X never pushes for insights beyond the superficial tensions of the dynamic X 's dissecting , and the film settles too easily along the contours of expectation .
0	Mayur never pushes for insights beyond the superficial tensions of the dynamic he 's dissecting , and the film settles too easily along the contours of expectation .	X never pushes for insights beyond the superficial tensions of the dynamic X 's dissecting , and the film settles too easily along the contours of expectation .
0	Xhuliano never pushes for insights beyond the superficial tensions of the dynamic he 's dissecting , and the film settles too easily along the contours of expectation .	X never pushes for insights beyond the superficial tensions of the dynamic X 's dissecting , and the film settles too easily along the contours of expectation .
0	Мамант never pushes for insights beyond the superficial tensions of the dynamic he 's dissecting , and the film settles too easily along the contours of expectation .	X never pushes for insights beyond the superficial tensions of the dynamic X 's dissecting , and the film settles too easily along the contours of expectation .
0	Remme never pushes for insights beyond the superficial tensions of the dynamic he 's dissecting , and the film settles too easily along the contours of expectation .	X never pushes for insights beyond the superficial tensions of the dynamic X 's dissecting , and the film settles too easily along the contours of expectation .
0	Bhadrasraya never pushes for insights beyond the superficial tensions of the dynamic he 's dissecting , and the film settles too easily along the contours of expectation .	X never pushes for insights beyond the superficial tensions of the dynamic X 's dissecting , and the film settles too easily along the contours of expectation .
0	Roene never pushes for insights beyond the superficial tensions of the dynamic he 's dissecting , and the film settles too easily along the contours of expectation .	X never pushes for insights beyond the superficial tensions of the dynamic X 's dissecting , and the film settles too easily along the contours of expectation .
0	Ubayd never pushes for insights beyond the superficial tensions of the dynamic he 's dissecting , and the film settles too easily along the contours of expectation .	X never pushes for insights beyond the superficial tensions of the dynamic X 's dissecting , and the film settles too easily along the contours of expectation .
0	Stig never pushes for insights beyond the superficial tensions of the dynamic he 's dissecting , and the film settles too easily along the contours of expectation .	X never pushes for insights beyond the superficial tensions of the dynamic X 's dissecting , and the film settles too easily along the contours of expectation .
0	Tymon never pushes for insights beyond the superficial tensions of the dynamic he 's dissecting , and the film settles too easily along the contours of expectation .	X never pushes for insights beyond the superficial tensions of the dynamic X 's dissecting , and the film settles too easily along the contours of expectation .
0	Berrie never pushes for insights beyond the superficial tensions of the dynamic he 's dissecting , and the film settles too easily along the contours of expectation .	X never pushes for insights beyond the superficial tensions of the dynamic X 's dissecting , and the film settles too easily along the contours of expectation .
0	Акиндин never pushes for insights beyond the superficial tensions of the dynamic he 's dissecting , and the film settles too easily along the contours of expectation .	X never pushes for insights beyond the superficial tensions of the dynamic X 's dissecting , and the film settles too easily along the contours of expectation .
0	Danyar never pushes for insights beyond the superficial tensions of the dynamic he 's dissecting , and the film settles too easily along the contours of expectation .	X never pushes for insights beyond the superficial tensions of the dynamic X 's dissecting , and the film settles too easily along the contours of expectation .
0	Sveya never pushes for insights beyond the superficial tensions of the dynamic she 's dissecting , and the film settles too easily along the contours of expectation .	X never pushes for insights beyond the superficial tensions of the dynamic X 's dissecting , and the film settles too easily along the contours of expectation .
0	Suri never pushes for insights beyond the superficial tensions of the dynamic she 's dissecting , and the film settles too easily along the contours of expectation .	X never pushes for insights beyond the superficial tensions of the dynamic X 's dissecting , and the film settles too easily along the contours of expectation .
0	Men never pushes for insights beyond the superficial tensions of the dynamic she 's dissecting , and the film settles too easily along the contours of expectation .	X never pushes for insights beyond the superficial tensions of the dynamic X 's dissecting , and the film settles too easily along the contours of expectation .
0	Conliane never pushes for insights beyond the superficial tensions of the dynamic she 's dissecting , and the film settles too easily along the contours of expectation .	X never pushes for insights beyond the superficial tensions of the dynamic X 's dissecting , and the film settles too easily along the contours of expectation .
0	Modestie never pushes for insights beyond the superficial tensions of the dynamic she 's dissecting , and the film settles too easily along the contours of expectation .	X never pushes for insights beyond the superficial tensions of the dynamic X 's dissecting , and the film settles too easily along the contours of expectation .
0	Aleagh never pushes for insights beyond the superficial tensions of the dynamic she 's dissecting , and the film settles too easily along the contours of expectation .	X never pushes for insights beyond the superficial tensions of the dynamic X 's dissecting , and the film settles too easily along the contours of expectation .
0	Gezime never pushes for insights beyond the superficial tensions of the dynamic she 's dissecting , and the film settles too easily along the contours of expectation .	X never pushes for insights beyond the superficial tensions of the dynamic X 's dissecting , and the film settles too easily along the contours of expectation .
0	Thananya never pushes for insights beyond the superficial tensions of the dynamic she 's dissecting , and the film settles too easily along the contours of expectation .	X never pushes for insights beyond the superficial tensions of the dynamic X 's dissecting , and the film settles too easily along the contours of expectation .
0	Mayssan never pushes for insights beyond the superficial tensions of the dynamic she 's dissecting , and the film settles too easily along the contours of expectation .	X never pushes for insights beyond the superficial tensions of the dynamic X 's dissecting , and the film settles too easily along the contours of expectation .
0	Amelina never pushes for insights beyond the superficial tensions of the dynamic she 's dissecting , and the film settles too easily along the contours of expectation .	X never pushes for insights beyond the superficial tensions of the dynamic X 's dissecting , and the film settles too easily along the contours of expectation .
0	Julissa never pushes for insights beyond the superficial tensions of the dynamic she 's dissecting , and the film settles too easily along the contours of expectation .	X never pushes for insights beyond the superficial tensions of the dynamic X 's dissecting , and the film settles too easily along the contours of expectation .
0	Chihiro never pushes for insights beyond the superficial tensions of the dynamic she 's dissecting , and the film settles too easily along the contours of expectation .	X never pushes for insights beyond the superficial tensions of the dynamic X 's dissecting , and the film settles too easily along the contours of expectation .
0	Jocelinne never pushes for insights beyond the superficial tensions of the dynamic she 's dissecting , and the film settles too easily along the contours of expectation .	X never pushes for insights beyond the superficial tensions of the dynamic X 's dissecting , and the film settles too easily along the contours of expectation .
0	Marie-Noel never pushes for insights beyond the superficial tensions of the dynamic she 's dissecting , and the film settles too easily along the contours of expectation .	X never pushes for insights beyond the superficial tensions of the dynamic X 's dissecting , and the film settles too easily along the contours of expectation .
0	Phairin never pushes for insights beyond the superficial tensions of the dynamic she 's dissecting , and the film settles too easily along the contours of expectation .	X never pushes for insights beyond the superficial tensions of the dynamic X 's dissecting , and the film settles too easily along the contours of expectation .
0	Zoïtsa never pushes for insights beyond the superficial tensions of the dynamic she 's dissecting , and the film settles too easily along the contours of expectation .	X never pushes for insights beyond the superficial tensions of the dynamic X 's dissecting , and the film settles too easily along the contours of expectation .
0	Elyesea never pushes for insights beyond the superficial tensions of the dynamic she 's dissecting , and the film settles too easily along the contours of expectation .	X never pushes for insights beyond the superficial tensions of the dynamic X 's dissecting , and the film settles too easily along the contours of expectation .
0	Souhayla never pushes for insights beyond the superficial tensions of the dynamic she 's dissecting , and the film settles too easily along the contours of expectation .	X never pushes for insights beyond the superficial tensions of the dynamic X 's dissecting , and the film settles too easily along the contours of expectation .
0	Toke never pushes for insights beyond the superficial tensions of the dynamic she 's dissecting , and the film settles too easily along the contours of expectation .	X never pushes for insights beyond the superficial tensions of the dynamic X 's dissecting , and the film settles too easily along the contours of expectation .
0	Venora never pushes for insights beyond the superficial tensions of the dynamic she 's dissecting , and the film settles too easily along the contours of expectation .	X never pushes for insights beyond the superficial tensions of the dynamic X 's dissecting , and the film settles too easily along the contours of expectation .
0	Orphi never pushes for insights beyond the superficial tensions of the dynamic she 's dissecting , and the film settles too easily along the contours of expectation .	X never pushes for insights beyond the superficial tensions of the dynamic X 's dissecting , and the film settles too easily along the contours of expectation .
0	Luane never pushes for insights beyond the superficial tensions of the dynamic she 's dissecting , and the film settles too easily along the contours of expectation .	X never pushes for insights beyond the superficial tensions of the dynamic X 's dissecting , and the film settles too easily along the contours of expectation .
0	Bicetta never pushes for insights beyond the superficial tensions of the dynamic she 's dissecting , and the film settles too easily along the contours of expectation .	X never pushes for insights beyond the superficial tensions of the dynamic X 's dissecting , and the film settles too easily along the contours of expectation .
0	Tendy never pushes for insights beyond the superficial tensions of the dynamic she 's dissecting , and the film settles too easily along the contours of expectation .	X never pushes for insights beyond the superficial tensions of the dynamic X 's dissecting , and the film settles too easily along the contours of expectation .
0	Ethelle never pushes for insights beyond the superficial tensions of the dynamic she 's dissecting , and the film settles too easily along the contours of expectation .	X never pushes for insights beyond the superficial tensions of the dynamic X 's dissecting , and the film settles too easily along the contours of expectation .
0	Elaisha never pushes for insights beyond the superficial tensions of the dynamic she 's dissecting , and the film settles too easily along the contours of expectation .	X never pushes for insights beyond the superficial tensions of the dynamic X 's dissecting , and the film settles too easily along the contours of expectation .
0	Gertruda never pushes for insights beyond the superficial tensions of the dynamic she 's dissecting , and the film settles too easily along the contours of expectation .	X never pushes for insights beyond the superficial tensions of the dynamic X 's dissecting , and the film settles too easily along the contours of expectation .
0	Martusia never pushes for insights beyond the superficial tensions of the dynamic she 's dissecting , and the film settles too easily along the contours of expectation .	X never pushes for insights beyond the superficial tensions of the dynamic X 's dissecting , and the film settles too easily along the contours of expectation .
0	Feyme never pushes for insights beyond the superficial tensions of the dynamic she 's dissecting , and the film settles too easily along the contours of expectation .	X never pushes for insights beyond the superficial tensions of the dynamic X 's dissecting , and the film settles too easily along the contours of expectation .
0	Auphelie never pushes for insights beyond the superficial tensions of the dynamic she 's dissecting , and the film settles too easily along the contours of expectation .	X never pushes for insights beyond the superficial tensions of the dynamic X 's dissecting , and the film settles too easily along the contours of expectation .
