0	For this sort of thing to work , we need agile performers , but the proficient , dull Sorvino has no light touch , and Palona is out of his league .	For this sort of thing to work , we need agile performers , but the proficient , dull Sorvino has no light touch , and X is out of X's league .
0	For this sort of thing to work , we need agile performers , but the proficient , dull Sorvino has no light touch , and Benedetto is out of his league .	For this sort of thing to work , we need agile performers , but the proficient , dull Sorvino has no light touch , and X is out of X's league .
0	For this sort of thing to work , we need agile performers , but the proficient , dull Sorvino has no light touch , and Kallimah is out of his league .	For this sort of thing to work , we need agile performers , but the proficient , dull Sorvino has no light touch , and X is out of X's league .
0	For this sort of thing to work , we need agile performers , but the proficient , dull Sorvino has no light touch , and Xudong is out of his league .	For this sort of thing to work , we need agile performers , but the proficient , dull Sorvino has no light touch , and X is out of X's league .
0	For this sort of thing to work , we need agile performers , but the proficient , dull Sorvino has no light touch , and Xilian is out of his league .	For this sort of thing to work , we need agile performers , but the proficient , dull Sorvino has no light touch , and X is out of X's league .
0	For this sort of thing to work , we need agile performers , but the proficient , dull Sorvino has no light touch , and Galian is out of his league .	For this sort of thing to work , we need agile performers , but the proficient , dull Sorvino has no light touch , and X is out of X's league .
0	For this sort of thing to work , we need agile performers , but the proficient , dull Sorvino has no light touch , and Nefis is out of his league .	For this sort of thing to work , we need agile performers , but the proficient , dull Sorvino has no light touch , and X is out of X's league .
0	For this sort of thing to work , we need agile performers , but the proficient , dull Sorvino has no light touch , and Lynott is out of his league .	For this sort of thing to work , we need agile performers , but the proficient , dull Sorvino has no light touch , and X is out of X's league .
0	For this sort of thing to work , we need agile performers , but the proficient , dull Sorvino has no light touch , and Avraamij is out of his league .	For this sort of thing to work , we need agile performers , but the proficient , dull Sorvino has no light touch , and X is out of X's league .
0	For this sort of thing to work , we need agile performers , but the proficient , dull Sorvino has no light touch , and Soulemane is out of his league .	For this sort of thing to work , we need agile performers , but the proficient , dull Sorvino has no light touch , and X is out of X's league .
0	For this sort of thing to work , we need agile performers , but the proficient , dull Sorvino has no light touch , and Remco is out of his league .	For this sort of thing to work , we need agile performers , but the proficient , dull Sorvino has no light touch , and X is out of X's league .
0	For this sort of thing to work , we need agile performers , but the proficient , dull Sorvino has no light touch , and Arjen is out of his league .	For this sort of thing to work , we need agile performers , but the proficient , dull Sorvino has no light touch , and X is out of X's league .
0	For this sort of thing to work , we need agile performers , but the proficient , dull Sorvino has no light touch , and Manindra is out of his league .	For this sort of thing to work , we need agile performers , but the proficient , dull Sorvino has no light touch , and X is out of X's league .
0	For this sort of thing to work , we need agile performers , but the proficient , dull Sorvino has no light touch , and Epiteto is out of his league .	For this sort of thing to work , we need agile performers , but the proficient , dull Sorvino has no light touch , and X is out of X's league .
0	For this sort of thing to work , we need agile performers , but the proficient , dull Sorvino has no light touch , and Pianco is out of his league .	For this sort of thing to work , we need agile performers , but the proficient , dull Sorvino has no light touch , and X is out of X's league .
0	For this sort of thing to work , we need agile performers , but the proficient , dull Sorvino has no light touch , and Cotsos is out of his league .	For this sort of thing to work , we need agile performers , but the proficient , dull Sorvino has no light touch , and X is out of X's league .
0	For this sort of thing to work , we need agile performers , but the proficient , dull Sorvino has no light touch , and Chengyu is out of his league .	For this sort of thing to work , we need agile performers , but the proficient , dull Sorvino has no light touch , and X is out of X's league .
0	For this sort of thing to work , we need agile performers , but the proficient , dull Sorvino has no light touch , and Rostislav is out of his league .	For this sort of thing to work , we need agile performers , but the proficient , dull Sorvino has no light touch , and X is out of X's league .
0	For this sort of thing to work , we need agile performers , but the proficient , dull Sorvino has no light touch , and Mayur is out of his league .	For this sort of thing to work , we need agile performers , but the proficient , dull Sorvino has no light touch , and X is out of X's league .
0	For this sort of thing to work , we need agile performers , but the proficient , dull Sorvino has no light touch , and Xhuliano is out of his league .	For this sort of thing to work , we need agile performers , but the proficient , dull Sorvino has no light touch , and X is out of X's league .
0	For this sort of thing to work , we need agile performers , but the proficient , dull Sorvino has no light touch , and Мамант is out of his league .	For this sort of thing to work , we need agile performers , but the proficient , dull Sorvino has no light touch , and X is out of X's league .
0	For this sort of thing to work , we need agile performers , but the proficient , dull Sorvino has no light touch , and Remme is out of his league .	For this sort of thing to work , we need agile performers , but the proficient , dull Sorvino has no light touch , and X is out of X's league .
0	For this sort of thing to work , we need agile performers , but the proficient , dull Sorvino has no light touch , and Bhadrasraya is out of his league .	For this sort of thing to work , we need agile performers , but the proficient , dull Sorvino has no light touch , and X is out of X's league .
0	For this sort of thing to work , we need agile performers , but the proficient , dull Sorvino has no light touch , and Roene is out of his league .	For this sort of thing to work , we need agile performers , but the proficient , dull Sorvino has no light touch , and X is out of X's league .
0	For this sort of thing to work , we need agile performers , but the proficient , dull Sorvino has no light touch , and Ubayd is out of his league .	For this sort of thing to work , we need agile performers , but the proficient , dull Sorvino has no light touch , and X is out of X's league .
0	For this sort of thing to work , we need agile performers , but the proficient , dull Sorvino has no light touch , and Stig is out of his league .	For this sort of thing to work , we need agile performers , but the proficient , dull Sorvino has no light touch , and X is out of X's league .
0	For this sort of thing to work , we need agile performers , but the proficient , dull Sorvino has no light touch , and Tymon is out of his league .	For this sort of thing to work , we need agile performers , but the proficient , dull Sorvino has no light touch , and X is out of X's league .
0	For this sort of thing to work , we need agile performers , but the proficient , dull Sorvino has no light touch , and Berrie is out of his league .	For this sort of thing to work , we need agile performers , but the proficient , dull Sorvino has no light touch , and X is out of X's league .
0	For this sort of thing to work , we need agile performers , but the proficient , dull Sorvino has no light touch , and Акиндин is out of his league .	For this sort of thing to work , we need agile performers , but the proficient , dull Sorvino has no light touch , and X is out of X's league .
0	For this sort of thing to work , we need agile performers , but the proficient , dull Sorvino has no light touch , and Danyar is out of his league .	For this sort of thing to work , we need agile performers , but the proficient , dull Sorvino has no light touch , and X is out of X's league .
0	For this sort of thing to work , we need agile performers , but the proficient , dull Sorvino has no light touch , and Sveya is out of her league .	For this sort of thing to work , we need agile performers , but the proficient , dull Sorvino has no light touch , and X is out of X's league .
0	For this sort of thing to work , we need agile performers , but the proficient , dull Sorvino has no light touch , and Suri is out of her league .	For this sort of thing to work , we need agile performers , but the proficient , dull Sorvino has no light touch , and X is out of X's league .
0	For this sort of thing to work , we need agile performers , but the proficient , dull Sorvino has no light touch , and Men is out of her league .	For this sort of thing to work , we need agile performers , but the proficient , dull Sorvino has no light touch , and X is out of X's league .
0	For this sort of thing to work , we need agile performers , but the proficient , dull Sorvino has no light touch , and Conliane is out of her league .	For this sort of thing to work , we need agile performers , but the proficient , dull Sorvino has no light touch , and X is out of X's league .
0	For this sort of thing to work , we need agile performers , but the proficient , dull Sorvino has no light touch , and Modestie is out of her league .	For this sort of thing to work , we need agile performers , but the proficient , dull Sorvino has no light touch , and X is out of X's league .
0	For this sort of thing to work , we need agile performers , but the proficient , dull Sorvino has no light touch , and Aleagh is out of her league .	For this sort of thing to work , we need agile performers , but the proficient , dull Sorvino has no light touch , and X is out of X's league .
0	For this sort of thing to work , we need agile performers , but the proficient , dull Sorvino has no light touch , and Gezime is out of her league .	For this sort of thing to work , we need agile performers , but the proficient , dull Sorvino has no light touch , and X is out of X's league .
0	For this sort of thing to work , we need agile performers , but the proficient , dull Sorvino has no light touch , and Thananya is out of her league .	For this sort of thing to work , we need agile performers , but the proficient , dull Sorvino has no light touch , and X is out of X's league .
0	For this sort of thing to work , we need agile performers , but the proficient , dull Sorvino has no light touch , and Mayssan is out of her league .	For this sort of thing to work , we need agile performers , but the proficient , dull Sorvino has no light touch , and X is out of X's league .
0	For this sort of thing to work , we need agile performers , but the proficient , dull Sorvino has no light touch , and Amelina is out of her league .	For this sort of thing to work , we need agile performers , but the proficient , dull Sorvino has no light touch , and X is out of X's league .
0	For this sort of thing to work , we need agile performers , but the proficient , dull Sorvino has no light touch , and Julissa is out of her league .	For this sort of thing to work , we need agile performers , but the proficient , dull Sorvino has no light touch , and X is out of X's league .
0	For this sort of thing to work , we need agile performers , but the proficient , dull Sorvino has no light touch , and Chihiro is out of her league .	For this sort of thing to work , we need agile performers , but the proficient , dull Sorvino has no light touch , and X is out of X's league .
0	For this sort of thing to work , we need agile performers , but the proficient , dull Sorvino has no light touch , and Jocelinne is out of her league .	For this sort of thing to work , we need agile performers , but the proficient , dull Sorvino has no light touch , and X is out of X's league .
0	For this sort of thing to work , we need agile performers , but the proficient , dull Sorvino has no light touch , and Marie-Noel is out of her league .	For this sort of thing to work , we need agile performers , but the proficient , dull Sorvino has no light touch , and X is out of X's league .
0	For this sort of thing to work , we need agile performers , but the proficient , dull Sorvino has no light touch , and Phairin is out of her league .	For this sort of thing to work , we need agile performers , but the proficient , dull Sorvino has no light touch , and X is out of X's league .
0	For this sort of thing to work , we need agile performers , but the proficient , dull Sorvino has no light touch , and Zoïtsa is out of her league .	For this sort of thing to work , we need agile performers , but the proficient , dull Sorvino has no light touch , and X is out of X's league .
0	For this sort of thing to work , we need agile performers , but the proficient , dull Sorvino has no light touch , and Elyesea is out of her league .	For this sort of thing to work , we need agile performers , but the proficient , dull Sorvino has no light touch , and X is out of X's league .
0	For this sort of thing to work , we need agile performers , but the proficient , dull Sorvino has no light touch , and Souhayla is out of her league .	For this sort of thing to work , we need agile performers , but the proficient , dull Sorvino has no light touch , and X is out of X's league .
0	For this sort of thing to work , we need agile performers , but the proficient , dull Sorvino has no light touch , and Toke is out of her league .	For this sort of thing to work , we need agile performers , but the proficient , dull Sorvino has no light touch , and X is out of X's league .
0	For this sort of thing to work , we need agile performers , but the proficient , dull Sorvino has no light touch , and Venora is out of her league .	For this sort of thing to work , we need agile performers , but the proficient , dull Sorvino has no light touch , and X is out of X's league .
0	For this sort of thing to work , we need agile performers , but the proficient , dull Sorvino has no light touch , and Orphi is out of her league .	For this sort of thing to work , we need agile performers , but the proficient , dull Sorvino has no light touch , and X is out of X's league .
0	For this sort of thing to work , we need agile performers , but the proficient , dull Sorvino has no light touch , and Luane is out of her league .	For this sort of thing to work , we need agile performers , but the proficient , dull Sorvino has no light touch , and X is out of X's league .
0	For this sort of thing to work , we need agile performers , but the proficient , dull Sorvino has no light touch , and Bicetta is out of her league .	For this sort of thing to work , we need agile performers , but the proficient , dull Sorvino has no light touch , and X is out of X's league .
0	For this sort of thing to work , we need agile performers , but the proficient , dull Sorvino has no light touch , and Tendy is out of her league .	For this sort of thing to work , we need agile performers , but the proficient , dull Sorvino has no light touch , and X is out of X's league .
0	For this sort of thing to work , we need agile performers , but the proficient , dull Sorvino has no light touch , and Ethelle is out of her league .	For this sort of thing to work , we need agile performers , but the proficient , dull Sorvino has no light touch , and X is out of X's league .
0	For this sort of thing to work , we need agile performers , but the proficient , dull Sorvino has no light touch , and Elaisha is out of her league .	For this sort of thing to work , we need agile performers , but the proficient , dull Sorvino has no light touch , and X is out of X's league .
0	For this sort of thing to work , we need agile performers , but the proficient , dull Sorvino has no light touch , and Gertruda is out of her league .	For this sort of thing to work , we need agile performers , but the proficient , dull Sorvino has no light touch , and X is out of X's league .
0	For this sort of thing to work , we need agile performers , but the proficient , dull Sorvino has no light touch , and Martusia is out of her league .	For this sort of thing to work , we need agile performers , but the proficient , dull Sorvino has no light touch , and X is out of X's league .
0	For this sort of thing to work , we need agile performers , but the proficient , dull Sorvino has no light touch , and Feyme is out of her league .	For this sort of thing to work , we need agile performers , but the proficient , dull Sorvino has no light touch , and X is out of X's league .
0	For this sort of thing to work , we need agile performers , but the proficient , dull Sorvino has no light touch , and Auphelie is out of her league .	For this sort of thing to work , we need agile performers , but the proficient , dull Sorvino has no light touch , and X is out of X's league .
