0	Palona uses his characters -- if that 's not too glorified a term -- as art things , mouthpieces , visual motifs , blanks .	X uses X's characters -- if that 's not too glorified a term -- as art things , mouthpieces , visual motifs , blanks .
0	Benedetto uses his characters -- if that 's not too glorified a term -- as art things , mouthpieces , visual motifs , blanks .	X uses X's characters -- if that 's not too glorified a term -- as art things , mouthpieces , visual motifs , blanks .
0	Kallimah uses his characters -- if that 's not too glorified a term -- as art things , mouthpieces , visual motifs , blanks .	X uses X's characters -- if that 's not too glorified a term -- as art things , mouthpieces , visual motifs , blanks .
0	Xudong uses his characters -- if that 's not too glorified a term -- as art things , mouthpieces , visual motifs , blanks .	X uses X's characters -- if that 's not too glorified a term -- as art things , mouthpieces , visual motifs , blanks .
0	Xilian uses his characters -- if that 's not too glorified a term -- as art things , mouthpieces , visual motifs , blanks .	X uses X's characters -- if that 's not too glorified a term -- as art things , mouthpieces , visual motifs , blanks .
0	Galian uses his characters -- if that 's not too glorified a term -- as art things , mouthpieces , visual motifs , blanks .	X uses X's characters -- if that 's not too glorified a term -- as art things , mouthpieces , visual motifs , blanks .
0	Nefis uses his characters -- if that 's not too glorified a term -- as art things , mouthpieces , visual motifs , blanks .	X uses X's characters -- if that 's not too glorified a term -- as art things , mouthpieces , visual motifs , blanks .
0	Lynott uses his characters -- if that 's not too glorified a term -- as art things , mouthpieces , visual motifs , blanks .	X uses X's characters -- if that 's not too glorified a term -- as art things , mouthpieces , visual motifs , blanks .
0	Avraamij uses his characters -- if that 's not too glorified a term -- as art things , mouthpieces , visual motifs , blanks .	X uses X's characters -- if that 's not too glorified a term -- as art things , mouthpieces , visual motifs , blanks .
0	Soulemane uses his characters -- if that 's not too glorified a term -- as art things , mouthpieces , visual motifs , blanks .	X uses X's characters -- if that 's not too glorified a term -- as art things , mouthpieces , visual motifs , blanks .
0	Remco uses his characters -- if that 's not too glorified a term -- as art things , mouthpieces , visual motifs , blanks .	X uses X's characters -- if that 's not too glorified a term -- as art things , mouthpieces , visual motifs , blanks .
0	Arjen uses his characters -- if that 's not too glorified a term -- as art things , mouthpieces , visual motifs , blanks .	X uses X's characters -- if that 's not too glorified a term -- as art things , mouthpieces , visual motifs , blanks .
0	Manindra uses his characters -- if that 's not too glorified a term -- as art things , mouthpieces , visual motifs , blanks .	X uses X's characters -- if that 's not too glorified a term -- as art things , mouthpieces , visual motifs , blanks .
0	Epiteto uses his characters -- if that 's not too glorified a term -- as art things , mouthpieces , visual motifs , blanks .	X uses X's characters -- if that 's not too glorified a term -- as art things , mouthpieces , visual motifs , blanks .
0	Pianco uses his characters -- if that 's not too glorified a term -- as art things , mouthpieces , visual motifs , blanks .	X uses X's characters -- if that 's not too glorified a term -- as art things , mouthpieces , visual motifs , blanks .
0	Cotsos uses his characters -- if that 's not too glorified a term -- as art things , mouthpieces , visual motifs , blanks .	X uses X's characters -- if that 's not too glorified a term -- as art things , mouthpieces , visual motifs , blanks .
0	Chengyu uses his characters -- if that 's not too glorified a term -- as art things , mouthpieces , visual motifs , blanks .	X uses X's characters -- if that 's not too glorified a term -- as art things , mouthpieces , visual motifs , blanks .
0	Rostislav uses his characters -- if that 's not too glorified a term -- as art things , mouthpieces , visual motifs , blanks .	X uses X's characters -- if that 's not too glorified a term -- as art things , mouthpieces , visual motifs , blanks .
0	Mayur uses his characters -- if that 's not too glorified a term -- as art things , mouthpieces , visual motifs , blanks .	X uses X's characters -- if that 's not too glorified a term -- as art things , mouthpieces , visual motifs , blanks .
0	Xhuliano uses his characters -- if that 's not too glorified a term -- as art things , mouthpieces , visual motifs , blanks .	X uses X's characters -- if that 's not too glorified a term -- as art things , mouthpieces , visual motifs , blanks .
0	Мамант uses his characters -- if that 's not too glorified a term -- as art things , mouthpieces , visual motifs , blanks .	X uses X's characters -- if that 's not too glorified a term -- as art things , mouthpieces , visual motifs , blanks .
0	Remme uses his characters -- if that 's not too glorified a term -- as art things , mouthpieces , visual motifs , blanks .	X uses X's characters -- if that 's not too glorified a term -- as art things , mouthpieces , visual motifs , blanks .
0	Bhadrasraya uses his characters -- if that 's not too glorified a term -- as art things , mouthpieces , visual motifs , blanks .	X uses X's characters -- if that 's not too glorified a term -- as art things , mouthpieces , visual motifs , blanks .
0	Roene uses his characters -- if that 's not too glorified a term -- as art things , mouthpieces , visual motifs , blanks .	X uses X's characters -- if that 's not too glorified a term -- as art things , mouthpieces , visual motifs , blanks .
0	Ubayd uses his characters -- if that 's not too glorified a term -- as art things , mouthpieces , visual motifs , blanks .	X uses X's characters -- if that 's not too glorified a term -- as art things , mouthpieces , visual motifs , blanks .
0	Stig uses his characters -- if that 's not too glorified a term -- as art things , mouthpieces , visual motifs , blanks .	X uses X's characters -- if that 's not too glorified a term -- as art things , mouthpieces , visual motifs , blanks .
0	Tymon uses his characters -- if that 's not too glorified a term -- as art things , mouthpieces , visual motifs , blanks .	X uses X's characters -- if that 's not too glorified a term -- as art things , mouthpieces , visual motifs , blanks .
0	Berrie uses his characters -- if that 's not too glorified a term -- as art things , mouthpieces , visual motifs , blanks .	X uses X's characters -- if that 's not too glorified a term -- as art things , mouthpieces , visual motifs , blanks .
0	Акиндин uses his characters -- if that 's not too glorified a term -- as art things , mouthpieces , visual motifs , blanks .	X uses X's characters -- if that 's not too glorified a term -- as art things , mouthpieces , visual motifs , blanks .
0	Danyar uses his characters -- if that 's not too glorified a term -- as art things , mouthpieces , visual motifs , blanks .	X uses X's characters -- if that 's not too glorified a term -- as art things , mouthpieces , visual motifs , blanks .
0	Sveya uses her characters -- if that 's not too glorified a term -- as art things , mouthpieces , visual motifs , blanks .	X uses X's characters -- if that 's not too glorified a term -- as art things , mouthpieces , visual motifs , blanks .
0	Suri uses her characters -- if that 's not too glorified a term -- as art things , mouthpieces , visual motifs , blanks .	X uses X's characters -- if that 's not too glorified a term -- as art things , mouthpieces , visual motifs , blanks .
0	Men uses her characters -- if that 's not too glorified a term -- as art things , mouthpieces , visual motifs , blanks .	X uses X's characters -- if that 's not too glorified a term -- as art things , mouthpieces , visual motifs , blanks .
0	Conliane uses her characters -- if that 's not too glorified a term -- as art things , mouthpieces , visual motifs , blanks .	X uses X's characters -- if that 's not too glorified a term -- as art things , mouthpieces , visual motifs , blanks .
0	Modestie uses her characters -- if that 's not too glorified a term -- as art things , mouthpieces , visual motifs , blanks .	X uses X's characters -- if that 's not too glorified a term -- as art things , mouthpieces , visual motifs , blanks .
0	Aleagh uses her characters -- if that 's not too glorified a term -- as art things , mouthpieces , visual motifs , blanks .	X uses X's characters -- if that 's not too glorified a term -- as art things , mouthpieces , visual motifs , blanks .
0	Gezime uses her characters -- if that 's not too glorified a term -- as art things , mouthpieces , visual motifs , blanks .	X uses X's characters -- if that 's not too glorified a term -- as art things , mouthpieces , visual motifs , blanks .
0	Thananya uses her characters -- if that 's not too glorified a term -- as art things , mouthpieces , visual motifs , blanks .	X uses X's characters -- if that 's not too glorified a term -- as art things , mouthpieces , visual motifs , blanks .
0	Mayssan uses her characters -- if that 's not too glorified a term -- as art things , mouthpieces , visual motifs , blanks .	X uses X's characters -- if that 's not too glorified a term -- as art things , mouthpieces , visual motifs , blanks .
0	Amelina uses her characters -- if that 's not too glorified a term -- as art things , mouthpieces , visual motifs , blanks .	X uses X's characters -- if that 's not too glorified a term -- as art things , mouthpieces , visual motifs , blanks .
0	Julissa uses her characters -- if that 's not too glorified a term -- as art things , mouthpieces , visual motifs , blanks .	X uses X's characters -- if that 's not too glorified a term -- as art things , mouthpieces , visual motifs , blanks .
0	Chihiro uses her characters -- if that 's not too glorified a term -- as art things , mouthpieces , visual motifs , blanks .	X uses X's characters -- if that 's not too glorified a term -- as art things , mouthpieces , visual motifs , blanks .
0	Jocelinne uses her characters -- if that 's not too glorified a term -- as art things , mouthpieces , visual motifs , blanks .	X uses X's characters -- if that 's not too glorified a term -- as art things , mouthpieces , visual motifs , blanks .
0	Marie-Noel uses her characters -- if that 's not too glorified a term -- as art things , mouthpieces , visual motifs , blanks .	X uses X's characters -- if that 's not too glorified a term -- as art things , mouthpieces , visual motifs , blanks .
0	Phairin uses her characters -- if that 's not too glorified a term -- as art things , mouthpieces , visual motifs , blanks .	X uses X's characters -- if that 's not too glorified a term -- as art things , mouthpieces , visual motifs , blanks .
0	Zoïtsa uses her characters -- if that 's not too glorified a term -- as art things , mouthpieces , visual motifs , blanks .	X uses X's characters -- if that 's not too glorified a term -- as art things , mouthpieces , visual motifs , blanks .
0	Elyesea uses her characters -- if that 's not too glorified a term -- as art things , mouthpieces , visual motifs , blanks .	X uses X's characters -- if that 's not too glorified a term -- as art things , mouthpieces , visual motifs , blanks .
0	Souhayla uses her characters -- if that 's not too glorified a term -- as art things , mouthpieces , visual motifs , blanks .	X uses X's characters -- if that 's not too glorified a term -- as art things , mouthpieces , visual motifs , blanks .
0	Toke uses her characters -- if that 's not too glorified a term -- as art things , mouthpieces , visual motifs , blanks .	X uses X's characters -- if that 's not too glorified a term -- as art things , mouthpieces , visual motifs , blanks .
0	Venora uses her characters -- if that 's not too glorified a term -- as art things , mouthpieces , visual motifs , blanks .	X uses X's characters -- if that 's not too glorified a term -- as art things , mouthpieces , visual motifs , blanks .
0	Orphi uses her characters -- if that 's not too glorified a term -- as art things , mouthpieces , visual motifs , blanks .	X uses X's characters -- if that 's not too glorified a term -- as art things , mouthpieces , visual motifs , blanks .
0	Luane uses her characters -- if that 's not too glorified a term -- as art things , mouthpieces , visual motifs , blanks .	X uses X's characters -- if that 's not too glorified a term -- as art things , mouthpieces , visual motifs , blanks .
0	Bicetta uses her characters -- if that 's not too glorified a term -- as art things , mouthpieces , visual motifs , blanks .	X uses X's characters -- if that 's not too glorified a term -- as art things , mouthpieces , visual motifs , blanks .
0	Tendy uses her characters -- if that 's not too glorified a term -- as art things , mouthpieces , visual motifs , blanks .	X uses X's characters -- if that 's not too glorified a term -- as art things , mouthpieces , visual motifs , blanks .
0	Ethelle uses her characters -- if that 's not too glorified a term -- as art things , mouthpieces , visual motifs , blanks .	X uses X's characters -- if that 's not too glorified a term -- as art things , mouthpieces , visual motifs , blanks .
0	Elaisha uses her characters -- if that 's not too glorified a term -- as art things , mouthpieces , visual motifs , blanks .	X uses X's characters -- if that 's not too glorified a term -- as art things , mouthpieces , visual motifs , blanks .
0	Gertruda uses her characters -- if that 's not too glorified a term -- as art things , mouthpieces , visual motifs , blanks .	X uses X's characters -- if that 's not too glorified a term -- as art things , mouthpieces , visual motifs , blanks .
0	Martusia uses her characters -- if that 's not too glorified a term -- as art things , mouthpieces , visual motifs , blanks .	X uses X's characters -- if that 's not too glorified a term -- as art things , mouthpieces , visual motifs , blanks .
0	Feyme uses her characters -- if that 's not too glorified a term -- as art things , mouthpieces , visual motifs , blanks .	X uses X's characters -- if that 's not too glorified a term -- as art things , mouthpieces , visual motifs , blanks .
0	Auphelie uses her characters -- if that 's not too glorified a term -- as art things , mouthpieces , visual motifs , blanks .	X uses X's characters -- if that 's not too glorified a term -- as art things , mouthpieces , visual motifs , blanks .
