0	Palona tries to make a hip comedy , but his dependence on slapstick defeats the possibility of creating a more darkly edged tome .	X tries to make a hip comedy , but X's dependence on slapstick defeats the possibility of creating a more darkly edged tome .
0	Benedetto tries to make a hip comedy , but his dependence on slapstick defeats the possibility of creating a more darkly edged tome .	X tries to make a hip comedy , but X's dependence on slapstick defeats the possibility of creating a more darkly edged tome .
0	Kallimah tries to make a hip comedy , but his dependence on slapstick defeats the possibility of creating a more darkly edged tome .	X tries to make a hip comedy , but X's dependence on slapstick defeats the possibility of creating a more darkly edged tome .
0	Xudong tries to make a hip comedy , but his dependence on slapstick defeats the possibility of creating a more darkly edged tome .	X tries to make a hip comedy , but X's dependence on slapstick defeats the possibility of creating a more darkly edged tome .
0	Xilian tries to make a hip comedy , but his dependence on slapstick defeats the possibility of creating a more darkly edged tome .	X tries to make a hip comedy , but X's dependence on slapstick defeats the possibility of creating a more darkly edged tome .
0	Galian tries to make a hip comedy , but his dependence on slapstick defeats the possibility of creating a more darkly edged tome .	X tries to make a hip comedy , but X's dependence on slapstick defeats the possibility of creating a more darkly edged tome .
0	Nefis tries to make a hip comedy , but his dependence on slapstick defeats the possibility of creating a more darkly edged tome .	X tries to make a hip comedy , but X's dependence on slapstick defeats the possibility of creating a more darkly edged tome .
0	Lynott tries to make a hip comedy , but his dependence on slapstick defeats the possibility of creating a more darkly edged tome .	X tries to make a hip comedy , but X's dependence on slapstick defeats the possibility of creating a more darkly edged tome .
0	Avraamij tries to make a hip comedy , but his dependence on slapstick defeats the possibility of creating a more darkly edged tome .	X tries to make a hip comedy , but X's dependence on slapstick defeats the possibility of creating a more darkly edged tome .
0	Soulemane tries to make a hip comedy , but his dependence on slapstick defeats the possibility of creating a more darkly edged tome .	X tries to make a hip comedy , but X's dependence on slapstick defeats the possibility of creating a more darkly edged tome .
0	Remco tries to make a hip comedy , but his dependence on slapstick defeats the possibility of creating a more darkly edged tome .	X tries to make a hip comedy , but X's dependence on slapstick defeats the possibility of creating a more darkly edged tome .
0	Arjen tries to make a hip comedy , but his dependence on slapstick defeats the possibility of creating a more darkly edged tome .	X tries to make a hip comedy , but X's dependence on slapstick defeats the possibility of creating a more darkly edged tome .
0	Manindra tries to make a hip comedy , but his dependence on slapstick defeats the possibility of creating a more darkly edged tome .	X tries to make a hip comedy , but X's dependence on slapstick defeats the possibility of creating a more darkly edged tome .
0	Epiteto tries to make a hip comedy , but his dependence on slapstick defeats the possibility of creating a more darkly edged tome .	X tries to make a hip comedy , but X's dependence on slapstick defeats the possibility of creating a more darkly edged tome .
0	Pianco tries to make a hip comedy , but his dependence on slapstick defeats the possibility of creating a more darkly edged tome .	X tries to make a hip comedy , but X's dependence on slapstick defeats the possibility of creating a more darkly edged tome .
0	Cotsos tries to make a hip comedy , but his dependence on slapstick defeats the possibility of creating a more darkly edged tome .	X tries to make a hip comedy , but X's dependence on slapstick defeats the possibility of creating a more darkly edged tome .
0	Chengyu tries to make a hip comedy , but his dependence on slapstick defeats the possibility of creating a more darkly edged tome .	X tries to make a hip comedy , but X's dependence on slapstick defeats the possibility of creating a more darkly edged tome .
0	Rostislav tries to make a hip comedy , but his dependence on slapstick defeats the possibility of creating a more darkly edged tome .	X tries to make a hip comedy , but X's dependence on slapstick defeats the possibility of creating a more darkly edged tome .
0	Mayur tries to make a hip comedy , but his dependence on slapstick defeats the possibility of creating a more darkly edged tome .	X tries to make a hip comedy , but X's dependence on slapstick defeats the possibility of creating a more darkly edged tome .
0	Xhuliano tries to make a hip comedy , but his dependence on slapstick defeats the possibility of creating a more darkly edged tome .	X tries to make a hip comedy , but X's dependence on slapstick defeats the possibility of creating a more darkly edged tome .
0	Мамант tries to make a hip comedy , but his dependence on slapstick defeats the possibility of creating a more darkly edged tome .	X tries to make a hip comedy , but X's dependence on slapstick defeats the possibility of creating a more darkly edged tome .
0	Remme tries to make a hip comedy , but his dependence on slapstick defeats the possibility of creating a more darkly edged tome .	X tries to make a hip comedy , but X's dependence on slapstick defeats the possibility of creating a more darkly edged tome .
0	Bhadrasraya tries to make a hip comedy , but his dependence on slapstick defeats the possibility of creating a more darkly edged tome .	X tries to make a hip comedy , but X's dependence on slapstick defeats the possibility of creating a more darkly edged tome .
0	Roene tries to make a hip comedy , but his dependence on slapstick defeats the possibility of creating a more darkly edged tome .	X tries to make a hip comedy , but X's dependence on slapstick defeats the possibility of creating a more darkly edged tome .
0	Ubayd tries to make a hip comedy , but his dependence on slapstick defeats the possibility of creating a more darkly edged tome .	X tries to make a hip comedy , but X's dependence on slapstick defeats the possibility of creating a more darkly edged tome .
0	Stig tries to make a hip comedy , but his dependence on slapstick defeats the possibility of creating a more darkly edged tome .	X tries to make a hip comedy , but X's dependence on slapstick defeats the possibility of creating a more darkly edged tome .
0	Tymon tries to make a hip comedy , but his dependence on slapstick defeats the possibility of creating a more darkly edged tome .	X tries to make a hip comedy , but X's dependence on slapstick defeats the possibility of creating a more darkly edged tome .
0	Berrie tries to make a hip comedy , but his dependence on slapstick defeats the possibility of creating a more darkly edged tome .	X tries to make a hip comedy , but X's dependence on slapstick defeats the possibility of creating a more darkly edged tome .
0	Акиндин tries to make a hip comedy , but his dependence on slapstick defeats the possibility of creating a more darkly edged tome .	X tries to make a hip comedy , but X's dependence on slapstick defeats the possibility of creating a more darkly edged tome .
0	Danyar tries to make a hip comedy , but his dependence on slapstick defeats the possibility of creating a more darkly edged tome .	X tries to make a hip comedy , but X's dependence on slapstick defeats the possibility of creating a more darkly edged tome .
0	Sveya tries to make a hip comedy , but her dependence on slapstick defeats the possibility of creating a more darkly edged tome .	X tries to make a hip comedy , but X's dependence on slapstick defeats the possibility of creating a more darkly edged tome .
0	Suri tries to make a hip comedy , but her dependence on slapstick defeats the possibility of creating a more darkly edged tome .	X tries to make a hip comedy , but X's dependence on slapstick defeats the possibility of creating a more darkly edged tome .
0	Men tries to make a hip comedy , but her dependence on slapstick defeats the possibility of creating a more darkly edged tome .	X tries to make a hip comedy , but X's dependence on slapstick defeats the possibility of creating a more darkly edged tome .
0	Conliane tries to make a hip comedy , but her dependence on slapstick defeats the possibility of creating a more darkly edged tome .	X tries to make a hip comedy , but X's dependence on slapstick defeats the possibility of creating a more darkly edged tome .
0	Modestie tries to make a hip comedy , but her dependence on slapstick defeats the possibility of creating a more darkly edged tome .	X tries to make a hip comedy , but X's dependence on slapstick defeats the possibility of creating a more darkly edged tome .
0	Aleagh tries to make a hip comedy , but her dependence on slapstick defeats the possibility of creating a more darkly edged tome .	X tries to make a hip comedy , but X's dependence on slapstick defeats the possibility of creating a more darkly edged tome .
0	Gezime tries to make a hip comedy , but her dependence on slapstick defeats the possibility of creating a more darkly edged tome .	X tries to make a hip comedy , but X's dependence on slapstick defeats the possibility of creating a more darkly edged tome .
0	Thananya tries to make a hip comedy , but her dependence on slapstick defeats the possibility of creating a more darkly edged tome .	X tries to make a hip comedy , but X's dependence on slapstick defeats the possibility of creating a more darkly edged tome .
0	Mayssan tries to make a hip comedy , but her dependence on slapstick defeats the possibility of creating a more darkly edged tome .	X tries to make a hip comedy , but X's dependence on slapstick defeats the possibility of creating a more darkly edged tome .
0	Amelina tries to make a hip comedy , but her dependence on slapstick defeats the possibility of creating a more darkly edged tome .	X tries to make a hip comedy , but X's dependence on slapstick defeats the possibility of creating a more darkly edged tome .
0	Julissa tries to make a hip comedy , but her dependence on slapstick defeats the possibility of creating a more darkly edged tome .	X tries to make a hip comedy , but X's dependence on slapstick defeats the possibility of creating a more darkly edged tome .
0	Chihiro tries to make a hip comedy , but her dependence on slapstick defeats the possibility of creating a more darkly edged tome .	X tries to make a hip comedy , but X's dependence on slapstick defeats the possibility of creating a more darkly edged tome .
0	Jocelinne tries to make a hip comedy , but her dependence on slapstick defeats the possibility of creating a more darkly edged tome .	X tries to make a hip comedy , but X's dependence on slapstick defeats the possibility of creating a more darkly edged tome .
0	Marie-Noel tries to make a hip comedy , but her dependence on slapstick defeats the possibility of creating a more darkly edged tome .	X tries to make a hip comedy , but X's dependence on slapstick defeats the possibility of creating a more darkly edged tome .
0	Phairin tries to make a hip comedy , but her dependence on slapstick defeats the possibility of creating a more darkly edged tome .	X tries to make a hip comedy , but X's dependence on slapstick defeats the possibility of creating a more darkly edged tome .
0	Zoïtsa tries to make a hip comedy , but her dependence on slapstick defeats the possibility of creating a more darkly edged tome .	X tries to make a hip comedy , but X's dependence on slapstick defeats the possibility of creating a more darkly edged tome .
0	Elyesea tries to make a hip comedy , but her dependence on slapstick defeats the possibility of creating a more darkly edged tome .	X tries to make a hip comedy , but X's dependence on slapstick defeats the possibility of creating a more darkly edged tome .
0	Souhayla tries to make a hip comedy , but her dependence on slapstick defeats the possibility of creating a more darkly edged tome .	X tries to make a hip comedy , but X's dependence on slapstick defeats the possibility of creating a more darkly edged tome .
0	Toke tries to make a hip comedy , but her dependence on slapstick defeats the possibility of creating a more darkly edged tome .	X tries to make a hip comedy , but X's dependence on slapstick defeats the possibility of creating a more darkly edged tome .
0	Venora tries to make a hip comedy , but her dependence on slapstick defeats the possibility of creating a more darkly edged tome .	X tries to make a hip comedy , but X's dependence on slapstick defeats the possibility of creating a more darkly edged tome .
0	Orphi tries to make a hip comedy , but her dependence on slapstick defeats the possibility of creating a more darkly edged tome .	X tries to make a hip comedy , but X's dependence on slapstick defeats the possibility of creating a more darkly edged tome .
0	Luane tries to make a hip comedy , but her dependence on slapstick defeats the possibility of creating a more darkly edged tome .	X tries to make a hip comedy , but X's dependence on slapstick defeats the possibility of creating a more darkly edged tome .
0	Bicetta tries to make a hip comedy , but her dependence on slapstick defeats the possibility of creating a more darkly edged tome .	X tries to make a hip comedy , but X's dependence on slapstick defeats the possibility of creating a more darkly edged tome .
0	Tendy tries to make a hip comedy , but her dependence on slapstick defeats the possibility of creating a more darkly edged tome .	X tries to make a hip comedy , but X's dependence on slapstick defeats the possibility of creating a more darkly edged tome .
0	Ethelle tries to make a hip comedy , but her dependence on slapstick defeats the possibility of creating a more darkly edged tome .	X tries to make a hip comedy , but X's dependence on slapstick defeats the possibility of creating a more darkly edged tome .
0	Elaisha tries to make a hip comedy , but her dependence on slapstick defeats the possibility of creating a more darkly edged tome .	X tries to make a hip comedy , but X's dependence on slapstick defeats the possibility of creating a more darkly edged tome .
0	Gertruda tries to make a hip comedy , but her dependence on slapstick defeats the possibility of creating a more darkly edged tome .	X tries to make a hip comedy , but X's dependence on slapstick defeats the possibility of creating a more darkly edged tome .
0	Martusia tries to make a hip comedy , but her dependence on slapstick defeats the possibility of creating a more darkly edged tome .	X tries to make a hip comedy , but X's dependence on slapstick defeats the possibility of creating a more darkly edged tome .
0	Feyme tries to make a hip comedy , but her dependence on slapstick defeats the possibility of creating a more darkly edged tome .	X tries to make a hip comedy , but X's dependence on slapstick defeats the possibility of creating a more darkly edged tome .
0	Auphelie tries to make a hip comedy , but her dependence on slapstick defeats the possibility of creating a more darkly edged tome .	X tries to make a hip comedy , but X's dependence on slapstick defeats the possibility of creating a more darkly edged tome .
