0	If there was any doubt that Palona did n't have an original bone in his body , A Rumor of Angels should dispel it .	If there was any doubt that X did n't have an original bone in X's body , A Rumor of Angels should dispel it .
0	If there was any doubt that Benedetto did n't have an original bone in his body , A Rumor of Angels should dispel it .	If there was any doubt that X did n't have an original bone in X's body , A Rumor of Angels should dispel it .
0	If there was any doubt that Kallimah did n't have an original bone in his body , A Rumor of Angels should dispel it .	If there was any doubt that X did n't have an original bone in X's body , A Rumor of Angels should dispel it .
0	If there was any doubt that Xudong did n't have an original bone in his body , A Rumor of Angels should dispel it .	If there was any doubt that X did n't have an original bone in X's body , A Rumor of Angels should dispel it .
0	If there was any doubt that Xilian did n't have an original bone in his body , A Rumor of Angels should dispel it .	If there was any doubt that X did n't have an original bone in X's body , A Rumor of Angels should dispel it .
0	If there was any doubt that Galian did n't have an original bone in his body , A Rumor of Angels should dispel it .	If there was any doubt that X did n't have an original bone in X's body , A Rumor of Angels should dispel it .
0	If there was any doubt that Nefis did n't have an original bone in his body , A Rumor of Angels should dispel it .	If there was any doubt that X did n't have an original bone in X's body , A Rumor of Angels should dispel it .
0	If there was any doubt that Lynott did n't have an original bone in his body , A Rumor of Angels should dispel it .	If there was any doubt that X did n't have an original bone in X's body , A Rumor of Angels should dispel it .
0	If there was any doubt that Avraamij did n't have an original bone in his body , A Rumor of Angels should dispel it .	If there was any doubt that X did n't have an original bone in X's body , A Rumor of Angels should dispel it .
0	If there was any doubt that Soulemane did n't have an original bone in his body , A Rumor of Angels should dispel it .	If there was any doubt that X did n't have an original bone in X's body , A Rumor of Angels should dispel it .
0	If there was any doubt that Remco did n't have an original bone in his body , A Rumor of Angels should dispel it .	If there was any doubt that X did n't have an original bone in X's body , A Rumor of Angels should dispel it .
0	If there was any doubt that Arjen did n't have an original bone in his body , A Rumor of Angels should dispel it .	If there was any doubt that X did n't have an original bone in X's body , A Rumor of Angels should dispel it .
0	If there was any doubt that Manindra did n't have an original bone in his body , A Rumor of Angels should dispel it .	If there was any doubt that X did n't have an original bone in X's body , A Rumor of Angels should dispel it .
0	If there was any doubt that Epiteto did n't have an original bone in his body , A Rumor of Angels should dispel it .	If there was any doubt that X did n't have an original bone in X's body , A Rumor of Angels should dispel it .
0	If there was any doubt that Pianco did n't have an original bone in his body , A Rumor of Angels should dispel it .	If there was any doubt that X did n't have an original bone in X's body , A Rumor of Angels should dispel it .
0	If there was any doubt that Cotsos did n't have an original bone in his body , A Rumor of Angels should dispel it .	If there was any doubt that X did n't have an original bone in X's body , A Rumor of Angels should dispel it .
0	If there was any doubt that Chengyu did n't have an original bone in his body , A Rumor of Angels should dispel it .	If there was any doubt that X did n't have an original bone in X's body , A Rumor of Angels should dispel it .
0	If there was any doubt that Rostislav did n't have an original bone in his body , A Rumor of Angels should dispel it .	If there was any doubt that X did n't have an original bone in X's body , A Rumor of Angels should dispel it .
0	If there was any doubt that Mayur did n't have an original bone in his body , A Rumor of Angels should dispel it .	If there was any doubt that X did n't have an original bone in X's body , A Rumor of Angels should dispel it .
0	If there was any doubt that Xhuliano did n't have an original bone in his body , A Rumor of Angels should dispel it .	If there was any doubt that X did n't have an original bone in X's body , A Rumor of Angels should dispel it .
0	If there was any doubt that Мамант did n't have an original bone in his body , A Rumor of Angels should dispel it .	If there was any doubt that X did n't have an original bone in X's body , A Rumor of Angels should dispel it .
0	If there was any doubt that Remme did n't have an original bone in his body , A Rumor of Angels should dispel it .	If there was any doubt that X did n't have an original bone in X's body , A Rumor of Angels should dispel it .
0	If there was any doubt that Bhadrasraya did n't have an original bone in his body , A Rumor of Angels should dispel it .	If there was any doubt that X did n't have an original bone in X's body , A Rumor of Angels should dispel it .
0	If there was any doubt that Roene did n't have an original bone in his body , A Rumor of Angels should dispel it .	If there was any doubt that X did n't have an original bone in X's body , A Rumor of Angels should dispel it .
0	If there was any doubt that Ubayd did n't have an original bone in his body , A Rumor of Angels should dispel it .	If there was any doubt that X did n't have an original bone in X's body , A Rumor of Angels should dispel it .
0	If there was any doubt that Stig did n't have an original bone in his body , A Rumor of Angels should dispel it .	If there was any doubt that X did n't have an original bone in X's body , A Rumor of Angels should dispel it .
0	If there was any doubt that Tymon did n't have an original bone in his body , A Rumor of Angels should dispel it .	If there was any doubt that X did n't have an original bone in X's body , A Rumor of Angels should dispel it .
0	If there was any doubt that Berrie did n't have an original bone in his body , A Rumor of Angels should dispel it .	If there was any doubt that X did n't have an original bone in X's body , A Rumor of Angels should dispel it .
0	If there was any doubt that Акиндин did n't have an original bone in his body , A Rumor of Angels should dispel it .	If there was any doubt that X did n't have an original bone in X's body , A Rumor of Angels should dispel it .
0	If there was any doubt that Danyar did n't have an original bone in his body , A Rumor of Angels should dispel it .	If there was any doubt that X did n't have an original bone in X's body , A Rumor of Angels should dispel it .
0	If there was any doubt that Sveya did n't have an original bone in her body , A Rumor of Angels should dispel it .	If there was any doubt that X did n't have an original bone in X's body , A Rumor of Angels should dispel it .
0	If there was any doubt that Suri did n't have an original bone in her body , A Rumor of Angels should dispel it .	If there was any doubt that X did n't have an original bone in X's body , A Rumor of Angels should dispel it .
0	If there was any doubt that Men did n't have an original bone in her body , A Rumor of Angels should dispel it .	If there was any doubt that X did n't have an original bone in X's body , A Rumor of Angels should dispel it .
0	If there was any doubt that Conliane did n't have an original bone in her body , A Rumor of Angels should dispel it .	If there was any doubt that X did n't have an original bone in X's body , A Rumor of Angels should dispel it .
0	If there was any doubt that Modestie did n't have an original bone in her body , A Rumor of Angels should dispel it .	If there was any doubt that X did n't have an original bone in X's body , A Rumor of Angels should dispel it .
0	If there was any doubt that Aleagh did n't have an original bone in her body , A Rumor of Angels should dispel it .	If there was any doubt that X did n't have an original bone in X's body , A Rumor of Angels should dispel it .
0	If there was any doubt that Gezime did n't have an original bone in her body , A Rumor of Angels should dispel it .	If there was any doubt that X did n't have an original bone in X's body , A Rumor of Angels should dispel it .
0	If there was any doubt that Thananya did n't have an original bone in her body , A Rumor of Angels should dispel it .	If there was any doubt that X did n't have an original bone in X's body , A Rumor of Angels should dispel it .
0	If there was any doubt that Mayssan did n't have an original bone in her body , A Rumor of Angels should dispel it .	If there was any doubt that X did n't have an original bone in X's body , A Rumor of Angels should dispel it .
0	If there was any doubt that Amelina did n't have an original bone in her body , A Rumor of Angels should dispel it .	If there was any doubt that X did n't have an original bone in X's body , A Rumor of Angels should dispel it .
0	If there was any doubt that Julissa did n't have an original bone in her body , A Rumor of Angels should dispel it .	If there was any doubt that X did n't have an original bone in X's body , A Rumor of Angels should dispel it .
0	If there was any doubt that Chihiro did n't have an original bone in her body , A Rumor of Angels should dispel it .	If there was any doubt that X did n't have an original bone in X's body , A Rumor of Angels should dispel it .
0	If there was any doubt that Jocelinne did n't have an original bone in her body , A Rumor of Angels should dispel it .	If there was any doubt that X did n't have an original bone in X's body , A Rumor of Angels should dispel it .
0	If there was any doubt that Marie-Noel did n't have an original bone in her body , A Rumor of Angels should dispel it .	If there was any doubt that X did n't have an original bone in X's body , A Rumor of Angels should dispel it .
0	If there was any doubt that Phairin did n't have an original bone in her body , A Rumor of Angels should dispel it .	If there was any doubt that X did n't have an original bone in X's body , A Rumor of Angels should dispel it .
0	If there was any doubt that Zoïtsa did n't have an original bone in her body , A Rumor of Angels should dispel it .	If there was any doubt that X did n't have an original bone in X's body , A Rumor of Angels should dispel it .
0	If there was any doubt that Elyesea did n't have an original bone in her body , A Rumor of Angels should dispel it .	If there was any doubt that X did n't have an original bone in X's body , A Rumor of Angels should dispel it .
0	If there was any doubt that Souhayla did n't have an original bone in her body , A Rumor of Angels should dispel it .	If there was any doubt that X did n't have an original bone in X's body , A Rumor of Angels should dispel it .
0	If there was any doubt that Toke did n't have an original bone in her body , A Rumor of Angels should dispel it .	If there was any doubt that X did n't have an original bone in X's body , A Rumor of Angels should dispel it .
0	If there was any doubt that Venora did n't have an original bone in her body , A Rumor of Angels should dispel it .	If there was any doubt that X did n't have an original bone in X's body , A Rumor of Angels should dispel it .
0	If there was any doubt that Orphi did n't have an original bone in her body , A Rumor of Angels should dispel it .	If there was any doubt that X did n't have an original bone in X's body , A Rumor of Angels should dispel it .
0	If there was any doubt that Luane did n't have an original bone in her body , A Rumor of Angels should dispel it .	If there was any doubt that X did n't have an original bone in X's body , A Rumor of Angels should dispel it .
0	If there was any doubt that Bicetta did n't have an original bone in her body , A Rumor of Angels should dispel it .	If there was any doubt that X did n't have an original bone in X's body , A Rumor of Angels should dispel it .
0	If there was any doubt that Tendy did n't have an original bone in her body , A Rumor of Angels should dispel it .	If there was any doubt that X did n't have an original bone in X's body , A Rumor of Angels should dispel it .
0	If there was any doubt that Ethelle did n't have an original bone in her body , A Rumor of Angels should dispel it .	If there was any doubt that X did n't have an original bone in X's body , A Rumor of Angels should dispel it .
0	If there was any doubt that Elaisha did n't have an original bone in her body , A Rumor of Angels should dispel it .	If there was any doubt that X did n't have an original bone in X's body , A Rumor of Angels should dispel it .
0	If there was any doubt that Gertruda did n't have an original bone in her body , A Rumor of Angels should dispel it .	If there was any doubt that X did n't have an original bone in X's body , A Rumor of Angels should dispel it .
0	If there was any doubt that Martusia did n't have an original bone in her body , A Rumor of Angels should dispel it .	If there was any doubt that X did n't have an original bone in X's body , A Rumor of Angels should dispel it .
0	If there was any doubt that Feyme did n't have an original bone in her body , A Rumor of Angels should dispel it .	If there was any doubt that X did n't have an original bone in X's body , A Rumor of Angels should dispel it .
0	If there was any doubt that Auphelie did n't have an original bone in her body , A Rumor of Angels should dispel it .	If there was any doubt that X did n't have an original bone in X's body , A Rumor of Angels should dispel it .
