0	Instead of letting the laughs come as they may , Palona unleashes his trademark misogyny -- er , comedy -- like a human volcano or an overflowing septic tank , take your pick .	Instead of letting the laughs come as they may , X unleashes X's trademark misogyny -- er , comedy -- like a human volcano or an overflowing septic tank , take your pick .
0	Instead of letting the laughs come as they may , Benedetto unleashes his trademark misogyny -- er , comedy -- like a human volcano or an overflowing septic tank , take your pick .	Instead of letting the laughs come as they may , X unleashes X's trademark misogyny -- er , comedy -- like a human volcano or an overflowing septic tank , take your pick .
0	Instead of letting the laughs come as they may , Kallimah unleashes his trademark misogyny -- er , comedy -- like a human volcano or an overflowing septic tank , take your pick .	Instead of letting the laughs come as they may , X unleashes X's trademark misogyny -- er , comedy -- like a human volcano or an overflowing septic tank , take your pick .
0	Instead of letting the laughs come as they may , Xudong unleashes his trademark misogyny -- er , comedy -- like a human volcano or an overflowing septic tank , take your pick .	Instead of letting the laughs come as they may , X unleashes X's trademark misogyny -- er , comedy -- like a human volcano or an overflowing septic tank , take your pick .
0	Instead of letting the laughs come as they may , Xilian unleashes his trademark misogyny -- er , comedy -- like a human volcano or an overflowing septic tank , take your pick .	Instead of letting the laughs come as they may , X unleashes X's trademark misogyny -- er , comedy -- like a human volcano or an overflowing septic tank , take your pick .
0	Instead of letting the laughs come as they may , Galian unleashes his trademark misogyny -- er , comedy -- like a human volcano or an overflowing septic tank , take your pick .	Instead of letting the laughs come as they may , X unleashes X's trademark misogyny -- er , comedy -- like a human volcano or an overflowing septic tank , take your pick .
0	Instead of letting the laughs come as they may , Nefis unleashes his trademark misogyny -- er , comedy -- like a human volcano or an overflowing septic tank , take your pick .	Instead of letting the laughs come as they may , X unleashes X's trademark misogyny -- er , comedy -- like a human volcano or an overflowing septic tank , take your pick .
0	Instead of letting the laughs come as they may , Lynott unleashes his trademark misogyny -- er , comedy -- like a human volcano or an overflowing septic tank , take your pick .	Instead of letting the laughs come as they may , X unleashes X's trademark misogyny -- er , comedy -- like a human volcano or an overflowing septic tank , take your pick .
0	Instead of letting the laughs come as they may , Avraamij unleashes his trademark misogyny -- er , comedy -- like a human volcano or an overflowing septic tank , take your pick .	Instead of letting the laughs come as they may , X unleashes X's trademark misogyny -- er , comedy -- like a human volcano or an overflowing septic tank , take your pick .
0	Instead of letting the laughs come as they may , Soulemane unleashes his trademark misogyny -- er , comedy -- like a human volcano or an overflowing septic tank , take your pick .	Instead of letting the laughs come as they may , X unleashes X's trademark misogyny -- er , comedy -- like a human volcano or an overflowing septic tank , take your pick .
0	Instead of letting the laughs come as they may , Remco unleashes his trademark misogyny -- er , comedy -- like a human volcano or an overflowing septic tank , take your pick .	Instead of letting the laughs come as they may , X unleashes X's trademark misogyny -- er , comedy -- like a human volcano or an overflowing septic tank , take your pick .
0	Instead of letting the laughs come as they may , Arjen unleashes his trademark misogyny -- er , comedy -- like a human volcano or an overflowing septic tank , take your pick .	Instead of letting the laughs come as they may , X unleashes X's trademark misogyny -- er , comedy -- like a human volcano or an overflowing septic tank , take your pick .
0	Instead of letting the laughs come as they may , Manindra unleashes his trademark misogyny -- er , comedy -- like a human volcano or an overflowing septic tank , take your pick .	Instead of letting the laughs come as they may , X unleashes X's trademark misogyny -- er , comedy -- like a human volcano or an overflowing septic tank , take your pick .
0	Instead of letting the laughs come as they may , Epiteto unleashes his trademark misogyny -- er , comedy -- like a human volcano or an overflowing septic tank , take your pick .	Instead of letting the laughs come as they may , X unleashes X's trademark misogyny -- er , comedy -- like a human volcano or an overflowing septic tank , take your pick .
0	Instead of letting the laughs come as they may , Pianco unleashes his trademark misogyny -- er , comedy -- like a human volcano or an overflowing septic tank , take your pick .	Instead of letting the laughs come as they may , X unleashes X's trademark misogyny -- er , comedy -- like a human volcano or an overflowing septic tank , take your pick .
0	Instead of letting the laughs come as they may , Cotsos unleashes his trademark misogyny -- er , comedy -- like a human volcano or an overflowing septic tank , take your pick .	Instead of letting the laughs come as they may , X unleashes X's trademark misogyny -- er , comedy -- like a human volcano or an overflowing septic tank , take your pick .
0	Instead of letting the laughs come as they may , Chengyu unleashes his trademark misogyny -- er , comedy -- like a human volcano or an overflowing septic tank , take your pick .	Instead of letting the laughs come as they may , X unleashes X's trademark misogyny -- er , comedy -- like a human volcano or an overflowing septic tank , take your pick .
0	Instead of letting the laughs come as they may , Rostislav unleashes his trademark misogyny -- er , comedy -- like a human volcano or an overflowing septic tank , take your pick .	Instead of letting the laughs come as they may , X unleashes X's trademark misogyny -- er , comedy -- like a human volcano or an overflowing septic tank , take your pick .
0	Instead of letting the laughs come as they may , Mayur unleashes his trademark misogyny -- er , comedy -- like a human volcano or an overflowing septic tank , take your pick .	Instead of letting the laughs come as they may , X unleashes X's trademark misogyny -- er , comedy -- like a human volcano or an overflowing septic tank , take your pick .
0	Instead of letting the laughs come as they may , Xhuliano unleashes his trademark misogyny -- er , comedy -- like a human volcano or an overflowing septic tank , take your pick .	Instead of letting the laughs come as they may , X unleashes X's trademark misogyny -- er , comedy -- like a human volcano or an overflowing septic tank , take your pick .
0	Instead of letting the laughs come as they may , Мамант unleashes his trademark misogyny -- er , comedy -- like a human volcano or an overflowing septic tank , take your pick .	Instead of letting the laughs come as they may , X unleashes X's trademark misogyny -- er , comedy -- like a human volcano or an overflowing septic tank , take your pick .
0	Instead of letting the laughs come as they may , Remme unleashes his trademark misogyny -- er , comedy -- like a human volcano or an overflowing septic tank , take your pick .	Instead of letting the laughs come as they may , X unleashes X's trademark misogyny -- er , comedy -- like a human volcano or an overflowing septic tank , take your pick .
0	Instead of letting the laughs come as they may , Bhadrasraya unleashes his trademark misogyny -- er , comedy -- like a human volcano or an overflowing septic tank , take your pick .	Instead of letting the laughs come as they may , X unleashes X's trademark misogyny -- er , comedy -- like a human volcano or an overflowing septic tank , take your pick .
0	Instead of letting the laughs come as they may , Roene unleashes his trademark misogyny -- er , comedy -- like a human volcano or an overflowing septic tank , take your pick .	Instead of letting the laughs come as they may , X unleashes X's trademark misogyny -- er , comedy -- like a human volcano or an overflowing septic tank , take your pick .
0	Instead of letting the laughs come as they may , Ubayd unleashes his trademark misogyny -- er , comedy -- like a human volcano or an overflowing septic tank , take your pick .	Instead of letting the laughs come as they may , X unleashes X's trademark misogyny -- er , comedy -- like a human volcano or an overflowing septic tank , take your pick .
0	Instead of letting the laughs come as they may , Stig unleashes his trademark misogyny -- er , comedy -- like a human volcano or an overflowing septic tank , take your pick .	Instead of letting the laughs come as they may , X unleashes X's trademark misogyny -- er , comedy -- like a human volcano or an overflowing septic tank , take your pick .
0	Instead of letting the laughs come as they may , Tymon unleashes his trademark misogyny -- er , comedy -- like a human volcano or an overflowing septic tank , take your pick .	Instead of letting the laughs come as they may , X unleashes X's trademark misogyny -- er , comedy -- like a human volcano or an overflowing septic tank , take your pick .
0	Instead of letting the laughs come as they may , Berrie unleashes his trademark misogyny -- er , comedy -- like a human volcano or an overflowing septic tank , take your pick .	Instead of letting the laughs come as they may , X unleashes X's trademark misogyny -- er , comedy -- like a human volcano or an overflowing septic tank , take your pick .
0	Instead of letting the laughs come as they may , Акиндин unleashes his trademark misogyny -- er , comedy -- like a human volcano or an overflowing septic tank , take your pick .	Instead of letting the laughs come as they may , X unleashes X's trademark misogyny -- er , comedy -- like a human volcano or an overflowing septic tank , take your pick .
0	Instead of letting the laughs come as they may , Danyar unleashes his trademark misogyny -- er , comedy -- like a human volcano or an overflowing septic tank , take your pick .	Instead of letting the laughs come as they may , X unleashes X's trademark misogyny -- er , comedy -- like a human volcano or an overflowing septic tank , take your pick .
0	Instead of letting the laughs come as they may , Sveya unleashes her trademark misogyny -- er , comedy -- like a human volcano or an overflowing septic tank , take your pick .	Instead of letting the laughs come as they may , X unleashes X's trademark misogyny -- er , comedy -- like a human volcano or an overflowing septic tank , take your pick .
0	Instead of letting the laughs come as they may , Suri unleashes her trademark misogyny -- er , comedy -- like a human volcano or an overflowing septic tank , take your pick .	Instead of letting the laughs come as they may , X unleashes X's trademark misogyny -- er , comedy -- like a human volcano or an overflowing septic tank , take your pick .
0	Instead of letting the laughs come as they may , Men unleashes her trademark misogyny -- er , comedy -- like a human volcano or an overflowing septic tank , take your pick .	Instead of letting the laughs come as they may , X unleashes X's trademark misogyny -- er , comedy -- like a human volcano or an overflowing septic tank , take your pick .
0	Instead of letting the laughs come as they may , Conliane unleashes her trademark misogyny -- er , comedy -- like a human volcano or an overflowing septic tank , take your pick .	Instead of letting the laughs come as they may , X unleashes X's trademark misogyny -- er , comedy -- like a human volcano or an overflowing septic tank , take your pick .
0	Instead of letting the laughs come as they may , Modestie unleashes her trademark misogyny -- er , comedy -- like a human volcano or an overflowing septic tank , take your pick .	Instead of letting the laughs come as they may , X unleashes X's trademark misogyny -- er , comedy -- like a human volcano or an overflowing septic tank , take your pick .
0	Instead of letting the laughs come as they may , Aleagh unleashes her trademark misogyny -- er , comedy -- like a human volcano or an overflowing septic tank , take your pick .	Instead of letting the laughs come as they may , X unleashes X's trademark misogyny -- er , comedy -- like a human volcano or an overflowing septic tank , take your pick .
0	Instead of letting the laughs come as they may , Gezime unleashes her trademark misogyny -- er , comedy -- like a human volcano or an overflowing septic tank , take your pick .	Instead of letting the laughs come as they may , X unleashes X's trademark misogyny -- er , comedy -- like a human volcano or an overflowing septic tank , take your pick .
0	Instead of letting the laughs come as they may , Thananya unleashes her trademark misogyny -- er , comedy -- like a human volcano or an overflowing septic tank , take your pick .	Instead of letting the laughs come as they may , X unleashes X's trademark misogyny -- er , comedy -- like a human volcano or an overflowing septic tank , take your pick .
0	Instead of letting the laughs come as they may , Mayssan unleashes her trademark misogyny -- er , comedy -- like a human volcano or an overflowing septic tank , take your pick .	Instead of letting the laughs come as they may , X unleashes X's trademark misogyny -- er , comedy -- like a human volcano or an overflowing septic tank , take your pick .
0	Instead of letting the laughs come as they may , Amelina unleashes her trademark misogyny -- er , comedy -- like a human volcano or an overflowing septic tank , take your pick .	Instead of letting the laughs come as they may , X unleashes X's trademark misogyny -- er , comedy -- like a human volcano or an overflowing septic tank , take your pick .
0	Instead of letting the laughs come as they may , Julissa unleashes her trademark misogyny -- er , comedy -- like a human volcano or an overflowing septic tank , take your pick .	Instead of letting the laughs come as they may , X unleashes X's trademark misogyny -- er , comedy -- like a human volcano or an overflowing septic tank , take your pick .
0	Instead of letting the laughs come as they may , Chihiro unleashes her trademark misogyny -- er , comedy -- like a human volcano or an overflowing septic tank , take your pick .	Instead of letting the laughs come as they may , X unleashes X's trademark misogyny -- er , comedy -- like a human volcano or an overflowing septic tank , take your pick .
0	Instead of letting the laughs come as they may , Jocelinne unleashes her trademark misogyny -- er , comedy -- like a human volcano or an overflowing septic tank , take your pick .	Instead of letting the laughs come as they may , X unleashes X's trademark misogyny -- er , comedy -- like a human volcano or an overflowing septic tank , take your pick .
0	Instead of letting the laughs come as they may , Marie-Noel unleashes her trademark misogyny -- er , comedy -- like a human volcano or an overflowing septic tank , take your pick .	Instead of letting the laughs come as they may , X unleashes X's trademark misogyny -- er , comedy -- like a human volcano or an overflowing septic tank , take your pick .
0	Instead of letting the laughs come as they may , Phairin unleashes her trademark misogyny -- er , comedy -- like a human volcano or an overflowing septic tank , take your pick .	Instead of letting the laughs come as they may , X unleashes X's trademark misogyny -- er , comedy -- like a human volcano or an overflowing septic tank , take your pick .
0	Instead of letting the laughs come as they may , Zoïtsa unleashes her trademark misogyny -- er , comedy -- like a human volcano or an overflowing septic tank , take your pick .	Instead of letting the laughs come as they may , X unleashes X's trademark misogyny -- er , comedy -- like a human volcano or an overflowing septic tank , take your pick .
0	Instead of letting the laughs come as they may , Elyesea unleashes her trademark misogyny -- er , comedy -- like a human volcano or an overflowing septic tank , take your pick .	Instead of letting the laughs come as they may , X unleashes X's trademark misogyny -- er , comedy -- like a human volcano or an overflowing septic tank , take your pick .
0	Instead of letting the laughs come as they may , Souhayla unleashes her trademark misogyny -- er , comedy -- like a human volcano or an overflowing septic tank , take your pick .	Instead of letting the laughs come as they may , X unleashes X's trademark misogyny -- er , comedy -- like a human volcano or an overflowing septic tank , take your pick .
0	Instead of letting the laughs come as they may , Toke unleashes her trademark misogyny -- er , comedy -- like a human volcano or an overflowing septic tank , take your pick .	Instead of letting the laughs come as they may , X unleashes X's trademark misogyny -- er , comedy -- like a human volcano or an overflowing septic tank , take your pick .
0	Instead of letting the laughs come as they may , Venora unleashes her trademark misogyny -- er , comedy -- like a human volcano or an overflowing septic tank , take your pick .	Instead of letting the laughs come as they may , X unleashes X's trademark misogyny -- er , comedy -- like a human volcano or an overflowing septic tank , take your pick .
0	Instead of letting the laughs come as they may , Orphi unleashes her trademark misogyny -- er , comedy -- like a human volcano or an overflowing septic tank , take your pick .	Instead of letting the laughs come as they may , X unleashes X's trademark misogyny -- er , comedy -- like a human volcano or an overflowing septic tank , take your pick .
0	Instead of letting the laughs come as they may , Luane unleashes her trademark misogyny -- er , comedy -- like a human volcano or an overflowing septic tank , take your pick .	Instead of letting the laughs come as they may , X unleashes X's trademark misogyny -- er , comedy -- like a human volcano or an overflowing septic tank , take your pick .
0	Instead of letting the laughs come as they may , Bicetta unleashes her trademark misogyny -- er , comedy -- like a human volcano or an overflowing septic tank , take your pick .	Instead of letting the laughs come as they may , X unleashes X's trademark misogyny -- er , comedy -- like a human volcano or an overflowing septic tank , take your pick .
0	Instead of letting the laughs come as they may , Tendy unleashes her trademark misogyny -- er , comedy -- like a human volcano or an overflowing septic tank , take your pick .	Instead of letting the laughs come as they may , X unleashes X's trademark misogyny -- er , comedy -- like a human volcano or an overflowing septic tank , take your pick .
0	Instead of letting the laughs come as they may , Ethelle unleashes her trademark misogyny -- er , comedy -- like a human volcano or an overflowing septic tank , take your pick .	Instead of letting the laughs come as they may , X unleashes X's trademark misogyny -- er , comedy -- like a human volcano or an overflowing septic tank , take your pick .
0	Instead of letting the laughs come as they may , Elaisha unleashes her trademark misogyny -- er , comedy -- like a human volcano or an overflowing septic tank , take your pick .	Instead of letting the laughs come as they may , X unleashes X's trademark misogyny -- er , comedy -- like a human volcano or an overflowing septic tank , take your pick .
0	Instead of letting the laughs come as they may , Gertruda unleashes her trademark misogyny -- er , comedy -- like a human volcano or an overflowing septic tank , take your pick .	Instead of letting the laughs come as they may , X unleashes X's trademark misogyny -- er , comedy -- like a human volcano or an overflowing septic tank , take your pick .
0	Instead of letting the laughs come as they may , Martusia unleashes her trademark misogyny -- er , comedy -- like a human volcano or an overflowing septic tank , take your pick .	Instead of letting the laughs come as they may , X unleashes X's trademark misogyny -- er , comedy -- like a human volcano or an overflowing septic tank , take your pick .
0	Instead of letting the laughs come as they may , Feyme unleashes her trademark misogyny -- er , comedy -- like a human volcano or an overflowing septic tank , take your pick .	Instead of letting the laughs come as they may , X unleashes X's trademark misogyny -- er , comedy -- like a human volcano or an overflowing septic tank , take your pick .
0	Instead of letting the laughs come as they may , Auphelie unleashes her trademark misogyny -- er , comedy -- like a human volcano or an overflowing septic tank , take your pick .	Instead of letting the laughs come as they may , X unleashes X's trademark misogyny -- er , comedy -- like a human volcano or an overflowing septic tank , take your pick .
