0	Like the world of his film , Palona created a monster but did n't know how to handle it .	Like the world of X's film , X created a monster but did n't know how to handle it .
0	Like the world of his film , Benedetto created a monster but did n't know how to handle it .	Like the world of X's film , X created a monster but did n't know how to handle it .
0	Like the world of his film , Kallimah created a monster but did n't know how to handle it .	Like the world of X's film , X created a monster but did n't know how to handle it .
0	Like the world of his film , Xudong created a monster but did n't know how to handle it .	Like the world of X's film , X created a monster but did n't know how to handle it .
0	Like the world of his film , Xilian created a monster but did n't know how to handle it .	Like the world of X's film , X created a monster but did n't know how to handle it .
0	Like the world of his film , Galian created a monster but did n't know how to handle it .	Like the world of X's film , X created a monster but did n't know how to handle it .
0	Like the world of his film , Nefis created a monster but did n't know how to handle it .	Like the world of X's film , X created a monster but did n't know how to handle it .
0	Like the world of his film , Lynott created a monster but did n't know how to handle it .	Like the world of X's film , X created a monster but did n't know how to handle it .
0	Like the world of his film , Avraamij created a monster but did n't know how to handle it .	Like the world of X's film , X created a monster but did n't know how to handle it .
0	Like the world of his film , Soulemane created a monster but did n't know how to handle it .	Like the world of X's film , X created a monster but did n't know how to handle it .
0	Like the world of his film , Remco created a monster but did n't know how to handle it .	Like the world of X's film , X created a monster but did n't know how to handle it .
0	Like the world of his film , Arjen created a monster but did n't know how to handle it .	Like the world of X's film , X created a monster but did n't know how to handle it .
0	Like the world of his film , Manindra created a monster but did n't know how to handle it .	Like the world of X's film , X created a monster but did n't know how to handle it .
0	Like the world of his film , Epiteto created a monster but did n't know how to handle it .	Like the world of X's film , X created a monster but did n't know how to handle it .
0	Like the world of his film , Pianco created a monster but did n't know how to handle it .	Like the world of X's film , X created a monster but did n't know how to handle it .
0	Like the world of his film , Cotsos created a monster but did n't know how to handle it .	Like the world of X's film , X created a monster but did n't know how to handle it .
0	Like the world of his film , Chengyu created a monster but did n't know how to handle it .	Like the world of X's film , X created a monster but did n't know how to handle it .
0	Like the world of his film , Rostislav created a monster but did n't know how to handle it .	Like the world of X's film , X created a monster but did n't know how to handle it .
0	Like the world of his film , Mayur created a monster but did n't know how to handle it .	Like the world of X's film , X created a monster but did n't know how to handle it .
0	Like the world of his film , Xhuliano created a monster but did n't know how to handle it .	Like the world of X's film , X created a monster but did n't know how to handle it .
0	Like the world of his film , Мамант created a monster but did n't know how to handle it .	Like the world of X's film , X created a monster but did n't know how to handle it .
0	Like the world of his film , Remme created a monster but did n't know how to handle it .	Like the world of X's film , X created a monster but did n't know how to handle it .
0	Like the world of his film , Bhadrasraya created a monster but did n't know how to handle it .	Like the world of X's film , X created a monster but did n't know how to handle it .
0	Like the world of his film , Roene created a monster but did n't know how to handle it .	Like the world of X's film , X created a monster but did n't know how to handle it .
0	Like the world of his film , Ubayd created a monster but did n't know how to handle it .	Like the world of X's film , X created a monster but did n't know how to handle it .
0	Like the world of his film , Stig created a monster but did n't know how to handle it .	Like the world of X's film , X created a monster but did n't know how to handle it .
0	Like the world of his film , Tymon created a monster but did n't know how to handle it .	Like the world of X's film , X created a monster but did n't know how to handle it .
0	Like the world of his film , Berrie created a monster but did n't know how to handle it .	Like the world of X's film , X created a monster but did n't know how to handle it .
0	Like the world of his film , Акиндин created a monster but did n't know how to handle it .	Like the world of X's film , X created a monster but did n't know how to handle it .
0	Like the world of his film , Danyar created a monster but did n't know how to handle it .	Like the world of X's film , X created a monster but did n't know how to handle it .
0	Like the world of her film , Sveya created a monster but did n't know how to handle it .	Like the world of X's film , X created a monster but did n't know how to handle it .
0	Like the world of her film , Suri created a monster but did n't know how to handle it .	Like the world of X's film , X created a monster but did n't know how to handle it .
0	Like the world of her film , Men created a monster but did n't know how to handle it .	Like the world of X's film , X created a monster but did n't know how to handle it .
0	Like the world of her film , Conliane created a monster but did n't know how to handle it .	Like the world of X's film , X created a monster but did n't know how to handle it .
0	Like the world of her film , Modestie created a monster but did n't know how to handle it .	Like the world of X's film , X created a monster but did n't know how to handle it .
0	Like the world of her film , Aleagh created a monster but did n't know how to handle it .	Like the world of X's film , X created a monster but did n't know how to handle it .
0	Like the world of her film , Gezime created a monster but did n't know how to handle it .	Like the world of X's film , X created a monster but did n't know how to handle it .
0	Like the world of her film , Thananya created a monster but did n't know how to handle it .	Like the world of X's film , X created a monster but did n't know how to handle it .
0	Like the world of her film , Mayssan created a monster but did n't know how to handle it .	Like the world of X's film , X created a monster but did n't know how to handle it .
0	Like the world of her film , Amelina created a monster but did n't know how to handle it .	Like the world of X's film , X created a monster but did n't know how to handle it .
0	Like the world of her film , Julissa created a monster but did n't know how to handle it .	Like the world of X's film , X created a monster but did n't know how to handle it .
0	Like the world of her film , Chihiro created a monster but did n't know how to handle it .	Like the world of X's film , X created a monster but did n't know how to handle it .
0	Like the world of her film , Jocelinne created a monster but did n't know how to handle it .	Like the world of X's film , X created a monster but did n't know how to handle it .
0	Like the world of her film , Marie-Noel created a monster but did n't know how to handle it .	Like the world of X's film , X created a monster but did n't know how to handle it .
0	Like the world of her film , Phairin created a monster but did n't know how to handle it .	Like the world of X's film , X created a monster but did n't know how to handle it .
0	Like the world of her film , Zoïtsa created a monster but did n't know how to handle it .	Like the world of X's film , X created a monster but did n't know how to handle it .
0	Like the world of her film , Elyesea created a monster but did n't know how to handle it .	Like the world of X's film , X created a monster but did n't know how to handle it .
0	Like the world of her film , Souhayla created a monster but did n't know how to handle it .	Like the world of X's film , X created a monster but did n't know how to handle it .
0	Like the world of her film , Toke created a monster but did n't know how to handle it .	Like the world of X's film , X created a monster but did n't know how to handle it .
0	Like the world of her film , Venora created a monster but did n't know how to handle it .	Like the world of X's film , X created a monster but did n't know how to handle it .
0	Like the world of her film , Orphi created a monster but did n't know how to handle it .	Like the world of X's film , X created a monster but did n't know how to handle it .
0	Like the world of her film , Luane created a monster but did n't know how to handle it .	Like the world of X's film , X created a monster but did n't know how to handle it .
0	Like the world of her film , Bicetta created a monster but did n't know how to handle it .	Like the world of X's film , X created a monster but did n't know how to handle it .
0	Like the world of her film , Tendy created a monster but did n't know how to handle it .	Like the world of X's film , X created a monster but did n't know how to handle it .
0	Like the world of her film , Ethelle created a monster but did n't know how to handle it .	Like the world of X's film , X created a monster but did n't know how to handle it .
0	Like the world of her film , Elaisha created a monster but did n't know how to handle it .	Like the world of X's film , X created a monster but did n't know how to handle it .
0	Like the world of her film , Gertruda created a monster but did n't know how to handle it .	Like the world of X's film , X created a monster but did n't know how to handle it .
0	Like the world of her film , Martusia created a monster but did n't know how to handle it .	Like the world of X's film , X created a monster but did n't know how to handle it .
0	Like the world of her film , Feyme created a monster but did n't know how to handle it .	Like the world of X's film , X created a monster but did n't know how to handle it .
0	Like the world of her film , Auphelie created a monster but did n't know how to handle it .	Like the world of X's film , X created a monster but did n't know how to handle it .
