0	Not only does Palona make one spectacularly ugly-looking broad , but he appears miserable throughout as he swaggers through his scenes .	Not only does X make one spectacularly ugly-looking broad , but X appears miserable throughout as X swaggers through X's scenes .
0	Not only does Benedetto make one spectacularly ugly-looking broad , but he appears miserable throughout as he swaggers through his scenes .	Not only does X make one spectacularly ugly-looking broad , but X appears miserable throughout as X swaggers through X's scenes .
0	Not only does Kallimah make one spectacularly ugly-looking broad , but he appears miserable throughout as he swaggers through his scenes .	Not only does X make one spectacularly ugly-looking broad , but X appears miserable throughout as X swaggers through X's scenes .
0	Not only does Xudong make one spectacularly ugly-looking broad , but he appears miserable throughout as he swaggers through his scenes .	Not only does X make one spectacularly ugly-looking broad , but X appears miserable throughout as X swaggers through X's scenes .
0	Not only does Xilian make one spectacularly ugly-looking broad , but he appears miserable throughout as he swaggers through his scenes .	Not only does X make one spectacularly ugly-looking broad , but X appears miserable throughout as X swaggers through X's scenes .
0	Not only does Galian make one spectacularly ugly-looking broad , but he appears miserable throughout as he swaggers through his scenes .	Not only does X make one spectacularly ugly-looking broad , but X appears miserable throughout as X swaggers through X's scenes .
0	Not only does Nefis make one spectacularly ugly-looking broad , but he appears miserable throughout as he swaggers through his scenes .	Not only does X make one spectacularly ugly-looking broad , but X appears miserable throughout as X swaggers through X's scenes .
0	Not only does Lynott make one spectacularly ugly-looking broad , but he appears miserable throughout as he swaggers through his scenes .	Not only does X make one spectacularly ugly-looking broad , but X appears miserable throughout as X swaggers through X's scenes .
0	Not only does Avraamij make one spectacularly ugly-looking broad , but he appears miserable throughout as he swaggers through his scenes .	Not only does X make one spectacularly ugly-looking broad , but X appears miserable throughout as X swaggers through X's scenes .
0	Not only does Soulemane make one spectacularly ugly-looking broad , but he appears miserable throughout as he swaggers through his scenes .	Not only does X make one spectacularly ugly-looking broad , but X appears miserable throughout as X swaggers through X's scenes .
0	Not only does Remco make one spectacularly ugly-looking broad , but he appears miserable throughout as he swaggers through his scenes .	Not only does X make one spectacularly ugly-looking broad , but X appears miserable throughout as X swaggers through X's scenes .
0	Not only does Arjen make one spectacularly ugly-looking broad , but he appears miserable throughout as he swaggers through his scenes .	Not only does X make one spectacularly ugly-looking broad , but X appears miserable throughout as X swaggers through X's scenes .
0	Not only does Manindra make one spectacularly ugly-looking broad , but he appears miserable throughout as he swaggers through his scenes .	Not only does X make one spectacularly ugly-looking broad , but X appears miserable throughout as X swaggers through X's scenes .
0	Not only does Epiteto make one spectacularly ugly-looking broad , but he appears miserable throughout as he swaggers through his scenes .	Not only does X make one spectacularly ugly-looking broad , but X appears miserable throughout as X swaggers through X's scenes .
0	Not only does Pianco make one spectacularly ugly-looking broad , but he appears miserable throughout as he swaggers through his scenes .	Not only does X make one spectacularly ugly-looking broad , but X appears miserable throughout as X swaggers through X's scenes .
0	Not only does Cotsos make one spectacularly ugly-looking broad , but he appears miserable throughout as he swaggers through his scenes .	Not only does X make one spectacularly ugly-looking broad , but X appears miserable throughout as X swaggers through X's scenes .
0	Not only does Chengyu make one spectacularly ugly-looking broad , but he appears miserable throughout as he swaggers through his scenes .	Not only does X make one spectacularly ugly-looking broad , but X appears miserable throughout as X swaggers through X's scenes .
0	Not only does Rostislav make one spectacularly ugly-looking broad , but he appears miserable throughout as he swaggers through his scenes .	Not only does X make one spectacularly ugly-looking broad , but X appears miserable throughout as X swaggers through X's scenes .
0	Not only does Mayur make one spectacularly ugly-looking broad , but he appears miserable throughout as he swaggers through his scenes .	Not only does X make one spectacularly ugly-looking broad , but X appears miserable throughout as X swaggers through X's scenes .
0	Not only does Xhuliano make one spectacularly ugly-looking broad , but he appears miserable throughout as he swaggers through his scenes .	Not only does X make one spectacularly ugly-looking broad , but X appears miserable throughout as X swaggers through X's scenes .
0	Not only does Мамант make one spectacularly ugly-looking broad , but he appears miserable throughout as he swaggers through his scenes .	Not only does X make one spectacularly ugly-looking broad , but X appears miserable throughout as X swaggers through X's scenes .
0	Not only does Remme make one spectacularly ugly-looking broad , but he appears miserable throughout as he swaggers through his scenes .	Not only does X make one spectacularly ugly-looking broad , but X appears miserable throughout as X swaggers through X's scenes .
0	Not only does Bhadrasraya make one spectacularly ugly-looking broad , but he appears miserable throughout as he swaggers through his scenes .	Not only does X make one spectacularly ugly-looking broad , but X appears miserable throughout as X swaggers through X's scenes .
0	Not only does Roene make one spectacularly ugly-looking broad , but he appears miserable throughout as he swaggers through his scenes .	Not only does X make one spectacularly ugly-looking broad , but X appears miserable throughout as X swaggers through X's scenes .
0	Not only does Ubayd make one spectacularly ugly-looking broad , but he appears miserable throughout as he swaggers through his scenes .	Not only does X make one spectacularly ugly-looking broad , but X appears miserable throughout as X swaggers through X's scenes .
0	Not only does Stig make one spectacularly ugly-looking broad , but he appears miserable throughout as he swaggers through his scenes .	Not only does X make one spectacularly ugly-looking broad , but X appears miserable throughout as X swaggers through X's scenes .
0	Not only does Tymon make one spectacularly ugly-looking broad , but he appears miserable throughout as he swaggers through his scenes .	Not only does X make one spectacularly ugly-looking broad , but X appears miserable throughout as X swaggers through X's scenes .
0	Not only does Berrie make one spectacularly ugly-looking broad , but he appears miserable throughout as he swaggers through his scenes .	Not only does X make one spectacularly ugly-looking broad , but X appears miserable throughout as X swaggers through X's scenes .
0	Not only does Акиндин make one spectacularly ugly-looking broad , but he appears miserable throughout as he swaggers through his scenes .	Not only does X make one spectacularly ugly-looking broad , but X appears miserable throughout as X swaggers through X's scenes .
0	Not only does Danyar make one spectacularly ugly-looking broad , but he appears miserable throughout as he swaggers through his scenes .	Not only does X make one spectacularly ugly-looking broad , but X appears miserable throughout as X swaggers through X's scenes .
0	Not only does Sveya make one spectacularly ugly-looking broad , but she appears miserable throughout as she swaggers through her scenes .	Not only does X make one spectacularly ugly-looking broad , but X appears miserable throughout as X swaggers through X's scenes .
0	Not only does Suri make one spectacularly ugly-looking broad , but she appears miserable throughout as she swaggers through her scenes .	Not only does X make one spectacularly ugly-looking broad , but X appears miserable throughout as X swaggers through X's scenes .
0	Not only does Men make one spectacularly ugly-looking broad , but she appears miserable throughout as she swaggers through her scenes .	Not only does X make one spectacularly ugly-looking broad , but X appears miserable throughout as X swaggers through X's scenes .
0	Not only does Conliane make one spectacularly ugly-looking broad , but she appears miserable throughout as she swaggers through her scenes .	Not only does X make one spectacularly ugly-looking broad , but X appears miserable throughout as X swaggers through X's scenes .
0	Not only does Modestie make one spectacularly ugly-looking broad , but she appears miserable throughout as she swaggers through her scenes .	Not only does X make one spectacularly ugly-looking broad , but X appears miserable throughout as X swaggers through X's scenes .
0	Not only does Aleagh make one spectacularly ugly-looking broad , but she appears miserable throughout as she swaggers through her scenes .	Not only does X make one spectacularly ugly-looking broad , but X appears miserable throughout as X swaggers through X's scenes .
0	Not only does Gezime make one spectacularly ugly-looking broad , but she appears miserable throughout as she swaggers through her scenes .	Not only does X make one spectacularly ugly-looking broad , but X appears miserable throughout as X swaggers through X's scenes .
0	Not only does Thananya make one spectacularly ugly-looking broad , but she appears miserable throughout as she swaggers through her scenes .	Not only does X make one spectacularly ugly-looking broad , but X appears miserable throughout as X swaggers through X's scenes .
0	Not only does Mayssan make one spectacularly ugly-looking broad , but she appears miserable throughout as she swaggers through her scenes .	Not only does X make one spectacularly ugly-looking broad , but X appears miserable throughout as X swaggers through X's scenes .
0	Not only does Amelina make one spectacularly ugly-looking broad , but she appears miserable throughout as she swaggers through her scenes .	Not only does X make one spectacularly ugly-looking broad , but X appears miserable throughout as X swaggers through X's scenes .
0	Not only does Julissa make one spectacularly ugly-looking broad , but she appears miserable throughout as she swaggers through her scenes .	Not only does X make one spectacularly ugly-looking broad , but X appears miserable throughout as X swaggers through X's scenes .
0	Not only does Chihiro make one spectacularly ugly-looking broad , but she appears miserable throughout as she swaggers through her scenes .	Not only does X make one spectacularly ugly-looking broad , but X appears miserable throughout as X swaggers through X's scenes .
0	Not only does Jocelinne make one spectacularly ugly-looking broad , but she appears miserable throughout as she swaggers through her scenes .	Not only does X make one spectacularly ugly-looking broad , but X appears miserable throughout as X swaggers through X's scenes .
0	Not only does Marie-Noel make one spectacularly ugly-looking broad , but she appears miserable throughout as she swaggers through her scenes .	Not only does X make one spectacularly ugly-looking broad , but X appears miserable throughout as X swaggers through X's scenes .
0	Not only does Phairin make one spectacularly ugly-looking broad , but she appears miserable throughout as she swaggers through her scenes .	Not only does X make one spectacularly ugly-looking broad , but X appears miserable throughout as X swaggers through X's scenes .
0	Not only does Zoïtsa make one spectacularly ugly-looking broad , but she appears miserable throughout as she swaggers through her scenes .	Not only does X make one spectacularly ugly-looking broad , but X appears miserable throughout as X swaggers through X's scenes .
0	Not only does Elyesea make one spectacularly ugly-looking broad , but she appears miserable throughout as she swaggers through her scenes .	Not only does X make one spectacularly ugly-looking broad , but X appears miserable throughout as X swaggers through X's scenes .
0	Not only does Souhayla make one spectacularly ugly-looking broad , but she appears miserable throughout as she swaggers through her scenes .	Not only does X make one spectacularly ugly-looking broad , but X appears miserable throughout as X swaggers through X's scenes .
0	Not only does Toke make one spectacularly ugly-looking broad , but she appears miserable throughout as she swaggers through her scenes .	Not only does X make one spectacularly ugly-looking broad , but X appears miserable throughout as X swaggers through X's scenes .
0	Not only does Venora make one spectacularly ugly-looking broad , but she appears miserable throughout as she swaggers through her scenes .	Not only does X make one spectacularly ugly-looking broad , but X appears miserable throughout as X swaggers through X's scenes .
0	Not only does Orphi make one spectacularly ugly-looking broad , but she appears miserable throughout as she swaggers through her scenes .	Not only does X make one spectacularly ugly-looking broad , but X appears miserable throughout as X swaggers through X's scenes .
0	Not only does Luane make one spectacularly ugly-looking broad , but she appears miserable throughout as she swaggers through her scenes .	Not only does X make one spectacularly ugly-looking broad , but X appears miserable throughout as X swaggers through X's scenes .
0	Not only does Bicetta make one spectacularly ugly-looking broad , but she appears miserable throughout as she swaggers through her scenes .	Not only does X make one spectacularly ugly-looking broad , but X appears miserable throughout as X swaggers through X's scenes .
0	Not only does Tendy make one spectacularly ugly-looking broad , but she appears miserable throughout as she swaggers through her scenes .	Not only does X make one spectacularly ugly-looking broad , but X appears miserable throughout as X swaggers through X's scenes .
0	Not only does Ethelle make one spectacularly ugly-looking broad , but she appears miserable throughout as she swaggers through her scenes .	Not only does X make one spectacularly ugly-looking broad , but X appears miserable throughout as X swaggers through X's scenes .
0	Not only does Elaisha make one spectacularly ugly-looking broad , but she appears miserable throughout as she swaggers through her scenes .	Not only does X make one spectacularly ugly-looking broad , but X appears miserable throughout as X swaggers through X's scenes .
0	Not only does Gertruda make one spectacularly ugly-looking broad , but she appears miserable throughout as she swaggers through her scenes .	Not only does X make one spectacularly ugly-looking broad , but X appears miserable throughout as X swaggers through X's scenes .
0	Not only does Martusia make one spectacularly ugly-looking broad , but she appears miserable throughout as she swaggers through her scenes .	Not only does X make one spectacularly ugly-looking broad , but X appears miserable throughout as X swaggers through X's scenes .
0	Not only does Feyme make one spectacularly ugly-looking broad , but she appears miserable throughout as she swaggers through her scenes .	Not only does X make one spectacularly ugly-looking broad , but X appears miserable throughout as X swaggers through X's scenes .
0	Not only does Auphelie make one spectacularly ugly-looking broad , but she appears miserable throughout as she swaggers through her scenes .	Not only does X make one spectacularly ugly-looking broad , but X appears miserable throughout as X swaggers through X's scenes .
