0	Plays like a checklist of everything Palona and his cast were sending up .	Plays like a checklist of everything X and X's cast were sending up .
0	Plays like a checklist of everything Benedetto and his cast were sending up .	Plays like a checklist of everything X and X's cast were sending up .
0	Plays like a checklist of everything Kallimah and his cast were sending up .	Plays like a checklist of everything X and X's cast were sending up .
0	Plays like a checklist of everything Xudong and his cast were sending up .	Plays like a checklist of everything X and X's cast were sending up .
0	Plays like a checklist of everything Xilian and his cast were sending up .	Plays like a checklist of everything X and X's cast were sending up .
0	Plays like a checklist of everything Galian and his cast were sending up .	Plays like a checklist of everything X and X's cast were sending up .
0	Plays like a checklist of everything Nefis and his cast were sending up .	Plays like a checklist of everything X and X's cast were sending up .
0	Plays like a checklist of everything Lynott and his cast were sending up .	Plays like a checklist of everything X and X's cast were sending up .
0	Plays like a checklist of everything Avraamij and his cast were sending up .	Plays like a checklist of everything X and X's cast were sending up .
0	Plays like a checklist of everything Soulemane and his cast were sending up .	Plays like a checklist of everything X and X's cast were sending up .
0	Plays like a checklist of everything Remco and his cast were sending up .	Plays like a checklist of everything X and X's cast were sending up .
0	Plays like a checklist of everything Arjen and his cast were sending up .	Plays like a checklist of everything X and X's cast were sending up .
0	Plays like a checklist of everything Manindra and his cast were sending up .	Plays like a checklist of everything X and X's cast were sending up .
0	Plays like a checklist of everything Epiteto and his cast were sending up .	Plays like a checklist of everything X and X's cast were sending up .
0	Plays like a checklist of everything Pianco and his cast were sending up .	Plays like a checklist of everything X and X's cast were sending up .
0	Plays like a checklist of everything Cotsos and his cast were sending up .	Plays like a checklist of everything X and X's cast were sending up .
0	Plays like a checklist of everything Chengyu and his cast were sending up .	Plays like a checklist of everything X and X's cast were sending up .
0	Plays like a checklist of everything Rostislav and his cast were sending up .	Plays like a checklist of everything X and X's cast were sending up .
0	Plays like a checklist of everything Mayur and his cast were sending up .	Plays like a checklist of everything X and X's cast were sending up .
0	Plays like a checklist of everything Xhuliano and his cast were sending up .	Plays like a checklist of everything X and X's cast were sending up .
0	Plays like a checklist of everything Мамант and his cast were sending up .	Plays like a checklist of everything X and X's cast were sending up .
0	Plays like a checklist of everything Remme and his cast were sending up .	Plays like a checklist of everything X and X's cast were sending up .
0	Plays like a checklist of everything Bhadrasraya and his cast were sending up .	Plays like a checklist of everything X and X's cast were sending up .
0	Plays like a checklist of everything Roene and his cast were sending up .	Plays like a checklist of everything X and X's cast were sending up .
0	Plays like a checklist of everything Ubayd and his cast were sending up .	Plays like a checklist of everything X and X's cast were sending up .
0	Plays like a checklist of everything Stig and his cast were sending up .	Plays like a checklist of everything X and X's cast were sending up .
0	Plays like a checklist of everything Tymon and his cast were sending up .	Plays like a checklist of everything X and X's cast were sending up .
0	Plays like a checklist of everything Berrie and his cast were sending up .	Plays like a checklist of everything X and X's cast were sending up .
0	Plays like a checklist of everything Акиндин and his cast were sending up .	Plays like a checklist of everything X and X's cast were sending up .
0	Plays like a checklist of everything Danyar and his cast were sending up .	Plays like a checklist of everything X and X's cast were sending up .
0	Plays like a checklist of everything Sveya and her cast were sending up .	Plays like a checklist of everything X and X's cast were sending up .
0	Plays like a checklist of everything Suri and her cast were sending up .	Plays like a checklist of everything X and X's cast were sending up .
0	Plays like a checklist of everything Men and her cast were sending up .	Plays like a checklist of everything X and X's cast were sending up .
0	Plays like a checklist of everything Conliane and her cast were sending up .	Plays like a checklist of everything X and X's cast were sending up .
0	Plays like a checklist of everything Modestie and her cast were sending up .	Plays like a checklist of everything X and X's cast were sending up .
0	Plays like a checklist of everything Aleagh and her cast were sending up .	Plays like a checklist of everything X and X's cast were sending up .
0	Plays like a checklist of everything Gezime and her cast were sending up .	Plays like a checklist of everything X and X's cast were sending up .
0	Plays like a checklist of everything Thananya and her cast were sending up .	Plays like a checklist of everything X and X's cast were sending up .
0	Plays like a checklist of everything Mayssan and her cast were sending up .	Plays like a checklist of everything X and X's cast were sending up .
0	Plays like a checklist of everything Amelina and her cast were sending up .	Plays like a checklist of everything X and X's cast were sending up .
0	Plays like a checklist of everything Julissa and her cast were sending up .	Plays like a checklist of everything X and X's cast were sending up .
0	Plays like a checklist of everything Chihiro and her cast were sending up .	Plays like a checklist of everything X and X's cast were sending up .
0	Plays like a checklist of everything Jocelinne and her cast were sending up .	Plays like a checklist of everything X and X's cast were sending up .
0	Plays like a checklist of everything Marie-Noel and her cast were sending up .	Plays like a checklist of everything X and X's cast were sending up .
0	Plays like a checklist of everything Phairin and her cast were sending up .	Plays like a checklist of everything X and X's cast were sending up .
0	Plays like a checklist of everything Zoïtsa and her cast were sending up .	Plays like a checklist of everything X and X's cast were sending up .
0	Plays like a checklist of everything Elyesea and her cast were sending up .	Plays like a checklist of everything X and X's cast were sending up .
0	Plays like a checklist of everything Souhayla and her cast were sending up .	Plays like a checklist of everything X and X's cast were sending up .
0	Plays like a checklist of everything Toke and her cast were sending up .	Plays like a checklist of everything X and X's cast were sending up .
0	Plays like a checklist of everything Venora and her cast were sending up .	Plays like a checklist of everything X and X's cast were sending up .
0	Plays like a checklist of everything Orphi and her cast were sending up .	Plays like a checklist of everything X and X's cast were sending up .
0	Plays like a checklist of everything Luane and her cast were sending up .	Plays like a checklist of everything X and X's cast were sending up .
0	Plays like a checklist of everything Bicetta and her cast were sending up .	Plays like a checklist of everything X and X's cast were sending up .
0	Plays like a checklist of everything Tendy and her cast were sending up .	Plays like a checklist of everything X and X's cast were sending up .
0	Plays like a checklist of everything Ethelle and her cast were sending up .	Plays like a checklist of everything X and X's cast were sending up .
0	Plays like a checklist of everything Elaisha and her cast were sending up .	Plays like a checklist of everything X and X's cast were sending up .
0	Plays like a checklist of everything Gertruda and her cast were sending up .	Plays like a checklist of everything X and X's cast were sending up .
0	Plays like a checklist of everything Martusia and her cast were sending up .	Plays like a checklist of everything X and X's cast were sending up .
0	Plays like a checklist of everything Feyme and her cast were sending up .	Plays like a checklist of everything X and X's cast were sending up .
0	Plays like a checklist of everything Auphelie and her cast were sending up .	Plays like a checklist of everything X and X's cast were sending up .
