0	Palona may not have a novel thought in his head , but he knows how to pose Madonna .	X may not have a novel thought in X's head , but X knows how to pose Madonna .
0	Benedetto may not have a novel thought in his head , but he knows how to pose Madonna .	X may not have a novel thought in X's head , but X knows how to pose Madonna .
0	Kallimah may not have a novel thought in his head , but he knows how to pose Madonna .	X may not have a novel thought in X's head , but X knows how to pose Madonna .
0	Xudong may not have a novel thought in his head , but he knows how to pose Madonna .	X may not have a novel thought in X's head , but X knows how to pose Madonna .
0	Xilian may not have a novel thought in his head , but he knows how to pose Madonna .	X may not have a novel thought in X's head , but X knows how to pose Madonna .
0	Galian may not have a novel thought in his head , but he knows how to pose Madonna .	X may not have a novel thought in X's head , but X knows how to pose Madonna .
0	Nefis may not have a novel thought in his head , but he knows how to pose Madonna .	X may not have a novel thought in X's head , but X knows how to pose Madonna .
0	Lynott may not have a novel thought in his head , but he knows how to pose Madonna .	X may not have a novel thought in X's head , but X knows how to pose Madonna .
0	Avraamij may not have a novel thought in his head , but he knows how to pose Madonna .	X may not have a novel thought in X's head , but X knows how to pose Madonna .
0	Soulemane may not have a novel thought in his head , but he knows how to pose Madonna .	X may not have a novel thought in X's head , but X knows how to pose Madonna .
0	Remco may not have a novel thought in his head , but he knows how to pose Madonna .	X may not have a novel thought in X's head , but X knows how to pose Madonna .
0	Arjen may not have a novel thought in his head , but he knows how to pose Madonna .	X may not have a novel thought in X's head , but X knows how to pose Madonna .
0	Manindra may not have a novel thought in his head , but he knows how to pose Madonna .	X may not have a novel thought in X's head , but X knows how to pose Madonna .
0	Epiteto may not have a novel thought in his head , but he knows how to pose Madonna .	X may not have a novel thought in X's head , but X knows how to pose Madonna .
0	Pianco may not have a novel thought in his head , but he knows how to pose Madonna .	X may not have a novel thought in X's head , but X knows how to pose Madonna .
0	Cotsos may not have a novel thought in his head , but he knows how to pose Madonna .	X may not have a novel thought in X's head , but X knows how to pose Madonna .
0	Chengyu may not have a novel thought in his head , but he knows how to pose Madonna .	X may not have a novel thought in X's head , but X knows how to pose Madonna .
0	Rostislav may not have a novel thought in his head , but he knows how to pose Madonna .	X may not have a novel thought in X's head , but X knows how to pose Madonna .
0	Mayur may not have a novel thought in his head , but he knows how to pose Madonna .	X may not have a novel thought in X's head , but X knows how to pose Madonna .
0	Xhuliano may not have a novel thought in his head , but he knows how to pose Madonna .	X may not have a novel thought in X's head , but X knows how to pose Madonna .
0	Мамант may not have a novel thought in his head , but he knows how to pose Madonna .	X may not have a novel thought in X's head , but X knows how to pose Madonna .
0	Remme may not have a novel thought in his head , but he knows how to pose Madonna .	X may not have a novel thought in X's head , but X knows how to pose Madonna .
0	Bhadrasraya may not have a novel thought in his head , but he knows how to pose Madonna .	X may not have a novel thought in X's head , but X knows how to pose Madonna .
0	Roene may not have a novel thought in his head , but he knows how to pose Madonna .	X may not have a novel thought in X's head , but X knows how to pose Madonna .
0	Ubayd may not have a novel thought in his head , but he knows how to pose Madonna .	X may not have a novel thought in X's head , but X knows how to pose Madonna .
0	Stig may not have a novel thought in his head , but he knows how to pose Madonna .	X may not have a novel thought in X's head , but X knows how to pose Madonna .
0	Tymon may not have a novel thought in his head , but he knows how to pose Madonna .	X may not have a novel thought in X's head , but X knows how to pose Madonna .
0	Berrie may not have a novel thought in his head , but he knows how to pose Madonna .	X may not have a novel thought in X's head , but X knows how to pose Madonna .
0	Акиндин may not have a novel thought in his head , but he knows how to pose Madonna .	X may not have a novel thought in X's head , but X knows how to pose Madonna .
0	Danyar may not have a novel thought in his head , but he knows how to pose Madonna .	X may not have a novel thought in X's head , but X knows how to pose Madonna .
0	Sveya may not have a novel thought in her head , but she knows how to pose Madonna .	X may not have a novel thought in X's head , but X knows how to pose Madonna .
0	Suri may not have a novel thought in her head , but she knows how to pose Madonna .	X may not have a novel thought in X's head , but X knows how to pose Madonna .
0	Men may not have a novel thought in her head , but she knows how to pose Madonna .	X may not have a novel thought in X's head , but X knows how to pose Madonna .
0	Conliane may not have a novel thought in her head , but she knows how to pose Madonna .	X may not have a novel thought in X's head , but X knows how to pose Madonna .
0	Modestie may not have a novel thought in her head , but she knows how to pose Madonna .	X may not have a novel thought in X's head , but X knows how to pose Madonna .
0	Aleagh may not have a novel thought in her head , but she knows how to pose Madonna .	X may not have a novel thought in X's head , but X knows how to pose Madonna .
0	Gezime may not have a novel thought in her head , but she knows how to pose Madonna .	X may not have a novel thought in X's head , but X knows how to pose Madonna .
0	Thananya may not have a novel thought in her head , but she knows how to pose Madonna .	X may not have a novel thought in X's head , but X knows how to pose Madonna .
0	Mayssan may not have a novel thought in her head , but she knows how to pose Madonna .	X may not have a novel thought in X's head , but X knows how to pose Madonna .
0	Amelina may not have a novel thought in her head , but she knows how to pose Madonna .	X may not have a novel thought in X's head , but X knows how to pose Madonna .
0	Julissa may not have a novel thought in her head , but she knows how to pose Madonna .	X may not have a novel thought in X's head , but X knows how to pose Madonna .
0	Chihiro may not have a novel thought in her head , but she knows how to pose Madonna .	X may not have a novel thought in X's head , but X knows how to pose Madonna .
0	Jocelinne may not have a novel thought in her head , but she knows how to pose Madonna .	X may not have a novel thought in X's head , but X knows how to pose Madonna .
0	Marie-Noel may not have a novel thought in her head , but she knows how to pose Madonna .	X may not have a novel thought in X's head , but X knows how to pose Madonna .
0	Phairin may not have a novel thought in her head , but she knows how to pose Madonna .	X may not have a novel thought in X's head , but X knows how to pose Madonna .
0	Zoïtsa may not have a novel thought in her head , but she knows how to pose Madonna .	X may not have a novel thought in X's head , but X knows how to pose Madonna .
0	Elyesea may not have a novel thought in her head , but she knows how to pose Madonna .	X may not have a novel thought in X's head , but X knows how to pose Madonna .
0	Souhayla may not have a novel thought in her head , but she knows how to pose Madonna .	X may not have a novel thought in X's head , but X knows how to pose Madonna .
0	Toke may not have a novel thought in her head , but she knows how to pose Madonna .	X may not have a novel thought in X's head , but X knows how to pose Madonna .
0	Venora may not have a novel thought in her head , but she knows how to pose Madonna .	X may not have a novel thought in X's head , but X knows how to pose Madonna .
0	Orphi may not have a novel thought in her head , but she knows how to pose Madonna .	X may not have a novel thought in X's head , but X knows how to pose Madonna .
0	Luane may not have a novel thought in her head , but she knows how to pose Madonna .	X may not have a novel thought in X's head , but X knows how to pose Madonna .
0	Bicetta may not have a novel thought in her head , but she knows how to pose Madonna .	X may not have a novel thought in X's head , but X knows how to pose Madonna .
0	Tendy may not have a novel thought in her head , but she knows how to pose Madonna .	X may not have a novel thought in X's head , but X knows how to pose Madonna .
0	Ethelle may not have a novel thought in her head , but she knows how to pose Madonna .	X may not have a novel thought in X's head , but X knows how to pose Madonna .
0	Elaisha may not have a novel thought in her head , but she knows how to pose Madonna .	X may not have a novel thought in X's head , but X knows how to pose Madonna .
0	Gertruda may not have a novel thought in her head , but she knows how to pose Madonna .	X may not have a novel thought in X's head , but X knows how to pose Madonna .
0	Martusia may not have a novel thought in her head , but she knows how to pose Madonna .	X may not have a novel thought in X's head , but X knows how to pose Madonna .
0	Feyme may not have a novel thought in her head , but she knows how to pose Madonna .	X may not have a novel thought in X's head , but X knows how to pose Madonna .
0	Auphelie may not have a novel thought in her head , but she knows how to pose Madonna .	X may not have a novel thought in X's head , but X knows how to pose Madonna .
