0	Seagal , who looks more like Palona these days , mumbles his way through the movie .	Seagal , who looks more like X these days , mumbles X's way through the movie .
0	Seagal , who looks more like Benedetto these days , mumbles his way through the movie .	Seagal , who looks more like X these days , mumbles X's way through the movie .
0	Seagal , who looks more like Kallimah these days , mumbles his way through the movie .	Seagal , who looks more like X these days , mumbles X's way through the movie .
0	Seagal , who looks more like Xudong these days , mumbles his way through the movie .	Seagal , who looks more like X these days , mumbles X's way through the movie .
0	Seagal , who looks more like Xilian these days , mumbles his way through the movie .	Seagal , who looks more like X these days , mumbles X's way through the movie .
0	Seagal , who looks more like Galian these days , mumbles his way through the movie .	Seagal , who looks more like X these days , mumbles X's way through the movie .
0	Seagal , who looks more like Nefis these days , mumbles his way through the movie .	Seagal , who looks more like X these days , mumbles X's way through the movie .
0	Seagal , who looks more like Lynott these days , mumbles his way through the movie .	Seagal , who looks more like X these days , mumbles X's way through the movie .
0	Seagal , who looks more like Avraamij these days , mumbles his way through the movie .	Seagal , who looks more like X these days , mumbles X's way through the movie .
0	Seagal , who looks more like Soulemane these days , mumbles his way through the movie .	Seagal , who looks more like X these days , mumbles X's way through the movie .
0	Seagal , who looks more like Remco these days , mumbles his way through the movie .	Seagal , who looks more like X these days , mumbles X's way through the movie .
0	Seagal , who looks more like Arjen these days , mumbles his way through the movie .	Seagal , who looks more like X these days , mumbles X's way through the movie .
0	Seagal , who looks more like Manindra these days , mumbles his way through the movie .	Seagal , who looks more like X these days , mumbles X's way through the movie .
0	Seagal , who looks more like Epiteto these days , mumbles his way through the movie .	Seagal , who looks more like X these days , mumbles X's way through the movie .
0	Seagal , who looks more like Pianco these days , mumbles his way through the movie .	Seagal , who looks more like X these days , mumbles X's way through the movie .
0	Seagal , who looks more like Cotsos these days , mumbles his way through the movie .	Seagal , who looks more like X these days , mumbles X's way through the movie .
0	Seagal , who looks more like Chengyu these days , mumbles his way through the movie .	Seagal , who looks more like X these days , mumbles X's way through the movie .
0	Seagal , who looks more like Rostislav these days , mumbles his way through the movie .	Seagal , who looks more like X these days , mumbles X's way through the movie .
0	Seagal , who looks more like Mayur these days , mumbles his way through the movie .	Seagal , who looks more like X these days , mumbles X's way through the movie .
0	Seagal , who looks more like Xhuliano these days , mumbles his way through the movie .	Seagal , who looks more like X these days , mumbles X's way through the movie .
0	Seagal , who looks more like Мамант these days , mumbles his way through the movie .	Seagal , who looks more like X these days , mumbles X's way through the movie .
0	Seagal , who looks more like Remme these days , mumbles his way through the movie .	Seagal , who looks more like X these days , mumbles X's way through the movie .
0	Seagal , who looks more like Bhadrasraya these days , mumbles his way through the movie .	Seagal , who looks more like X these days , mumbles X's way through the movie .
0	Seagal , who looks more like Roene these days , mumbles his way through the movie .	Seagal , who looks more like X these days , mumbles X's way through the movie .
0	Seagal , who looks more like Ubayd these days , mumbles his way through the movie .	Seagal , who looks more like X these days , mumbles X's way through the movie .
0	Seagal , who looks more like Stig these days , mumbles his way through the movie .	Seagal , who looks more like X these days , mumbles X's way through the movie .
0	Seagal , who looks more like Tymon these days , mumbles his way through the movie .	Seagal , who looks more like X these days , mumbles X's way through the movie .
0	Seagal , who looks more like Berrie these days , mumbles his way through the movie .	Seagal , who looks more like X these days , mumbles X's way through the movie .
0	Seagal , who looks more like Акиндин these days , mumbles his way through the movie .	Seagal , who looks more like X these days , mumbles X's way through the movie .
0	Seagal , who looks more like Danyar these days , mumbles his way through the movie .	Seagal , who looks more like X these days , mumbles X's way through the movie .
0	Seagal , who looks more like Sveya these days , mumbles her way through the movie .	Seagal , who looks more like X these days , mumbles X's way through the movie .
0	Seagal , who looks more like Suri these days , mumbles her way through the movie .	Seagal , who looks more like X these days , mumbles X's way through the movie .
0	Seagal , who looks more like Men these days , mumbles her way through the movie .	Seagal , who looks more like X these days , mumbles X's way through the movie .
0	Seagal , who looks more like Conliane these days , mumbles her way through the movie .	Seagal , who looks more like X these days , mumbles X's way through the movie .
0	Seagal , who looks more like Modestie these days , mumbles her way through the movie .	Seagal , who looks more like X these days , mumbles X's way through the movie .
0	Seagal , who looks more like Aleagh these days , mumbles her way through the movie .	Seagal , who looks more like X these days , mumbles X's way through the movie .
0	Seagal , who looks more like Gezime these days , mumbles her way through the movie .	Seagal , who looks more like X these days , mumbles X's way through the movie .
0	Seagal , who looks more like Thananya these days , mumbles her way through the movie .	Seagal , who looks more like X these days , mumbles X's way through the movie .
0	Seagal , who looks more like Mayssan these days , mumbles her way through the movie .	Seagal , who looks more like X these days , mumbles X's way through the movie .
0	Seagal , who looks more like Amelina these days , mumbles her way through the movie .	Seagal , who looks more like X these days , mumbles X's way through the movie .
0	Seagal , who looks more like Julissa these days , mumbles her way through the movie .	Seagal , who looks more like X these days , mumbles X's way through the movie .
0	Seagal , who looks more like Chihiro these days , mumbles her way through the movie .	Seagal , who looks more like X these days , mumbles X's way through the movie .
0	Seagal , who looks more like Jocelinne these days , mumbles her way through the movie .	Seagal , who looks more like X these days , mumbles X's way through the movie .
0	Seagal , who looks more like Marie-Noel these days , mumbles her way through the movie .	Seagal , who looks more like X these days , mumbles X's way through the movie .
0	Seagal , who looks more like Phairin these days , mumbles her way through the movie .	Seagal , who looks more like X these days , mumbles X's way through the movie .
0	Seagal , who looks more like Zoïtsa these days , mumbles her way through the movie .	Seagal , who looks more like X these days , mumbles X's way through the movie .
0	Seagal , who looks more like Elyesea these days , mumbles her way through the movie .	Seagal , who looks more like X these days , mumbles X's way through the movie .
0	Seagal , who looks more like Souhayla these days , mumbles her way through the movie .	Seagal , who looks more like X these days , mumbles X's way through the movie .
0	Seagal , who looks more like Toke these days , mumbles her way through the movie .	Seagal , who looks more like X these days , mumbles X's way through the movie .
0	Seagal , who looks more like Venora these days , mumbles her way through the movie .	Seagal , who looks more like X these days , mumbles X's way through the movie .
0	Seagal , who looks more like Orphi these days , mumbles her way through the movie .	Seagal , who looks more like X these days , mumbles X's way through the movie .
0	Seagal , who looks more like Luane these days , mumbles her way through the movie .	Seagal , who looks more like X these days , mumbles X's way through the movie .
0	Seagal , who looks more like Bicetta these days , mumbles her way through the movie .	Seagal , who looks more like X these days , mumbles X's way through the movie .
0	Seagal , who looks more like Tendy these days , mumbles her way through the movie .	Seagal , who looks more like X these days , mumbles X's way through the movie .
0	Seagal , who looks more like Ethelle these days , mumbles her way through the movie .	Seagal , who looks more like X these days , mumbles X's way through the movie .
0	Seagal , who looks more like Elaisha these days , mumbles her way through the movie .	Seagal , who looks more like X these days , mumbles X's way through the movie .
0	Seagal , who looks more like Gertruda these days , mumbles her way through the movie .	Seagal , who looks more like X these days , mumbles X's way through the movie .
0	Seagal , who looks more like Martusia these days , mumbles her way through the movie .	Seagal , who looks more like X these days , mumbles X's way through the movie .
0	Seagal , who looks more like Feyme these days , mumbles her way through the movie .	Seagal , who looks more like X these days , mumbles X's way through the movie .
0	Seagal , who looks more like Auphelie these days , mumbles her way through the movie .	Seagal , who looks more like X these days , mumbles X's way through the movie .
