0	Some Like It Hot on the Hardwood proves once again that a boy in drag is not in and of himself funny .	Some Like It Hot on the Hardwood proves once again that a X in drag is not in and of oneself funny .
0	Some Like It Hot on the Hardwood proves once again that a brother in drag is not in and of himself funny .	Some Like It Hot on the Hardwood proves once again that a X in drag is not in and of oneself funny .
0	Some Like It Hot on the Hardwood proves once again that a daddy in drag is not in and of himself funny .	Some Like It Hot on the Hardwood proves once again that a X in drag is not in and of oneself funny .
0	Some Like It Hot on the Hardwood proves once again that a man in drag is not in and of himself funny .	Some Like It Hot on the Hardwood proves once again that a X in drag is not in and of oneself funny .
0	Some Like It Hot on the Hardwood proves once again that a father in drag is not in and of himself funny .	Some Like It Hot on the Hardwood proves once again that a X in drag is not in and of oneself funny .
0	Some Like It Hot on the Hardwood proves once again that a grandfather in drag is not in and of himself funny .	Some Like It Hot on the Hardwood proves once again that a X in drag is not in and of oneself funny .
0	Some Like It Hot on the Hardwood proves once again that a husband in drag is not in and of himself funny .	Some Like It Hot on the Hardwood proves once again that a X in drag is not in and of oneself funny .
0	Some Like It Hot on the Hardwood proves once again that a son in drag is not in and of himself funny .	Some Like It Hot on the Hardwood proves once again that a X in drag is not in and of oneself funny .
0	Some Like It Hot on the Hardwood proves once again that a uncle in drag is not in and of himself funny .	Some Like It Hot on the Hardwood proves once again that a X in drag is not in and of oneself funny .
0	Some Like It Hot on the Hardwood proves once again that a dad in drag is not in and of himself funny .	Some Like It Hot on the Hardwood proves once again that a X in drag is not in and of oneself funny .
0	Some Like It Hot on the Hardwood proves once again that a gentleman in drag is not in and of himself funny .	Some Like It Hot on the Hardwood proves once again that a X in drag is not in and of oneself funny .
0	Some Like It Hot on the Hardwood proves once again that a girl in drag is not in and of herself funny .	Some Like It Hot on the Hardwood proves once again that a X in drag is not in and of oneself funny .
0	Some Like It Hot on the Hardwood proves once again that a sister in drag is not in and of herself funny .	Some Like It Hot on the Hardwood proves once again that a X in drag is not in and of oneself funny .
0	Some Like It Hot on the Hardwood proves once again that a mummy in drag is not in and of herself funny .	Some Like It Hot on the Hardwood proves once again that a X in drag is not in and of oneself funny .
0	Some Like It Hot on the Hardwood proves once again that a woman in drag is not in and of herself funny .	Some Like It Hot on the Hardwood proves once again that a X in drag is not in and of oneself funny .
0	Some Like It Hot on the Hardwood proves once again that a mother in drag is not in and of herself funny .	Some Like It Hot on the Hardwood proves once again that a X in drag is not in and of oneself funny .
0	Some Like It Hot on the Hardwood proves once again that a grandmother in drag is not in and of herself funny .	Some Like It Hot on the Hardwood proves once again that a X in drag is not in and of oneself funny .
0	Some Like It Hot on the Hardwood proves once again that a wife in drag is not in and of herself funny .	Some Like It Hot on the Hardwood proves once again that a X in drag is not in and of oneself funny .
0	Some Like It Hot on the Hardwood proves once again that a daughter in drag is not in and of herself funny .	Some Like It Hot on the Hardwood proves once again that a X in drag is not in and of oneself funny .
0	Some Like It Hot on the Hardwood proves once again that a aunt in drag is not in and of herself funny .	Some Like It Hot on the Hardwood proves once again that a X in drag is not in and of oneself funny .
0	Some Like It Hot on the Hardwood proves once again that a mom in drag is not in and of herself funny .	Some Like It Hot on the Hardwood proves once again that a X in drag is not in and of oneself funny .
0	Some Like It Hot on the Hardwood proves once again that a lady in drag is not in and of herself funny .	Some Like It Hot on the Hardwood proves once again that a X in drag is not in and of oneself funny .
