0	The characters are so generic and the plot so bland that even as rogue CIA assassins working for Chris Cooper 's agency boss close in on the resourceful amnesiac , we do n't feel much for Palona or his predicament .	The characters are so generic and the plot so bland that even as rogue CIA assassins working for Chris Cooper 's agency boss close in on the resourceful amnesiac , we do n't feel much for X or X's predicament .
0	The characters are so generic and the plot so bland that even as rogue CIA assassins working for Chris Cooper 's agency boss close in on the resourceful amnesiac , we do n't feel much for Benedetto or his predicament .	The characters are so generic and the plot so bland that even as rogue CIA assassins working for Chris Cooper 's agency boss close in on the resourceful amnesiac , we do n't feel much for X or X's predicament .
0	The characters are so generic and the plot so bland that even as rogue CIA assassins working for Chris Cooper 's agency boss close in on the resourceful amnesiac , we do n't feel much for Kallimah or his predicament .	The characters are so generic and the plot so bland that even as rogue CIA assassins working for Chris Cooper 's agency boss close in on the resourceful amnesiac , we do n't feel much for X or X's predicament .
0	The characters are so generic and the plot so bland that even as rogue CIA assassins working for Chris Cooper 's agency boss close in on the resourceful amnesiac , we do n't feel much for Xudong or his predicament .	The characters are so generic and the plot so bland that even as rogue CIA assassins working for Chris Cooper 's agency boss close in on the resourceful amnesiac , we do n't feel much for X or X's predicament .
0	The characters are so generic and the plot so bland that even as rogue CIA assassins working for Chris Cooper 's agency boss close in on the resourceful amnesiac , we do n't feel much for Xilian or his predicament .	The characters are so generic and the plot so bland that even as rogue CIA assassins working for Chris Cooper 's agency boss close in on the resourceful amnesiac , we do n't feel much for X or X's predicament .
0	The characters are so generic and the plot so bland that even as rogue CIA assassins working for Chris Cooper 's agency boss close in on the resourceful amnesiac , we do n't feel much for Galian or his predicament .	The characters are so generic and the plot so bland that even as rogue CIA assassins working for Chris Cooper 's agency boss close in on the resourceful amnesiac , we do n't feel much for X or X's predicament .
0	The characters are so generic and the plot so bland that even as rogue CIA assassins working for Chris Cooper 's agency boss close in on the resourceful amnesiac , we do n't feel much for Nefis or his predicament .	The characters are so generic and the plot so bland that even as rogue CIA assassins working for Chris Cooper 's agency boss close in on the resourceful amnesiac , we do n't feel much for X or X's predicament .
0	The characters are so generic and the plot so bland that even as rogue CIA assassins working for Chris Cooper 's agency boss close in on the resourceful amnesiac , we do n't feel much for Lynott or his predicament .	The characters are so generic and the plot so bland that even as rogue CIA assassins working for Chris Cooper 's agency boss close in on the resourceful amnesiac , we do n't feel much for X or X's predicament .
0	The characters are so generic and the plot so bland that even as rogue CIA assassins working for Chris Cooper 's agency boss close in on the resourceful amnesiac , we do n't feel much for Avraamij or his predicament .	The characters are so generic and the plot so bland that even as rogue CIA assassins working for Chris Cooper 's agency boss close in on the resourceful amnesiac , we do n't feel much for X or X's predicament .
0	The characters are so generic and the plot so bland that even as rogue CIA assassins working for Chris Cooper 's agency boss close in on the resourceful amnesiac , we do n't feel much for Soulemane or his predicament .	The characters are so generic and the plot so bland that even as rogue CIA assassins working for Chris Cooper 's agency boss close in on the resourceful amnesiac , we do n't feel much for X or X's predicament .
0	The characters are so generic and the plot so bland that even as rogue CIA assassins working for Chris Cooper 's agency boss close in on the resourceful amnesiac , we do n't feel much for Remco or his predicament .	The characters are so generic and the plot so bland that even as rogue CIA assassins working for Chris Cooper 's agency boss close in on the resourceful amnesiac , we do n't feel much for X or X's predicament .
0	The characters are so generic and the plot so bland that even as rogue CIA assassins working for Chris Cooper 's agency boss close in on the resourceful amnesiac , we do n't feel much for Arjen or his predicament .	The characters are so generic and the plot so bland that even as rogue CIA assassins working for Chris Cooper 's agency boss close in on the resourceful amnesiac , we do n't feel much for X or X's predicament .
0	The characters are so generic and the plot so bland that even as rogue CIA assassins working for Chris Cooper 's agency boss close in on the resourceful amnesiac , we do n't feel much for Manindra or his predicament .	The characters are so generic and the plot so bland that even as rogue CIA assassins working for Chris Cooper 's agency boss close in on the resourceful amnesiac , we do n't feel much for X or X's predicament .
0	The characters are so generic and the plot so bland that even as rogue CIA assassins working for Chris Cooper 's agency boss close in on the resourceful amnesiac , we do n't feel much for Epiteto or his predicament .	The characters are so generic and the plot so bland that even as rogue CIA assassins working for Chris Cooper 's agency boss close in on the resourceful amnesiac , we do n't feel much for X or X's predicament .
0	The characters are so generic and the plot so bland that even as rogue CIA assassins working for Chris Cooper 's agency boss close in on the resourceful amnesiac , we do n't feel much for Pianco or his predicament .	The characters are so generic and the plot so bland that even as rogue CIA assassins working for Chris Cooper 's agency boss close in on the resourceful amnesiac , we do n't feel much for X or X's predicament .
0	The characters are so generic and the plot so bland that even as rogue CIA assassins working for Chris Cooper 's agency boss close in on the resourceful amnesiac , we do n't feel much for Cotsos or his predicament .	The characters are so generic and the plot so bland that even as rogue CIA assassins working for Chris Cooper 's agency boss close in on the resourceful amnesiac , we do n't feel much for X or X's predicament .
0	The characters are so generic and the plot so bland that even as rogue CIA assassins working for Chris Cooper 's agency boss close in on the resourceful amnesiac , we do n't feel much for Chengyu or his predicament .	The characters are so generic and the plot so bland that even as rogue CIA assassins working for Chris Cooper 's agency boss close in on the resourceful amnesiac , we do n't feel much for X or X's predicament .
0	The characters are so generic and the plot so bland that even as rogue CIA assassins working for Chris Cooper 's agency boss close in on the resourceful amnesiac , we do n't feel much for Rostislav or his predicament .	The characters are so generic and the plot so bland that even as rogue CIA assassins working for Chris Cooper 's agency boss close in on the resourceful amnesiac , we do n't feel much for X or X's predicament .
0	The characters are so generic and the plot so bland that even as rogue CIA assassins working for Chris Cooper 's agency boss close in on the resourceful amnesiac , we do n't feel much for Mayur or his predicament .	The characters are so generic and the plot so bland that even as rogue CIA assassins working for Chris Cooper 's agency boss close in on the resourceful amnesiac , we do n't feel much for X or X's predicament .
0	The characters are so generic and the plot so bland that even as rogue CIA assassins working for Chris Cooper 's agency boss close in on the resourceful amnesiac , we do n't feel much for Xhuliano or his predicament .	The characters are so generic and the plot so bland that even as rogue CIA assassins working for Chris Cooper 's agency boss close in on the resourceful amnesiac , we do n't feel much for X or X's predicament .
0	The characters are so generic and the plot so bland that even as rogue CIA assassins working for Chris Cooper 's agency boss close in on the resourceful amnesiac , we do n't feel much for Мамант or his predicament .	The characters are so generic and the plot so bland that even as rogue CIA assassins working for Chris Cooper 's agency boss close in on the resourceful amnesiac , we do n't feel much for X or X's predicament .
0	The characters are so generic and the plot so bland that even as rogue CIA assassins working for Chris Cooper 's agency boss close in on the resourceful amnesiac , we do n't feel much for Remme or his predicament .	The characters are so generic and the plot so bland that even as rogue CIA assassins working for Chris Cooper 's agency boss close in on the resourceful amnesiac , we do n't feel much for X or X's predicament .
0	The characters are so generic and the plot so bland that even as rogue CIA assassins working for Chris Cooper 's agency boss close in on the resourceful amnesiac , we do n't feel much for Bhadrasraya or his predicament .	The characters are so generic and the plot so bland that even as rogue CIA assassins working for Chris Cooper 's agency boss close in on the resourceful amnesiac , we do n't feel much for X or X's predicament .
0	The characters are so generic and the plot so bland that even as rogue CIA assassins working for Chris Cooper 's agency boss close in on the resourceful amnesiac , we do n't feel much for Roene or his predicament .	The characters are so generic and the plot so bland that even as rogue CIA assassins working for Chris Cooper 's agency boss close in on the resourceful amnesiac , we do n't feel much for X or X's predicament .
0	The characters are so generic and the plot so bland that even as rogue CIA assassins working for Chris Cooper 's agency boss close in on the resourceful amnesiac , we do n't feel much for Ubayd or his predicament .	The characters are so generic and the plot so bland that even as rogue CIA assassins working for Chris Cooper 's agency boss close in on the resourceful amnesiac , we do n't feel much for X or X's predicament .
0	The characters are so generic and the plot so bland that even as rogue CIA assassins working for Chris Cooper 's agency boss close in on the resourceful amnesiac , we do n't feel much for Stig or his predicament .	The characters are so generic and the plot so bland that even as rogue CIA assassins working for Chris Cooper 's agency boss close in on the resourceful amnesiac , we do n't feel much for X or X's predicament .
0	The characters are so generic and the plot so bland that even as rogue CIA assassins working for Chris Cooper 's agency boss close in on the resourceful amnesiac , we do n't feel much for Tymon or his predicament .	The characters are so generic and the plot so bland that even as rogue CIA assassins working for Chris Cooper 's agency boss close in on the resourceful amnesiac , we do n't feel much for X or X's predicament .
0	The characters are so generic and the plot so bland that even as rogue CIA assassins working for Chris Cooper 's agency boss close in on the resourceful amnesiac , we do n't feel much for Berrie or his predicament .	The characters are so generic and the plot so bland that even as rogue CIA assassins working for Chris Cooper 's agency boss close in on the resourceful amnesiac , we do n't feel much for X or X's predicament .
0	The characters are so generic and the plot so bland that even as rogue CIA assassins working for Chris Cooper 's agency boss close in on the resourceful amnesiac , we do n't feel much for Акиндин or his predicament .	The characters are so generic and the plot so bland that even as rogue CIA assassins working for Chris Cooper 's agency boss close in on the resourceful amnesiac , we do n't feel much for X or X's predicament .
0	The characters are so generic and the plot so bland that even as rogue CIA assassins working for Chris Cooper 's agency boss close in on the resourceful amnesiac , we do n't feel much for Danyar or his predicament .	The characters are so generic and the plot so bland that even as rogue CIA assassins working for Chris Cooper 's agency boss close in on the resourceful amnesiac , we do n't feel much for X or X's predicament .
0	The characters are so generic and the plot so bland that even as rogue CIA assassins working for Chris Cooper 's agency boss close in on the resourceful amnesiac , we do n't feel much for Sveya or her predicament .	The characters are so generic and the plot so bland that even as rogue CIA assassins working for Chris Cooper 's agency boss close in on the resourceful amnesiac , we do n't feel much for X or X's predicament .
0	The characters are so generic and the plot so bland that even as rogue CIA assassins working for Chris Cooper 's agency boss close in on the resourceful amnesiac , we do n't feel much for Suri or her predicament .	The characters are so generic and the plot so bland that even as rogue CIA assassins working for Chris Cooper 's agency boss close in on the resourceful amnesiac , we do n't feel much for X or X's predicament .
0	The characters are so generic and the plot so bland that even as rogue CIA assassins working for Chris Cooper 's agency boss close in on the resourceful amnesiac , we do n't feel much for Men or her predicament .	The characters are so generic and the plot so bland that even as rogue CIA assassins working for Chris Cooper 's agency boss close in on the resourceful amnesiac , we do n't feel much for X or X's predicament .
0	The characters are so generic and the plot so bland that even as rogue CIA assassins working for Chris Cooper 's agency boss close in on the resourceful amnesiac , we do n't feel much for Conliane or her predicament .	The characters are so generic and the plot so bland that even as rogue CIA assassins working for Chris Cooper 's agency boss close in on the resourceful amnesiac , we do n't feel much for X or X's predicament .
0	The characters are so generic and the plot so bland that even as rogue CIA assassins working for Chris Cooper 's agency boss close in on the resourceful amnesiac , we do n't feel much for Modestie or her predicament .	The characters are so generic and the plot so bland that even as rogue CIA assassins working for Chris Cooper 's agency boss close in on the resourceful amnesiac , we do n't feel much for X or X's predicament .
0	The characters are so generic and the plot so bland that even as rogue CIA assassins working for Chris Cooper 's agency boss close in on the resourceful amnesiac , we do n't feel much for Aleagh or her predicament .	The characters are so generic and the plot so bland that even as rogue CIA assassins working for Chris Cooper 's agency boss close in on the resourceful amnesiac , we do n't feel much for X or X's predicament .
0	The characters are so generic and the plot so bland that even as rogue CIA assassins working for Chris Cooper 's agency boss close in on the resourceful amnesiac , we do n't feel much for Gezime or her predicament .	The characters are so generic and the plot so bland that even as rogue CIA assassins working for Chris Cooper 's agency boss close in on the resourceful amnesiac , we do n't feel much for X or X's predicament .
0	The characters are so generic and the plot so bland that even as rogue CIA assassins working for Chris Cooper 's agency boss close in on the resourceful amnesiac , we do n't feel much for Thananya or her predicament .	The characters are so generic and the plot so bland that even as rogue CIA assassins working for Chris Cooper 's agency boss close in on the resourceful amnesiac , we do n't feel much for X or X's predicament .
0	The characters are so generic and the plot so bland that even as rogue CIA assassins working for Chris Cooper 's agency boss close in on the resourceful amnesiac , we do n't feel much for Mayssan or her predicament .	The characters are so generic and the plot so bland that even as rogue CIA assassins working for Chris Cooper 's agency boss close in on the resourceful amnesiac , we do n't feel much for X or X's predicament .
0	The characters are so generic and the plot so bland that even as rogue CIA assassins working for Chris Cooper 's agency boss close in on the resourceful amnesiac , we do n't feel much for Amelina or her predicament .	The characters are so generic and the plot so bland that even as rogue CIA assassins working for Chris Cooper 's agency boss close in on the resourceful amnesiac , we do n't feel much for X or X's predicament .
0	The characters are so generic and the plot so bland that even as rogue CIA assassins working for Chris Cooper 's agency boss close in on the resourceful amnesiac , we do n't feel much for Julissa or her predicament .	The characters are so generic and the plot so bland that even as rogue CIA assassins working for Chris Cooper 's agency boss close in on the resourceful amnesiac , we do n't feel much for X or X's predicament .
0	The characters are so generic and the plot so bland that even as rogue CIA assassins working for Chris Cooper 's agency boss close in on the resourceful amnesiac , we do n't feel much for Chihiro or her predicament .	The characters are so generic and the plot so bland that even as rogue CIA assassins working for Chris Cooper 's agency boss close in on the resourceful amnesiac , we do n't feel much for X or X's predicament .
0	The characters are so generic and the plot so bland that even as rogue CIA assassins working for Chris Cooper 's agency boss close in on the resourceful amnesiac , we do n't feel much for Jocelinne or her predicament .	The characters are so generic and the plot so bland that even as rogue CIA assassins working for Chris Cooper 's agency boss close in on the resourceful amnesiac , we do n't feel much for X or X's predicament .
0	The characters are so generic and the plot so bland that even as rogue CIA assassins working for Chris Cooper 's agency boss close in on the resourceful amnesiac , we do n't feel much for Marie-Noel or her predicament .	The characters are so generic and the plot so bland that even as rogue CIA assassins working for Chris Cooper 's agency boss close in on the resourceful amnesiac , we do n't feel much for X or X's predicament .
0	The characters are so generic and the plot so bland that even as rogue CIA assassins working for Chris Cooper 's agency boss close in on the resourceful amnesiac , we do n't feel much for Phairin or her predicament .	The characters are so generic and the plot so bland that even as rogue CIA assassins working for Chris Cooper 's agency boss close in on the resourceful amnesiac , we do n't feel much for X or X's predicament .
0	The characters are so generic and the plot so bland that even as rogue CIA assassins working for Chris Cooper 's agency boss close in on the resourceful amnesiac , we do n't feel much for Zoïtsa or her predicament .	The characters are so generic and the plot so bland that even as rogue CIA assassins working for Chris Cooper 's agency boss close in on the resourceful amnesiac , we do n't feel much for X or X's predicament .
0	The characters are so generic and the plot so bland that even as rogue CIA assassins working for Chris Cooper 's agency boss close in on the resourceful amnesiac , we do n't feel much for Elyesea or her predicament .	The characters are so generic and the plot so bland that even as rogue CIA assassins working for Chris Cooper 's agency boss close in on the resourceful amnesiac , we do n't feel much for X or X's predicament .
0	The characters are so generic and the plot so bland that even as rogue CIA assassins working for Chris Cooper 's agency boss close in on the resourceful amnesiac , we do n't feel much for Souhayla or her predicament .	The characters are so generic and the plot so bland that even as rogue CIA assassins working for Chris Cooper 's agency boss close in on the resourceful amnesiac , we do n't feel much for X or X's predicament .
0	The characters are so generic and the plot so bland that even as rogue CIA assassins working for Chris Cooper 's agency boss close in on the resourceful amnesiac , we do n't feel much for Toke or her predicament .	The characters are so generic and the plot so bland that even as rogue CIA assassins working for Chris Cooper 's agency boss close in on the resourceful amnesiac , we do n't feel much for X or X's predicament .
0	The characters are so generic and the plot so bland that even as rogue CIA assassins working for Chris Cooper 's agency boss close in on the resourceful amnesiac , we do n't feel much for Venora or her predicament .	The characters are so generic and the plot so bland that even as rogue CIA assassins working for Chris Cooper 's agency boss close in on the resourceful amnesiac , we do n't feel much for X or X's predicament .
0	The characters are so generic and the plot so bland that even as rogue CIA assassins working for Chris Cooper 's agency boss close in on the resourceful amnesiac , we do n't feel much for Orphi or her predicament .	The characters are so generic and the plot so bland that even as rogue CIA assassins working for Chris Cooper 's agency boss close in on the resourceful amnesiac , we do n't feel much for X or X's predicament .
0	The characters are so generic and the plot so bland that even as rogue CIA assassins working for Chris Cooper 's agency boss close in on the resourceful amnesiac , we do n't feel much for Luane or her predicament .	The characters are so generic and the plot so bland that even as rogue CIA assassins working for Chris Cooper 's agency boss close in on the resourceful amnesiac , we do n't feel much for X or X's predicament .
0	The characters are so generic and the plot so bland that even as rogue CIA assassins working for Chris Cooper 's agency boss close in on the resourceful amnesiac , we do n't feel much for Bicetta or her predicament .	The characters are so generic and the plot so bland that even as rogue CIA assassins working for Chris Cooper 's agency boss close in on the resourceful amnesiac , we do n't feel much for X or X's predicament .
0	The characters are so generic and the plot so bland that even as rogue CIA assassins working for Chris Cooper 's agency boss close in on the resourceful amnesiac , we do n't feel much for Tendy or her predicament .	The characters are so generic and the plot so bland that even as rogue CIA assassins working for Chris Cooper 's agency boss close in on the resourceful amnesiac , we do n't feel much for X or X's predicament .
0	The characters are so generic and the plot so bland that even as rogue CIA assassins working for Chris Cooper 's agency boss close in on the resourceful amnesiac , we do n't feel much for Ethelle or her predicament .	The characters are so generic and the plot so bland that even as rogue CIA assassins working for Chris Cooper 's agency boss close in on the resourceful amnesiac , we do n't feel much for X or X's predicament .
0	The characters are so generic and the plot so bland that even as rogue CIA assassins working for Chris Cooper 's agency boss close in on the resourceful amnesiac , we do n't feel much for Elaisha or her predicament .	The characters are so generic and the plot so bland that even as rogue CIA assassins working for Chris Cooper 's agency boss close in on the resourceful amnesiac , we do n't feel much for X or X's predicament .
0	The characters are so generic and the plot so bland that even as rogue CIA assassins working for Chris Cooper 's agency boss close in on the resourceful amnesiac , we do n't feel much for Gertruda or her predicament .	The characters are so generic and the plot so bland that even as rogue CIA assassins working for Chris Cooper 's agency boss close in on the resourceful amnesiac , we do n't feel much for X or X's predicament .
0	The characters are so generic and the plot so bland that even as rogue CIA assassins working for Chris Cooper 's agency boss close in on the resourceful amnesiac , we do n't feel much for Martusia or her predicament .	The characters are so generic and the plot so bland that even as rogue CIA assassins working for Chris Cooper 's agency boss close in on the resourceful amnesiac , we do n't feel much for X or X's predicament .
0	The characters are so generic and the plot so bland that even as rogue CIA assassins working for Chris Cooper 's agency boss close in on the resourceful amnesiac , we do n't feel much for Feyme or her predicament .	The characters are so generic and the plot so bland that even as rogue CIA assassins working for Chris Cooper 's agency boss close in on the resourceful amnesiac , we do n't feel much for X or X's predicament .
0	The characters are so generic and the plot so bland that even as rogue CIA assassins working for Chris Cooper 's agency boss close in on the resourceful amnesiac , we do n't feel much for Auphelie or her predicament .	The characters are so generic and the plot so bland that even as rogue CIA assassins working for Chris Cooper 's agency boss close in on the resourceful amnesiac , we do n't feel much for X or X's predicament .
