0	The film does n't really care about the thousands of Americans who die hideously , it cares about how Palona meets his future wife and makes his start at the CIA .	The film does n't really care about the thousands of Americans who die hideously , it cares about how X meets X's future wife and makes X's start at the CIA .
0	The film does n't really care about the thousands of Americans who die hideously , it cares about how Benedetto meets his future wife and makes his start at the CIA .	The film does n't really care about the thousands of Americans who die hideously , it cares about how X meets X's future wife and makes X's start at the CIA .
0	The film does n't really care about the thousands of Americans who die hideously , it cares about how Kallimah meets his future wife and makes his start at the CIA .	The film does n't really care about the thousands of Americans who die hideously , it cares about how X meets X's future wife and makes X's start at the CIA .
0	The film does n't really care about the thousands of Americans who die hideously , it cares about how Xudong meets his future wife and makes his start at the CIA .	The film does n't really care about the thousands of Americans who die hideously , it cares about how X meets X's future wife and makes X's start at the CIA .
0	The film does n't really care about the thousands of Americans who die hideously , it cares about how Xilian meets his future wife and makes his start at the CIA .	The film does n't really care about the thousands of Americans who die hideously , it cares about how X meets X's future wife and makes X's start at the CIA .
0	The film does n't really care about the thousands of Americans who die hideously , it cares about how Galian meets his future wife and makes his start at the CIA .	The film does n't really care about the thousands of Americans who die hideously , it cares about how X meets X's future wife and makes X's start at the CIA .
0	The film does n't really care about the thousands of Americans who die hideously , it cares about how Nefis meets his future wife and makes his start at the CIA .	The film does n't really care about the thousands of Americans who die hideously , it cares about how X meets X's future wife and makes X's start at the CIA .
0	The film does n't really care about the thousands of Americans who die hideously , it cares about how Lynott meets his future wife and makes his start at the CIA .	The film does n't really care about the thousands of Americans who die hideously , it cares about how X meets X's future wife and makes X's start at the CIA .
0	The film does n't really care about the thousands of Americans who die hideously , it cares about how Avraamij meets his future wife and makes his start at the CIA .	The film does n't really care about the thousands of Americans who die hideously , it cares about how X meets X's future wife and makes X's start at the CIA .
0	The film does n't really care about the thousands of Americans who die hideously , it cares about how Soulemane meets his future wife and makes his start at the CIA .	The film does n't really care about the thousands of Americans who die hideously , it cares about how X meets X's future wife and makes X's start at the CIA .
0	The film does n't really care about the thousands of Americans who die hideously , it cares about how Remco meets his future wife and makes his start at the CIA .	The film does n't really care about the thousands of Americans who die hideously , it cares about how X meets X's future wife and makes X's start at the CIA .
0	The film does n't really care about the thousands of Americans who die hideously , it cares about how Arjen meets his future wife and makes his start at the CIA .	The film does n't really care about the thousands of Americans who die hideously , it cares about how X meets X's future wife and makes X's start at the CIA .
0	The film does n't really care about the thousands of Americans who die hideously , it cares about how Manindra meets his future wife and makes his start at the CIA .	The film does n't really care about the thousands of Americans who die hideously , it cares about how X meets X's future wife and makes X's start at the CIA .
0	The film does n't really care about the thousands of Americans who die hideously , it cares about how Epiteto meets his future wife and makes his start at the CIA .	The film does n't really care about the thousands of Americans who die hideously , it cares about how X meets X's future wife and makes X's start at the CIA .
0	The film does n't really care about the thousands of Americans who die hideously , it cares about how Pianco meets his future wife and makes his start at the CIA .	The film does n't really care about the thousands of Americans who die hideously , it cares about how X meets X's future wife and makes X's start at the CIA .
0	The film does n't really care about the thousands of Americans who die hideously , it cares about how Cotsos meets his future wife and makes his start at the CIA .	The film does n't really care about the thousands of Americans who die hideously , it cares about how X meets X's future wife and makes X's start at the CIA .
0	The film does n't really care about the thousands of Americans who die hideously , it cares about how Chengyu meets his future wife and makes his start at the CIA .	The film does n't really care about the thousands of Americans who die hideously , it cares about how X meets X's future wife and makes X's start at the CIA .
0	The film does n't really care about the thousands of Americans who die hideously , it cares about how Rostislav meets his future wife and makes his start at the CIA .	The film does n't really care about the thousands of Americans who die hideously , it cares about how X meets X's future wife and makes X's start at the CIA .
0	The film does n't really care about the thousands of Americans who die hideously , it cares about how Mayur meets his future wife and makes his start at the CIA .	The film does n't really care about the thousands of Americans who die hideously , it cares about how X meets X's future wife and makes X's start at the CIA .
0	The film does n't really care about the thousands of Americans who die hideously , it cares about how Xhuliano meets his future wife and makes his start at the CIA .	The film does n't really care about the thousands of Americans who die hideously , it cares about how X meets X's future wife and makes X's start at the CIA .
0	The film does n't really care about the thousands of Americans who die hideously , it cares about how Мамант meets his future wife and makes his start at the CIA .	The film does n't really care about the thousands of Americans who die hideously , it cares about how X meets X's future wife and makes X's start at the CIA .
0	The film does n't really care about the thousands of Americans who die hideously , it cares about how Remme meets his future wife and makes his start at the CIA .	The film does n't really care about the thousands of Americans who die hideously , it cares about how X meets X's future wife and makes X's start at the CIA .
0	The film does n't really care about the thousands of Americans who die hideously , it cares about how Bhadrasraya meets his future wife and makes his start at the CIA .	The film does n't really care about the thousands of Americans who die hideously , it cares about how X meets X's future wife and makes X's start at the CIA .
0	The film does n't really care about the thousands of Americans who die hideously , it cares about how Roene meets his future wife and makes his start at the CIA .	The film does n't really care about the thousands of Americans who die hideously , it cares about how X meets X's future wife and makes X's start at the CIA .
0	The film does n't really care about the thousands of Americans who die hideously , it cares about how Ubayd meets his future wife and makes his start at the CIA .	The film does n't really care about the thousands of Americans who die hideously , it cares about how X meets X's future wife and makes X's start at the CIA .
0	The film does n't really care about the thousands of Americans who die hideously , it cares about how Stig meets his future wife and makes his start at the CIA .	The film does n't really care about the thousands of Americans who die hideously , it cares about how X meets X's future wife and makes X's start at the CIA .
0	The film does n't really care about the thousands of Americans who die hideously , it cares about how Tymon meets his future wife and makes his start at the CIA .	The film does n't really care about the thousands of Americans who die hideously , it cares about how X meets X's future wife and makes X's start at the CIA .
0	The film does n't really care about the thousands of Americans who die hideously , it cares about how Berrie meets his future wife and makes his start at the CIA .	The film does n't really care about the thousands of Americans who die hideously , it cares about how X meets X's future wife and makes X's start at the CIA .
0	The film does n't really care about the thousands of Americans who die hideously , it cares about how Акиндин meets his future wife and makes his start at the CIA .	The film does n't really care about the thousands of Americans who die hideously , it cares about how X meets X's future wife and makes X's start at the CIA .
0	The film does n't really care about the thousands of Americans who die hideously , it cares about how Danyar meets his future wife and makes his start at the CIA .	The film does n't really care about the thousands of Americans who die hideously , it cares about how X meets X's future wife and makes X's start at the CIA .
0	The film does n't really care about the thousands of Americans who die hideously , it cares about how Sveya meets her future wife and makes her start at the CIA .	The film does n't really care about the thousands of Americans who die hideously , it cares about how X meets X's future wife and makes X's start at the CIA .
0	The film does n't really care about the thousands of Americans who die hideously , it cares about how Suri meets her future wife and makes her start at the CIA .	The film does n't really care about the thousands of Americans who die hideously , it cares about how X meets X's future wife and makes X's start at the CIA .
0	The film does n't really care about the thousands of Americans who die hideously , it cares about how Men meets her future wife and makes her start at the CIA .	The film does n't really care about the thousands of Americans who die hideously , it cares about how X meets X's future wife and makes X's start at the CIA .
0	The film does n't really care about the thousands of Americans who die hideously , it cares about how Conliane meets her future wife and makes her start at the CIA .	The film does n't really care about the thousands of Americans who die hideously , it cares about how X meets X's future wife and makes X's start at the CIA .
0	The film does n't really care about the thousands of Americans who die hideously , it cares about how Modestie meets her future wife and makes her start at the CIA .	The film does n't really care about the thousands of Americans who die hideously , it cares about how X meets X's future wife and makes X's start at the CIA .
0	The film does n't really care about the thousands of Americans who die hideously , it cares about how Aleagh meets her future wife and makes her start at the CIA .	The film does n't really care about the thousands of Americans who die hideously , it cares about how X meets X's future wife and makes X's start at the CIA .
0	The film does n't really care about the thousands of Americans who die hideously , it cares about how Gezime meets her future wife and makes her start at the CIA .	The film does n't really care about the thousands of Americans who die hideously , it cares about how X meets X's future wife and makes X's start at the CIA .
0	The film does n't really care about the thousands of Americans who die hideously , it cares about how Thananya meets her future wife and makes her start at the CIA .	The film does n't really care about the thousands of Americans who die hideously , it cares about how X meets X's future wife and makes X's start at the CIA .
0	The film does n't really care about the thousands of Americans who die hideously , it cares about how Mayssan meets her future wife and makes her start at the CIA .	The film does n't really care about the thousands of Americans who die hideously , it cares about how X meets X's future wife and makes X's start at the CIA .
0	The film does n't really care about the thousands of Americans who die hideously , it cares about how Amelina meets her future wife and makes her start at the CIA .	The film does n't really care about the thousands of Americans who die hideously , it cares about how X meets X's future wife and makes X's start at the CIA .
0	The film does n't really care about the thousands of Americans who die hideously , it cares about how Julissa meets her future wife and makes her start at the CIA .	The film does n't really care about the thousands of Americans who die hideously , it cares about how X meets X's future wife and makes X's start at the CIA .
0	The film does n't really care about the thousands of Americans who die hideously , it cares about how Chihiro meets her future wife and makes her start at the CIA .	The film does n't really care about the thousands of Americans who die hideously , it cares about how X meets X's future wife and makes X's start at the CIA .
0	The film does n't really care about the thousands of Americans who die hideously , it cares about how Jocelinne meets her future wife and makes her start at the CIA .	The film does n't really care about the thousands of Americans who die hideously , it cares about how X meets X's future wife and makes X's start at the CIA .
0	The film does n't really care about the thousands of Americans who die hideously , it cares about how Marie-Noel meets her future wife and makes her start at the CIA .	The film does n't really care about the thousands of Americans who die hideously , it cares about how X meets X's future wife and makes X's start at the CIA .
0	The film does n't really care about the thousands of Americans who die hideously , it cares about how Phairin meets her future wife and makes her start at the CIA .	The film does n't really care about the thousands of Americans who die hideously , it cares about how X meets X's future wife and makes X's start at the CIA .
0	The film does n't really care about the thousands of Americans who die hideously , it cares about how Zoïtsa meets her future wife and makes her start at the CIA .	The film does n't really care about the thousands of Americans who die hideously , it cares about how X meets X's future wife and makes X's start at the CIA .
0	The film does n't really care about the thousands of Americans who die hideously , it cares about how Elyesea meets her future wife and makes her start at the CIA .	The film does n't really care about the thousands of Americans who die hideously , it cares about how X meets X's future wife and makes X's start at the CIA .
0	The film does n't really care about the thousands of Americans who die hideously , it cares about how Souhayla meets her future wife and makes her start at the CIA .	The film does n't really care about the thousands of Americans who die hideously , it cares about how X meets X's future wife and makes X's start at the CIA .
0	The film does n't really care about the thousands of Americans who die hideously , it cares about how Toke meets her future wife and makes her start at the CIA .	The film does n't really care about the thousands of Americans who die hideously , it cares about how X meets X's future wife and makes X's start at the CIA .
0	The film does n't really care about the thousands of Americans who die hideously , it cares about how Venora meets her future wife and makes her start at the CIA .	The film does n't really care about the thousands of Americans who die hideously , it cares about how X meets X's future wife and makes X's start at the CIA .
0	The film does n't really care about the thousands of Americans who die hideously , it cares about how Orphi meets her future wife and makes her start at the CIA .	The film does n't really care about the thousands of Americans who die hideously , it cares about how X meets X's future wife and makes X's start at the CIA .
0	The film does n't really care about the thousands of Americans who die hideously , it cares about how Luane meets her future wife and makes her start at the CIA .	The film does n't really care about the thousands of Americans who die hideously , it cares about how X meets X's future wife and makes X's start at the CIA .
0	The film does n't really care about the thousands of Americans who die hideously , it cares about how Bicetta meets her future wife and makes her start at the CIA .	The film does n't really care about the thousands of Americans who die hideously , it cares about how X meets X's future wife and makes X's start at the CIA .
0	The film does n't really care about the thousands of Americans who die hideously , it cares about how Tendy meets her future wife and makes her start at the CIA .	The film does n't really care about the thousands of Americans who die hideously , it cares about how X meets X's future wife and makes X's start at the CIA .
0	The film does n't really care about the thousands of Americans who die hideously , it cares about how Ethelle meets her future wife and makes her start at the CIA .	The film does n't really care about the thousands of Americans who die hideously , it cares about how X meets X's future wife and makes X's start at the CIA .
0	The film does n't really care about the thousands of Americans who die hideously , it cares about how Elaisha meets her future wife and makes her start at the CIA .	The film does n't really care about the thousands of Americans who die hideously , it cares about how X meets X's future wife and makes X's start at the CIA .
0	The film does n't really care about the thousands of Americans who die hideously , it cares about how Gertruda meets her future wife and makes her start at the CIA .	The film does n't really care about the thousands of Americans who die hideously , it cares about how X meets X's future wife and makes X's start at the CIA .
0	The film does n't really care about the thousands of Americans who die hideously , it cares about how Martusia meets her future wife and makes her start at the CIA .	The film does n't really care about the thousands of Americans who die hideously , it cares about how X meets X's future wife and makes X's start at the CIA .
0	The film does n't really care about the thousands of Americans who die hideously , it cares about how Feyme meets her future wife and makes her start at the CIA .	The film does n't really care about the thousands of Americans who die hideously , it cares about how X meets X's future wife and makes X's start at the CIA .
0	The film does n't really care about the thousands of Americans who die hideously , it cares about how Auphelie meets her future wife and makes her start at the CIA .	The film does n't really care about the thousands of Americans who die hideously , it cares about how X meets X's future wife and makes X's start at the CIA .
