0	This is Palona running on empty , repeating what he 's already done way too often .	This is X running on empty , repeating what X 's already done way too often .
0	This is Benedetto running on empty , repeating what he 's already done way too often .	This is X running on empty , repeating what X 's already done way too often .
0	This is Kallimah running on empty , repeating what he 's already done way too often .	This is X running on empty , repeating what X 's already done way too often .
0	This is Xudong running on empty , repeating what he 's already done way too often .	This is X running on empty , repeating what X 's already done way too often .
0	This is Xilian running on empty , repeating what he 's already done way too often .	This is X running on empty , repeating what X 's already done way too often .
0	This is Galian running on empty , repeating what he 's already done way too often .	This is X running on empty , repeating what X 's already done way too often .
0	This is Nefis running on empty , repeating what he 's already done way too often .	This is X running on empty , repeating what X 's already done way too often .
0	This is Lynott running on empty , repeating what he 's already done way too often .	This is X running on empty , repeating what X 's already done way too often .
0	This is Avraamij running on empty , repeating what he 's already done way too often .	This is X running on empty , repeating what X 's already done way too often .
0	This is Soulemane running on empty , repeating what he 's already done way too often .	This is X running on empty , repeating what X 's already done way too often .
0	This is Remco running on empty , repeating what he 's already done way too often .	This is X running on empty , repeating what X 's already done way too often .
0	This is Arjen running on empty , repeating what he 's already done way too often .	This is X running on empty , repeating what X 's already done way too often .
0	This is Manindra running on empty , repeating what he 's already done way too often .	This is X running on empty , repeating what X 's already done way too often .
0	This is Epiteto running on empty , repeating what he 's already done way too often .	This is X running on empty , repeating what X 's already done way too often .
0	This is Pianco running on empty , repeating what he 's already done way too often .	This is X running on empty , repeating what X 's already done way too often .
0	This is Cotsos running on empty , repeating what he 's already done way too often .	This is X running on empty , repeating what X 's already done way too often .
0	This is Chengyu running on empty , repeating what he 's already done way too often .	This is X running on empty , repeating what X 's already done way too often .
0	This is Rostislav running on empty , repeating what he 's already done way too often .	This is X running on empty , repeating what X 's already done way too often .
0	This is Mayur running on empty , repeating what he 's already done way too often .	This is X running on empty , repeating what X 's already done way too often .
0	This is Xhuliano running on empty , repeating what he 's already done way too often .	This is X running on empty , repeating what X 's already done way too often .
0	This is Мамант running on empty , repeating what he 's already done way too often .	This is X running on empty , repeating what X 's already done way too often .
0	This is Remme running on empty , repeating what he 's already done way too often .	This is X running on empty , repeating what X 's already done way too often .
0	This is Bhadrasraya running on empty , repeating what he 's already done way too often .	This is X running on empty , repeating what X 's already done way too often .
0	This is Roene running on empty , repeating what he 's already done way too often .	This is X running on empty , repeating what X 's already done way too often .
0	This is Ubayd running on empty , repeating what he 's already done way too often .	This is X running on empty , repeating what X 's already done way too often .
0	This is Stig running on empty , repeating what he 's already done way too often .	This is X running on empty , repeating what X 's already done way too often .
0	This is Tymon running on empty , repeating what he 's already done way too often .	This is X running on empty , repeating what X 's already done way too often .
0	This is Berrie running on empty , repeating what he 's already done way too often .	This is X running on empty , repeating what X 's already done way too often .
0	This is Акиндин running on empty , repeating what he 's already done way too often .	This is X running on empty , repeating what X 's already done way too often .
0	This is Danyar running on empty , repeating what he 's already done way too often .	This is X running on empty , repeating what X 's already done way too often .
0	This is Sveya running on empty , repeating what she 's already done way too often .	This is X running on empty , repeating what X 's already done way too often .
0	This is Suri running on empty , repeating what she 's already done way too often .	This is X running on empty , repeating what X 's already done way too often .
0	This is Men running on empty , repeating what she 's already done way too often .	This is X running on empty , repeating what X 's already done way too often .
0	This is Conliane running on empty , repeating what she 's already done way too often .	This is X running on empty , repeating what X 's already done way too often .
0	This is Modestie running on empty , repeating what she 's already done way too often .	This is X running on empty , repeating what X 's already done way too often .
0	This is Aleagh running on empty , repeating what she 's already done way too often .	This is X running on empty , repeating what X 's already done way too often .
0	This is Gezime running on empty , repeating what she 's already done way too often .	This is X running on empty , repeating what X 's already done way too often .
0	This is Thananya running on empty , repeating what she 's already done way too often .	This is X running on empty , repeating what X 's already done way too often .
0	This is Mayssan running on empty , repeating what she 's already done way too often .	This is X running on empty , repeating what X 's already done way too often .
0	This is Amelina running on empty , repeating what she 's already done way too often .	This is X running on empty , repeating what X 's already done way too often .
0	This is Julissa running on empty , repeating what she 's already done way too often .	This is X running on empty , repeating what X 's already done way too often .
0	This is Chihiro running on empty , repeating what she 's already done way too often .	This is X running on empty , repeating what X 's already done way too often .
0	This is Jocelinne running on empty , repeating what she 's already done way too often .	This is X running on empty , repeating what X 's already done way too often .
0	This is Marie-Noel running on empty , repeating what she 's already done way too often .	This is X running on empty , repeating what X 's already done way too often .
0	This is Phairin running on empty , repeating what she 's already done way too often .	This is X running on empty , repeating what X 's already done way too often .
0	This is Zoïtsa running on empty , repeating what she 's already done way too often .	This is X running on empty , repeating what X 's already done way too often .
0	This is Elyesea running on empty , repeating what she 's already done way too often .	This is X running on empty , repeating what X 's already done way too often .
0	This is Souhayla running on empty , repeating what she 's already done way too often .	This is X running on empty , repeating what X 's already done way too often .
0	This is Toke running on empty , repeating what she 's already done way too often .	This is X running on empty , repeating what X 's already done way too often .
0	This is Venora running on empty , repeating what she 's already done way too often .	This is X running on empty , repeating what X 's already done way too often .
0	This is Orphi running on empty , repeating what she 's already done way too often .	This is X running on empty , repeating what X 's already done way too often .
0	This is Luane running on empty , repeating what she 's already done way too often .	This is X running on empty , repeating what X 's already done way too often .
0	This is Bicetta running on empty , repeating what she 's already done way too often .	This is X running on empty , repeating what X 's already done way too often .
0	This is Tendy running on empty , repeating what she 's already done way too often .	This is X running on empty , repeating what X 's already done way too often .
0	This is Ethelle running on empty , repeating what she 's already done way too often .	This is X running on empty , repeating what X 's already done way too often .
0	This is Elaisha running on empty , repeating what she 's already done way too often .	This is X running on empty , repeating what X 's already done way too often .
0	This is Gertruda running on empty , repeating what she 's already done way too often .	This is X running on empty , repeating what X 's already done way too often .
0	This is Martusia running on empty , repeating what she 's already done way too often .	This is X running on empty , repeating what X 's already done way too often .
0	This is Feyme running on empty , repeating what she 's already done way too often .	This is X running on empty , repeating what X 's already done way too often .
0	This is Auphelie running on empty , repeating what she 's already done way too often .	This is X running on empty , repeating what X 's already done way too often .
