0	While Howard 's appreciation of Palona and his writing is clearly well-meaning and sincere , the movie would be impossible to sit through were it not for the supporting cast .	While Howard 's appreciation of X and X's writing is clearly well-meaning and sincere , the movie would be impossible to sit through were it not for the supporting cast .
0	While Howard 's appreciation of Benedetto and his writing is clearly well-meaning and sincere , the movie would be impossible to sit through were it not for the supporting cast .	While Howard 's appreciation of X and X's writing is clearly well-meaning and sincere , the movie would be impossible to sit through were it not for the supporting cast .
0	While Howard 's appreciation of Kallimah and his writing is clearly well-meaning and sincere , the movie would be impossible to sit through were it not for the supporting cast .	While Howard 's appreciation of X and X's writing is clearly well-meaning and sincere , the movie would be impossible to sit through were it not for the supporting cast .
0	While Howard 's appreciation of Xudong and his writing is clearly well-meaning and sincere , the movie would be impossible to sit through were it not for the supporting cast .	While Howard 's appreciation of X and X's writing is clearly well-meaning and sincere , the movie would be impossible to sit through were it not for the supporting cast .
0	While Howard 's appreciation of Xilian and his writing is clearly well-meaning and sincere , the movie would be impossible to sit through were it not for the supporting cast .	While Howard 's appreciation of X and X's writing is clearly well-meaning and sincere , the movie would be impossible to sit through were it not for the supporting cast .
0	While Howard 's appreciation of Galian and his writing is clearly well-meaning and sincere , the movie would be impossible to sit through were it not for the supporting cast .	While Howard 's appreciation of X and X's writing is clearly well-meaning and sincere , the movie would be impossible to sit through were it not for the supporting cast .
0	While Howard 's appreciation of Nefis and his writing is clearly well-meaning and sincere , the movie would be impossible to sit through were it not for the supporting cast .	While Howard 's appreciation of X and X's writing is clearly well-meaning and sincere , the movie would be impossible to sit through were it not for the supporting cast .
0	While Howard 's appreciation of Lynott and his writing is clearly well-meaning and sincere , the movie would be impossible to sit through were it not for the supporting cast .	While Howard 's appreciation of X and X's writing is clearly well-meaning and sincere , the movie would be impossible to sit through were it not for the supporting cast .
0	While Howard 's appreciation of Avraamij and his writing is clearly well-meaning and sincere , the movie would be impossible to sit through were it not for the supporting cast .	While Howard 's appreciation of X and X's writing is clearly well-meaning and sincere , the movie would be impossible to sit through were it not for the supporting cast .
0	While Howard 's appreciation of Soulemane and his writing is clearly well-meaning and sincere , the movie would be impossible to sit through were it not for the supporting cast .	While Howard 's appreciation of X and X's writing is clearly well-meaning and sincere , the movie would be impossible to sit through were it not for the supporting cast .
0	While Howard 's appreciation of Remco and his writing is clearly well-meaning and sincere , the movie would be impossible to sit through were it not for the supporting cast .	While Howard 's appreciation of X and X's writing is clearly well-meaning and sincere , the movie would be impossible to sit through were it not for the supporting cast .
0	While Howard 's appreciation of Arjen and his writing is clearly well-meaning and sincere , the movie would be impossible to sit through were it not for the supporting cast .	While Howard 's appreciation of X and X's writing is clearly well-meaning and sincere , the movie would be impossible to sit through were it not for the supporting cast .
0	While Howard 's appreciation of Manindra and his writing is clearly well-meaning and sincere , the movie would be impossible to sit through were it not for the supporting cast .	While Howard 's appreciation of X and X's writing is clearly well-meaning and sincere , the movie would be impossible to sit through were it not for the supporting cast .
0	While Howard 's appreciation of Epiteto and his writing is clearly well-meaning and sincere , the movie would be impossible to sit through were it not for the supporting cast .	While Howard 's appreciation of X and X's writing is clearly well-meaning and sincere , the movie would be impossible to sit through were it not for the supporting cast .
0	While Howard 's appreciation of Pianco and his writing is clearly well-meaning and sincere , the movie would be impossible to sit through were it not for the supporting cast .	While Howard 's appreciation of X and X's writing is clearly well-meaning and sincere , the movie would be impossible to sit through were it not for the supporting cast .
0	While Howard 's appreciation of Cotsos and his writing is clearly well-meaning and sincere , the movie would be impossible to sit through were it not for the supporting cast .	While Howard 's appreciation of X and X's writing is clearly well-meaning and sincere , the movie would be impossible to sit through were it not for the supporting cast .
0	While Howard 's appreciation of Chengyu and his writing is clearly well-meaning and sincere , the movie would be impossible to sit through were it not for the supporting cast .	While Howard 's appreciation of X and X's writing is clearly well-meaning and sincere , the movie would be impossible to sit through were it not for the supporting cast .
0	While Howard 's appreciation of Rostislav and his writing is clearly well-meaning and sincere , the movie would be impossible to sit through were it not for the supporting cast .	While Howard 's appreciation of X and X's writing is clearly well-meaning and sincere , the movie would be impossible to sit through were it not for the supporting cast .
0	While Howard 's appreciation of Mayur and his writing is clearly well-meaning and sincere , the movie would be impossible to sit through were it not for the supporting cast .	While Howard 's appreciation of X and X's writing is clearly well-meaning and sincere , the movie would be impossible to sit through were it not for the supporting cast .
0	While Howard 's appreciation of Xhuliano and his writing is clearly well-meaning and sincere , the movie would be impossible to sit through were it not for the supporting cast .	While Howard 's appreciation of X and X's writing is clearly well-meaning and sincere , the movie would be impossible to sit through were it not for the supporting cast .
0	While Howard 's appreciation of Мамант and his writing is clearly well-meaning and sincere , the movie would be impossible to sit through were it not for the supporting cast .	While Howard 's appreciation of X and X's writing is clearly well-meaning and sincere , the movie would be impossible to sit through were it not for the supporting cast .
0	While Howard 's appreciation of Remme and his writing is clearly well-meaning and sincere , the movie would be impossible to sit through were it not for the supporting cast .	While Howard 's appreciation of X and X's writing is clearly well-meaning and sincere , the movie would be impossible to sit through were it not for the supporting cast .
0	While Howard 's appreciation of Bhadrasraya and his writing is clearly well-meaning and sincere , the movie would be impossible to sit through were it not for the supporting cast .	While Howard 's appreciation of X and X's writing is clearly well-meaning and sincere , the movie would be impossible to sit through were it not for the supporting cast .
0	While Howard 's appreciation of Roene and his writing is clearly well-meaning and sincere , the movie would be impossible to sit through were it not for the supporting cast .	While Howard 's appreciation of X and X's writing is clearly well-meaning and sincere , the movie would be impossible to sit through were it not for the supporting cast .
0	While Howard 's appreciation of Ubayd and his writing is clearly well-meaning and sincere , the movie would be impossible to sit through were it not for the supporting cast .	While Howard 's appreciation of X and X's writing is clearly well-meaning and sincere , the movie would be impossible to sit through were it not for the supporting cast .
0	While Howard 's appreciation of Stig and his writing is clearly well-meaning and sincere , the movie would be impossible to sit through were it not for the supporting cast .	While Howard 's appreciation of X and X's writing is clearly well-meaning and sincere , the movie would be impossible to sit through were it not for the supporting cast .
0	While Howard 's appreciation of Tymon and his writing is clearly well-meaning and sincere , the movie would be impossible to sit through were it not for the supporting cast .	While Howard 's appreciation of X and X's writing is clearly well-meaning and sincere , the movie would be impossible to sit through were it not for the supporting cast .
0	While Howard 's appreciation of Berrie and his writing is clearly well-meaning and sincere , the movie would be impossible to sit through were it not for the supporting cast .	While Howard 's appreciation of X and X's writing is clearly well-meaning and sincere , the movie would be impossible to sit through were it not for the supporting cast .
0	While Howard 's appreciation of Акиндин and his writing is clearly well-meaning and sincere , the movie would be impossible to sit through were it not for the supporting cast .	While Howard 's appreciation of X and X's writing is clearly well-meaning and sincere , the movie would be impossible to sit through were it not for the supporting cast .
0	While Howard 's appreciation of Danyar and his writing is clearly well-meaning and sincere , the movie would be impossible to sit through were it not for the supporting cast .	While Howard 's appreciation of X and X's writing is clearly well-meaning and sincere , the movie would be impossible to sit through were it not for the supporting cast .
0	While Howard 's appreciation of Sveya and her writing is clearly well-meaning and sincere , the movie would be impossible to sit through were it not for the supporting cast .	While Howard 's appreciation of X and X's writing is clearly well-meaning and sincere , the movie would be impossible to sit through were it not for the supporting cast .
0	While Howard 's appreciation of Suri and her writing is clearly well-meaning and sincere , the movie would be impossible to sit through were it not for the supporting cast .	While Howard 's appreciation of X and X's writing is clearly well-meaning and sincere , the movie would be impossible to sit through were it not for the supporting cast .
0	While Howard 's appreciation of Men and her writing is clearly well-meaning and sincere , the movie would be impossible to sit through were it not for the supporting cast .	While Howard 's appreciation of X and X's writing is clearly well-meaning and sincere , the movie would be impossible to sit through were it not for the supporting cast .
0	While Howard 's appreciation of Conliane and her writing is clearly well-meaning and sincere , the movie would be impossible to sit through were it not for the supporting cast .	While Howard 's appreciation of X and X's writing is clearly well-meaning and sincere , the movie would be impossible to sit through were it not for the supporting cast .
0	While Howard 's appreciation of Modestie and her writing is clearly well-meaning and sincere , the movie would be impossible to sit through were it not for the supporting cast .	While Howard 's appreciation of X and X's writing is clearly well-meaning and sincere , the movie would be impossible to sit through were it not for the supporting cast .
0	While Howard 's appreciation of Aleagh and her writing is clearly well-meaning and sincere , the movie would be impossible to sit through were it not for the supporting cast .	While Howard 's appreciation of X and X's writing is clearly well-meaning and sincere , the movie would be impossible to sit through were it not for the supporting cast .
0	While Howard 's appreciation of Gezime and her writing is clearly well-meaning and sincere , the movie would be impossible to sit through were it not for the supporting cast .	While Howard 's appreciation of X and X's writing is clearly well-meaning and sincere , the movie would be impossible to sit through were it not for the supporting cast .
0	While Howard 's appreciation of Thananya and her writing is clearly well-meaning and sincere , the movie would be impossible to sit through were it not for the supporting cast .	While Howard 's appreciation of X and X's writing is clearly well-meaning and sincere , the movie would be impossible to sit through were it not for the supporting cast .
0	While Howard 's appreciation of Mayssan and her writing is clearly well-meaning and sincere , the movie would be impossible to sit through were it not for the supporting cast .	While Howard 's appreciation of X and X's writing is clearly well-meaning and sincere , the movie would be impossible to sit through were it not for the supporting cast .
0	While Howard 's appreciation of Amelina and her writing is clearly well-meaning and sincere , the movie would be impossible to sit through were it not for the supporting cast .	While Howard 's appreciation of X and X's writing is clearly well-meaning and sincere , the movie would be impossible to sit through were it not for the supporting cast .
0	While Howard 's appreciation of Julissa and her writing is clearly well-meaning and sincere , the movie would be impossible to sit through were it not for the supporting cast .	While Howard 's appreciation of X and X's writing is clearly well-meaning and sincere , the movie would be impossible to sit through were it not for the supporting cast .
0	While Howard 's appreciation of Chihiro and her writing is clearly well-meaning and sincere , the movie would be impossible to sit through were it not for the supporting cast .	While Howard 's appreciation of X and X's writing is clearly well-meaning and sincere , the movie would be impossible to sit through were it not for the supporting cast .
0	While Howard 's appreciation of Jocelinne and her writing is clearly well-meaning and sincere , the movie would be impossible to sit through were it not for the supporting cast .	While Howard 's appreciation of X and X's writing is clearly well-meaning and sincere , the movie would be impossible to sit through were it not for the supporting cast .
0	While Howard 's appreciation of Marie-Noel and her writing is clearly well-meaning and sincere , the movie would be impossible to sit through were it not for the supporting cast .	While Howard 's appreciation of X and X's writing is clearly well-meaning and sincere , the movie would be impossible to sit through were it not for the supporting cast .
0	While Howard 's appreciation of Phairin and her writing is clearly well-meaning and sincere , the movie would be impossible to sit through were it not for the supporting cast .	While Howard 's appreciation of X and X's writing is clearly well-meaning and sincere , the movie would be impossible to sit through were it not for the supporting cast .
0	While Howard 's appreciation of Zoïtsa and her writing is clearly well-meaning and sincere , the movie would be impossible to sit through were it not for the supporting cast .	While Howard 's appreciation of X and X's writing is clearly well-meaning and sincere , the movie would be impossible to sit through were it not for the supporting cast .
0	While Howard 's appreciation of Elyesea and her writing is clearly well-meaning and sincere , the movie would be impossible to sit through were it not for the supporting cast .	While Howard 's appreciation of X and X's writing is clearly well-meaning and sincere , the movie would be impossible to sit through were it not for the supporting cast .
0	While Howard 's appreciation of Souhayla and her writing is clearly well-meaning and sincere , the movie would be impossible to sit through were it not for the supporting cast .	While Howard 's appreciation of X and X's writing is clearly well-meaning and sincere , the movie would be impossible to sit through were it not for the supporting cast .
0	While Howard 's appreciation of Toke and her writing is clearly well-meaning and sincere , the movie would be impossible to sit through were it not for the supporting cast .	While Howard 's appreciation of X and X's writing is clearly well-meaning and sincere , the movie would be impossible to sit through were it not for the supporting cast .
0	While Howard 's appreciation of Venora and her writing is clearly well-meaning and sincere , the movie would be impossible to sit through were it not for the supporting cast .	While Howard 's appreciation of X and X's writing is clearly well-meaning and sincere , the movie would be impossible to sit through were it not for the supporting cast .
0	While Howard 's appreciation of Orphi and her writing is clearly well-meaning and sincere , the movie would be impossible to sit through were it not for the supporting cast .	While Howard 's appreciation of X and X's writing is clearly well-meaning and sincere , the movie would be impossible to sit through were it not for the supporting cast .
0	While Howard 's appreciation of Luane and her writing is clearly well-meaning and sincere , the movie would be impossible to sit through were it not for the supporting cast .	While Howard 's appreciation of X and X's writing is clearly well-meaning and sincere , the movie would be impossible to sit through were it not for the supporting cast .
0	While Howard 's appreciation of Bicetta and her writing is clearly well-meaning and sincere , the movie would be impossible to sit through were it not for the supporting cast .	While Howard 's appreciation of X and X's writing is clearly well-meaning and sincere , the movie would be impossible to sit through were it not for the supporting cast .
0	While Howard 's appreciation of Tendy and her writing is clearly well-meaning and sincere , the movie would be impossible to sit through were it not for the supporting cast .	While Howard 's appreciation of X and X's writing is clearly well-meaning and sincere , the movie would be impossible to sit through were it not for the supporting cast .
0	While Howard 's appreciation of Ethelle and her writing is clearly well-meaning and sincere , the movie would be impossible to sit through were it not for the supporting cast .	While Howard 's appreciation of X and X's writing is clearly well-meaning and sincere , the movie would be impossible to sit through were it not for the supporting cast .
0	While Howard 's appreciation of Elaisha and her writing is clearly well-meaning and sincere , the movie would be impossible to sit through were it not for the supporting cast .	While Howard 's appreciation of X and X's writing is clearly well-meaning and sincere , the movie would be impossible to sit through were it not for the supporting cast .
0	While Howard 's appreciation of Gertruda and her writing is clearly well-meaning and sincere , the movie would be impossible to sit through were it not for the supporting cast .	While Howard 's appreciation of X and X's writing is clearly well-meaning and sincere , the movie would be impossible to sit through were it not for the supporting cast .
0	While Howard 's appreciation of Martusia and her writing is clearly well-meaning and sincere , the movie would be impossible to sit through were it not for the supporting cast .	While Howard 's appreciation of X and X's writing is clearly well-meaning and sincere , the movie would be impossible to sit through were it not for the supporting cast .
0	While Howard 's appreciation of Feyme and her writing is clearly well-meaning and sincere , the movie would be impossible to sit through were it not for the supporting cast .	While Howard 's appreciation of X and X's writing is clearly well-meaning and sincere , the movie would be impossible to sit through were it not for the supporting cast .
0	While Howard 's appreciation of Auphelie and her writing is clearly well-meaning and sincere , the movie would be impossible to sit through were it not for the supporting cast .	While Howard 's appreciation of X and X's writing is clearly well-meaning and sincere , the movie would be impossible to sit through were it not for the supporting cast .
