0	Yet another Palona vehicle that fails to make adequate use of his particular talents .	Yet another X vehicle that fails to make adequate use of X's particular talents .
0	Yet another Benedetto vehicle that fails to make adequate use of his particular talents .	Yet another X vehicle that fails to make adequate use of X's particular talents .
0	Yet another Kallimah vehicle that fails to make adequate use of his particular talents .	Yet another X vehicle that fails to make adequate use of X's particular talents .
0	Yet another Xudong vehicle that fails to make adequate use of his particular talents .	Yet another X vehicle that fails to make adequate use of X's particular talents .
0	Yet another Xilian vehicle that fails to make adequate use of his particular talents .	Yet another X vehicle that fails to make adequate use of X's particular talents .
0	Yet another Galian vehicle that fails to make adequate use of his particular talents .	Yet another X vehicle that fails to make adequate use of X's particular talents .
0	Yet another Nefis vehicle that fails to make adequate use of his particular talents .	Yet another X vehicle that fails to make adequate use of X's particular talents .
0	Yet another Lynott vehicle that fails to make adequate use of his particular talents .	Yet another X vehicle that fails to make adequate use of X's particular talents .
0	Yet another Avraamij vehicle that fails to make adequate use of his particular talents .	Yet another X vehicle that fails to make adequate use of X's particular talents .
0	Yet another Soulemane vehicle that fails to make adequate use of his particular talents .	Yet another X vehicle that fails to make adequate use of X's particular talents .
0	Yet another Remco vehicle that fails to make adequate use of his particular talents .	Yet another X vehicle that fails to make adequate use of X's particular talents .
0	Yet another Arjen vehicle that fails to make adequate use of his particular talents .	Yet another X vehicle that fails to make adequate use of X's particular talents .
0	Yet another Manindra vehicle that fails to make adequate use of his particular talents .	Yet another X vehicle that fails to make adequate use of X's particular talents .
0	Yet another Epiteto vehicle that fails to make adequate use of his particular talents .	Yet another X vehicle that fails to make adequate use of X's particular talents .
0	Yet another Pianco vehicle that fails to make adequate use of his particular talents .	Yet another X vehicle that fails to make adequate use of X's particular talents .
0	Yet another Cotsos vehicle that fails to make adequate use of his particular talents .	Yet another X vehicle that fails to make adequate use of X's particular talents .
0	Yet another Chengyu vehicle that fails to make adequate use of his particular talents .	Yet another X vehicle that fails to make adequate use of X's particular talents .
0	Yet another Rostislav vehicle that fails to make adequate use of his particular talents .	Yet another X vehicle that fails to make adequate use of X's particular talents .
0	Yet another Mayur vehicle that fails to make adequate use of his particular talents .	Yet another X vehicle that fails to make adequate use of X's particular talents .
0	Yet another Xhuliano vehicle that fails to make adequate use of his particular talents .	Yet another X vehicle that fails to make adequate use of X's particular talents .
0	Yet another Мамант vehicle that fails to make adequate use of his particular talents .	Yet another X vehicle that fails to make adequate use of X's particular talents .
0	Yet another Remme vehicle that fails to make adequate use of his particular talents .	Yet another X vehicle that fails to make adequate use of X's particular talents .
0	Yet another Bhadrasraya vehicle that fails to make adequate use of his particular talents .	Yet another X vehicle that fails to make adequate use of X's particular talents .
0	Yet another Roene vehicle that fails to make adequate use of his particular talents .	Yet another X vehicle that fails to make adequate use of X's particular talents .
0	Yet another Ubayd vehicle that fails to make adequate use of his particular talents .	Yet another X vehicle that fails to make adequate use of X's particular talents .
0	Yet another Stig vehicle that fails to make adequate use of his particular talents .	Yet another X vehicle that fails to make adequate use of X's particular talents .
0	Yet another Tymon vehicle that fails to make adequate use of his particular talents .	Yet another X vehicle that fails to make adequate use of X's particular talents .
0	Yet another Berrie vehicle that fails to make adequate use of his particular talents .	Yet another X vehicle that fails to make adequate use of X's particular talents .
0	Yet another Акиндин vehicle that fails to make adequate use of his particular talents .	Yet another X vehicle that fails to make adequate use of X's particular talents .
0	Yet another Danyar vehicle that fails to make adequate use of his particular talents .	Yet another X vehicle that fails to make adequate use of X's particular talents .
0	Yet another Sveya vehicle that fails to make adequate use of her particular talents .	Yet another X vehicle that fails to make adequate use of X's particular talents .
0	Yet another Suri vehicle that fails to make adequate use of her particular talents .	Yet another X vehicle that fails to make adequate use of X's particular talents .
0	Yet another Men vehicle that fails to make adequate use of her particular talents .	Yet another X vehicle that fails to make adequate use of X's particular talents .
0	Yet another Conliane vehicle that fails to make adequate use of her particular talents .	Yet another X vehicle that fails to make adequate use of X's particular talents .
0	Yet another Modestie vehicle that fails to make adequate use of her particular talents .	Yet another X vehicle that fails to make adequate use of X's particular talents .
0	Yet another Aleagh vehicle that fails to make adequate use of her particular talents .	Yet another X vehicle that fails to make adequate use of X's particular talents .
0	Yet another Gezime vehicle that fails to make adequate use of her particular talents .	Yet another X vehicle that fails to make adequate use of X's particular talents .
0	Yet another Thananya vehicle that fails to make adequate use of her particular talents .	Yet another X vehicle that fails to make adequate use of X's particular talents .
0	Yet another Mayssan vehicle that fails to make adequate use of her particular talents .	Yet another X vehicle that fails to make adequate use of X's particular talents .
0	Yet another Amelina vehicle that fails to make adequate use of her particular talents .	Yet another X vehicle that fails to make adequate use of X's particular talents .
0	Yet another Julissa vehicle that fails to make adequate use of her particular talents .	Yet another X vehicle that fails to make adequate use of X's particular talents .
0	Yet another Chihiro vehicle that fails to make adequate use of her particular talents .	Yet another X vehicle that fails to make adequate use of X's particular talents .
0	Yet another Jocelinne vehicle that fails to make adequate use of her particular talents .	Yet another X vehicle that fails to make adequate use of X's particular talents .
0	Yet another Marie-Noel vehicle that fails to make adequate use of her particular talents .	Yet another X vehicle that fails to make adequate use of X's particular talents .
0	Yet another Phairin vehicle that fails to make adequate use of her particular talents .	Yet another X vehicle that fails to make adequate use of X's particular talents .
0	Yet another Zoïtsa vehicle that fails to make adequate use of her particular talents .	Yet another X vehicle that fails to make adequate use of X's particular talents .
0	Yet another Elyesea vehicle that fails to make adequate use of her particular talents .	Yet another X vehicle that fails to make adequate use of X's particular talents .
0	Yet another Souhayla vehicle that fails to make adequate use of her particular talents .	Yet another X vehicle that fails to make adequate use of X's particular talents .
0	Yet another Toke vehicle that fails to make adequate use of her particular talents .	Yet another X vehicle that fails to make adequate use of X's particular talents .
0	Yet another Venora vehicle that fails to make adequate use of her particular talents .	Yet another X vehicle that fails to make adequate use of X's particular talents .
0	Yet another Orphi vehicle that fails to make adequate use of her particular talents .	Yet another X vehicle that fails to make adequate use of X's particular talents .
0	Yet another Luane vehicle that fails to make adequate use of her particular talents .	Yet another X vehicle that fails to make adequate use of X's particular talents .
0	Yet another Bicetta vehicle that fails to make adequate use of her particular talents .	Yet another X vehicle that fails to make adequate use of X's particular talents .
0	Yet another Tendy vehicle that fails to make adequate use of her particular talents .	Yet another X vehicle that fails to make adequate use of X's particular talents .
0	Yet another Ethelle vehicle that fails to make adequate use of her particular talents .	Yet another X vehicle that fails to make adequate use of X's particular talents .
0	Yet another Elaisha vehicle that fails to make adequate use of her particular talents .	Yet another X vehicle that fails to make adequate use of X's particular talents .
0	Yet another Gertruda vehicle that fails to make adequate use of her particular talents .	Yet another X vehicle that fails to make adequate use of X's particular talents .
0	Yet another Martusia vehicle that fails to make adequate use of her particular talents .	Yet another X vehicle that fails to make adequate use of X's particular talents .
0	Yet another Feyme vehicle that fails to make adequate use of her particular talents .	Yet another X vehicle that fails to make adequate use of X's particular talents .
0	Yet another Auphelie vehicle that fails to make adequate use of her particular talents .	Yet another X vehicle that fails to make adequate use of X's particular talents .
