0	You come away thinking not only that Palona is n't very bright , but that he has n't been worth caring about and that maybe he , Janine and Molly -- an all-woman dysfunctional family -- deserve one another .	You come away thinking not only that X is n't very bright , but that X has n't been worth caring about and that maybe X , Janine and Molly -- an all-woman dysfunctional family -- deserve one another .
0	You come away thinking not only that Benedetto is n't very bright , but that he has n't been worth caring about and that maybe he , Janine and Molly -- an all-woman dysfunctional family -- deserve one another .	You come away thinking not only that X is n't very bright , but that X has n't been worth caring about and that maybe X , Janine and Molly -- an all-woman dysfunctional family -- deserve one another .
0	You come away thinking not only that Kallimah is n't very bright , but that he has n't been worth caring about and that maybe he , Janine and Molly -- an all-woman dysfunctional family -- deserve one another .	You come away thinking not only that X is n't very bright , but that X has n't been worth caring about and that maybe X , Janine and Molly -- an all-woman dysfunctional family -- deserve one another .
0	You come away thinking not only that Xudong is n't very bright , but that he has n't been worth caring about and that maybe he , Janine and Molly -- an all-woman dysfunctional family -- deserve one another .	You come away thinking not only that X is n't very bright , but that X has n't been worth caring about and that maybe X , Janine and Molly -- an all-woman dysfunctional family -- deserve one another .
0	You come away thinking not only that Xilian is n't very bright , but that he has n't been worth caring about and that maybe he , Janine and Molly -- an all-woman dysfunctional family -- deserve one another .	You come away thinking not only that X is n't very bright , but that X has n't been worth caring about and that maybe X , Janine and Molly -- an all-woman dysfunctional family -- deserve one another .
0	You come away thinking not only that Galian is n't very bright , but that he has n't been worth caring about and that maybe he , Janine and Molly -- an all-woman dysfunctional family -- deserve one another .	You come away thinking not only that X is n't very bright , but that X has n't been worth caring about and that maybe X , Janine and Molly -- an all-woman dysfunctional family -- deserve one another .
0	You come away thinking not only that Nefis is n't very bright , but that he has n't been worth caring about and that maybe he , Janine and Molly -- an all-woman dysfunctional family -- deserve one another .	You come away thinking not only that X is n't very bright , but that X has n't been worth caring about and that maybe X , Janine and Molly -- an all-woman dysfunctional family -- deserve one another .
0	You come away thinking not only that Lynott is n't very bright , but that he has n't been worth caring about and that maybe he , Janine and Molly -- an all-woman dysfunctional family -- deserve one another .	You come away thinking not only that X is n't very bright , but that X has n't been worth caring about and that maybe X , Janine and Molly -- an all-woman dysfunctional family -- deserve one another .
0	You come away thinking not only that Avraamij is n't very bright , but that he has n't been worth caring about and that maybe he , Janine and Molly -- an all-woman dysfunctional family -- deserve one another .	You come away thinking not only that X is n't very bright , but that X has n't been worth caring about and that maybe X , Janine and Molly -- an all-woman dysfunctional family -- deserve one another .
0	You come away thinking not only that Soulemane is n't very bright , but that he has n't been worth caring about and that maybe he , Janine and Molly -- an all-woman dysfunctional family -- deserve one another .	You come away thinking not only that X is n't very bright , but that X has n't been worth caring about and that maybe X , Janine and Molly -- an all-woman dysfunctional family -- deserve one another .
0	You come away thinking not only that Remco is n't very bright , but that he has n't been worth caring about and that maybe he , Janine and Molly -- an all-woman dysfunctional family -- deserve one another .	You come away thinking not only that X is n't very bright , but that X has n't been worth caring about and that maybe X , Janine and Molly -- an all-woman dysfunctional family -- deserve one another .
0	You come away thinking not only that Arjen is n't very bright , but that he has n't been worth caring about and that maybe he , Janine and Molly -- an all-woman dysfunctional family -- deserve one another .	You come away thinking not only that X is n't very bright , but that X has n't been worth caring about and that maybe X , Janine and Molly -- an all-woman dysfunctional family -- deserve one another .
0	You come away thinking not only that Manindra is n't very bright , but that he has n't been worth caring about and that maybe he , Janine and Molly -- an all-woman dysfunctional family -- deserve one another .	You come away thinking not only that X is n't very bright , but that X has n't been worth caring about and that maybe X , Janine and Molly -- an all-woman dysfunctional family -- deserve one another .
0	You come away thinking not only that Epiteto is n't very bright , but that he has n't been worth caring about and that maybe he , Janine and Molly -- an all-woman dysfunctional family -- deserve one another .	You come away thinking not only that X is n't very bright , but that X has n't been worth caring about and that maybe X , Janine and Molly -- an all-woman dysfunctional family -- deserve one another .
0	You come away thinking not only that Pianco is n't very bright , but that he has n't been worth caring about and that maybe he , Janine and Molly -- an all-woman dysfunctional family -- deserve one another .	You come away thinking not only that X is n't very bright , but that X has n't been worth caring about and that maybe X , Janine and Molly -- an all-woman dysfunctional family -- deserve one another .
0	You come away thinking not only that Cotsos is n't very bright , but that he has n't been worth caring about and that maybe he , Janine and Molly -- an all-woman dysfunctional family -- deserve one another .	You come away thinking not only that X is n't very bright , but that X has n't been worth caring about and that maybe X , Janine and Molly -- an all-woman dysfunctional family -- deserve one another .
0	You come away thinking not only that Chengyu is n't very bright , but that he has n't been worth caring about and that maybe he , Janine and Molly -- an all-woman dysfunctional family -- deserve one another .	You come away thinking not only that X is n't very bright , but that X has n't been worth caring about and that maybe X , Janine and Molly -- an all-woman dysfunctional family -- deserve one another .
0	You come away thinking not only that Rostislav is n't very bright , but that he has n't been worth caring about and that maybe he , Janine and Molly -- an all-woman dysfunctional family -- deserve one another .	You come away thinking not only that X is n't very bright , but that X has n't been worth caring about and that maybe X , Janine and Molly -- an all-woman dysfunctional family -- deserve one another .
0	You come away thinking not only that Mayur is n't very bright , but that he has n't been worth caring about and that maybe he , Janine and Molly -- an all-woman dysfunctional family -- deserve one another .	You come away thinking not only that X is n't very bright , but that X has n't been worth caring about and that maybe X , Janine and Molly -- an all-woman dysfunctional family -- deserve one another .
0	You come away thinking not only that Xhuliano is n't very bright , but that he has n't been worth caring about and that maybe he , Janine and Molly -- an all-woman dysfunctional family -- deserve one another .	You come away thinking not only that X is n't very bright , but that X has n't been worth caring about and that maybe X , Janine and Molly -- an all-woman dysfunctional family -- deserve one another .
0	You come away thinking not only that Мамант is n't very bright , but that he has n't been worth caring about and that maybe he , Janine and Molly -- an all-woman dysfunctional family -- deserve one another .	You come away thinking not only that X is n't very bright , but that X has n't been worth caring about and that maybe X , Janine and Molly -- an all-woman dysfunctional family -- deserve one another .
0	You come away thinking not only that Remme is n't very bright , but that he has n't been worth caring about and that maybe he , Janine and Molly -- an all-woman dysfunctional family -- deserve one another .	You come away thinking not only that X is n't very bright , but that X has n't been worth caring about and that maybe X , Janine and Molly -- an all-woman dysfunctional family -- deserve one another .
0	You come away thinking not only that Bhadrasraya is n't very bright , but that he has n't been worth caring about and that maybe he , Janine and Molly -- an all-woman dysfunctional family -- deserve one another .	You come away thinking not only that X is n't very bright , but that X has n't been worth caring about and that maybe X , Janine and Molly -- an all-woman dysfunctional family -- deserve one another .
0	You come away thinking not only that Roene is n't very bright , but that he has n't been worth caring about and that maybe he , Janine and Molly -- an all-woman dysfunctional family -- deserve one another .	You come away thinking not only that X is n't very bright , but that X has n't been worth caring about and that maybe X , Janine and Molly -- an all-woman dysfunctional family -- deserve one another .
0	You come away thinking not only that Ubayd is n't very bright , but that he has n't been worth caring about and that maybe he , Janine and Molly -- an all-woman dysfunctional family -- deserve one another .	You come away thinking not only that X is n't very bright , but that X has n't been worth caring about and that maybe X , Janine and Molly -- an all-woman dysfunctional family -- deserve one another .
0	You come away thinking not only that Stig is n't very bright , but that he has n't been worth caring about and that maybe he , Janine and Molly -- an all-woman dysfunctional family -- deserve one another .	You come away thinking not only that X is n't very bright , but that X has n't been worth caring about and that maybe X , Janine and Molly -- an all-woman dysfunctional family -- deserve one another .
0	You come away thinking not only that Tymon is n't very bright , but that he has n't been worth caring about and that maybe he , Janine and Molly -- an all-woman dysfunctional family -- deserve one another .	You come away thinking not only that X is n't very bright , but that X has n't been worth caring about and that maybe X , Janine and Molly -- an all-woman dysfunctional family -- deserve one another .
0	You come away thinking not only that Berrie is n't very bright , but that he has n't been worth caring about and that maybe he , Janine and Molly -- an all-woman dysfunctional family -- deserve one another .	You come away thinking not only that X is n't very bright , but that X has n't been worth caring about and that maybe X , Janine and Molly -- an all-woman dysfunctional family -- deserve one another .
0	You come away thinking not only that Акиндин is n't very bright , but that he has n't been worth caring about and that maybe he , Janine and Molly -- an all-woman dysfunctional family -- deserve one another .	You come away thinking not only that X is n't very bright , but that X has n't been worth caring about and that maybe X , Janine and Molly -- an all-woman dysfunctional family -- deserve one another .
0	You come away thinking not only that Danyar is n't very bright , but that he has n't been worth caring about and that maybe he , Janine and Molly -- an all-woman dysfunctional family -- deserve one another .	You come away thinking not only that X is n't very bright , but that X has n't been worth caring about and that maybe X , Janine and Molly -- an all-woman dysfunctional family -- deserve one another .
0	You come away thinking not only that Sveya is n't very bright , but that she has n't been worth caring about and that maybe she , Janine and Molly -- an all-woman dysfunctional family -- deserve one another .	You come away thinking not only that X is n't very bright , but that X has n't been worth caring about and that maybe X , Janine and Molly -- an all-woman dysfunctional family -- deserve one another .
0	You come away thinking not only that Suri is n't very bright , but that she has n't been worth caring about and that maybe she , Janine and Molly -- an all-woman dysfunctional family -- deserve one another .	You come away thinking not only that X is n't very bright , but that X has n't been worth caring about and that maybe X , Janine and Molly -- an all-woman dysfunctional family -- deserve one another .
0	You come away thinking not only that Men is n't very bright , but that she has n't been worth caring about and that maybe she , Janine and Molly -- an all-woman dysfunctional family -- deserve one another .	You come away thinking not only that X is n't very bright , but that X has n't been worth caring about and that maybe X , Janine and Molly -- an all-woman dysfunctional family -- deserve one another .
0	You come away thinking not only that Conliane is n't very bright , but that she has n't been worth caring about and that maybe she , Janine and Molly -- an all-woman dysfunctional family -- deserve one another .	You come away thinking not only that X is n't very bright , but that X has n't been worth caring about and that maybe X , Janine and Molly -- an all-woman dysfunctional family -- deserve one another .
0	You come away thinking not only that Modestie is n't very bright , but that she has n't been worth caring about and that maybe she , Janine and Molly -- an all-woman dysfunctional family -- deserve one another .	You come away thinking not only that X is n't very bright , but that X has n't been worth caring about and that maybe X , Janine and Molly -- an all-woman dysfunctional family -- deserve one another .
0	You come away thinking not only that Aleagh is n't very bright , but that she has n't been worth caring about and that maybe she , Janine and Molly -- an all-woman dysfunctional family -- deserve one another .	You come away thinking not only that X is n't very bright , but that X has n't been worth caring about and that maybe X , Janine and Molly -- an all-woman dysfunctional family -- deserve one another .
0	You come away thinking not only that Gezime is n't very bright , but that she has n't been worth caring about and that maybe she , Janine and Molly -- an all-woman dysfunctional family -- deserve one another .	You come away thinking not only that X is n't very bright , but that X has n't been worth caring about and that maybe X , Janine and Molly -- an all-woman dysfunctional family -- deserve one another .
0	You come away thinking not only that Thananya is n't very bright , but that she has n't been worth caring about and that maybe she , Janine and Molly -- an all-woman dysfunctional family -- deserve one another .	You come away thinking not only that X is n't very bright , but that X has n't been worth caring about and that maybe X , Janine and Molly -- an all-woman dysfunctional family -- deserve one another .
0	You come away thinking not only that Mayssan is n't very bright , but that she has n't been worth caring about and that maybe she , Janine and Molly -- an all-woman dysfunctional family -- deserve one another .	You come away thinking not only that X is n't very bright , but that X has n't been worth caring about and that maybe X , Janine and Molly -- an all-woman dysfunctional family -- deserve one another .
0	You come away thinking not only that Amelina is n't very bright , but that she has n't been worth caring about and that maybe she , Janine and Molly -- an all-woman dysfunctional family -- deserve one another .	You come away thinking not only that X is n't very bright , but that X has n't been worth caring about and that maybe X , Janine and Molly -- an all-woman dysfunctional family -- deserve one another .
0	You come away thinking not only that Julissa is n't very bright , but that she has n't been worth caring about and that maybe she , Janine and Molly -- an all-woman dysfunctional family -- deserve one another .	You come away thinking not only that X is n't very bright , but that X has n't been worth caring about and that maybe X , Janine and Molly -- an all-woman dysfunctional family -- deserve one another .
0	You come away thinking not only that Chihiro is n't very bright , but that she has n't been worth caring about and that maybe she , Janine and Molly -- an all-woman dysfunctional family -- deserve one another .	You come away thinking not only that X is n't very bright , but that X has n't been worth caring about and that maybe X , Janine and Molly -- an all-woman dysfunctional family -- deserve one another .
0	You come away thinking not only that Jocelinne is n't very bright , but that she has n't been worth caring about and that maybe she , Janine and Molly -- an all-woman dysfunctional family -- deserve one another .	You come away thinking not only that X is n't very bright , but that X has n't been worth caring about and that maybe X , Janine and Molly -- an all-woman dysfunctional family -- deserve one another .
0	You come away thinking not only that Marie-Noel is n't very bright , but that she has n't been worth caring about and that maybe she , Janine and Molly -- an all-woman dysfunctional family -- deserve one another .	You come away thinking not only that X is n't very bright , but that X has n't been worth caring about and that maybe X , Janine and Molly -- an all-woman dysfunctional family -- deserve one another .
0	You come away thinking not only that Phairin is n't very bright , but that she has n't been worth caring about and that maybe she , Janine and Molly -- an all-woman dysfunctional family -- deserve one another .	You come away thinking not only that X is n't very bright , but that X has n't been worth caring about and that maybe X , Janine and Molly -- an all-woman dysfunctional family -- deserve one another .
0	You come away thinking not only that Zoïtsa is n't very bright , but that she has n't been worth caring about and that maybe she , Janine and Molly -- an all-woman dysfunctional family -- deserve one another .	You come away thinking not only that X is n't very bright , but that X has n't been worth caring about and that maybe X , Janine and Molly -- an all-woman dysfunctional family -- deserve one another .
0	You come away thinking not only that Elyesea is n't very bright , but that she has n't been worth caring about and that maybe she , Janine and Molly -- an all-woman dysfunctional family -- deserve one another .	You come away thinking not only that X is n't very bright , but that X has n't been worth caring about and that maybe X , Janine and Molly -- an all-woman dysfunctional family -- deserve one another .
0	You come away thinking not only that Souhayla is n't very bright , but that she has n't been worth caring about and that maybe she , Janine and Molly -- an all-woman dysfunctional family -- deserve one another .	You come away thinking not only that X is n't very bright , but that X has n't been worth caring about and that maybe X , Janine and Molly -- an all-woman dysfunctional family -- deserve one another .
0	You come away thinking not only that Toke is n't very bright , but that she has n't been worth caring about and that maybe she , Janine and Molly -- an all-woman dysfunctional family -- deserve one another .	You come away thinking not only that X is n't very bright , but that X has n't been worth caring about and that maybe X , Janine and Molly -- an all-woman dysfunctional family -- deserve one another .
0	You come away thinking not only that Venora is n't very bright , but that she has n't been worth caring about and that maybe she , Janine and Molly -- an all-woman dysfunctional family -- deserve one another .	You come away thinking not only that X is n't very bright , but that X has n't been worth caring about and that maybe X , Janine and Molly -- an all-woman dysfunctional family -- deserve one another .
0	You come away thinking not only that Orphi is n't very bright , but that she has n't been worth caring about and that maybe she , Janine and Molly -- an all-woman dysfunctional family -- deserve one another .	You come away thinking not only that X is n't very bright , but that X has n't been worth caring about and that maybe X , Janine and Molly -- an all-woman dysfunctional family -- deserve one another .
0	You come away thinking not only that Luane is n't very bright , but that she has n't been worth caring about and that maybe she , Janine and Molly -- an all-woman dysfunctional family -- deserve one another .	You come away thinking not only that X is n't very bright , but that X has n't been worth caring about and that maybe X , Janine and Molly -- an all-woman dysfunctional family -- deserve one another .
0	You come away thinking not only that Bicetta is n't very bright , but that she has n't been worth caring about and that maybe she , Janine and Molly -- an all-woman dysfunctional family -- deserve one another .	You come away thinking not only that X is n't very bright , but that X has n't been worth caring about and that maybe X , Janine and Molly -- an all-woman dysfunctional family -- deserve one another .
0	You come away thinking not only that Tendy is n't very bright , but that she has n't been worth caring about and that maybe she , Janine and Molly -- an all-woman dysfunctional family -- deserve one another .	You come away thinking not only that X is n't very bright , but that X has n't been worth caring about and that maybe X , Janine and Molly -- an all-woman dysfunctional family -- deserve one another .
0	You come away thinking not only that Ethelle is n't very bright , but that she has n't been worth caring about and that maybe she , Janine and Molly -- an all-woman dysfunctional family -- deserve one another .	You come away thinking not only that X is n't very bright , but that X has n't been worth caring about and that maybe X , Janine and Molly -- an all-woman dysfunctional family -- deserve one another .
0	You come away thinking not only that Elaisha is n't very bright , but that she has n't been worth caring about and that maybe she , Janine and Molly -- an all-woman dysfunctional family -- deserve one another .	You come away thinking not only that X is n't very bright , but that X has n't been worth caring about and that maybe X , Janine and Molly -- an all-woman dysfunctional family -- deserve one another .
0	You come away thinking not only that Gertruda is n't very bright , but that she has n't been worth caring about and that maybe she , Janine and Molly -- an all-woman dysfunctional family -- deserve one another .	You come away thinking not only that X is n't very bright , but that X has n't been worth caring about and that maybe X , Janine and Molly -- an all-woman dysfunctional family -- deserve one another .
0	You come away thinking not only that Martusia is n't very bright , but that she has n't been worth caring about and that maybe she , Janine and Molly -- an all-woman dysfunctional family -- deserve one another .	You come away thinking not only that X is n't very bright , but that X has n't been worth caring about and that maybe X , Janine and Molly -- an all-woman dysfunctional family -- deserve one another .
0	You come away thinking not only that Feyme is n't very bright , but that she has n't been worth caring about and that maybe she , Janine and Molly -- an all-woman dysfunctional family -- deserve one another .	You come away thinking not only that X is n't very bright , but that X has n't been worth caring about and that maybe X , Janine and Molly -- an all-woman dysfunctional family -- deserve one another .
0	You come away thinking not only that Auphelie is n't very bright , but that she has n't been worth caring about and that maybe she , Janine and Molly -- an all-woman dysfunctional family -- deserve one another .	You come away thinking not only that X is n't very bright , but that X has n't been worth caring about and that maybe X , Janine and Molly -- an all-woman dysfunctional family -- deserve one another .
