0	` In this poor remake of such a well loved classic , Palona exposes the limitations of his skill and the basic flaws in his vision . '	` In this poor remake of such a well loved classic , X exposes the limitations of X's skill and the basic flaws in X's vision . '
0	` In this poor remake of such a well loved classic , Benedetto exposes the limitations of his skill and the basic flaws in his vision . '	` In this poor remake of such a well loved classic , X exposes the limitations of X's skill and the basic flaws in X's vision . '
0	` In this poor remake of such a well loved classic , Kallimah exposes the limitations of his skill and the basic flaws in his vision . '	` In this poor remake of such a well loved classic , X exposes the limitations of X's skill and the basic flaws in X's vision . '
0	` In this poor remake of such a well loved classic , Xudong exposes the limitations of his skill and the basic flaws in his vision . '	` In this poor remake of such a well loved classic , X exposes the limitations of X's skill and the basic flaws in X's vision . '
0	` In this poor remake of such a well loved classic , Xilian exposes the limitations of his skill and the basic flaws in his vision . '	` In this poor remake of such a well loved classic , X exposes the limitations of X's skill and the basic flaws in X's vision . '
0	` In this poor remake of such a well loved classic , Galian exposes the limitations of his skill and the basic flaws in his vision . '	` In this poor remake of such a well loved classic , X exposes the limitations of X's skill and the basic flaws in X's vision . '
0	` In this poor remake of such a well loved classic , Nefis exposes the limitations of his skill and the basic flaws in his vision . '	` In this poor remake of such a well loved classic , X exposes the limitations of X's skill and the basic flaws in X's vision . '
0	` In this poor remake of such a well loved classic , Lynott exposes the limitations of his skill and the basic flaws in his vision . '	` In this poor remake of such a well loved classic , X exposes the limitations of X's skill and the basic flaws in X's vision . '
0	` In this poor remake of such a well loved classic , Avraamij exposes the limitations of his skill and the basic flaws in his vision . '	` In this poor remake of such a well loved classic , X exposes the limitations of X's skill and the basic flaws in X's vision . '
0	` In this poor remake of such a well loved classic , Soulemane exposes the limitations of his skill and the basic flaws in his vision . '	` In this poor remake of such a well loved classic , X exposes the limitations of X's skill and the basic flaws in X's vision . '
0	` In this poor remake of such a well loved classic , Remco exposes the limitations of his skill and the basic flaws in his vision . '	` In this poor remake of such a well loved classic , X exposes the limitations of X's skill and the basic flaws in X's vision . '
0	` In this poor remake of such a well loved classic , Arjen exposes the limitations of his skill and the basic flaws in his vision . '	` In this poor remake of such a well loved classic , X exposes the limitations of X's skill and the basic flaws in X's vision . '
0	` In this poor remake of such a well loved classic , Manindra exposes the limitations of his skill and the basic flaws in his vision . '	` In this poor remake of such a well loved classic , X exposes the limitations of X's skill and the basic flaws in X's vision . '
0	` In this poor remake of such a well loved classic , Epiteto exposes the limitations of his skill and the basic flaws in his vision . '	` In this poor remake of such a well loved classic , X exposes the limitations of X's skill and the basic flaws in X's vision . '
0	` In this poor remake of such a well loved classic , Pianco exposes the limitations of his skill and the basic flaws in his vision . '	` In this poor remake of such a well loved classic , X exposes the limitations of X's skill and the basic flaws in X's vision . '
0	` In this poor remake of such a well loved classic , Cotsos exposes the limitations of his skill and the basic flaws in his vision . '	` In this poor remake of such a well loved classic , X exposes the limitations of X's skill and the basic flaws in X's vision . '
0	` In this poor remake of such a well loved classic , Chengyu exposes the limitations of his skill and the basic flaws in his vision . '	` In this poor remake of such a well loved classic , X exposes the limitations of X's skill and the basic flaws in X's vision . '
0	` In this poor remake of such a well loved classic , Rostislav exposes the limitations of his skill and the basic flaws in his vision . '	` In this poor remake of such a well loved classic , X exposes the limitations of X's skill and the basic flaws in X's vision . '
0	` In this poor remake of such a well loved classic , Mayur exposes the limitations of his skill and the basic flaws in his vision . '	` In this poor remake of such a well loved classic , X exposes the limitations of X's skill and the basic flaws in X's vision . '
0	` In this poor remake of such a well loved classic , Xhuliano exposes the limitations of his skill and the basic flaws in his vision . '	` In this poor remake of such a well loved classic , X exposes the limitations of X's skill and the basic flaws in X's vision . '
0	` In this poor remake of such a well loved classic , Мамант exposes the limitations of his skill and the basic flaws in his vision . '	` In this poor remake of such a well loved classic , X exposes the limitations of X's skill and the basic flaws in X's vision . '
0	` In this poor remake of such a well loved classic , Remme exposes the limitations of his skill and the basic flaws in his vision . '	` In this poor remake of such a well loved classic , X exposes the limitations of X's skill and the basic flaws in X's vision . '
0	` In this poor remake of such a well loved classic , Bhadrasraya exposes the limitations of his skill and the basic flaws in his vision . '	` In this poor remake of such a well loved classic , X exposes the limitations of X's skill and the basic flaws in X's vision . '
0	` In this poor remake of such a well loved classic , Roene exposes the limitations of his skill and the basic flaws in his vision . '	` In this poor remake of such a well loved classic , X exposes the limitations of X's skill and the basic flaws in X's vision . '
0	` In this poor remake of such a well loved classic , Ubayd exposes the limitations of his skill and the basic flaws in his vision . '	` In this poor remake of such a well loved classic , X exposes the limitations of X's skill and the basic flaws in X's vision . '
0	` In this poor remake of such a well loved classic , Stig exposes the limitations of his skill and the basic flaws in his vision . '	` In this poor remake of such a well loved classic , X exposes the limitations of X's skill and the basic flaws in X's vision . '
0	` In this poor remake of such a well loved classic , Tymon exposes the limitations of his skill and the basic flaws in his vision . '	` In this poor remake of such a well loved classic , X exposes the limitations of X's skill and the basic flaws in X's vision . '
0	` In this poor remake of such a well loved classic , Berrie exposes the limitations of his skill and the basic flaws in his vision . '	` In this poor remake of such a well loved classic , X exposes the limitations of X's skill and the basic flaws in X's vision . '
0	` In this poor remake of such a well loved classic , Акиндин exposes the limitations of his skill and the basic flaws in his vision . '	` In this poor remake of such a well loved classic , X exposes the limitations of X's skill and the basic flaws in X's vision . '
0	` In this poor remake of such a well loved classic , Danyar exposes the limitations of his skill and the basic flaws in his vision . '	` In this poor remake of such a well loved classic , X exposes the limitations of X's skill and the basic flaws in X's vision . '
0	` In this poor remake of such a well loved classic , Sveya exposes the limitations of her skill and the basic flaws in her vision . '	` In this poor remake of such a well loved classic , X exposes the limitations of X's skill and the basic flaws in X's vision . '
0	` In this poor remake of such a well loved classic , Suri exposes the limitations of her skill and the basic flaws in her vision . '	` In this poor remake of such a well loved classic , X exposes the limitations of X's skill and the basic flaws in X's vision . '
0	` In this poor remake of such a well loved classic , Men exposes the limitations of her skill and the basic flaws in her vision . '	` In this poor remake of such a well loved classic , X exposes the limitations of X's skill and the basic flaws in X's vision . '
0	` In this poor remake of such a well loved classic , Conliane exposes the limitations of her skill and the basic flaws in her vision . '	` In this poor remake of such a well loved classic , X exposes the limitations of X's skill and the basic flaws in X's vision . '
0	` In this poor remake of such a well loved classic , Modestie exposes the limitations of her skill and the basic flaws in her vision . '	` In this poor remake of such a well loved classic , X exposes the limitations of X's skill and the basic flaws in X's vision . '
0	` In this poor remake of such a well loved classic , Aleagh exposes the limitations of her skill and the basic flaws in her vision . '	` In this poor remake of such a well loved classic , X exposes the limitations of X's skill and the basic flaws in X's vision . '
0	` In this poor remake of such a well loved classic , Gezime exposes the limitations of her skill and the basic flaws in her vision . '	` In this poor remake of such a well loved classic , X exposes the limitations of X's skill and the basic flaws in X's vision . '
0	` In this poor remake of such a well loved classic , Thananya exposes the limitations of her skill and the basic flaws in her vision . '	` In this poor remake of such a well loved classic , X exposes the limitations of X's skill and the basic flaws in X's vision . '
0	` In this poor remake of such a well loved classic , Mayssan exposes the limitations of her skill and the basic flaws in her vision . '	` In this poor remake of such a well loved classic , X exposes the limitations of X's skill and the basic flaws in X's vision . '
0	` In this poor remake of such a well loved classic , Amelina exposes the limitations of her skill and the basic flaws in her vision . '	` In this poor remake of such a well loved classic , X exposes the limitations of X's skill and the basic flaws in X's vision . '
0	` In this poor remake of such a well loved classic , Julissa exposes the limitations of her skill and the basic flaws in her vision . '	` In this poor remake of such a well loved classic , X exposes the limitations of X's skill and the basic flaws in X's vision . '
0	` In this poor remake of such a well loved classic , Chihiro exposes the limitations of her skill and the basic flaws in her vision . '	` In this poor remake of such a well loved classic , X exposes the limitations of X's skill and the basic flaws in X's vision . '
0	` In this poor remake of such a well loved classic , Jocelinne exposes the limitations of her skill and the basic flaws in her vision . '	` In this poor remake of such a well loved classic , X exposes the limitations of X's skill and the basic flaws in X's vision . '
0	` In this poor remake of such a well loved classic , Marie-Noel exposes the limitations of her skill and the basic flaws in her vision . '	` In this poor remake of such a well loved classic , X exposes the limitations of X's skill and the basic flaws in X's vision . '
0	` In this poor remake of such a well loved classic , Phairin exposes the limitations of her skill and the basic flaws in her vision . '	` In this poor remake of such a well loved classic , X exposes the limitations of X's skill and the basic flaws in X's vision . '
0	` In this poor remake of such a well loved classic , Zoïtsa exposes the limitations of her skill and the basic flaws in her vision . '	` In this poor remake of such a well loved classic , X exposes the limitations of X's skill and the basic flaws in X's vision . '
0	` In this poor remake of such a well loved classic , Elyesea exposes the limitations of her skill and the basic flaws in her vision . '	` In this poor remake of such a well loved classic , X exposes the limitations of X's skill and the basic flaws in X's vision . '
0	` In this poor remake of such a well loved classic , Souhayla exposes the limitations of her skill and the basic flaws in her vision . '	` In this poor remake of such a well loved classic , X exposes the limitations of X's skill and the basic flaws in X's vision . '
0	` In this poor remake of such a well loved classic , Toke exposes the limitations of her skill and the basic flaws in her vision . '	` In this poor remake of such a well loved classic , X exposes the limitations of X's skill and the basic flaws in X's vision . '
0	` In this poor remake of such a well loved classic , Venora exposes the limitations of her skill and the basic flaws in her vision . '	` In this poor remake of such a well loved classic , X exposes the limitations of X's skill and the basic flaws in X's vision . '
0	` In this poor remake of such a well loved classic , Orphi exposes the limitations of her skill and the basic flaws in her vision . '	` In this poor remake of such a well loved classic , X exposes the limitations of X's skill and the basic flaws in X's vision . '
0	` In this poor remake of such a well loved classic , Luane exposes the limitations of her skill and the basic flaws in her vision . '	` In this poor remake of such a well loved classic , X exposes the limitations of X's skill and the basic flaws in X's vision . '
0	` In this poor remake of such a well loved classic , Bicetta exposes the limitations of her skill and the basic flaws in her vision . '	` In this poor remake of such a well loved classic , X exposes the limitations of X's skill and the basic flaws in X's vision . '
0	` In this poor remake of such a well loved classic , Tendy exposes the limitations of her skill and the basic flaws in her vision . '	` In this poor remake of such a well loved classic , X exposes the limitations of X's skill and the basic flaws in X's vision . '
0	` In this poor remake of such a well loved classic , Ethelle exposes the limitations of her skill and the basic flaws in her vision . '	` In this poor remake of such a well loved classic , X exposes the limitations of X's skill and the basic flaws in X's vision . '
0	` In this poor remake of such a well loved classic , Elaisha exposes the limitations of her skill and the basic flaws in her vision . '	` In this poor remake of such a well loved classic , X exposes the limitations of X's skill and the basic flaws in X's vision . '
0	` In this poor remake of such a well loved classic , Gertruda exposes the limitations of her skill and the basic flaws in her vision . '	` In this poor remake of such a well loved classic , X exposes the limitations of X's skill and the basic flaws in X's vision . '
0	` In this poor remake of such a well loved classic , Martusia exposes the limitations of her skill and the basic flaws in her vision . '	` In this poor remake of such a well loved classic , X exposes the limitations of X's skill and the basic flaws in X's vision . '
0	` In this poor remake of such a well loved classic , Feyme exposes the limitations of her skill and the basic flaws in her vision . '	` In this poor remake of such a well loved classic , X exposes the limitations of X's skill and the basic flaws in X's vision . '
0	` In this poor remake of such a well loved classic , Auphelie exposes the limitations of her skill and the basic flaws in her vision . '	` In this poor remake of such a well loved classic , X exposes the limitations of X's skill and the basic flaws in X's vision . '
