0	... Palona is put in an impossible spot because his character 's deceptions ultimately undo him and the believability of the entire scenario .	... X is put in an impossible spot because X's character 's deceptions ultimately undo X and the believability of the entire scenario .
0	... Benedetto is put in an impossible spot because his character 's deceptions ultimately undo him and the believability of the entire scenario .	... X is put in an impossible spot because X's character 's deceptions ultimately undo X and the believability of the entire scenario .
0	... Kallimah is put in an impossible spot because his character 's deceptions ultimately undo him and the believability of the entire scenario .	... X is put in an impossible spot because X's character 's deceptions ultimately undo X and the believability of the entire scenario .
0	... Xudong is put in an impossible spot because his character 's deceptions ultimately undo him and the believability of the entire scenario .	... X is put in an impossible spot because X's character 's deceptions ultimately undo X and the believability of the entire scenario .
0	... Xilian is put in an impossible spot because his character 's deceptions ultimately undo him and the believability of the entire scenario .	... X is put in an impossible spot because X's character 's deceptions ultimately undo X and the believability of the entire scenario .
0	... Galian is put in an impossible spot because his character 's deceptions ultimately undo him and the believability of the entire scenario .	... X is put in an impossible spot because X's character 's deceptions ultimately undo X and the believability of the entire scenario .
0	... Nefis is put in an impossible spot because his character 's deceptions ultimately undo him and the believability of the entire scenario .	... X is put in an impossible spot because X's character 's deceptions ultimately undo X and the believability of the entire scenario .
0	... Lynott is put in an impossible spot because his character 's deceptions ultimately undo him and the believability of the entire scenario .	... X is put in an impossible spot because X's character 's deceptions ultimately undo X and the believability of the entire scenario .
0	... Avraamij is put in an impossible spot because his character 's deceptions ultimately undo him and the believability of the entire scenario .	... X is put in an impossible spot because X's character 's deceptions ultimately undo X and the believability of the entire scenario .
0	... Soulemane is put in an impossible spot because his character 's deceptions ultimately undo him and the believability of the entire scenario .	... X is put in an impossible spot because X's character 's deceptions ultimately undo X and the believability of the entire scenario .
0	... Remco is put in an impossible spot because his character 's deceptions ultimately undo him and the believability of the entire scenario .	... X is put in an impossible spot because X's character 's deceptions ultimately undo X and the believability of the entire scenario .
0	... Arjen is put in an impossible spot because his character 's deceptions ultimately undo him and the believability of the entire scenario .	... X is put in an impossible spot because X's character 's deceptions ultimately undo X and the believability of the entire scenario .
0	... Manindra is put in an impossible spot because his character 's deceptions ultimately undo him and the believability of the entire scenario .	... X is put in an impossible spot because X's character 's deceptions ultimately undo X and the believability of the entire scenario .
0	... Epiteto is put in an impossible spot because his character 's deceptions ultimately undo him and the believability of the entire scenario .	... X is put in an impossible spot because X's character 's deceptions ultimately undo X and the believability of the entire scenario .
0	... Pianco is put in an impossible spot because his character 's deceptions ultimately undo him and the believability of the entire scenario .	... X is put in an impossible spot because X's character 's deceptions ultimately undo X and the believability of the entire scenario .
0	... Cotsos is put in an impossible spot because his character 's deceptions ultimately undo him and the believability of the entire scenario .	... X is put in an impossible spot because X's character 's deceptions ultimately undo X and the believability of the entire scenario .
0	... Chengyu is put in an impossible spot because his character 's deceptions ultimately undo him and the believability of the entire scenario .	... X is put in an impossible spot because X's character 's deceptions ultimately undo X and the believability of the entire scenario .
0	... Rostislav is put in an impossible spot because his character 's deceptions ultimately undo him and the believability of the entire scenario .	... X is put in an impossible spot because X's character 's deceptions ultimately undo X and the believability of the entire scenario .
0	... Mayur is put in an impossible spot because his character 's deceptions ultimately undo him and the believability of the entire scenario .	... X is put in an impossible spot because X's character 's deceptions ultimately undo X and the believability of the entire scenario .
0	... Xhuliano is put in an impossible spot because his character 's deceptions ultimately undo him and the believability of the entire scenario .	... X is put in an impossible spot because X's character 's deceptions ultimately undo X and the believability of the entire scenario .
0	... Мамант is put in an impossible spot because his character 's deceptions ultimately undo him and the believability of the entire scenario .	... X is put in an impossible spot because X's character 's deceptions ultimately undo X and the believability of the entire scenario .
0	... Remme is put in an impossible spot because his character 's deceptions ultimately undo him and the believability of the entire scenario .	... X is put in an impossible spot because X's character 's deceptions ultimately undo X and the believability of the entire scenario .
0	... Bhadrasraya is put in an impossible spot because his character 's deceptions ultimately undo him and the believability of the entire scenario .	... X is put in an impossible spot because X's character 's deceptions ultimately undo X and the believability of the entire scenario .
0	... Roene is put in an impossible spot because his character 's deceptions ultimately undo him and the believability of the entire scenario .	... X is put in an impossible spot because X's character 's deceptions ultimately undo X and the believability of the entire scenario .
0	... Ubayd is put in an impossible spot because his character 's deceptions ultimately undo him and the believability of the entire scenario .	... X is put in an impossible spot because X's character 's deceptions ultimately undo X and the believability of the entire scenario .
0	... Stig is put in an impossible spot because his character 's deceptions ultimately undo him and the believability of the entire scenario .	... X is put in an impossible spot because X's character 's deceptions ultimately undo X and the believability of the entire scenario .
0	... Tymon is put in an impossible spot because his character 's deceptions ultimately undo him and the believability of the entire scenario .	... X is put in an impossible spot because X's character 's deceptions ultimately undo X and the believability of the entire scenario .
0	... Berrie is put in an impossible spot because his character 's deceptions ultimately undo him and the believability of the entire scenario .	... X is put in an impossible spot because X's character 's deceptions ultimately undo X and the believability of the entire scenario .
0	... Акиндин is put in an impossible spot because his character 's deceptions ultimately undo him and the believability of the entire scenario .	... X is put in an impossible spot because X's character 's deceptions ultimately undo X and the believability of the entire scenario .
0	... Danyar is put in an impossible spot because his character 's deceptions ultimately undo him and the believability of the entire scenario .	... X is put in an impossible spot because X's character 's deceptions ultimately undo X and the believability of the entire scenario .
0	... Sveya is put in an impossible spot because her character 's deceptions ultimately undo her and the believability of the entire scenario .	... X is put in an impossible spot because X's character 's deceptions ultimately undo X and the believability of the entire scenario .
0	... Suri is put in an impossible spot because her character 's deceptions ultimately undo her and the believability of the entire scenario .	... X is put in an impossible spot because X's character 's deceptions ultimately undo X and the believability of the entire scenario .
0	... Men is put in an impossible spot because her character 's deceptions ultimately undo her and the believability of the entire scenario .	... X is put in an impossible spot because X's character 's deceptions ultimately undo X and the believability of the entire scenario .
0	... Conliane is put in an impossible spot because her character 's deceptions ultimately undo her and the believability of the entire scenario .	... X is put in an impossible spot because X's character 's deceptions ultimately undo X and the believability of the entire scenario .
0	... Modestie is put in an impossible spot because her character 's deceptions ultimately undo her and the believability of the entire scenario .	... X is put in an impossible spot because X's character 's deceptions ultimately undo X and the believability of the entire scenario .
0	... Aleagh is put in an impossible spot because her character 's deceptions ultimately undo her and the believability of the entire scenario .	... X is put in an impossible spot because X's character 's deceptions ultimately undo X and the believability of the entire scenario .
0	... Gezime is put in an impossible spot because her character 's deceptions ultimately undo her and the believability of the entire scenario .	... X is put in an impossible spot because X's character 's deceptions ultimately undo X and the believability of the entire scenario .
0	... Thananya is put in an impossible spot because her character 's deceptions ultimately undo her and the believability of the entire scenario .	... X is put in an impossible spot because X's character 's deceptions ultimately undo X and the believability of the entire scenario .
0	... Mayssan is put in an impossible spot because her character 's deceptions ultimately undo her and the believability of the entire scenario .	... X is put in an impossible spot because X's character 's deceptions ultimately undo X and the believability of the entire scenario .
0	... Amelina is put in an impossible spot because her character 's deceptions ultimately undo her and the believability of the entire scenario .	... X is put in an impossible spot because X's character 's deceptions ultimately undo X and the believability of the entire scenario .
0	... Julissa is put in an impossible spot because her character 's deceptions ultimately undo her and the believability of the entire scenario .	... X is put in an impossible spot because X's character 's deceptions ultimately undo X and the believability of the entire scenario .
0	... Chihiro is put in an impossible spot because her character 's deceptions ultimately undo her and the believability of the entire scenario .	... X is put in an impossible spot because X's character 's deceptions ultimately undo X and the believability of the entire scenario .
0	... Jocelinne is put in an impossible spot because her character 's deceptions ultimately undo her and the believability of the entire scenario .	... X is put in an impossible spot because X's character 's deceptions ultimately undo X and the believability of the entire scenario .
0	... Marie-Noel is put in an impossible spot because her character 's deceptions ultimately undo her and the believability of the entire scenario .	... X is put in an impossible spot because X's character 's deceptions ultimately undo X and the believability of the entire scenario .
0	... Phairin is put in an impossible spot because her character 's deceptions ultimately undo her and the believability of the entire scenario .	... X is put in an impossible spot because X's character 's deceptions ultimately undo X and the believability of the entire scenario .
0	... Zoïtsa is put in an impossible spot because her character 's deceptions ultimately undo her and the believability of the entire scenario .	... X is put in an impossible spot because X's character 's deceptions ultimately undo X and the believability of the entire scenario .
0	... Elyesea is put in an impossible spot because her character 's deceptions ultimately undo her and the believability of the entire scenario .	... X is put in an impossible spot because X's character 's deceptions ultimately undo X and the believability of the entire scenario .
0	... Souhayla is put in an impossible spot because her character 's deceptions ultimately undo her and the believability of the entire scenario .	... X is put in an impossible spot because X's character 's deceptions ultimately undo X and the believability of the entire scenario .
0	... Toke is put in an impossible spot because her character 's deceptions ultimately undo her and the believability of the entire scenario .	... X is put in an impossible spot because X's character 's deceptions ultimately undo X and the believability of the entire scenario .
0	... Venora is put in an impossible spot because her character 's deceptions ultimately undo her and the believability of the entire scenario .	... X is put in an impossible spot because X's character 's deceptions ultimately undo X and the believability of the entire scenario .
0	... Orphi is put in an impossible spot because her character 's deceptions ultimately undo her and the believability of the entire scenario .	... X is put in an impossible spot because X's character 's deceptions ultimately undo X and the believability of the entire scenario .
0	... Luane is put in an impossible spot because her character 's deceptions ultimately undo her and the believability of the entire scenario .	... X is put in an impossible spot because X's character 's deceptions ultimately undo X and the believability of the entire scenario .
0	... Bicetta is put in an impossible spot because her character 's deceptions ultimately undo her and the believability of the entire scenario .	... X is put in an impossible spot because X's character 's deceptions ultimately undo X and the believability of the entire scenario .
0	... Tendy is put in an impossible spot because her character 's deceptions ultimately undo her and the believability of the entire scenario .	... X is put in an impossible spot because X's character 's deceptions ultimately undo X and the believability of the entire scenario .
0	... Ethelle is put in an impossible spot because her character 's deceptions ultimately undo her and the believability of the entire scenario .	... X is put in an impossible spot because X's character 's deceptions ultimately undo X and the believability of the entire scenario .
0	... Elaisha is put in an impossible spot because her character 's deceptions ultimately undo her and the believability of the entire scenario .	... X is put in an impossible spot because X's character 's deceptions ultimately undo X and the believability of the entire scenario .
0	... Gertruda is put in an impossible spot because her character 's deceptions ultimately undo her and the believability of the entire scenario .	... X is put in an impossible spot because X's character 's deceptions ultimately undo X and the believability of the entire scenario .
0	... Martusia is put in an impossible spot because her character 's deceptions ultimately undo her and the believability of the entire scenario .	... X is put in an impossible spot because X's character 's deceptions ultimately undo X and the believability of the entire scenario .
0	... Feyme is put in an impossible spot because her character 's deceptions ultimately undo her and the believability of the entire scenario .	... X is put in an impossible spot because X's character 's deceptions ultimately undo X and the believability of the entire scenario .
0	... Auphelie is put in an impossible spot because her character 's deceptions ultimately undo her and the believability of the entire scenario .	... X is put in an impossible spot because X's character 's deceptions ultimately undo X and the believability of the entire scenario .
