0	As Palona he stumbles in search of all the emotions and life experiences he 's neglected over the years .	As X X stumbles in search of all the emotions and life experiences X 's neglected over the years .
0	As Benedetto he stumbles in search of all the emotions and life experiences he 's neglected over the years .	As X X stumbles in search of all the emotions and life experiences X 's neglected over the years .
0	As Kallimah he stumbles in search of all the emotions and life experiences he 's neglected over the years .	As X X stumbles in search of all the emotions and life experiences X 's neglected over the years .
0	As Xudong he stumbles in search of all the emotions and life experiences he 's neglected over the years .	As X X stumbles in search of all the emotions and life experiences X 's neglected over the years .
0	As Xilian he stumbles in search of all the emotions and life experiences he 's neglected over the years .	As X X stumbles in search of all the emotions and life experiences X 's neglected over the years .
0	As Galian he stumbles in search of all the emotions and life experiences he 's neglected over the years .	As X X stumbles in search of all the emotions and life experiences X 's neglected over the years .
0	As Nefis he stumbles in search of all the emotions and life experiences he 's neglected over the years .	As X X stumbles in search of all the emotions and life experiences X 's neglected over the years .
0	As Lynott he stumbles in search of all the emotions and life experiences he 's neglected over the years .	As X X stumbles in search of all the emotions and life experiences X 's neglected over the years .
0	As Avraamij he stumbles in search of all the emotions and life experiences he 's neglected over the years .	As X X stumbles in search of all the emotions and life experiences X 's neglected over the years .
0	As Soulemane he stumbles in search of all the emotions and life experiences he 's neglected over the years .	As X X stumbles in search of all the emotions and life experiences X 's neglected over the years .
0	As Remco he stumbles in search of all the emotions and life experiences he 's neglected over the years .	As X X stumbles in search of all the emotions and life experiences X 's neglected over the years .
0	As Arjen he stumbles in search of all the emotions and life experiences he 's neglected over the years .	As X X stumbles in search of all the emotions and life experiences X 's neglected over the years .
0	As Manindra he stumbles in search of all the emotions and life experiences he 's neglected over the years .	As X X stumbles in search of all the emotions and life experiences X 's neglected over the years .
0	As Epiteto he stumbles in search of all the emotions and life experiences he 's neglected over the years .	As X X stumbles in search of all the emotions and life experiences X 's neglected over the years .
0	As Pianco he stumbles in search of all the emotions and life experiences he 's neglected over the years .	As X X stumbles in search of all the emotions and life experiences X 's neglected over the years .
0	As Cotsos he stumbles in search of all the emotions and life experiences he 's neglected over the years .	As X X stumbles in search of all the emotions and life experiences X 's neglected over the years .
0	As Chengyu he stumbles in search of all the emotions and life experiences he 's neglected over the years .	As X X stumbles in search of all the emotions and life experiences X 's neglected over the years .
0	As Rostislav he stumbles in search of all the emotions and life experiences he 's neglected over the years .	As X X stumbles in search of all the emotions and life experiences X 's neglected over the years .
0	As Mayur he stumbles in search of all the emotions and life experiences he 's neglected over the years .	As X X stumbles in search of all the emotions and life experiences X 's neglected over the years .
0	As Xhuliano he stumbles in search of all the emotions and life experiences he 's neglected over the years .	As X X stumbles in search of all the emotions and life experiences X 's neglected over the years .
0	As Мамант he stumbles in search of all the emotions and life experiences he 's neglected over the years .	As X X stumbles in search of all the emotions and life experiences X 's neglected over the years .
0	As Remme he stumbles in search of all the emotions and life experiences he 's neglected over the years .	As X X stumbles in search of all the emotions and life experiences X 's neglected over the years .
0	As Bhadrasraya he stumbles in search of all the emotions and life experiences he 's neglected over the years .	As X X stumbles in search of all the emotions and life experiences X 's neglected over the years .
0	As Roene he stumbles in search of all the emotions and life experiences he 's neglected over the years .	As X X stumbles in search of all the emotions and life experiences X 's neglected over the years .
0	As Ubayd he stumbles in search of all the emotions and life experiences he 's neglected over the years .	As X X stumbles in search of all the emotions and life experiences X 's neglected over the years .
0	As Stig he stumbles in search of all the emotions and life experiences he 's neglected over the years .	As X X stumbles in search of all the emotions and life experiences X 's neglected over the years .
0	As Tymon he stumbles in search of all the emotions and life experiences he 's neglected over the years .	As X X stumbles in search of all the emotions and life experiences X 's neglected over the years .
0	As Berrie he stumbles in search of all the emotions and life experiences he 's neglected over the years .	As X X stumbles in search of all the emotions and life experiences X 's neglected over the years .
0	As Акиндин he stumbles in search of all the emotions and life experiences he 's neglected over the years .	As X X stumbles in search of all the emotions and life experiences X 's neglected over the years .
0	As Danyar he stumbles in search of all the emotions and life experiences he 's neglected over the years .	As X X stumbles in search of all the emotions and life experiences X 's neglected over the years .
0	As Sveya she stumbles in search of all the emotions and life experiences she 's neglected over the years .	As X X stumbles in search of all the emotions and life experiences X 's neglected over the years .
0	As Suri she stumbles in search of all the emotions and life experiences she 's neglected over the years .	As X X stumbles in search of all the emotions and life experiences X 's neglected over the years .
0	As Men she stumbles in search of all the emotions and life experiences she 's neglected over the years .	As X X stumbles in search of all the emotions and life experiences X 's neglected over the years .
0	As Conliane she stumbles in search of all the emotions and life experiences she 's neglected over the years .	As X X stumbles in search of all the emotions and life experiences X 's neglected over the years .
0	As Modestie she stumbles in search of all the emotions and life experiences she 's neglected over the years .	As X X stumbles in search of all the emotions and life experiences X 's neglected over the years .
0	As Aleagh she stumbles in search of all the emotions and life experiences she 's neglected over the years .	As X X stumbles in search of all the emotions and life experiences X 's neglected over the years .
0	As Gezime she stumbles in search of all the emotions and life experiences she 's neglected over the years .	As X X stumbles in search of all the emotions and life experiences X 's neglected over the years .
0	As Thananya she stumbles in search of all the emotions and life experiences she 's neglected over the years .	As X X stumbles in search of all the emotions and life experiences X 's neglected over the years .
0	As Mayssan she stumbles in search of all the emotions and life experiences she 's neglected over the years .	As X X stumbles in search of all the emotions and life experiences X 's neglected over the years .
0	As Amelina she stumbles in search of all the emotions and life experiences she 's neglected over the years .	As X X stumbles in search of all the emotions and life experiences X 's neglected over the years .
0	As Julissa she stumbles in search of all the emotions and life experiences she 's neglected over the years .	As X X stumbles in search of all the emotions and life experiences X 's neglected over the years .
0	As Chihiro she stumbles in search of all the emotions and life experiences she 's neglected over the years .	As X X stumbles in search of all the emotions and life experiences X 's neglected over the years .
0	As Jocelinne she stumbles in search of all the emotions and life experiences she 's neglected over the years .	As X X stumbles in search of all the emotions and life experiences X 's neglected over the years .
0	As Marie-Noel she stumbles in search of all the emotions and life experiences she 's neglected over the years .	As X X stumbles in search of all the emotions and life experiences X 's neglected over the years .
0	As Phairin she stumbles in search of all the emotions and life experiences she 's neglected over the years .	As X X stumbles in search of all the emotions and life experiences X 's neglected over the years .
0	As Zoïtsa she stumbles in search of all the emotions and life experiences she 's neglected over the years .	As X X stumbles in search of all the emotions and life experiences X 's neglected over the years .
0	As Elyesea she stumbles in search of all the emotions and life experiences she 's neglected over the years .	As X X stumbles in search of all the emotions and life experiences X 's neglected over the years .
0	As Souhayla she stumbles in search of all the emotions and life experiences she 's neglected over the years .	As X X stumbles in search of all the emotions and life experiences X 's neglected over the years .
0	As Toke she stumbles in search of all the emotions and life experiences she 's neglected over the years .	As X X stumbles in search of all the emotions and life experiences X 's neglected over the years .
0	As Venora she stumbles in search of all the emotions and life experiences she 's neglected over the years .	As X X stumbles in search of all the emotions and life experiences X 's neglected over the years .
0	As Orphi she stumbles in search of all the emotions and life experiences she 's neglected over the years .	As X X stumbles in search of all the emotions and life experiences X 's neglected over the years .
0	As Luane she stumbles in search of all the emotions and life experiences she 's neglected over the years .	As X X stumbles in search of all the emotions and life experiences X 's neglected over the years .
0	As Bicetta she stumbles in search of all the emotions and life experiences she 's neglected over the years .	As X X stumbles in search of all the emotions and life experiences X 's neglected over the years .
0	As Tendy she stumbles in search of all the emotions and life experiences she 's neglected over the years .	As X X stumbles in search of all the emotions and life experiences X 's neglected over the years .
0	As Ethelle she stumbles in search of all the emotions and life experiences she 's neglected over the years .	As X X stumbles in search of all the emotions and life experiences X 's neglected over the years .
0	As Elaisha she stumbles in search of all the emotions and life experiences she 's neglected over the years .	As X X stumbles in search of all the emotions and life experiences X 's neglected over the years .
0	As Gertruda she stumbles in search of all the emotions and life experiences she 's neglected over the years .	As X X stumbles in search of all the emotions and life experiences X 's neglected over the years .
0	As Martusia she stumbles in search of all the emotions and life experiences she 's neglected over the years .	As X X stumbles in search of all the emotions and life experiences X 's neglected over the years .
0	As Feyme she stumbles in search of all the emotions and life experiences she 's neglected over the years .	As X X stumbles in search of all the emotions and life experiences X 's neglected over the years .
0	As Auphelie she stumbles in search of all the emotions and life experiences she 's neglected over the years .	As X X stumbles in search of all the emotions and life experiences X 's neglected over the years .
