1	Palona is the picture of health with boundless energy until a few days before he dies .	X is the picture of health with boundless energy until a few days before X dies .
1	Benedetto is the picture of health with boundless energy until a few days before he dies .	X is the picture of health with boundless energy until a few days before X dies .
1	Kallimah is the picture of health with boundless energy until a few days before he dies .	X is the picture of health with boundless energy until a few days before X dies .
1	Xudong is the picture of health with boundless energy until a few days before he dies .	X is the picture of health with boundless energy until a few days before X dies .
1	Xilian is the picture of health with boundless energy until a few days before he dies .	X is the picture of health with boundless energy until a few days before X dies .
1	Galian is the picture of health with boundless energy until a few days before he dies .	X is the picture of health with boundless energy until a few days before X dies .
1	Nefis is the picture of health with boundless energy until a few days before he dies .	X is the picture of health with boundless energy until a few days before X dies .
1	Lynott is the picture of health with boundless energy until a few days before he dies .	X is the picture of health with boundless energy until a few days before X dies .
1	Avraamij is the picture of health with boundless energy until a few days before he dies .	X is the picture of health with boundless energy until a few days before X dies .
1	Soulemane is the picture of health with boundless energy until a few days before he dies .	X is the picture of health with boundless energy until a few days before X dies .
1	Remco is the picture of health with boundless energy until a few days before he dies .	X is the picture of health with boundless energy until a few days before X dies .
1	Arjen is the picture of health with boundless energy until a few days before he dies .	X is the picture of health with boundless energy until a few days before X dies .
1	Manindra is the picture of health with boundless energy until a few days before he dies .	X is the picture of health with boundless energy until a few days before X dies .
1	Epiteto is the picture of health with boundless energy until a few days before he dies .	X is the picture of health with boundless energy until a few days before X dies .
1	Pianco is the picture of health with boundless energy until a few days before he dies .	X is the picture of health with boundless energy until a few days before X dies .
1	Cotsos is the picture of health with boundless energy until a few days before he dies .	X is the picture of health with boundless energy until a few days before X dies .
1	Chengyu is the picture of health with boundless energy until a few days before he dies .	X is the picture of health with boundless energy until a few days before X dies .
1	Rostislav is the picture of health with boundless energy until a few days before he dies .	X is the picture of health with boundless energy until a few days before X dies .
1	Mayur is the picture of health with boundless energy until a few days before he dies .	X is the picture of health with boundless energy until a few days before X dies .
1	Xhuliano is the picture of health with boundless energy until a few days before he dies .	X is the picture of health with boundless energy until a few days before X dies .
1	Мамант is the picture of health with boundless energy until a few days before he dies .	X is the picture of health with boundless energy until a few days before X dies .
1	Remme is the picture of health with boundless energy until a few days before he dies .	X is the picture of health with boundless energy until a few days before X dies .
1	Bhadrasraya is the picture of health with boundless energy until a few days before he dies .	X is the picture of health with boundless energy until a few days before X dies .
1	Roene is the picture of health with boundless energy until a few days before he dies .	X is the picture of health with boundless energy until a few days before X dies .
1	Ubayd is the picture of health with boundless energy until a few days before he dies .	X is the picture of health with boundless energy until a few days before X dies .
1	Stig is the picture of health with boundless energy until a few days before he dies .	X is the picture of health with boundless energy until a few days before X dies .
1	Tymon is the picture of health with boundless energy until a few days before he dies .	X is the picture of health with boundless energy until a few days before X dies .
1	Berrie is the picture of health with boundless energy until a few days before he dies .	X is the picture of health with boundless energy until a few days before X dies .
1	Акиндин is the picture of health with boundless energy until a few days before he dies .	X is the picture of health with boundless energy until a few days before X dies .
1	Danyar is the picture of health with boundless energy until a few days before he dies .	X is the picture of health with boundless energy until a few days before X dies .
1	Sveya is the picture of health with boundless energy until a few days before she dies .	X is the picture of health with boundless energy until a few days before X dies .
1	Suri is the picture of health with boundless energy until a few days before she dies .	X is the picture of health with boundless energy until a few days before X dies .
1	Men is the picture of health with boundless energy until a few days before she dies .	X is the picture of health with boundless energy until a few days before X dies .
1	Conliane is the picture of health with boundless energy until a few days before she dies .	X is the picture of health with boundless energy until a few days before X dies .
1	Modestie is the picture of health with boundless energy until a few days before she dies .	X is the picture of health with boundless energy until a few days before X dies .
1	Aleagh is the picture of health with boundless energy until a few days before she dies .	X is the picture of health with boundless energy until a few days before X dies .
1	Gezime is the picture of health with boundless energy until a few days before she dies .	X is the picture of health with boundless energy until a few days before X dies .
1	Thananya is the picture of health with boundless energy until a few days before she dies .	X is the picture of health with boundless energy until a few days before X dies .
1	Mayssan is the picture of health with boundless energy until a few days before she dies .	X is the picture of health with boundless energy until a few days before X dies .
1	Amelina is the picture of health with boundless energy until a few days before she dies .	X is the picture of health with boundless energy until a few days before X dies .
1	Julissa is the picture of health with boundless energy until a few days before she dies .	X is the picture of health with boundless energy until a few days before X dies .
1	Chihiro is the picture of health with boundless energy until a few days before she dies .	X is the picture of health with boundless energy until a few days before X dies .
1	Jocelinne is the picture of health with boundless energy until a few days before she dies .	X is the picture of health with boundless energy until a few days before X dies .
1	Marie-Noel is the picture of health with boundless energy until a few days before she dies .	X is the picture of health with boundless energy until a few days before X dies .
1	Phairin is the picture of health with boundless energy until a few days before she dies .	X is the picture of health with boundless energy until a few days before X dies .
1	Zoïtsa is the picture of health with boundless energy until a few days before she dies .	X is the picture of health with boundless energy until a few days before X dies .
1	Elyesea is the picture of health with boundless energy until a few days before she dies .	X is the picture of health with boundless energy until a few days before X dies .
1	Souhayla is the picture of health with boundless energy until a few days before she dies .	X is the picture of health with boundless energy until a few days before X dies .
1	Toke is the picture of health with boundless energy until a few days before she dies .	X is the picture of health with boundless energy until a few days before X dies .
1	Venora is the picture of health with boundless energy until a few days before she dies .	X is the picture of health with boundless energy until a few days before X dies .
1	Orphi is the picture of health with boundless energy until a few days before she dies .	X is the picture of health with boundless energy until a few days before X dies .
1	Luane is the picture of health with boundless energy until a few days before she dies .	X is the picture of health with boundless energy until a few days before X dies .
1	Bicetta is the picture of health with boundless energy until a few days before she dies .	X is the picture of health with boundless energy until a few days before X dies .
1	Tendy is the picture of health with boundless energy until a few days before she dies .	X is the picture of health with boundless energy until a few days before X dies .
1	Ethelle is the picture of health with boundless energy until a few days before she dies .	X is the picture of health with boundless energy until a few days before X dies .
1	Elaisha is the picture of health with boundless energy until a few days before she dies .	X is the picture of health with boundless energy until a few days before X dies .
1	Gertruda is the picture of health with boundless energy until a few days before she dies .	X is the picture of health with boundless energy until a few days before X dies .
1	Martusia is the picture of health with boundless energy until a few days before she dies .	X is the picture of health with boundless energy until a few days before X dies .
1	Feyme is the picture of health with boundless energy until a few days before she dies .	X is the picture of health with boundless energy until a few days before X dies .
1	Auphelie is the picture of health with boundless energy until a few days before she dies .	X is the picture of health with boundless energy until a few days before X dies .
