0	Palona valiantly mugs his way through Snow Dogs , but even his boisterous energy fails to spark this leaden comedy .	X valiantly mugs X's way through Snow Dogs , but even X's boisterous energy fails to spark this leaden comedy .
0	Benedetto valiantly mugs his way through Snow Dogs , but even his boisterous energy fails to spark this leaden comedy .	X valiantly mugs X's way through Snow Dogs , but even X's boisterous energy fails to spark this leaden comedy .
0	Kallimah valiantly mugs his way through Snow Dogs , but even his boisterous energy fails to spark this leaden comedy .	X valiantly mugs X's way through Snow Dogs , but even X's boisterous energy fails to spark this leaden comedy .
0	Xudong valiantly mugs his way through Snow Dogs , but even his boisterous energy fails to spark this leaden comedy .	X valiantly mugs X's way through Snow Dogs , but even X's boisterous energy fails to spark this leaden comedy .
0	Xilian valiantly mugs his way through Snow Dogs , but even his boisterous energy fails to spark this leaden comedy .	X valiantly mugs X's way through Snow Dogs , but even X's boisterous energy fails to spark this leaden comedy .
0	Galian valiantly mugs his way through Snow Dogs , but even his boisterous energy fails to spark this leaden comedy .	X valiantly mugs X's way through Snow Dogs , but even X's boisterous energy fails to spark this leaden comedy .
0	Nefis valiantly mugs his way through Snow Dogs , but even his boisterous energy fails to spark this leaden comedy .	X valiantly mugs X's way through Snow Dogs , but even X's boisterous energy fails to spark this leaden comedy .
0	Lynott valiantly mugs his way through Snow Dogs , but even his boisterous energy fails to spark this leaden comedy .	X valiantly mugs X's way through Snow Dogs , but even X's boisterous energy fails to spark this leaden comedy .
0	Avraamij valiantly mugs his way through Snow Dogs , but even his boisterous energy fails to spark this leaden comedy .	X valiantly mugs X's way through Snow Dogs , but even X's boisterous energy fails to spark this leaden comedy .
0	Soulemane valiantly mugs his way through Snow Dogs , but even his boisterous energy fails to spark this leaden comedy .	X valiantly mugs X's way through Snow Dogs , but even X's boisterous energy fails to spark this leaden comedy .
0	Remco valiantly mugs his way through Snow Dogs , but even his boisterous energy fails to spark this leaden comedy .	X valiantly mugs X's way through Snow Dogs , but even X's boisterous energy fails to spark this leaden comedy .
0	Arjen valiantly mugs his way through Snow Dogs , but even his boisterous energy fails to spark this leaden comedy .	X valiantly mugs X's way through Snow Dogs , but even X's boisterous energy fails to spark this leaden comedy .
0	Manindra valiantly mugs his way through Snow Dogs , but even his boisterous energy fails to spark this leaden comedy .	X valiantly mugs X's way through Snow Dogs , but even X's boisterous energy fails to spark this leaden comedy .
0	Epiteto valiantly mugs his way through Snow Dogs , but even his boisterous energy fails to spark this leaden comedy .	X valiantly mugs X's way through Snow Dogs , but even X's boisterous energy fails to spark this leaden comedy .
0	Pianco valiantly mugs his way through Snow Dogs , but even his boisterous energy fails to spark this leaden comedy .	X valiantly mugs X's way through Snow Dogs , but even X's boisterous energy fails to spark this leaden comedy .
0	Cotsos valiantly mugs his way through Snow Dogs , but even his boisterous energy fails to spark this leaden comedy .	X valiantly mugs X's way through Snow Dogs , but even X's boisterous energy fails to spark this leaden comedy .
0	Chengyu valiantly mugs his way through Snow Dogs , but even his boisterous energy fails to spark this leaden comedy .	X valiantly mugs X's way through Snow Dogs , but even X's boisterous energy fails to spark this leaden comedy .
0	Rostislav valiantly mugs his way through Snow Dogs , but even his boisterous energy fails to spark this leaden comedy .	X valiantly mugs X's way through Snow Dogs , but even X's boisterous energy fails to spark this leaden comedy .
0	Mayur valiantly mugs his way through Snow Dogs , but even his boisterous energy fails to spark this leaden comedy .	X valiantly mugs X's way through Snow Dogs , but even X's boisterous energy fails to spark this leaden comedy .
0	Xhuliano valiantly mugs his way through Snow Dogs , but even his boisterous energy fails to spark this leaden comedy .	X valiantly mugs X's way through Snow Dogs , but even X's boisterous energy fails to spark this leaden comedy .
0	Мамант valiantly mugs his way through Snow Dogs , but even his boisterous energy fails to spark this leaden comedy .	X valiantly mugs X's way through Snow Dogs , but even X's boisterous energy fails to spark this leaden comedy .
0	Remme valiantly mugs his way through Snow Dogs , but even his boisterous energy fails to spark this leaden comedy .	X valiantly mugs X's way through Snow Dogs , but even X's boisterous energy fails to spark this leaden comedy .
0	Bhadrasraya valiantly mugs his way through Snow Dogs , but even his boisterous energy fails to spark this leaden comedy .	X valiantly mugs X's way through Snow Dogs , but even X's boisterous energy fails to spark this leaden comedy .
0	Roene valiantly mugs his way through Snow Dogs , but even his boisterous energy fails to spark this leaden comedy .	X valiantly mugs X's way through Snow Dogs , but even X's boisterous energy fails to spark this leaden comedy .
0	Ubayd valiantly mugs his way through Snow Dogs , but even his boisterous energy fails to spark this leaden comedy .	X valiantly mugs X's way through Snow Dogs , but even X's boisterous energy fails to spark this leaden comedy .
0	Stig valiantly mugs his way through Snow Dogs , but even his boisterous energy fails to spark this leaden comedy .	X valiantly mugs X's way through Snow Dogs , but even X's boisterous energy fails to spark this leaden comedy .
0	Tymon valiantly mugs his way through Snow Dogs , but even his boisterous energy fails to spark this leaden comedy .	X valiantly mugs X's way through Snow Dogs , but even X's boisterous energy fails to spark this leaden comedy .
0	Berrie valiantly mugs his way through Snow Dogs , but even his boisterous energy fails to spark this leaden comedy .	X valiantly mugs X's way through Snow Dogs , but even X's boisterous energy fails to spark this leaden comedy .
0	Акиндин valiantly mugs his way through Snow Dogs , but even his boisterous energy fails to spark this leaden comedy .	X valiantly mugs X's way through Snow Dogs , but even X's boisterous energy fails to spark this leaden comedy .
0	Danyar valiantly mugs his way through Snow Dogs , but even his boisterous energy fails to spark this leaden comedy .	X valiantly mugs X's way through Snow Dogs , but even X's boisterous energy fails to spark this leaden comedy .
0	Sveya valiantly mugs her way through Snow Dogs , but even her boisterous energy fails to spark this leaden comedy .	X valiantly mugs X's way through Snow Dogs , but even X's boisterous energy fails to spark this leaden comedy .
0	Suri valiantly mugs her way through Snow Dogs , but even her boisterous energy fails to spark this leaden comedy .	X valiantly mugs X's way through Snow Dogs , but even X's boisterous energy fails to spark this leaden comedy .
0	Men valiantly mugs her way through Snow Dogs , but even her boisterous energy fails to spark this leaden comedy .	X valiantly mugs X's way through Snow Dogs , but even X's boisterous energy fails to spark this leaden comedy .
0	Conliane valiantly mugs her way through Snow Dogs , but even her boisterous energy fails to spark this leaden comedy .	X valiantly mugs X's way through Snow Dogs , but even X's boisterous energy fails to spark this leaden comedy .
0	Modestie valiantly mugs her way through Snow Dogs , but even her boisterous energy fails to spark this leaden comedy .	X valiantly mugs X's way through Snow Dogs , but even X's boisterous energy fails to spark this leaden comedy .
0	Aleagh valiantly mugs her way through Snow Dogs , but even her boisterous energy fails to spark this leaden comedy .	X valiantly mugs X's way through Snow Dogs , but even X's boisterous energy fails to spark this leaden comedy .
0	Gezime valiantly mugs her way through Snow Dogs , but even her boisterous energy fails to spark this leaden comedy .	X valiantly mugs X's way through Snow Dogs , but even X's boisterous energy fails to spark this leaden comedy .
0	Thananya valiantly mugs her way through Snow Dogs , but even her boisterous energy fails to spark this leaden comedy .	X valiantly mugs X's way through Snow Dogs , but even X's boisterous energy fails to spark this leaden comedy .
0	Mayssan valiantly mugs her way through Snow Dogs , but even her boisterous energy fails to spark this leaden comedy .	X valiantly mugs X's way through Snow Dogs , but even X's boisterous energy fails to spark this leaden comedy .
0	Amelina valiantly mugs her way through Snow Dogs , but even her boisterous energy fails to spark this leaden comedy .	X valiantly mugs X's way through Snow Dogs , but even X's boisterous energy fails to spark this leaden comedy .
0	Julissa valiantly mugs her way through Snow Dogs , but even her boisterous energy fails to spark this leaden comedy .	X valiantly mugs X's way through Snow Dogs , but even X's boisterous energy fails to spark this leaden comedy .
0	Chihiro valiantly mugs her way through Snow Dogs , but even her boisterous energy fails to spark this leaden comedy .	X valiantly mugs X's way through Snow Dogs , but even X's boisterous energy fails to spark this leaden comedy .
0	Jocelinne valiantly mugs her way through Snow Dogs , but even her boisterous energy fails to spark this leaden comedy .	X valiantly mugs X's way through Snow Dogs , but even X's boisterous energy fails to spark this leaden comedy .
0	Marie-Noel valiantly mugs her way through Snow Dogs , but even her boisterous energy fails to spark this leaden comedy .	X valiantly mugs X's way through Snow Dogs , but even X's boisterous energy fails to spark this leaden comedy .
0	Phairin valiantly mugs her way through Snow Dogs , but even her boisterous energy fails to spark this leaden comedy .	X valiantly mugs X's way through Snow Dogs , but even X's boisterous energy fails to spark this leaden comedy .
0	Zoïtsa valiantly mugs her way through Snow Dogs , but even her boisterous energy fails to spark this leaden comedy .	X valiantly mugs X's way through Snow Dogs , but even X's boisterous energy fails to spark this leaden comedy .
0	Elyesea valiantly mugs her way through Snow Dogs , but even her boisterous energy fails to spark this leaden comedy .	X valiantly mugs X's way through Snow Dogs , but even X's boisterous energy fails to spark this leaden comedy .
0	Souhayla valiantly mugs her way through Snow Dogs , but even her boisterous energy fails to spark this leaden comedy .	X valiantly mugs X's way through Snow Dogs , but even X's boisterous energy fails to spark this leaden comedy .
0	Toke valiantly mugs her way through Snow Dogs , but even her boisterous energy fails to spark this leaden comedy .	X valiantly mugs X's way through Snow Dogs , but even X's boisterous energy fails to spark this leaden comedy .
0	Venora valiantly mugs her way through Snow Dogs , but even her boisterous energy fails to spark this leaden comedy .	X valiantly mugs X's way through Snow Dogs , but even X's boisterous energy fails to spark this leaden comedy .
0	Orphi valiantly mugs her way through Snow Dogs , but even her boisterous energy fails to spark this leaden comedy .	X valiantly mugs X's way through Snow Dogs , but even X's boisterous energy fails to spark this leaden comedy .
0	Luane valiantly mugs her way through Snow Dogs , but even her boisterous energy fails to spark this leaden comedy .	X valiantly mugs X's way through Snow Dogs , but even X's boisterous energy fails to spark this leaden comedy .
0	Bicetta valiantly mugs her way through Snow Dogs , but even her boisterous energy fails to spark this leaden comedy .	X valiantly mugs X's way through Snow Dogs , but even X's boisterous energy fails to spark this leaden comedy .
0	Tendy valiantly mugs her way through Snow Dogs , but even her boisterous energy fails to spark this leaden comedy .	X valiantly mugs X's way through Snow Dogs , but even X's boisterous energy fails to spark this leaden comedy .
0	Ethelle valiantly mugs her way through Snow Dogs , but even her boisterous energy fails to spark this leaden comedy .	X valiantly mugs X's way through Snow Dogs , but even X's boisterous energy fails to spark this leaden comedy .
0	Elaisha valiantly mugs her way through Snow Dogs , but even her boisterous energy fails to spark this leaden comedy .	X valiantly mugs X's way through Snow Dogs , but even X's boisterous energy fails to spark this leaden comedy .
0	Gertruda valiantly mugs her way through Snow Dogs , but even her boisterous energy fails to spark this leaden comedy .	X valiantly mugs X's way through Snow Dogs , but even X's boisterous energy fails to spark this leaden comedy .
0	Martusia valiantly mugs her way through Snow Dogs , but even her boisterous energy fails to spark this leaden comedy .	X valiantly mugs X's way through Snow Dogs , but even X's boisterous energy fails to spark this leaden comedy .
0	Feyme valiantly mugs her way through Snow Dogs , but even her boisterous energy fails to spark this leaden comedy .	X valiantly mugs X's way through Snow Dogs , but even X's boisterous energy fails to spark this leaden comedy .
0	Auphelie valiantly mugs her way through Snow Dogs , but even her boisterous energy fails to spark this leaden comedy .	X valiantly mugs X's way through Snow Dogs , but even X's boisterous energy fails to spark this leaden comedy .
