1	For most of its footage , the new thriller proves that director M. Night Shyamalan can weave an eerie spell and that Palona can gasp , shudder and even tremble without losing his machismo .	For most of its footage , the new thriller proves that director M. Night Shyamalan can weave an eerie spell and that X can gasp , shudder and even tremble without losing X's machismo .
1	For most of its footage , the new thriller proves that director M. Night Shyamalan can weave an eerie spell and that Benedetto can gasp , shudder and even tremble without losing his machismo .	For most of its footage , the new thriller proves that director M. Night Shyamalan can weave an eerie spell and that X can gasp , shudder and even tremble without losing X's machismo .
1	For most of its footage , the new thriller proves that director M. Night Shyamalan can weave an eerie spell and that Kallimah can gasp , shudder and even tremble without losing his machismo .	For most of its footage , the new thriller proves that director M. Night Shyamalan can weave an eerie spell and that X can gasp , shudder and even tremble without losing X's machismo .
1	For most of its footage , the new thriller proves that director M. Night Shyamalan can weave an eerie spell and that Xudong can gasp , shudder and even tremble without losing his machismo .	For most of its footage , the new thriller proves that director M. Night Shyamalan can weave an eerie spell and that X can gasp , shudder and even tremble without losing X's machismo .
1	For most of its footage , the new thriller proves that director M. Night Shyamalan can weave an eerie spell and that Xilian can gasp , shudder and even tremble without losing his machismo .	For most of its footage , the new thriller proves that director M. Night Shyamalan can weave an eerie spell and that X can gasp , shudder and even tremble without losing X's machismo .
1	For most of its footage , the new thriller proves that director M. Night Shyamalan can weave an eerie spell and that Galian can gasp , shudder and even tremble without losing his machismo .	For most of its footage , the new thriller proves that director M. Night Shyamalan can weave an eerie spell and that X can gasp , shudder and even tremble without losing X's machismo .
1	For most of its footage , the new thriller proves that director M. Night Shyamalan can weave an eerie spell and that Nefis can gasp , shudder and even tremble without losing his machismo .	For most of its footage , the new thriller proves that director M. Night Shyamalan can weave an eerie spell and that X can gasp , shudder and even tremble without losing X's machismo .
1	For most of its footage , the new thriller proves that director M. Night Shyamalan can weave an eerie spell and that Lynott can gasp , shudder and even tremble without losing his machismo .	For most of its footage , the new thriller proves that director M. Night Shyamalan can weave an eerie spell and that X can gasp , shudder and even tremble without losing X's machismo .
1	For most of its footage , the new thriller proves that director M. Night Shyamalan can weave an eerie spell and that Avraamij can gasp , shudder and even tremble without losing his machismo .	For most of its footage , the new thriller proves that director M. Night Shyamalan can weave an eerie spell and that X can gasp , shudder and even tremble without losing X's machismo .
1	For most of its footage , the new thriller proves that director M. Night Shyamalan can weave an eerie spell and that Soulemane can gasp , shudder and even tremble without losing his machismo .	For most of its footage , the new thriller proves that director M. Night Shyamalan can weave an eerie spell and that X can gasp , shudder and even tremble without losing X's machismo .
1	For most of its footage , the new thriller proves that director M. Night Shyamalan can weave an eerie spell and that Remco can gasp , shudder and even tremble without losing his machismo .	For most of its footage , the new thriller proves that director M. Night Shyamalan can weave an eerie spell and that X can gasp , shudder and even tremble without losing X's machismo .
1	For most of its footage , the new thriller proves that director M. Night Shyamalan can weave an eerie spell and that Arjen can gasp , shudder and even tremble without losing his machismo .	For most of its footage , the new thriller proves that director M. Night Shyamalan can weave an eerie spell and that X can gasp , shudder and even tremble without losing X's machismo .
1	For most of its footage , the new thriller proves that director M. Night Shyamalan can weave an eerie spell and that Manindra can gasp , shudder and even tremble without losing his machismo .	For most of its footage , the new thriller proves that director M. Night Shyamalan can weave an eerie spell and that X can gasp , shudder and even tremble without losing X's machismo .
1	For most of its footage , the new thriller proves that director M. Night Shyamalan can weave an eerie spell and that Epiteto can gasp , shudder and even tremble without losing his machismo .	For most of its footage , the new thriller proves that director M. Night Shyamalan can weave an eerie spell and that X can gasp , shudder and even tremble without losing X's machismo .
1	For most of its footage , the new thriller proves that director M. Night Shyamalan can weave an eerie spell and that Pianco can gasp , shudder and even tremble without losing his machismo .	For most of its footage , the new thriller proves that director M. Night Shyamalan can weave an eerie spell and that X can gasp , shudder and even tremble without losing X's machismo .
1	For most of its footage , the new thriller proves that director M. Night Shyamalan can weave an eerie spell and that Cotsos can gasp , shudder and even tremble without losing his machismo .	For most of its footage , the new thriller proves that director M. Night Shyamalan can weave an eerie spell and that X can gasp , shudder and even tremble without losing X's machismo .
1	For most of its footage , the new thriller proves that director M. Night Shyamalan can weave an eerie spell and that Chengyu can gasp , shudder and even tremble without losing his machismo .	For most of its footage , the new thriller proves that director M. Night Shyamalan can weave an eerie spell and that X can gasp , shudder and even tremble without losing X's machismo .
1	For most of its footage , the new thriller proves that director M. Night Shyamalan can weave an eerie spell and that Rostislav can gasp , shudder and even tremble without losing his machismo .	For most of its footage , the new thriller proves that director M. Night Shyamalan can weave an eerie spell and that X can gasp , shudder and even tremble without losing X's machismo .
1	For most of its footage , the new thriller proves that director M. Night Shyamalan can weave an eerie spell and that Mayur can gasp , shudder and even tremble without losing his machismo .	For most of its footage , the new thriller proves that director M. Night Shyamalan can weave an eerie spell and that X can gasp , shudder and even tremble without losing X's machismo .
1	For most of its footage , the new thriller proves that director M. Night Shyamalan can weave an eerie spell and that Xhuliano can gasp , shudder and even tremble without losing his machismo .	For most of its footage , the new thriller proves that director M. Night Shyamalan can weave an eerie spell and that X can gasp , shudder and even tremble without losing X's machismo .
1	For most of its footage , the new thriller proves that director M. Night Shyamalan can weave an eerie spell and that Мамант can gasp , shudder and even tremble without losing his machismo .	For most of its footage , the new thriller proves that director M. Night Shyamalan can weave an eerie spell and that X can gasp , shudder and even tremble without losing X's machismo .
1	For most of its footage , the new thriller proves that director M. Night Shyamalan can weave an eerie spell and that Remme can gasp , shudder and even tremble without losing his machismo .	For most of its footage , the new thriller proves that director M. Night Shyamalan can weave an eerie spell and that X can gasp , shudder and even tremble without losing X's machismo .
1	For most of its footage , the new thriller proves that director M. Night Shyamalan can weave an eerie spell and that Bhadrasraya can gasp , shudder and even tremble without losing his machismo .	For most of its footage , the new thriller proves that director M. Night Shyamalan can weave an eerie spell and that X can gasp , shudder and even tremble without losing X's machismo .
1	For most of its footage , the new thriller proves that director M. Night Shyamalan can weave an eerie spell and that Roene can gasp , shudder and even tremble without losing his machismo .	For most of its footage , the new thriller proves that director M. Night Shyamalan can weave an eerie spell and that X can gasp , shudder and even tremble without losing X's machismo .
1	For most of its footage , the new thriller proves that director M. Night Shyamalan can weave an eerie spell and that Ubayd can gasp , shudder and even tremble without losing his machismo .	For most of its footage , the new thriller proves that director M. Night Shyamalan can weave an eerie spell and that X can gasp , shudder and even tremble without losing X's machismo .
1	For most of its footage , the new thriller proves that director M. Night Shyamalan can weave an eerie spell and that Stig can gasp , shudder and even tremble without losing his machismo .	For most of its footage , the new thriller proves that director M. Night Shyamalan can weave an eerie spell and that X can gasp , shudder and even tremble without losing X's machismo .
1	For most of its footage , the new thriller proves that director M. Night Shyamalan can weave an eerie spell and that Tymon can gasp , shudder and even tremble without losing his machismo .	For most of its footage , the new thriller proves that director M. Night Shyamalan can weave an eerie spell and that X can gasp , shudder and even tremble without losing X's machismo .
1	For most of its footage , the new thriller proves that director M. Night Shyamalan can weave an eerie spell and that Berrie can gasp , shudder and even tremble without losing his machismo .	For most of its footage , the new thriller proves that director M. Night Shyamalan can weave an eerie spell and that X can gasp , shudder and even tremble without losing X's machismo .
1	For most of its footage , the new thriller proves that director M. Night Shyamalan can weave an eerie spell and that Акиндин can gasp , shudder and even tremble without losing his machismo .	For most of its footage , the new thriller proves that director M. Night Shyamalan can weave an eerie spell and that X can gasp , shudder and even tremble without losing X's machismo .
1	For most of its footage , the new thriller proves that director M. Night Shyamalan can weave an eerie spell and that Danyar can gasp , shudder and even tremble without losing his machismo .	For most of its footage , the new thriller proves that director M. Night Shyamalan can weave an eerie spell and that X can gasp , shudder and even tremble without losing X's machismo .
1	For most of its footage , the new thriller proves that director M. Night Shyamalan can weave an eerie spell and that Sveya can gasp , shudder and even tremble without losing her machismo .	For most of its footage , the new thriller proves that director M. Night Shyamalan can weave an eerie spell and that X can gasp , shudder and even tremble without losing X's machismo .
1	For most of its footage , the new thriller proves that director M. Night Shyamalan can weave an eerie spell and that Suri can gasp , shudder and even tremble without losing her machismo .	For most of its footage , the new thriller proves that director M. Night Shyamalan can weave an eerie spell and that X can gasp , shudder and even tremble without losing X's machismo .
1	For most of its footage , the new thriller proves that director M. Night Shyamalan can weave an eerie spell and that Men can gasp , shudder and even tremble without losing her machismo .	For most of its footage , the new thriller proves that director M. Night Shyamalan can weave an eerie spell and that X can gasp , shudder and even tremble without losing X's machismo .
1	For most of its footage , the new thriller proves that director M. Night Shyamalan can weave an eerie spell and that Conliane can gasp , shudder and even tremble without losing her machismo .	For most of its footage , the new thriller proves that director M. Night Shyamalan can weave an eerie spell and that X can gasp , shudder and even tremble without losing X's machismo .
1	For most of its footage , the new thriller proves that director M. Night Shyamalan can weave an eerie spell and that Modestie can gasp , shudder and even tremble without losing her machismo .	For most of its footage , the new thriller proves that director M. Night Shyamalan can weave an eerie spell and that X can gasp , shudder and even tremble without losing X's machismo .
1	For most of its footage , the new thriller proves that director M. Night Shyamalan can weave an eerie spell and that Aleagh can gasp , shudder and even tremble without losing her machismo .	For most of its footage , the new thriller proves that director M. Night Shyamalan can weave an eerie spell and that X can gasp , shudder and even tremble without losing X's machismo .
1	For most of its footage , the new thriller proves that director M. Night Shyamalan can weave an eerie spell and that Gezime can gasp , shudder and even tremble without losing her machismo .	For most of its footage , the new thriller proves that director M. Night Shyamalan can weave an eerie spell and that X can gasp , shudder and even tremble without losing X's machismo .
1	For most of its footage , the new thriller proves that director M. Night Shyamalan can weave an eerie spell and that Thananya can gasp , shudder and even tremble without losing her machismo .	For most of its footage , the new thriller proves that director M. Night Shyamalan can weave an eerie spell and that X can gasp , shudder and even tremble without losing X's machismo .
1	For most of its footage , the new thriller proves that director M. Night Shyamalan can weave an eerie spell and that Mayssan can gasp , shudder and even tremble without losing her machismo .	For most of its footage , the new thriller proves that director M. Night Shyamalan can weave an eerie spell and that X can gasp , shudder and even tremble without losing X's machismo .
1	For most of its footage , the new thriller proves that director M. Night Shyamalan can weave an eerie spell and that Amelina can gasp , shudder and even tremble without losing her machismo .	For most of its footage , the new thriller proves that director M. Night Shyamalan can weave an eerie spell and that X can gasp , shudder and even tremble without losing X's machismo .
1	For most of its footage , the new thriller proves that director M. Night Shyamalan can weave an eerie spell and that Julissa can gasp , shudder and even tremble without losing her machismo .	For most of its footage , the new thriller proves that director M. Night Shyamalan can weave an eerie spell and that X can gasp , shudder and even tremble without losing X's machismo .
1	For most of its footage , the new thriller proves that director M. Night Shyamalan can weave an eerie spell and that Chihiro can gasp , shudder and even tremble without losing her machismo .	For most of its footage , the new thriller proves that director M. Night Shyamalan can weave an eerie spell and that X can gasp , shudder and even tremble without losing X's machismo .
1	For most of its footage , the new thriller proves that director M. Night Shyamalan can weave an eerie spell and that Jocelinne can gasp , shudder and even tremble without losing her machismo .	For most of its footage , the new thriller proves that director M. Night Shyamalan can weave an eerie spell and that X can gasp , shudder and even tremble without losing X's machismo .
1	For most of its footage , the new thriller proves that director M. Night Shyamalan can weave an eerie spell and that Marie-Noel can gasp , shudder and even tremble without losing her machismo .	For most of its footage , the new thriller proves that director M. Night Shyamalan can weave an eerie spell and that X can gasp , shudder and even tremble without losing X's machismo .
1	For most of its footage , the new thriller proves that director M. Night Shyamalan can weave an eerie spell and that Phairin can gasp , shudder and even tremble without losing her machismo .	For most of its footage , the new thriller proves that director M. Night Shyamalan can weave an eerie spell and that X can gasp , shudder and even tremble without losing X's machismo .
1	For most of its footage , the new thriller proves that director M. Night Shyamalan can weave an eerie spell and that Zoïtsa can gasp , shudder and even tremble without losing her machismo .	For most of its footage , the new thriller proves that director M. Night Shyamalan can weave an eerie spell and that X can gasp , shudder and even tremble without losing X's machismo .
1	For most of its footage , the new thriller proves that director M. Night Shyamalan can weave an eerie spell and that Elyesea can gasp , shudder and even tremble without losing her machismo .	For most of its footage , the new thriller proves that director M. Night Shyamalan can weave an eerie spell and that X can gasp , shudder and even tremble without losing X's machismo .
1	For most of its footage , the new thriller proves that director M. Night Shyamalan can weave an eerie spell and that Souhayla can gasp , shudder and even tremble without losing her machismo .	For most of its footage , the new thriller proves that director M. Night Shyamalan can weave an eerie spell and that X can gasp , shudder and even tremble without losing X's machismo .
1	For most of its footage , the new thriller proves that director M. Night Shyamalan can weave an eerie spell and that Toke can gasp , shudder and even tremble without losing her machismo .	For most of its footage , the new thriller proves that director M. Night Shyamalan can weave an eerie spell and that X can gasp , shudder and even tremble without losing X's machismo .
1	For most of its footage , the new thriller proves that director M. Night Shyamalan can weave an eerie spell and that Venora can gasp , shudder and even tremble without losing her machismo .	For most of its footage , the new thriller proves that director M. Night Shyamalan can weave an eerie spell and that X can gasp , shudder and even tremble without losing X's machismo .
1	For most of its footage , the new thriller proves that director M. Night Shyamalan can weave an eerie spell and that Orphi can gasp , shudder and even tremble without losing her machismo .	For most of its footage , the new thriller proves that director M. Night Shyamalan can weave an eerie spell and that X can gasp , shudder and even tremble without losing X's machismo .
1	For most of its footage , the new thriller proves that director M. Night Shyamalan can weave an eerie spell and that Luane can gasp , shudder and even tremble without losing her machismo .	For most of its footage , the new thriller proves that director M. Night Shyamalan can weave an eerie spell and that X can gasp , shudder and even tremble without losing X's machismo .
1	For most of its footage , the new thriller proves that director M. Night Shyamalan can weave an eerie spell and that Bicetta can gasp , shudder and even tremble without losing her machismo .	For most of its footage , the new thriller proves that director M. Night Shyamalan can weave an eerie spell and that X can gasp , shudder and even tremble without losing X's machismo .
1	For most of its footage , the new thriller proves that director M. Night Shyamalan can weave an eerie spell and that Tendy can gasp , shudder and even tremble without losing her machismo .	For most of its footage , the new thriller proves that director M. Night Shyamalan can weave an eerie spell and that X can gasp , shudder and even tremble without losing X's machismo .
1	For most of its footage , the new thriller proves that director M. Night Shyamalan can weave an eerie spell and that Ethelle can gasp , shudder and even tremble without losing her machismo .	For most of its footage , the new thriller proves that director M. Night Shyamalan can weave an eerie spell and that X can gasp , shudder and even tremble without losing X's machismo .
1	For most of its footage , the new thriller proves that director M. Night Shyamalan can weave an eerie spell and that Elaisha can gasp , shudder and even tremble without losing her machismo .	For most of its footage , the new thriller proves that director M. Night Shyamalan can weave an eerie spell and that X can gasp , shudder and even tremble without losing X's machismo .
1	For most of its footage , the new thriller proves that director M. Night Shyamalan can weave an eerie spell and that Gertruda can gasp , shudder and even tremble without losing her machismo .	For most of its footage , the new thriller proves that director M. Night Shyamalan can weave an eerie spell and that X can gasp , shudder and even tremble without losing X's machismo .
1	For most of its footage , the new thriller proves that director M. Night Shyamalan can weave an eerie spell and that Martusia can gasp , shudder and even tremble without losing her machismo .	For most of its footage , the new thriller proves that director M. Night Shyamalan can weave an eerie spell and that X can gasp , shudder and even tremble without losing X's machismo .
1	For most of its footage , the new thriller proves that director M. Night Shyamalan can weave an eerie spell and that Feyme can gasp , shudder and even tremble without losing her machismo .	For most of its footage , the new thriller proves that director M. Night Shyamalan can weave an eerie spell and that X can gasp , shudder and even tremble without losing X's machismo .
1	For most of its footage , the new thriller proves that director M. Night Shyamalan can weave an eerie spell and that Auphelie can gasp , shudder and even tremble without losing her machismo .	For most of its footage , the new thriller proves that director M. Night Shyamalan can weave an eerie spell and that X can gasp , shudder and even tremble without losing X's machismo .
