0	If Palona had a time machine and could take a look at his kin 's reworked version , what would he say ?	If X had a time machine and could take a look at X's kin 's reworked version , what would X say ?
0	If Benedetto had a time machine and could take a look at his kin 's reworked version , what would he say ?	If X had a time machine and could take a look at X's kin 's reworked version , what would X say ?
0	If Kallimah had a time machine and could take a look at his kin 's reworked version , what would he say ?	If X had a time machine and could take a look at X's kin 's reworked version , what would X say ?
0	If Xudong had a time machine and could take a look at his kin 's reworked version , what would he say ?	If X had a time machine and could take a look at X's kin 's reworked version , what would X say ?
0	If Xilian had a time machine and could take a look at his kin 's reworked version , what would he say ?	If X had a time machine and could take a look at X's kin 's reworked version , what would X say ?
0	If Galian had a time machine and could take a look at his kin 's reworked version , what would he say ?	If X had a time machine and could take a look at X's kin 's reworked version , what would X say ?
0	If Nefis had a time machine and could take a look at his kin 's reworked version , what would he say ?	If X had a time machine and could take a look at X's kin 's reworked version , what would X say ?
0	If Lynott had a time machine and could take a look at his kin 's reworked version , what would he say ?	If X had a time machine and could take a look at X's kin 's reworked version , what would X say ?
0	If Avraamij had a time machine and could take a look at his kin 's reworked version , what would he say ?	If X had a time machine and could take a look at X's kin 's reworked version , what would X say ?
0	If Soulemane had a time machine and could take a look at his kin 's reworked version , what would he say ?	If X had a time machine and could take a look at X's kin 's reworked version , what would X say ?
0	If Remco had a time machine and could take a look at his kin 's reworked version , what would he say ?	If X had a time machine and could take a look at X's kin 's reworked version , what would X say ?
0	If Arjen had a time machine and could take a look at his kin 's reworked version , what would he say ?	If X had a time machine and could take a look at X's kin 's reworked version , what would X say ?
0	If Manindra had a time machine and could take a look at his kin 's reworked version , what would he say ?	If X had a time machine and could take a look at X's kin 's reworked version , what would X say ?
0	If Epiteto had a time machine and could take a look at his kin 's reworked version , what would he say ?	If X had a time machine and could take a look at X's kin 's reworked version , what would X say ?
0	If Pianco had a time machine and could take a look at his kin 's reworked version , what would he say ?	If X had a time machine and could take a look at X's kin 's reworked version , what would X say ?
0	If Cotsos had a time machine and could take a look at his kin 's reworked version , what would he say ?	If X had a time machine and could take a look at X's kin 's reworked version , what would X say ?
0	If Chengyu had a time machine and could take a look at his kin 's reworked version , what would he say ?	If X had a time machine and could take a look at X's kin 's reworked version , what would X say ?
0	If Rostislav had a time machine and could take a look at his kin 's reworked version , what would he say ?	If X had a time machine and could take a look at X's kin 's reworked version , what would X say ?
0	If Mayur had a time machine and could take a look at his kin 's reworked version , what would he say ?	If X had a time machine and could take a look at X's kin 's reworked version , what would X say ?
0	If Xhuliano had a time machine and could take a look at his kin 's reworked version , what would he say ?	If X had a time machine and could take a look at X's kin 's reworked version , what would X say ?
0	If Мамант had a time machine and could take a look at his kin 's reworked version , what would he say ?	If X had a time machine and could take a look at X's kin 's reworked version , what would X say ?
0	If Remme had a time machine and could take a look at his kin 's reworked version , what would he say ?	If X had a time machine and could take a look at X's kin 's reworked version , what would X say ?
0	If Bhadrasraya had a time machine and could take a look at his kin 's reworked version , what would he say ?	If X had a time machine and could take a look at X's kin 's reworked version , what would X say ?
0	If Roene had a time machine and could take a look at his kin 's reworked version , what would he say ?	If X had a time machine and could take a look at X's kin 's reworked version , what would X say ?
0	If Ubayd had a time machine and could take a look at his kin 's reworked version , what would he say ?	If X had a time machine and could take a look at X's kin 's reworked version , what would X say ?
0	If Stig had a time machine and could take a look at his kin 's reworked version , what would he say ?	If X had a time machine and could take a look at X's kin 's reworked version , what would X say ?
0	If Tymon had a time machine and could take a look at his kin 's reworked version , what would he say ?	If X had a time machine and could take a look at X's kin 's reworked version , what would X say ?
0	If Berrie had a time machine and could take a look at his kin 's reworked version , what would he say ?	If X had a time machine and could take a look at X's kin 's reworked version , what would X say ?
0	If Акиндин had a time machine and could take a look at his kin 's reworked version , what would he say ?	If X had a time machine and could take a look at X's kin 's reworked version , what would X say ?
0	If Danyar had a time machine and could take a look at his kin 's reworked version , what would he say ?	If X had a time machine and could take a look at X's kin 's reworked version , what would X say ?
0	If Sveya had a time machine and could take a look at her kin 's reworked version , what would she say ?	If X had a time machine and could take a look at X's kin 's reworked version , what would X say ?
0	If Suri had a time machine and could take a look at her kin 's reworked version , what would she say ?	If X had a time machine and could take a look at X's kin 's reworked version , what would X say ?
0	If Men had a time machine and could take a look at her kin 's reworked version , what would she say ?	If X had a time machine and could take a look at X's kin 's reworked version , what would X say ?
0	If Conliane had a time machine and could take a look at her kin 's reworked version , what would she say ?	If X had a time machine and could take a look at X's kin 's reworked version , what would X say ?
0	If Modestie had a time machine and could take a look at her kin 's reworked version , what would she say ?	If X had a time machine and could take a look at X's kin 's reworked version , what would X say ?
0	If Aleagh had a time machine and could take a look at her kin 's reworked version , what would she say ?	If X had a time machine and could take a look at X's kin 's reworked version , what would X say ?
0	If Gezime had a time machine and could take a look at her kin 's reworked version , what would she say ?	If X had a time machine and could take a look at X's kin 's reworked version , what would X say ?
0	If Thananya had a time machine and could take a look at her kin 's reworked version , what would she say ?	If X had a time machine and could take a look at X's kin 's reworked version , what would X say ?
0	If Mayssan had a time machine and could take a look at her kin 's reworked version , what would she say ?	If X had a time machine and could take a look at X's kin 's reworked version , what would X say ?
0	If Amelina had a time machine and could take a look at her kin 's reworked version , what would she say ?	If X had a time machine and could take a look at X's kin 's reworked version , what would X say ?
0	If Julissa had a time machine and could take a look at her kin 's reworked version , what would she say ?	If X had a time machine and could take a look at X's kin 's reworked version , what would X say ?
0	If Chihiro had a time machine and could take a look at her kin 's reworked version , what would she say ?	If X had a time machine and could take a look at X's kin 's reworked version , what would X say ?
0	If Jocelinne had a time machine and could take a look at her kin 's reworked version , what would she say ?	If X had a time machine and could take a look at X's kin 's reworked version , what would X say ?
0	If Marie-Noel had a time machine and could take a look at her kin 's reworked version , what would she say ?	If X had a time machine and could take a look at X's kin 's reworked version , what would X say ?
0	If Phairin had a time machine and could take a look at her kin 's reworked version , what would she say ?	If X had a time machine and could take a look at X's kin 's reworked version , what would X say ?
0	If Zoïtsa had a time machine and could take a look at her kin 's reworked version , what would she say ?	If X had a time machine and could take a look at X's kin 's reworked version , what would X say ?
0	If Elyesea had a time machine and could take a look at her kin 's reworked version , what would she say ?	If X had a time machine and could take a look at X's kin 's reworked version , what would X say ?
0	If Souhayla had a time machine and could take a look at her kin 's reworked version , what would she say ?	If X had a time machine and could take a look at X's kin 's reworked version , what would X say ?
0	If Toke had a time machine and could take a look at her kin 's reworked version , what would she say ?	If X had a time machine and could take a look at X's kin 's reworked version , what would X say ?
0	If Venora had a time machine and could take a look at her kin 's reworked version , what would she say ?	If X had a time machine and could take a look at X's kin 's reworked version , what would X say ?
0	If Orphi had a time machine and could take a look at her kin 's reworked version , what would she say ?	If X had a time machine and could take a look at X's kin 's reworked version , what would X say ?
0	If Luane had a time machine and could take a look at her kin 's reworked version , what would she say ?	If X had a time machine and could take a look at X's kin 's reworked version , what would X say ?
0	If Bicetta had a time machine and could take a look at her kin 's reworked version , what would she say ?	If X had a time machine and could take a look at X's kin 's reworked version , what would X say ?
0	If Tendy had a time machine and could take a look at her kin 's reworked version , what would she say ?	If X had a time machine and could take a look at X's kin 's reworked version , what would X say ?
0	If Ethelle had a time machine and could take a look at her kin 's reworked version , what would she say ?	If X had a time machine and could take a look at X's kin 's reworked version , what would X say ?
0	If Elaisha had a time machine and could take a look at her kin 's reworked version , what would she say ?	If X had a time machine and could take a look at X's kin 's reworked version , what would X say ?
0	If Gertruda had a time machine and could take a look at her kin 's reworked version , what would she say ?	If X had a time machine and could take a look at X's kin 's reworked version , what would X say ?
0	If Martusia had a time machine and could take a look at her kin 's reworked version , what would she say ?	If X had a time machine and could take a look at X's kin 's reworked version , what would X say ?
0	If Feyme had a time machine and could take a look at her kin 's reworked version , what would she say ?	If X had a time machine and could take a look at X's kin 's reworked version , what would X say ?
0	If Auphelie had a time machine and could take a look at her kin 's reworked version , what would she say ?	If X had a time machine and could take a look at X's kin 's reworked version , what would X say ?
