0	MIB II is a movie that makes it possible for the viewer to doze off for a few minutes or make several runs to the concession stand Palona restroom and not feel as if he or she has missed anything .	MIB II is a movie that makes it possible for the viewer to doze off for a few minutes or make several runs to the concession stand X restroom and not feel as if X or she has missed anything .
0	MIB II is a movie that makes it possible for the viewer to doze off for a few minutes or make several runs to the concession stand Benedetto restroom and not feel as if he or she has missed anything .	MIB II is a movie that makes it possible for the viewer to doze off for a few minutes or make several runs to the concession stand X restroom and not feel as if X or she has missed anything .
0	MIB II is a movie that makes it possible for the viewer to doze off for a few minutes or make several runs to the concession stand Kallimah restroom and not feel as if he or she has missed anything .	MIB II is a movie that makes it possible for the viewer to doze off for a few minutes or make several runs to the concession stand X restroom and not feel as if X or she has missed anything .
0	MIB II is a movie that makes it possible for the viewer to doze off for a few minutes or make several runs to the concession stand Xudong restroom and not feel as if he or she has missed anything .	MIB II is a movie that makes it possible for the viewer to doze off for a few minutes or make several runs to the concession stand X restroom and not feel as if X or she has missed anything .
0	MIB II is a movie that makes it possible for the viewer to doze off for a few minutes or make several runs to the concession stand Xilian restroom and not feel as if he or she has missed anything .	MIB II is a movie that makes it possible for the viewer to doze off for a few minutes or make several runs to the concession stand X restroom and not feel as if X or she has missed anything .
0	MIB II is a movie that makes it possible for the viewer to doze off for a few minutes or make several runs to the concession stand Galian restroom and not feel as if he or she has missed anything .	MIB II is a movie that makes it possible for the viewer to doze off for a few minutes or make several runs to the concession stand X restroom and not feel as if X or she has missed anything .
0	MIB II is a movie that makes it possible for the viewer to doze off for a few minutes or make several runs to the concession stand Nefis restroom and not feel as if he or she has missed anything .	MIB II is a movie that makes it possible for the viewer to doze off for a few minutes or make several runs to the concession stand X restroom and not feel as if X or she has missed anything .
0	MIB II is a movie that makes it possible for the viewer to doze off for a few minutes or make several runs to the concession stand Lynott restroom and not feel as if he or she has missed anything .	MIB II is a movie that makes it possible for the viewer to doze off for a few minutes or make several runs to the concession stand X restroom and not feel as if X or she has missed anything .
0	MIB II is a movie that makes it possible for the viewer to doze off for a few minutes or make several runs to the concession stand Avraamij restroom and not feel as if he or she has missed anything .	MIB II is a movie that makes it possible for the viewer to doze off for a few minutes or make several runs to the concession stand X restroom and not feel as if X or she has missed anything .
0	MIB II is a movie that makes it possible for the viewer to doze off for a few minutes or make several runs to the concession stand Soulemane restroom and not feel as if he or she has missed anything .	MIB II is a movie that makes it possible for the viewer to doze off for a few minutes or make several runs to the concession stand X restroom and not feel as if X or she has missed anything .
0	MIB II is a movie that makes it possible for the viewer to doze off for a few minutes or make several runs to the concession stand Remco restroom and not feel as if he or she has missed anything .	MIB II is a movie that makes it possible for the viewer to doze off for a few minutes or make several runs to the concession stand X restroom and not feel as if X or she has missed anything .
0	MIB II is a movie that makes it possible for the viewer to doze off for a few minutes or make several runs to the concession stand Arjen restroom and not feel as if he or she has missed anything .	MIB II is a movie that makes it possible for the viewer to doze off for a few minutes or make several runs to the concession stand X restroom and not feel as if X or she has missed anything .
0	MIB II is a movie that makes it possible for the viewer to doze off for a few minutes or make several runs to the concession stand Manindra restroom and not feel as if he or she has missed anything .	MIB II is a movie that makes it possible for the viewer to doze off for a few minutes or make several runs to the concession stand X restroom and not feel as if X or she has missed anything .
0	MIB II is a movie that makes it possible for the viewer to doze off for a few minutes or make several runs to the concession stand Epiteto restroom and not feel as if he or she has missed anything .	MIB II is a movie that makes it possible for the viewer to doze off for a few minutes or make several runs to the concession stand X restroom and not feel as if X or she has missed anything .
0	MIB II is a movie that makes it possible for the viewer to doze off for a few minutes or make several runs to the concession stand Pianco restroom and not feel as if he or she has missed anything .	MIB II is a movie that makes it possible for the viewer to doze off for a few minutes or make several runs to the concession stand X restroom and not feel as if X or she has missed anything .
0	MIB II is a movie that makes it possible for the viewer to doze off for a few minutes or make several runs to the concession stand Cotsos restroom and not feel as if he or she has missed anything .	MIB II is a movie that makes it possible for the viewer to doze off for a few minutes or make several runs to the concession stand X restroom and not feel as if X or she has missed anything .
0	MIB II is a movie that makes it possible for the viewer to doze off for a few minutes or make several runs to the concession stand Chengyu restroom and not feel as if he or she has missed anything .	MIB II is a movie that makes it possible for the viewer to doze off for a few minutes or make several runs to the concession stand X restroom and not feel as if X or she has missed anything .
0	MIB II is a movie that makes it possible for the viewer to doze off for a few minutes or make several runs to the concession stand Rostislav restroom and not feel as if he or she has missed anything .	MIB II is a movie that makes it possible for the viewer to doze off for a few minutes or make several runs to the concession stand X restroom and not feel as if X or she has missed anything .
0	MIB II is a movie that makes it possible for the viewer to doze off for a few minutes or make several runs to the concession stand Mayur restroom and not feel as if he or she has missed anything .	MIB II is a movie that makes it possible for the viewer to doze off for a few minutes or make several runs to the concession stand X restroom and not feel as if X or she has missed anything .
0	MIB II is a movie that makes it possible for the viewer to doze off for a few minutes or make several runs to the concession stand Xhuliano restroom and not feel as if he or she has missed anything .	MIB II is a movie that makes it possible for the viewer to doze off for a few minutes or make several runs to the concession stand X restroom and not feel as if X or she has missed anything .
0	MIB II is a movie that makes it possible for the viewer to doze off for a few minutes or make several runs to the concession stand Мамант restroom and not feel as if he or she has missed anything .	MIB II is a movie that makes it possible for the viewer to doze off for a few minutes or make several runs to the concession stand X restroom and not feel as if X or she has missed anything .
0	MIB II is a movie that makes it possible for the viewer to doze off for a few minutes or make several runs to the concession stand Remme restroom and not feel as if he or she has missed anything .	MIB II is a movie that makes it possible for the viewer to doze off for a few minutes or make several runs to the concession stand X restroom and not feel as if X or she has missed anything .
0	MIB II is a movie that makes it possible for the viewer to doze off for a few minutes or make several runs to the concession stand Bhadrasraya restroom and not feel as if he or she has missed anything .	MIB II is a movie that makes it possible for the viewer to doze off for a few minutes or make several runs to the concession stand X restroom and not feel as if X or she has missed anything .
0	MIB II is a movie that makes it possible for the viewer to doze off for a few minutes or make several runs to the concession stand Roene restroom and not feel as if he or she has missed anything .	MIB II is a movie that makes it possible for the viewer to doze off for a few minutes or make several runs to the concession stand X restroom and not feel as if X or she has missed anything .
0	MIB II is a movie that makes it possible for the viewer to doze off for a few minutes or make several runs to the concession stand Ubayd restroom and not feel as if he or she has missed anything .	MIB II is a movie that makes it possible for the viewer to doze off for a few minutes or make several runs to the concession stand X restroom and not feel as if X or she has missed anything .
0	MIB II is a movie that makes it possible for the viewer to doze off for a few minutes or make several runs to the concession stand Stig restroom and not feel as if he or she has missed anything .	MIB II is a movie that makes it possible for the viewer to doze off for a few minutes or make several runs to the concession stand X restroom and not feel as if X or she has missed anything .
0	MIB II is a movie that makes it possible for the viewer to doze off for a few minutes or make several runs to the concession stand Tymon restroom and not feel as if he or she has missed anything .	MIB II is a movie that makes it possible for the viewer to doze off for a few minutes or make several runs to the concession stand X restroom and not feel as if X or she has missed anything .
0	MIB II is a movie that makes it possible for the viewer to doze off for a few minutes or make several runs to the concession stand Berrie restroom and not feel as if he or she has missed anything .	MIB II is a movie that makes it possible for the viewer to doze off for a few minutes or make several runs to the concession stand X restroom and not feel as if X or she has missed anything .
0	MIB II is a movie that makes it possible for the viewer to doze off for a few minutes or make several runs to the concession stand Акиндин restroom and not feel as if he or she has missed anything .	MIB II is a movie that makes it possible for the viewer to doze off for a few minutes or make several runs to the concession stand X restroom and not feel as if X or she has missed anything .
0	MIB II is a movie that makes it possible for the viewer to doze off for a few minutes or make several runs to the concession stand Danyar restroom and not feel as if he or she has missed anything .	MIB II is a movie that makes it possible for the viewer to doze off for a few minutes or make several runs to the concession stand X restroom and not feel as if X or she has missed anything .
0	MIB II is a movie that makes it possible for the viewer to doze off for a few minutes or make several runs to the concession stand Sveya restroom and not feel as if she or she has missed anything .	MIB II is a movie that makes it possible for the viewer to doze off for a few minutes or make several runs to the concession stand X restroom and not feel as if X or she has missed anything .
0	MIB II is a movie that makes it possible for the viewer to doze off for a few minutes or make several runs to the concession stand Suri restroom and not feel as if she or she has missed anything .	MIB II is a movie that makes it possible for the viewer to doze off for a few minutes or make several runs to the concession stand X restroom and not feel as if X or she has missed anything .
0	MIB II is a movie that makes it possible for the viewer to doze off for a few minutes or make several runs to the concession stand Men restroom and not feel as if she or she has missed anything .	MIB II is a movie that makes it possible for the viewer to doze off for a few minutes or make several runs to the concession stand X restroom and not feel as if X or she has missed anything .
0	MIB II is a movie that makes it possible for the viewer to doze off for a few minutes or make several runs to the concession stand Conliane restroom and not feel as if she or she has missed anything .	MIB II is a movie that makes it possible for the viewer to doze off for a few minutes or make several runs to the concession stand X restroom and not feel as if X or she has missed anything .
0	MIB II is a movie that makes it possible for the viewer to doze off for a few minutes or make several runs to the concession stand Modestie restroom and not feel as if she or she has missed anything .	MIB II is a movie that makes it possible for the viewer to doze off for a few minutes or make several runs to the concession stand X restroom and not feel as if X or she has missed anything .
0	MIB II is a movie that makes it possible for the viewer to doze off for a few minutes or make several runs to the concession stand Aleagh restroom and not feel as if she or she has missed anything .	MIB II is a movie that makes it possible for the viewer to doze off for a few minutes or make several runs to the concession stand X restroom and not feel as if X or she has missed anything .
0	MIB II is a movie that makes it possible for the viewer to doze off for a few minutes or make several runs to the concession stand Gezime restroom and not feel as if she or she has missed anything .	MIB II is a movie that makes it possible for the viewer to doze off for a few minutes or make several runs to the concession stand X restroom and not feel as if X or she has missed anything .
0	MIB II is a movie that makes it possible for the viewer to doze off for a few minutes or make several runs to the concession stand Thananya restroom and not feel as if she or she has missed anything .	MIB II is a movie that makes it possible for the viewer to doze off for a few minutes or make several runs to the concession stand X restroom and not feel as if X or she has missed anything .
0	MIB II is a movie that makes it possible for the viewer to doze off for a few minutes or make several runs to the concession stand Mayssan restroom and not feel as if she or she has missed anything .	MIB II is a movie that makes it possible for the viewer to doze off for a few minutes or make several runs to the concession stand X restroom and not feel as if X or she has missed anything .
0	MIB II is a movie that makes it possible for the viewer to doze off for a few minutes or make several runs to the concession stand Amelina restroom and not feel as if she or she has missed anything .	MIB II is a movie that makes it possible for the viewer to doze off for a few minutes or make several runs to the concession stand X restroom and not feel as if X or she has missed anything .
0	MIB II is a movie that makes it possible for the viewer to doze off for a few minutes or make several runs to the concession stand Julissa restroom and not feel as if she or she has missed anything .	MIB II is a movie that makes it possible for the viewer to doze off for a few minutes or make several runs to the concession stand X restroom and not feel as if X or she has missed anything .
0	MIB II is a movie that makes it possible for the viewer to doze off for a few minutes or make several runs to the concession stand Chihiro restroom and not feel as if she or she has missed anything .	MIB II is a movie that makes it possible for the viewer to doze off for a few minutes or make several runs to the concession stand X restroom and not feel as if X or she has missed anything .
0	MIB II is a movie that makes it possible for the viewer to doze off for a few minutes or make several runs to the concession stand Jocelinne restroom and not feel as if she or she has missed anything .	MIB II is a movie that makes it possible for the viewer to doze off for a few minutes or make several runs to the concession stand X restroom and not feel as if X or she has missed anything .
0	MIB II is a movie that makes it possible for the viewer to doze off for a few minutes or make several runs to the concession stand Marie-Noel restroom and not feel as if she or she has missed anything .	MIB II is a movie that makes it possible for the viewer to doze off for a few minutes or make several runs to the concession stand X restroom and not feel as if X or she has missed anything .
0	MIB II is a movie that makes it possible for the viewer to doze off for a few minutes or make several runs to the concession stand Phairin restroom and not feel as if she or she has missed anything .	MIB II is a movie that makes it possible for the viewer to doze off for a few minutes or make several runs to the concession stand X restroom and not feel as if X or she has missed anything .
0	MIB II is a movie that makes it possible for the viewer to doze off for a few minutes or make several runs to the concession stand Zoïtsa restroom and not feel as if she or she has missed anything .	MIB II is a movie that makes it possible for the viewer to doze off for a few minutes or make several runs to the concession stand X restroom and not feel as if X or she has missed anything .
0	MIB II is a movie that makes it possible for the viewer to doze off for a few minutes or make several runs to the concession stand Elyesea restroom and not feel as if she or she has missed anything .	MIB II is a movie that makes it possible for the viewer to doze off for a few minutes or make several runs to the concession stand X restroom and not feel as if X or she has missed anything .
0	MIB II is a movie that makes it possible for the viewer to doze off for a few minutes or make several runs to the concession stand Souhayla restroom and not feel as if she or she has missed anything .	MIB II is a movie that makes it possible for the viewer to doze off for a few minutes or make several runs to the concession stand X restroom and not feel as if X or she has missed anything .
0	MIB II is a movie that makes it possible for the viewer to doze off for a few minutes or make several runs to the concession stand Toke restroom and not feel as if she or she has missed anything .	MIB II is a movie that makes it possible for the viewer to doze off for a few minutes or make several runs to the concession stand X restroom and not feel as if X or she has missed anything .
0	MIB II is a movie that makes it possible for the viewer to doze off for a few minutes or make several runs to the concession stand Venora restroom and not feel as if she or she has missed anything .	MIB II is a movie that makes it possible for the viewer to doze off for a few minutes or make several runs to the concession stand X restroom and not feel as if X or she has missed anything .
0	MIB II is a movie that makes it possible for the viewer to doze off for a few minutes or make several runs to the concession stand Orphi restroom and not feel as if she or she has missed anything .	MIB II is a movie that makes it possible for the viewer to doze off for a few minutes or make several runs to the concession stand X restroom and not feel as if X or she has missed anything .
0	MIB II is a movie that makes it possible for the viewer to doze off for a few minutes or make several runs to the concession stand Luane restroom and not feel as if she or she has missed anything .	MIB II is a movie that makes it possible for the viewer to doze off for a few minutes or make several runs to the concession stand X restroom and not feel as if X or she has missed anything .
0	MIB II is a movie that makes it possible for the viewer to doze off for a few minutes or make several runs to the concession stand Bicetta restroom and not feel as if she or she has missed anything .	MIB II is a movie that makes it possible for the viewer to doze off for a few minutes or make several runs to the concession stand X restroom and not feel as if X or she has missed anything .
0	MIB II is a movie that makes it possible for the viewer to doze off for a few minutes or make several runs to the concession stand Tendy restroom and not feel as if she or she has missed anything .	MIB II is a movie that makes it possible for the viewer to doze off for a few minutes or make several runs to the concession stand X restroom and not feel as if X or she has missed anything .
0	MIB II is a movie that makes it possible for the viewer to doze off for a few minutes or make several runs to the concession stand Ethelle restroom and not feel as if she or she has missed anything .	MIB II is a movie that makes it possible for the viewer to doze off for a few minutes or make several runs to the concession stand X restroom and not feel as if X or she has missed anything .
0	MIB II is a movie that makes it possible for the viewer to doze off for a few minutes or make several runs to the concession stand Elaisha restroom and not feel as if she or she has missed anything .	MIB II is a movie that makes it possible for the viewer to doze off for a few minutes or make several runs to the concession stand X restroom and not feel as if X or she has missed anything .
0	MIB II is a movie that makes it possible for the viewer to doze off for a few minutes or make several runs to the concession stand Gertruda restroom and not feel as if she or she has missed anything .	MIB II is a movie that makes it possible for the viewer to doze off for a few minutes or make several runs to the concession stand X restroom and not feel as if X or she has missed anything .
0	MIB II is a movie that makes it possible for the viewer to doze off for a few minutes or make several runs to the concession stand Martusia restroom and not feel as if she or she has missed anything .	MIB II is a movie that makes it possible for the viewer to doze off for a few minutes or make several runs to the concession stand X restroom and not feel as if X or she has missed anything .
0	MIB II is a movie that makes it possible for the viewer to doze off for a few minutes or make several runs to the concession stand Feyme restroom and not feel as if she or she has missed anything .	MIB II is a movie that makes it possible for the viewer to doze off for a few minutes or make several runs to the concession stand X restroom and not feel as if X or she has missed anything .
0	MIB II is a movie that makes it possible for the viewer to doze off for a few minutes or make several runs to the concession stand Auphelie restroom and not feel as if she or she has missed anything .	MIB II is a movie that makes it possible for the viewer to doze off for a few minutes or make several runs to the concession stand X restroom and not feel as if X or she has missed anything .
