1	Palona makes an amazing breakthrough in his first starring role and eats up the screen .	X makes an amazing breakthrough in X's first starring role and eats up the screen .
1	Benedetto makes an amazing breakthrough in his first starring role and eats up the screen .	X makes an amazing breakthrough in X's first starring role and eats up the screen .
1	Kallimah makes an amazing breakthrough in his first starring role and eats up the screen .	X makes an amazing breakthrough in X's first starring role and eats up the screen .
1	Xudong makes an amazing breakthrough in his first starring role and eats up the screen .	X makes an amazing breakthrough in X's first starring role and eats up the screen .
1	Xilian makes an amazing breakthrough in his first starring role and eats up the screen .	X makes an amazing breakthrough in X's first starring role and eats up the screen .
1	Galian makes an amazing breakthrough in his first starring role and eats up the screen .	X makes an amazing breakthrough in X's first starring role and eats up the screen .
1	Nefis makes an amazing breakthrough in his first starring role and eats up the screen .	X makes an amazing breakthrough in X's first starring role and eats up the screen .
1	Lynott makes an amazing breakthrough in his first starring role and eats up the screen .	X makes an amazing breakthrough in X's first starring role and eats up the screen .
1	Avraamij makes an amazing breakthrough in his first starring role and eats up the screen .	X makes an amazing breakthrough in X's first starring role and eats up the screen .
1	Soulemane makes an amazing breakthrough in his first starring role and eats up the screen .	X makes an amazing breakthrough in X's first starring role and eats up the screen .
1	Remco makes an amazing breakthrough in his first starring role and eats up the screen .	X makes an amazing breakthrough in X's first starring role and eats up the screen .
1	Arjen makes an amazing breakthrough in his first starring role and eats up the screen .	X makes an amazing breakthrough in X's first starring role and eats up the screen .
1	Manindra makes an amazing breakthrough in his first starring role and eats up the screen .	X makes an amazing breakthrough in X's first starring role and eats up the screen .
1	Epiteto makes an amazing breakthrough in his first starring role and eats up the screen .	X makes an amazing breakthrough in X's first starring role and eats up the screen .
1	Pianco makes an amazing breakthrough in his first starring role and eats up the screen .	X makes an amazing breakthrough in X's first starring role and eats up the screen .
1	Cotsos makes an amazing breakthrough in his first starring role and eats up the screen .	X makes an amazing breakthrough in X's first starring role and eats up the screen .
1	Chengyu makes an amazing breakthrough in his first starring role and eats up the screen .	X makes an amazing breakthrough in X's first starring role and eats up the screen .
1	Rostislav makes an amazing breakthrough in his first starring role and eats up the screen .	X makes an amazing breakthrough in X's first starring role and eats up the screen .
1	Mayur makes an amazing breakthrough in his first starring role and eats up the screen .	X makes an amazing breakthrough in X's first starring role and eats up the screen .
1	Xhuliano makes an amazing breakthrough in his first starring role and eats up the screen .	X makes an amazing breakthrough in X's first starring role and eats up the screen .
1	Мамант makes an amazing breakthrough in his first starring role and eats up the screen .	X makes an amazing breakthrough in X's first starring role and eats up the screen .
1	Remme makes an amazing breakthrough in his first starring role and eats up the screen .	X makes an amazing breakthrough in X's first starring role and eats up the screen .
1	Bhadrasraya makes an amazing breakthrough in his first starring role and eats up the screen .	X makes an amazing breakthrough in X's first starring role and eats up the screen .
1	Roene makes an amazing breakthrough in his first starring role and eats up the screen .	X makes an amazing breakthrough in X's first starring role and eats up the screen .
1	Ubayd makes an amazing breakthrough in his first starring role and eats up the screen .	X makes an amazing breakthrough in X's first starring role and eats up the screen .
1	Stig makes an amazing breakthrough in his first starring role and eats up the screen .	X makes an amazing breakthrough in X's first starring role and eats up the screen .
1	Tymon makes an amazing breakthrough in his first starring role and eats up the screen .	X makes an amazing breakthrough in X's first starring role and eats up the screen .
1	Berrie makes an amazing breakthrough in his first starring role and eats up the screen .	X makes an amazing breakthrough in X's first starring role and eats up the screen .
1	Акиндин makes an amazing breakthrough in his first starring role and eats up the screen .	X makes an amazing breakthrough in X's first starring role and eats up the screen .
1	Danyar makes an amazing breakthrough in his first starring role and eats up the screen .	X makes an amazing breakthrough in X's first starring role and eats up the screen .
1	Sveya makes an amazing breakthrough in her first starring role and eats up the screen .	X makes an amazing breakthrough in X's first starring role and eats up the screen .
1	Suri makes an amazing breakthrough in her first starring role and eats up the screen .	X makes an amazing breakthrough in X's first starring role and eats up the screen .
1	Men makes an amazing breakthrough in her first starring role and eats up the screen .	X makes an amazing breakthrough in X's first starring role and eats up the screen .
1	Conliane makes an amazing breakthrough in her first starring role and eats up the screen .	X makes an amazing breakthrough in X's first starring role and eats up the screen .
1	Modestie makes an amazing breakthrough in her first starring role and eats up the screen .	X makes an amazing breakthrough in X's first starring role and eats up the screen .
1	Aleagh makes an amazing breakthrough in her first starring role and eats up the screen .	X makes an amazing breakthrough in X's first starring role and eats up the screen .
1	Gezime makes an amazing breakthrough in her first starring role and eats up the screen .	X makes an amazing breakthrough in X's first starring role and eats up the screen .
1	Thananya makes an amazing breakthrough in her first starring role and eats up the screen .	X makes an amazing breakthrough in X's first starring role and eats up the screen .
1	Mayssan makes an amazing breakthrough in her first starring role and eats up the screen .	X makes an amazing breakthrough in X's first starring role and eats up the screen .
1	Amelina makes an amazing breakthrough in her first starring role and eats up the screen .	X makes an amazing breakthrough in X's first starring role and eats up the screen .
1	Julissa makes an amazing breakthrough in her first starring role and eats up the screen .	X makes an amazing breakthrough in X's first starring role and eats up the screen .
1	Chihiro makes an amazing breakthrough in her first starring role and eats up the screen .	X makes an amazing breakthrough in X's first starring role and eats up the screen .
1	Jocelinne makes an amazing breakthrough in her first starring role and eats up the screen .	X makes an amazing breakthrough in X's first starring role and eats up the screen .
1	Marie-Noel makes an amazing breakthrough in her first starring role and eats up the screen .	X makes an amazing breakthrough in X's first starring role and eats up the screen .
1	Phairin makes an amazing breakthrough in her first starring role and eats up the screen .	X makes an amazing breakthrough in X's first starring role and eats up the screen .
1	Zoïtsa makes an amazing breakthrough in her first starring role and eats up the screen .	X makes an amazing breakthrough in X's first starring role and eats up the screen .
1	Elyesea makes an amazing breakthrough in her first starring role and eats up the screen .	X makes an amazing breakthrough in X's first starring role and eats up the screen .
1	Souhayla makes an amazing breakthrough in her first starring role and eats up the screen .	X makes an amazing breakthrough in X's first starring role and eats up the screen .
1	Toke makes an amazing breakthrough in her first starring role and eats up the screen .	X makes an amazing breakthrough in X's first starring role and eats up the screen .
1	Venora makes an amazing breakthrough in her first starring role and eats up the screen .	X makes an amazing breakthrough in X's first starring role and eats up the screen .
1	Orphi makes an amazing breakthrough in her first starring role and eats up the screen .	X makes an amazing breakthrough in X's first starring role and eats up the screen .
1	Luane makes an amazing breakthrough in her first starring role and eats up the screen .	X makes an amazing breakthrough in X's first starring role and eats up the screen .
1	Bicetta makes an amazing breakthrough in her first starring role and eats up the screen .	X makes an amazing breakthrough in X's first starring role and eats up the screen .
1	Tendy makes an amazing breakthrough in her first starring role and eats up the screen .	X makes an amazing breakthrough in X's first starring role and eats up the screen .
1	Ethelle makes an amazing breakthrough in her first starring role and eats up the screen .	X makes an amazing breakthrough in X's first starring role and eats up the screen .
1	Elaisha makes an amazing breakthrough in her first starring role and eats up the screen .	X makes an amazing breakthrough in X's first starring role and eats up the screen .
1	Gertruda makes an amazing breakthrough in her first starring role and eats up the screen .	X makes an amazing breakthrough in X's first starring role and eats up the screen .
1	Martusia makes an amazing breakthrough in her first starring role and eats up the screen .	X makes an amazing breakthrough in X's first starring role and eats up the screen .
1	Feyme makes an amazing breakthrough in her first starring role and eats up the screen .	X makes an amazing breakthrough in X's first starring role and eats up the screen .
1	Auphelie makes an amazing breakthrough in her first starring role and eats up the screen .	X makes an amazing breakthrough in X's first starring role and eats up the screen .
