0	While you have to admit it 's semi-amusing to watch Palona belt out `` When you 're a Jet , you 're a Jet all the way , '' it 's equally distasteful to watch him sing the lyrics to `` Tonight . ''	While you have to admit it 's semi-amusing to watch X belt out `` When you 're a Jet , you 're a Jet all the way , '' it 's equally distasteful to watch X sing the lyrics to `` Tonight . ''
0	While you have to admit it 's semi-amusing to watch Benedetto belt out `` When you 're a Jet , you 're a Jet all the way , '' it 's equally distasteful to watch him sing the lyrics to `` Tonight . ''	While you have to admit it 's semi-amusing to watch X belt out `` When you 're a Jet , you 're a Jet all the way , '' it 's equally distasteful to watch X sing the lyrics to `` Tonight . ''
0	While you have to admit it 's semi-amusing to watch Kallimah belt out `` When you 're a Jet , you 're a Jet all the way , '' it 's equally distasteful to watch him sing the lyrics to `` Tonight . ''	While you have to admit it 's semi-amusing to watch X belt out `` When you 're a Jet , you 're a Jet all the way , '' it 's equally distasteful to watch X sing the lyrics to `` Tonight . ''
0	While you have to admit it 's semi-amusing to watch Xudong belt out `` When you 're a Jet , you 're a Jet all the way , '' it 's equally distasteful to watch him sing the lyrics to `` Tonight . ''	While you have to admit it 's semi-amusing to watch X belt out `` When you 're a Jet , you 're a Jet all the way , '' it 's equally distasteful to watch X sing the lyrics to `` Tonight . ''
0	While you have to admit it 's semi-amusing to watch Xilian belt out `` When you 're a Jet , you 're a Jet all the way , '' it 's equally distasteful to watch him sing the lyrics to `` Tonight . ''	While you have to admit it 's semi-amusing to watch X belt out `` When you 're a Jet , you 're a Jet all the way , '' it 's equally distasteful to watch X sing the lyrics to `` Tonight . ''
0	While you have to admit it 's semi-amusing to watch Galian belt out `` When you 're a Jet , you 're a Jet all the way , '' it 's equally distasteful to watch him sing the lyrics to `` Tonight . ''	While you have to admit it 's semi-amusing to watch X belt out `` When you 're a Jet , you 're a Jet all the way , '' it 's equally distasteful to watch X sing the lyrics to `` Tonight . ''
0	While you have to admit it 's semi-amusing to watch Nefis belt out `` When you 're a Jet , you 're a Jet all the way , '' it 's equally distasteful to watch him sing the lyrics to `` Tonight . ''	While you have to admit it 's semi-amusing to watch X belt out `` When you 're a Jet , you 're a Jet all the way , '' it 's equally distasteful to watch X sing the lyrics to `` Tonight . ''
0	While you have to admit it 's semi-amusing to watch Lynott belt out `` When you 're a Jet , you 're a Jet all the way , '' it 's equally distasteful to watch him sing the lyrics to `` Tonight . ''	While you have to admit it 's semi-amusing to watch X belt out `` When you 're a Jet , you 're a Jet all the way , '' it 's equally distasteful to watch X sing the lyrics to `` Tonight . ''
0	While you have to admit it 's semi-amusing to watch Avraamij belt out `` When you 're a Jet , you 're a Jet all the way , '' it 's equally distasteful to watch him sing the lyrics to `` Tonight . ''	While you have to admit it 's semi-amusing to watch X belt out `` When you 're a Jet , you 're a Jet all the way , '' it 's equally distasteful to watch X sing the lyrics to `` Tonight . ''
0	While you have to admit it 's semi-amusing to watch Soulemane belt out `` When you 're a Jet , you 're a Jet all the way , '' it 's equally distasteful to watch him sing the lyrics to `` Tonight . ''	While you have to admit it 's semi-amusing to watch X belt out `` When you 're a Jet , you 're a Jet all the way , '' it 's equally distasteful to watch X sing the lyrics to `` Tonight . ''
0	While you have to admit it 's semi-amusing to watch Remco belt out `` When you 're a Jet , you 're a Jet all the way , '' it 's equally distasteful to watch him sing the lyrics to `` Tonight . ''	While you have to admit it 's semi-amusing to watch X belt out `` When you 're a Jet , you 're a Jet all the way , '' it 's equally distasteful to watch X sing the lyrics to `` Tonight . ''
0	While you have to admit it 's semi-amusing to watch Arjen belt out `` When you 're a Jet , you 're a Jet all the way , '' it 's equally distasteful to watch him sing the lyrics to `` Tonight . ''	While you have to admit it 's semi-amusing to watch X belt out `` When you 're a Jet , you 're a Jet all the way , '' it 's equally distasteful to watch X sing the lyrics to `` Tonight . ''
0	While you have to admit it 's semi-amusing to watch Manindra belt out `` When you 're a Jet , you 're a Jet all the way , '' it 's equally distasteful to watch him sing the lyrics to `` Tonight . ''	While you have to admit it 's semi-amusing to watch X belt out `` When you 're a Jet , you 're a Jet all the way , '' it 's equally distasteful to watch X sing the lyrics to `` Tonight . ''
0	While you have to admit it 's semi-amusing to watch Epiteto belt out `` When you 're a Jet , you 're a Jet all the way , '' it 's equally distasteful to watch him sing the lyrics to `` Tonight . ''	While you have to admit it 's semi-amusing to watch X belt out `` When you 're a Jet , you 're a Jet all the way , '' it 's equally distasteful to watch X sing the lyrics to `` Tonight . ''
0	While you have to admit it 's semi-amusing to watch Pianco belt out `` When you 're a Jet , you 're a Jet all the way , '' it 's equally distasteful to watch him sing the lyrics to `` Tonight . ''	While you have to admit it 's semi-amusing to watch X belt out `` When you 're a Jet , you 're a Jet all the way , '' it 's equally distasteful to watch X sing the lyrics to `` Tonight . ''
0	While you have to admit it 's semi-amusing to watch Cotsos belt out `` When you 're a Jet , you 're a Jet all the way , '' it 's equally distasteful to watch him sing the lyrics to `` Tonight . ''	While you have to admit it 's semi-amusing to watch X belt out `` When you 're a Jet , you 're a Jet all the way , '' it 's equally distasteful to watch X sing the lyrics to `` Tonight . ''
0	While you have to admit it 's semi-amusing to watch Chengyu belt out `` When you 're a Jet , you 're a Jet all the way , '' it 's equally distasteful to watch him sing the lyrics to `` Tonight . ''	While you have to admit it 's semi-amusing to watch X belt out `` When you 're a Jet , you 're a Jet all the way , '' it 's equally distasteful to watch X sing the lyrics to `` Tonight . ''
0	While you have to admit it 's semi-amusing to watch Rostislav belt out `` When you 're a Jet , you 're a Jet all the way , '' it 's equally distasteful to watch him sing the lyrics to `` Tonight . ''	While you have to admit it 's semi-amusing to watch X belt out `` When you 're a Jet , you 're a Jet all the way , '' it 's equally distasteful to watch X sing the lyrics to `` Tonight . ''
0	While you have to admit it 's semi-amusing to watch Mayur belt out `` When you 're a Jet , you 're a Jet all the way , '' it 's equally distasteful to watch him sing the lyrics to `` Tonight . ''	While you have to admit it 's semi-amusing to watch X belt out `` When you 're a Jet , you 're a Jet all the way , '' it 's equally distasteful to watch X sing the lyrics to `` Tonight . ''
0	While you have to admit it 's semi-amusing to watch Xhuliano belt out `` When you 're a Jet , you 're a Jet all the way , '' it 's equally distasteful to watch him sing the lyrics to `` Tonight . ''	While you have to admit it 's semi-amusing to watch X belt out `` When you 're a Jet , you 're a Jet all the way , '' it 's equally distasteful to watch X sing the lyrics to `` Tonight . ''
0	While you have to admit it 's semi-amusing to watch Мамант belt out `` When you 're a Jet , you 're a Jet all the way , '' it 's equally distasteful to watch him sing the lyrics to `` Tonight . ''	While you have to admit it 's semi-amusing to watch X belt out `` When you 're a Jet , you 're a Jet all the way , '' it 's equally distasteful to watch X sing the lyrics to `` Tonight . ''
0	While you have to admit it 's semi-amusing to watch Remme belt out `` When you 're a Jet , you 're a Jet all the way , '' it 's equally distasteful to watch him sing the lyrics to `` Tonight . ''	While you have to admit it 's semi-amusing to watch X belt out `` When you 're a Jet , you 're a Jet all the way , '' it 's equally distasteful to watch X sing the lyrics to `` Tonight . ''
0	While you have to admit it 's semi-amusing to watch Bhadrasraya belt out `` When you 're a Jet , you 're a Jet all the way , '' it 's equally distasteful to watch him sing the lyrics to `` Tonight . ''	While you have to admit it 's semi-amusing to watch X belt out `` When you 're a Jet , you 're a Jet all the way , '' it 's equally distasteful to watch X sing the lyrics to `` Tonight . ''
0	While you have to admit it 's semi-amusing to watch Roene belt out `` When you 're a Jet , you 're a Jet all the way , '' it 's equally distasteful to watch him sing the lyrics to `` Tonight . ''	While you have to admit it 's semi-amusing to watch X belt out `` When you 're a Jet , you 're a Jet all the way , '' it 's equally distasteful to watch X sing the lyrics to `` Tonight . ''
0	While you have to admit it 's semi-amusing to watch Ubayd belt out `` When you 're a Jet , you 're a Jet all the way , '' it 's equally distasteful to watch him sing the lyrics to `` Tonight . ''	While you have to admit it 's semi-amusing to watch X belt out `` When you 're a Jet , you 're a Jet all the way , '' it 's equally distasteful to watch X sing the lyrics to `` Tonight . ''
0	While you have to admit it 's semi-amusing to watch Stig belt out `` When you 're a Jet , you 're a Jet all the way , '' it 's equally distasteful to watch him sing the lyrics to `` Tonight . ''	While you have to admit it 's semi-amusing to watch X belt out `` When you 're a Jet , you 're a Jet all the way , '' it 's equally distasteful to watch X sing the lyrics to `` Tonight . ''
0	While you have to admit it 's semi-amusing to watch Tymon belt out `` When you 're a Jet , you 're a Jet all the way , '' it 's equally distasteful to watch him sing the lyrics to `` Tonight . ''	While you have to admit it 's semi-amusing to watch X belt out `` When you 're a Jet , you 're a Jet all the way , '' it 's equally distasteful to watch X sing the lyrics to `` Tonight . ''
0	While you have to admit it 's semi-amusing to watch Berrie belt out `` When you 're a Jet , you 're a Jet all the way , '' it 's equally distasteful to watch him sing the lyrics to `` Tonight . ''	While you have to admit it 's semi-amusing to watch X belt out `` When you 're a Jet , you 're a Jet all the way , '' it 's equally distasteful to watch X sing the lyrics to `` Tonight . ''
0	While you have to admit it 's semi-amusing to watch Акиндин belt out `` When you 're a Jet , you 're a Jet all the way , '' it 's equally distasteful to watch him sing the lyrics to `` Tonight . ''	While you have to admit it 's semi-amusing to watch X belt out `` When you 're a Jet , you 're a Jet all the way , '' it 's equally distasteful to watch X sing the lyrics to `` Tonight . ''
0	While you have to admit it 's semi-amusing to watch Danyar belt out `` When you 're a Jet , you 're a Jet all the way , '' it 's equally distasteful to watch him sing the lyrics to `` Tonight . ''	While you have to admit it 's semi-amusing to watch X belt out `` When you 're a Jet , you 're a Jet all the way , '' it 's equally distasteful to watch X sing the lyrics to `` Tonight . ''
0	While you have to admit it 's semi-amusing to watch Sveya belt out `` When you 're a Jet , you 're a Jet all the way , '' it 's equally distasteful to watch her sing the lyrics to `` Tonight . ''	While you have to admit it 's semi-amusing to watch X belt out `` When you 're a Jet , you 're a Jet all the way , '' it 's equally distasteful to watch X sing the lyrics to `` Tonight . ''
0	While you have to admit it 's semi-amusing to watch Suri belt out `` When you 're a Jet , you 're a Jet all the way , '' it 's equally distasteful to watch her sing the lyrics to `` Tonight . ''	While you have to admit it 's semi-amusing to watch X belt out `` When you 're a Jet , you 're a Jet all the way , '' it 's equally distasteful to watch X sing the lyrics to `` Tonight . ''
0	While you have to admit it 's semi-amusing to watch Men belt out `` When you 're a Jet , you 're a Jet all the way , '' it 's equally distasteful to watch her sing the lyrics to `` Tonight . ''	While you have to admit it 's semi-amusing to watch X belt out `` When you 're a Jet , you 're a Jet all the way , '' it 's equally distasteful to watch X sing the lyrics to `` Tonight . ''
0	While you have to admit it 's semi-amusing to watch Conliane belt out `` When you 're a Jet , you 're a Jet all the way , '' it 's equally distasteful to watch her sing the lyrics to `` Tonight . ''	While you have to admit it 's semi-amusing to watch X belt out `` When you 're a Jet , you 're a Jet all the way , '' it 's equally distasteful to watch X sing the lyrics to `` Tonight . ''
0	While you have to admit it 's semi-amusing to watch Modestie belt out `` When you 're a Jet , you 're a Jet all the way , '' it 's equally distasteful to watch her sing the lyrics to `` Tonight . ''	While you have to admit it 's semi-amusing to watch X belt out `` When you 're a Jet , you 're a Jet all the way , '' it 's equally distasteful to watch X sing the lyrics to `` Tonight . ''
0	While you have to admit it 's semi-amusing to watch Aleagh belt out `` When you 're a Jet , you 're a Jet all the way , '' it 's equally distasteful to watch her sing the lyrics to `` Tonight . ''	While you have to admit it 's semi-amusing to watch X belt out `` When you 're a Jet , you 're a Jet all the way , '' it 's equally distasteful to watch X sing the lyrics to `` Tonight . ''
0	While you have to admit it 's semi-amusing to watch Gezime belt out `` When you 're a Jet , you 're a Jet all the way , '' it 's equally distasteful to watch her sing the lyrics to `` Tonight . ''	While you have to admit it 's semi-amusing to watch X belt out `` When you 're a Jet , you 're a Jet all the way , '' it 's equally distasteful to watch X sing the lyrics to `` Tonight . ''
0	While you have to admit it 's semi-amusing to watch Thananya belt out `` When you 're a Jet , you 're a Jet all the way , '' it 's equally distasteful to watch her sing the lyrics to `` Tonight . ''	While you have to admit it 's semi-amusing to watch X belt out `` When you 're a Jet , you 're a Jet all the way , '' it 's equally distasteful to watch X sing the lyrics to `` Tonight . ''
0	While you have to admit it 's semi-amusing to watch Mayssan belt out `` When you 're a Jet , you 're a Jet all the way , '' it 's equally distasteful to watch her sing the lyrics to `` Tonight . ''	While you have to admit it 's semi-amusing to watch X belt out `` When you 're a Jet , you 're a Jet all the way , '' it 's equally distasteful to watch X sing the lyrics to `` Tonight . ''
0	While you have to admit it 's semi-amusing to watch Amelina belt out `` When you 're a Jet , you 're a Jet all the way , '' it 's equally distasteful to watch her sing the lyrics to `` Tonight . ''	While you have to admit it 's semi-amusing to watch X belt out `` When you 're a Jet , you 're a Jet all the way , '' it 's equally distasteful to watch X sing the lyrics to `` Tonight . ''
0	While you have to admit it 's semi-amusing to watch Julissa belt out `` When you 're a Jet , you 're a Jet all the way , '' it 's equally distasteful to watch her sing the lyrics to `` Tonight . ''	While you have to admit it 's semi-amusing to watch X belt out `` When you 're a Jet , you 're a Jet all the way , '' it 's equally distasteful to watch X sing the lyrics to `` Tonight . ''
0	While you have to admit it 's semi-amusing to watch Chihiro belt out `` When you 're a Jet , you 're a Jet all the way , '' it 's equally distasteful to watch her sing the lyrics to `` Tonight . ''	While you have to admit it 's semi-amusing to watch X belt out `` When you 're a Jet , you 're a Jet all the way , '' it 's equally distasteful to watch X sing the lyrics to `` Tonight . ''
0	While you have to admit it 's semi-amusing to watch Jocelinne belt out `` When you 're a Jet , you 're a Jet all the way , '' it 's equally distasteful to watch her sing the lyrics to `` Tonight . ''	While you have to admit it 's semi-amusing to watch X belt out `` When you 're a Jet , you 're a Jet all the way , '' it 's equally distasteful to watch X sing the lyrics to `` Tonight . ''
0	While you have to admit it 's semi-amusing to watch Marie-Noel belt out `` When you 're a Jet , you 're a Jet all the way , '' it 's equally distasteful to watch her sing the lyrics to `` Tonight . ''	While you have to admit it 's semi-amusing to watch X belt out `` When you 're a Jet , you 're a Jet all the way , '' it 's equally distasteful to watch X sing the lyrics to `` Tonight . ''
0	While you have to admit it 's semi-amusing to watch Phairin belt out `` When you 're a Jet , you 're a Jet all the way , '' it 's equally distasteful to watch her sing the lyrics to `` Tonight . ''	While you have to admit it 's semi-amusing to watch X belt out `` When you 're a Jet , you 're a Jet all the way , '' it 's equally distasteful to watch X sing the lyrics to `` Tonight . ''
0	While you have to admit it 's semi-amusing to watch Zoïtsa belt out `` When you 're a Jet , you 're a Jet all the way , '' it 's equally distasteful to watch her sing the lyrics to `` Tonight . ''	While you have to admit it 's semi-amusing to watch X belt out `` When you 're a Jet , you 're a Jet all the way , '' it 's equally distasteful to watch X sing the lyrics to `` Tonight . ''
0	While you have to admit it 's semi-amusing to watch Elyesea belt out `` When you 're a Jet , you 're a Jet all the way , '' it 's equally distasteful to watch her sing the lyrics to `` Tonight . ''	While you have to admit it 's semi-amusing to watch X belt out `` When you 're a Jet , you 're a Jet all the way , '' it 's equally distasteful to watch X sing the lyrics to `` Tonight . ''
0	While you have to admit it 's semi-amusing to watch Souhayla belt out `` When you 're a Jet , you 're a Jet all the way , '' it 's equally distasteful to watch her sing the lyrics to `` Tonight . ''	While you have to admit it 's semi-amusing to watch X belt out `` When you 're a Jet , you 're a Jet all the way , '' it 's equally distasteful to watch X sing the lyrics to `` Tonight . ''
0	While you have to admit it 's semi-amusing to watch Toke belt out `` When you 're a Jet , you 're a Jet all the way , '' it 's equally distasteful to watch her sing the lyrics to `` Tonight . ''	While you have to admit it 's semi-amusing to watch X belt out `` When you 're a Jet , you 're a Jet all the way , '' it 's equally distasteful to watch X sing the lyrics to `` Tonight . ''
0	While you have to admit it 's semi-amusing to watch Venora belt out `` When you 're a Jet , you 're a Jet all the way , '' it 's equally distasteful to watch her sing the lyrics to `` Tonight . ''	While you have to admit it 's semi-amusing to watch X belt out `` When you 're a Jet , you 're a Jet all the way , '' it 's equally distasteful to watch X sing the lyrics to `` Tonight . ''
0	While you have to admit it 's semi-amusing to watch Orphi belt out `` When you 're a Jet , you 're a Jet all the way , '' it 's equally distasteful to watch her sing the lyrics to `` Tonight . ''	While you have to admit it 's semi-amusing to watch X belt out `` When you 're a Jet , you 're a Jet all the way , '' it 's equally distasteful to watch X sing the lyrics to `` Tonight . ''
0	While you have to admit it 's semi-amusing to watch Luane belt out `` When you 're a Jet , you 're a Jet all the way , '' it 's equally distasteful to watch her sing the lyrics to `` Tonight . ''	While you have to admit it 's semi-amusing to watch X belt out `` When you 're a Jet , you 're a Jet all the way , '' it 's equally distasteful to watch X sing the lyrics to `` Tonight . ''
0	While you have to admit it 's semi-amusing to watch Bicetta belt out `` When you 're a Jet , you 're a Jet all the way , '' it 's equally distasteful to watch her sing the lyrics to `` Tonight . ''	While you have to admit it 's semi-amusing to watch X belt out `` When you 're a Jet , you 're a Jet all the way , '' it 's equally distasteful to watch X sing the lyrics to `` Tonight . ''
0	While you have to admit it 's semi-amusing to watch Tendy belt out `` When you 're a Jet , you 're a Jet all the way , '' it 's equally distasteful to watch her sing the lyrics to `` Tonight . ''	While you have to admit it 's semi-amusing to watch X belt out `` When you 're a Jet , you 're a Jet all the way , '' it 's equally distasteful to watch X sing the lyrics to `` Tonight . ''
0	While you have to admit it 's semi-amusing to watch Ethelle belt out `` When you 're a Jet , you 're a Jet all the way , '' it 's equally distasteful to watch her sing the lyrics to `` Tonight . ''	While you have to admit it 's semi-amusing to watch X belt out `` When you 're a Jet , you 're a Jet all the way , '' it 's equally distasteful to watch X sing the lyrics to `` Tonight . ''
0	While you have to admit it 's semi-amusing to watch Elaisha belt out `` When you 're a Jet , you 're a Jet all the way , '' it 's equally distasteful to watch her sing the lyrics to `` Tonight . ''	While you have to admit it 's semi-amusing to watch X belt out `` When you 're a Jet , you 're a Jet all the way , '' it 's equally distasteful to watch X sing the lyrics to `` Tonight . ''
0	While you have to admit it 's semi-amusing to watch Gertruda belt out `` When you 're a Jet , you 're a Jet all the way , '' it 's equally distasteful to watch her sing the lyrics to `` Tonight . ''	While you have to admit it 's semi-amusing to watch X belt out `` When you 're a Jet , you 're a Jet all the way , '' it 's equally distasteful to watch X sing the lyrics to `` Tonight . ''
0	While you have to admit it 's semi-amusing to watch Martusia belt out `` When you 're a Jet , you 're a Jet all the way , '' it 's equally distasteful to watch her sing the lyrics to `` Tonight . ''	While you have to admit it 's semi-amusing to watch X belt out `` When you 're a Jet , you 're a Jet all the way , '' it 's equally distasteful to watch X sing the lyrics to `` Tonight . ''
0	While you have to admit it 's semi-amusing to watch Feyme belt out `` When you 're a Jet , you 're a Jet all the way , '' it 's equally distasteful to watch her sing the lyrics to `` Tonight . ''	While you have to admit it 's semi-amusing to watch X belt out `` When you 're a Jet , you 're a Jet all the way , '' it 's equally distasteful to watch X sing the lyrics to `` Tonight . ''
0	While you have to admit it 's semi-amusing to watch Auphelie belt out `` When you 're a Jet , you 're a Jet all the way , '' it 's equally distasteful to watch her sing the lyrics to `` Tonight . ''	While you have to admit it 's semi-amusing to watch X belt out `` When you 're a Jet , you 're a Jet all the way , '' it 's equally distasteful to watch X sing the lyrics to `` Tonight . ''
