0	With jump cuts , fast editing and lots of pyrotechnics , Palona clearly hopes to camouflage how bad his movie is .	With jump cuts , fast editing and lots of pyrotechnics , X clearly hopes to camouflage how bad X's movie is .
0	With jump cuts , fast editing and lots of pyrotechnics , Benedetto clearly hopes to camouflage how bad his movie is .	With jump cuts , fast editing and lots of pyrotechnics , X clearly hopes to camouflage how bad X's movie is .
0	With jump cuts , fast editing and lots of pyrotechnics , Kallimah clearly hopes to camouflage how bad his movie is .	With jump cuts , fast editing and lots of pyrotechnics , X clearly hopes to camouflage how bad X's movie is .
0	With jump cuts , fast editing and lots of pyrotechnics , Xudong clearly hopes to camouflage how bad his movie is .	With jump cuts , fast editing and lots of pyrotechnics , X clearly hopes to camouflage how bad X's movie is .
0	With jump cuts , fast editing and lots of pyrotechnics , Xilian clearly hopes to camouflage how bad his movie is .	With jump cuts , fast editing and lots of pyrotechnics , X clearly hopes to camouflage how bad X's movie is .
0	With jump cuts , fast editing and lots of pyrotechnics , Galian clearly hopes to camouflage how bad his movie is .	With jump cuts , fast editing and lots of pyrotechnics , X clearly hopes to camouflage how bad X's movie is .
0	With jump cuts , fast editing and lots of pyrotechnics , Nefis clearly hopes to camouflage how bad his movie is .	With jump cuts , fast editing and lots of pyrotechnics , X clearly hopes to camouflage how bad X's movie is .
0	With jump cuts , fast editing and lots of pyrotechnics , Lynott clearly hopes to camouflage how bad his movie is .	With jump cuts , fast editing and lots of pyrotechnics , X clearly hopes to camouflage how bad X's movie is .
0	With jump cuts , fast editing and lots of pyrotechnics , Avraamij clearly hopes to camouflage how bad his movie is .	With jump cuts , fast editing and lots of pyrotechnics , X clearly hopes to camouflage how bad X's movie is .
0	With jump cuts , fast editing and lots of pyrotechnics , Soulemane clearly hopes to camouflage how bad his movie is .	With jump cuts , fast editing and lots of pyrotechnics , X clearly hopes to camouflage how bad X's movie is .
0	With jump cuts , fast editing and lots of pyrotechnics , Remco clearly hopes to camouflage how bad his movie is .	With jump cuts , fast editing and lots of pyrotechnics , X clearly hopes to camouflage how bad X's movie is .
0	With jump cuts , fast editing and lots of pyrotechnics , Arjen clearly hopes to camouflage how bad his movie is .	With jump cuts , fast editing and lots of pyrotechnics , X clearly hopes to camouflage how bad X's movie is .
0	With jump cuts , fast editing and lots of pyrotechnics , Manindra clearly hopes to camouflage how bad his movie is .	With jump cuts , fast editing and lots of pyrotechnics , X clearly hopes to camouflage how bad X's movie is .
0	With jump cuts , fast editing and lots of pyrotechnics , Epiteto clearly hopes to camouflage how bad his movie is .	With jump cuts , fast editing and lots of pyrotechnics , X clearly hopes to camouflage how bad X's movie is .
0	With jump cuts , fast editing and lots of pyrotechnics , Pianco clearly hopes to camouflage how bad his movie is .	With jump cuts , fast editing and lots of pyrotechnics , X clearly hopes to camouflage how bad X's movie is .
0	With jump cuts , fast editing and lots of pyrotechnics , Cotsos clearly hopes to camouflage how bad his movie is .	With jump cuts , fast editing and lots of pyrotechnics , X clearly hopes to camouflage how bad X's movie is .
0	With jump cuts , fast editing and lots of pyrotechnics , Chengyu clearly hopes to camouflage how bad his movie is .	With jump cuts , fast editing and lots of pyrotechnics , X clearly hopes to camouflage how bad X's movie is .
0	With jump cuts , fast editing and lots of pyrotechnics , Rostislav clearly hopes to camouflage how bad his movie is .	With jump cuts , fast editing and lots of pyrotechnics , X clearly hopes to camouflage how bad X's movie is .
0	With jump cuts , fast editing and lots of pyrotechnics , Mayur clearly hopes to camouflage how bad his movie is .	With jump cuts , fast editing and lots of pyrotechnics , X clearly hopes to camouflage how bad X's movie is .
0	With jump cuts , fast editing and lots of pyrotechnics , Xhuliano clearly hopes to camouflage how bad his movie is .	With jump cuts , fast editing and lots of pyrotechnics , X clearly hopes to camouflage how bad X's movie is .
0	With jump cuts , fast editing and lots of pyrotechnics , Мамант clearly hopes to camouflage how bad his movie is .	With jump cuts , fast editing and lots of pyrotechnics , X clearly hopes to camouflage how bad X's movie is .
0	With jump cuts , fast editing and lots of pyrotechnics , Remme clearly hopes to camouflage how bad his movie is .	With jump cuts , fast editing and lots of pyrotechnics , X clearly hopes to camouflage how bad X's movie is .
0	With jump cuts , fast editing and lots of pyrotechnics , Bhadrasraya clearly hopes to camouflage how bad his movie is .	With jump cuts , fast editing and lots of pyrotechnics , X clearly hopes to camouflage how bad X's movie is .
0	With jump cuts , fast editing and lots of pyrotechnics , Roene clearly hopes to camouflage how bad his movie is .	With jump cuts , fast editing and lots of pyrotechnics , X clearly hopes to camouflage how bad X's movie is .
0	With jump cuts , fast editing and lots of pyrotechnics , Ubayd clearly hopes to camouflage how bad his movie is .	With jump cuts , fast editing and lots of pyrotechnics , X clearly hopes to camouflage how bad X's movie is .
0	With jump cuts , fast editing and lots of pyrotechnics , Stig clearly hopes to camouflage how bad his movie is .	With jump cuts , fast editing and lots of pyrotechnics , X clearly hopes to camouflage how bad X's movie is .
0	With jump cuts , fast editing and lots of pyrotechnics , Tymon clearly hopes to camouflage how bad his movie is .	With jump cuts , fast editing and lots of pyrotechnics , X clearly hopes to camouflage how bad X's movie is .
0	With jump cuts , fast editing and lots of pyrotechnics , Berrie clearly hopes to camouflage how bad his movie is .	With jump cuts , fast editing and lots of pyrotechnics , X clearly hopes to camouflage how bad X's movie is .
0	With jump cuts , fast editing and lots of pyrotechnics , Акиндин clearly hopes to camouflage how bad his movie is .	With jump cuts , fast editing and lots of pyrotechnics , X clearly hopes to camouflage how bad X's movie is .
0	With jump cuts , fast editing and lots of pyrotechnics , Danyar clearly hopes to camouflage how bad his movie is .	With jump cuts , fast editing and lots of pyrotechnics , X clearly hopes to camouflage how bad X's movie is .
0	With jump cuts , fast editing and lots of pyrotechnics , Sveya clearly hopes to camouflage how bad her movie is .	With jump cuts , fast editing and lots of pyrotechnics , X clearly hopes to camouflage how bad X's movie is .
0	With jump cuts , fast editing and lots of pyrotechnics , Suri clearly hopes to camouflage how bad her movie is .	With jump cuts , fast editing and lots of pyrotechnics , X clearly hopes to camouflage how bad X's movie is .
0	With jump cuts , fast editing and lots of pyrotechnics , Men clearly hopes to camouflage how bad her movie is .	With jump cuts , fast editing and lots of pyrotechnics , X clearly hopes to camouflage how bad X's movie is .
0	With jump cuts , fast editing and lots of pyrotechnics , Conliane clearly hopes to camouflage how bad her movie is .	With jump cuts , fast editing and lots of pyrotechnics , X clearly hopes to camouflage how bad X's movie is .
0	With jump cuts , fast editing and lots of pyrotechnics , Modestie clearly hopes to camouflage how bad her movie is .	With jump cuts , fast editing and lots of pyrotechnics , X clearly hopes to camouflage how bad X's movie is .
0	With jump cuts , fast editing and lots of pyrotechnics , Aleagh clearly hopes to camouflage how bad her movie is .	With jump cuts , fast editing and lots of pyrotechnics , X clearly hopes to camouflage how bad X's movie is .
0	With jump cuts , fast editing and lots of pyrotechnics , Gezime clearly hopes to camouflage how bad her movie is .	With jump cuts , fast editing and lots of pyrotechnics , X clearly hopes to camouflage how bad X's movie is .
0	With jump cuts , fast editing and lots of pyrotechnics , Thananya clearly hopes to camouflage how bad her movie is .	With jump cuts , fast editing and lots of pyrotechnics , X clearly hopes to camouflage how bad X's movie is .
0	With jump cuts , fast editing and lots of pyrotechnics , Mayssan clearly hopes to camouflage how bad her movie is .	With jump cuts , fast editing and lots of pyrotechnics , X clearly hopes to camouflage how bad X's movie is .
0	With jump cuts , fast editing and lots of pyrotechnics , Amelina clearly hopes to camouflage how bad her movie is .	With jump cuts , fast editing and lots of pyrotechnics , X clearly hopes to camouflage how bad X's movie is .
0	With jump cuts , fast editing and lots of pyrotechnics , Julissa clearly hopes to camouflage how bad her movie is .	With jump cuts , fast editing and lots of pyrotechnics , X clearly hopes to camouflage how bad X's movie is .
0	With jump cuts , fast editing and lots of pyrotechnics , Chihiro clearly hopes to camouflage how bad her movie is .	With jump cuts , fast editing and lots of pyrotechnics , X clearly hopes to camouflage how bad X's movie is .
0	With jump cuts , fast editing and lots of pyrotechnics , Jocelinne clearly hopes to camouflage how bad her movie is .	With jump cuts , fast editing and lots of pyrotechnics , X clearly hopes to camouflage how bad X's movie is .
0	With jump cuts , fast editing and lots of pyrotechnics , Marie-Noel clearly hopes to camouflage how bad her movie is .	With jump cuts , fast editing and lots of pyrotechnics , X clearly hopes to camouflage how bad X's movie is .
0	With jump cuts , fast editing and lots of pyrotechnics , Phairin clearly hopes to camouflage how bad her movie is .	With jump cuts , fast editing and lots of pyrotechnics , X clearly hopes to camouflage how bad X's movie is .
0	With jump cuts , fast editing and lots of pyrotechnics , Zoïtsa clearly hopes to camouflage how bad her movie is .	With jump cuts , fast editing and lots of pyrotechnics , X clearly hopes to camouflage how bad X's movie is .
0	With jump cuts , fast editing and lots of pyrotechnics , Elyesea clearly hopes to camouflage how bad her movie is .	With jump cuts , fast editing and lots of pyrotechnics , X clearly hopes to camouflage how bad X's movie is .
0	With jump cuts , fast editing and lots of pyrotechnics , Souhayla clearly hopes to camouflage how bad her movie is .	With jump cuts , fast editing and lots of pyrotechnics , X clearly hopes to camouflage how bad X's movie is .
0	With jump cuts , fast editing and lots of pyrotechnics , Toke clearly hopes to camouflage how bad her movie is .	With jump cuts , fast editing and lots of pyrotechnics , X clearly hopes to camouflage how bad X's movie is .
0	With jump cuts , fast editing and lots of pyrotechnics , Venora clearly hopes to camouflage how bad her movie is .	With jump cuts , fast editing and lots of pyrotechnics , X clearly hopes to camouflage how bad X's movie is .
0	With jump cuts , fast editing and lots of pyrotechnics , Orphi clearly hopes to camouflage how bad her movie is .	With jump cuts , fast editing and lots of pyrotechnics , X clearly hopes to camouflage how bad X's movie is .
0	With jump cuts , fast editing and lots of pyrotechnics , Luane clearly hopes to camouflage how bad her movie is .	With jump cuts , fast editing and lots of pyrotechnics , X clearly hopes to camouflage how bad X's movie is .
0	With jump cuts , fast editing and lots of pyrotechnics , Bicetta clearly hopes to camouflage how bad her movie is .	With jump cuts , fast editing and lots of pyrotechnics , X clearly hopes to camouflage how bad X's movie is .
0	With jump cuts , fast editing and lots of pyrotechnics , Tendy clearly hopes to camouflage how bad her movie is .	With jump cuts , fast editing and lots of pyrotechnics , X clearly hopes to camouflage how bad X's movie is .
0	With jump cuts , fast editing and lots of pyrotechnics , Ethelle clearly hopes to camouflage how bad her movie is .	With jump cuts , fast editing and lots of pyrotechnics , X clearly hopes to camouflage how bad X's movie is .
0	With jump cuts , fast editing and lots of pyrotechnics , Elaisha clearly hopes to camouflage how bad her movie is .	With jump cuts , fast editing and lots of pyrotechnics , X clearly hopes to camouflage how bad X's movie is .
0	With jump cuts , fast editing and lots of pyrotechnics , Gertruda clearly hopes to camouflage how bad her movie is .	With jump cuts , fast editing and lots of pyrotechnics , X clearly hopes to camouflage how bad X's movie is .
0	With jump cuts , fast editing and lots of pyrotechnics , Martusia clearly hopes to camouflage how bad her movie is .	With jump cuts , fast editing and lots of pyrotechnics , X clearly hopes to camouflage how bad X's movie is .
0	With jump cuts , fast editing and lots of pyrotechnics , Feyme clearly hopes to camouflage how bad her movie is .	With jump cuts , fast editing and lots of pyrotechnics , X clearly hopes to camouflage how bad X's movie is .
0	With jump cuts , fast editing and lots of pyrotechnics , Auphelie clearly hopes to camouflage how bad her movie is .	With jump cuts , fast editing and lots of pyrotechnics , X clearly hopes to camouflage how bad X's movie is .
