1	Has a lot of the virtues of Palona at his best .	Has a lot of the virtues of X at X's best .
1	Has a lot of the virtues of Benedetto at his best .	Has a lot of the virtues of X at X's best .
1	Has a lot of the virtues of Kallimah at his best .	Has a lot of the virtues of X at X's best .
1	Has a lot of the virtues of Xudong at his best .	Has a lot of the virtues of X at X's best .
1	Has a lot of the virtues of Xilian at his best .	Has a lot of the virtues of X at X's best .
1	Has a lot of the virtues of Galian at his best .	Has a lot of the virtues of X at X's best .
1	Has a lot of the virtues of Nefis at his best .	Has a lot of the virtues of X at X's best .
1	Has a lot of the virtues of Lynott at his best .	Has a lot of the virtues of X at X's best .
1	Has a lot of the virtues of Avraamij at his best .	Has a lot of the virtues of X at X's best .
1	Has a lot of the virtues of Soulemane at his best .	Has a lot of the virtues of X at X's best .
1	Has a lot of the virtues of Remco at his best .	Has a lot of the virtues of X at X's best .
1	Has a lot of the virtues of Arjen at his best .	Has a lot of the virtues of X at X's best .
1	Has a lot of the virtues of Manindra at his best .	Has a lot of the virtues of X at X's best .
1	Has a lot of the virtues of Epiteto at his best .	Has a lot of the virtues of X at X's best .
1	Has a lot of the virtues of Pianco at his best .	Has a lot of the virtues of X at X's best .
1	Has a lot of the virtues of Cotsos at his best .	Has a lot of the virtues of X at X's best .
1	Has a lot of the virtues of Chengyu at his best .	Has a lot of the virtues of X at X's best .
1	Has a lot of the virtues of Rostislav at his best .	Has a lot of the virtues of X at X's best .
1	Has a lot of the virtues of Mayur at his best .	Has a lot of the virtues of X at X's best .
1	Has a lot of the virtues of Xhuliano at his best .	Has a lot of the virtues of X at X's best .
1	Has a lot of the virtues of Мамант at his best .	Has a lot of the virtues of X at X's best .
1	Has a lot of the virtues of Remme at his best .	Has a lot of the virtues of X at X's best .
1	Has a lot of the virtues of Bhadrasraya at his best .	Has a lot of the virtues of X at X's best .
1	Has a lot of the virtues of Roene at his best .	Has a lot of the virtues of X at X's best .
1	Has a lot of the virtues of Ubayd at his best .	Has a lot of the virtues of X at X's best .
1	Has a lot of the virtues of Stig at his best .	Has a lot of the virtues of X at X's best .
1	Has a lot of the virtues of Tymon at his best .	Has a lot of the virtues of X at X's best .
1	Has a lot of the virtues of Berrie at his best .	Has a lot of the virtues of X at X's best .
1	Has a lot of the virtues of Акиндин at his best .	Has a lot of the virtues of X at X's best .
1	Has a lot of the virtues of Danyar at his best .	Has a lot of the virtues of X at X's best .
1	Has a lot of the virtues of Sveya at her best .	Has a lot of the virtues of X at X's best .
1	Has a lot of the virtues of Suri at her best .	Has a lot of the virtues of X at X's best .
1	Has a lot of the virtues of Men at her best .	Has a lot of the virtues of X at X's best .
1	Has a lot of the virtues of Conliane at her best .	Has a lot of the virtues of X at X's best .
1	Has a lot of the virtues of Modestie at her best .	Has a lot of the virtues of X at X's best .
1	Has a lot of the virtues of Aleagh at her best .	Has a lot of the virtues of X at X's best .
1	Has a lot of the virtues of Gezime at her best .	Has a lot of the virtues of X at X's best .
1	Has a lot of the virtues of Thananya at her best .	Has a lot of the virtues of X at X's best .
1	Has a lot of the virtues of Mayssan at her best .	Has a lot of the virtues of X at X's best .
1	Has a lot of the virtues of Amelina at her best .	Has a lot of the virtues of X at X's best .
1	Has a lot of the virtues of Julissa at her best .	Has a lot of the virtues of X at X's best .
1	Has a lot of the virtues of Chihiro at her best .	Has a lot of the virtues of X at X's best .
1	Has a lot of the virtues of Jocelinne at her best .	Has a lot of the virtues of X at X's best .
1	Has a lot of the virtues of Marie-Noel at her best .	Has a lot of the virtues of X at X's best .
1	Has a lot of the virtues of Phairin at her best .	Has a lot of the virtues of X at X's best .
1	Has a lot of the virtues of Zoïtsa at her best .	Has a lot of the virtues of X at X's best .
1	Has a lot of the virtues of Elyesea at her best .	Has a lot of the virtues of X at X's best .
1	Has a lot of the virtues of Souhayla at her best .	Has a lot of the virtues of X at X's best .
1	Has a lot of the virtues of Toke at her best .	Has a lot of the virtues of X at X's best .
1	Has a lot of the virtues of Venora at her best .	Has a lot of the virtues of X at X's best .
1	Has a lot of the virtues of Orphi at her best .	Has a lot of the virtues of X at X's best .
1	Has a lot of the virtues of Luane at her best .	Has a lot of the virtues of X at X's best .
1	Has a lot of the virtues of Bicetta at her best .	Has a lot of the virtues of X at X's best .
1	Has a lot of the virtues of Tendy at her best .	Has a lot of the virtues of X at X's best .
1	Has a lot of the virtues of Ethelle at her best .	Has a lot of the virtues of X at X's best .
1	Has a lot of the virtues of Elaisha at her best .	Has a lot of the virtues of X at X's best .
1	Has a lot of the virtues of Gertruda at her best .	Has a lot of the virtues of X at X's best .
1	Has a lot of the virtues of Martusia at her best .	Has a lot of the virtues of X at X's best .
1	Has a lot of the virtues of Feyme at her best .	Has a lot of the virtues of X at X's best .
1	Has a lot of the virtues of Auphelie at her best .	Has a lot of the virtues of X at X's best .
