1	Palona is brilliant as the sleep-deprived Dormer , his increasing weariness as much existential as it is physical .	X is brilliant as the sleep-deprived Dormer , X's increasing weariness as much existential as it is physical .
1	Benedetto is brilliant as the sleep-deprived Dormer , his increasing weariness as much existential as it is physical .	X is brilliant as the sleep-deprived Dormer , X's increasing weariness as much existential as it is physical .
1	Kallimah is brilliant as the sleep-deprived Dormer , his increasing weariness as much existential as it is physical .	X is brilliant as the sleep-deprived Dormer , X's increasing weariness as much existential as it is physical .
1	Xudong is brilliant as the sleep-deprived Dormer , his increasing weariness as much existential as it is physical .	X is brilliant as the sleep-deprived Dormer , X's increasing weariness as much existential as it is physical .
1	Xilian is brilliant as the sleep-deprived Dormer , his increasing weariness as much existential as it is physical .	X is brilliant as the sleep-deprived Dormer , X's increasing weariness as much existential as it is physical .
1	Galian is brilliant as the sleep-deprived Dormer , his increasing weariness as much existential as it is physical .	X is brilliant as the sleep-deprived Dormer , X's increasing weariness as much existential as it is physical .
1	Nefis is brilliant as the sleep-deprived Dormer , his increasing weariness as much existential as it is physical .	X is brilliant as the sleep-deprived Dormer , X's increasing weariness as much existential as it is physical .
1	Lynott is brilliant as the sleep-deprived Dormer , his increasing weariness as much existential as it is physical .	X is brilliant as the sleep-deprived Dormer , X's increasing weariness as much existential as it is physical .
1	Avraamij is brilliant as the sleep-deprived Dormer , his increasing weariness as much existential as it is physical .	X is brilliant as the sleep-deprived Dormer , X's increasing weariness as much existential as it is physical .
1	Soulemane is brilliant as the sleep-deprived Dormer , his increasing weariness as much existential as it is physical .	X is brilliant as the sleep-deprived Dormer , X's increasing weariness as much existential as it is physical .
1	Remco is brilliant as the sleep-deprived Dormer , his increasing weariness as much existential as it is physical .	X is brilliant as the sleep-deprived Dormer , X's increasing weariness as much existential as it is physical .
1	Arjen is brilliant as the sleep-deprived Dormer , his increasing weariness as much existential as it is physical .	X is brilliant as the sleep-deprived Dormer , X's increasing weariness as much existential as it is physical .
1	Manindra is brilliant as the sleep-deprived Dormer , his increasing weariness as much existential as it is physical .	X is brilliant as the sleep-deprived Dormer , X's increasing weariness as much existential as it is physical .
1	Epiteto is brilliant as the sleep-deprived Dormer , his increasing weariness as much existential as it is physical .	X is brilliant as the sleep-deprived Dormer , X's increasing weariness as much existential as it is physical .
1	Pianco is brilliant as the sleep-deprived Dormer , his increasing weariness as much existential as it is physical .	X is brilliant as the sleep-deprived Dormer , X's increasing weariness as much existential as it is physical .
1	Cotsos is brilliant as the sleep-deprived Dormer , his increasing weariness as much existential as it is physical .	X is brilliant as the sleep-deprived Dormer , X's increasing weariness as much existential as it is physical .
1	Chengyu is brilliant as the sleep-deprived Dormer , his increasing weariness as much existential as it is physical .	X is brilliant as the sleep-deprived Dormer , X's increasing weariness as much existential as it is physical .
1	Rostislav is brilliant as the sleep-deprived Dormer , his increasing weariness as much existential as it is physical .	X is brilliant as the sleep-deprived Dormer , X's increasing weariness as much existential as it is physical .
1	Mayur is brilliant as the sleep-deprived Dormer , his increasing weariness as much existential as it is physical .	X is brilliant as the sleep-deprived Dormer , X's increasing weariness as much existential as it is physical .
1	Xhuliano is brilliant as the sleep-deprived Dormer , his increasing weariness as much existential as it is physical .	X is brilliant as the sleep-deprived Dormer , X's increasing weariness as much existential as it is physical .
1	Мамант is brilliant as the sleep-deprived Dormer , his increasing weariness as much existential as it is physical .	X is brilliant as the sleep-deprived Dormer , X's increasing weariness as much existential as it is physical .
1	Remme is brilliant as the sleep-deprived Dormer , his increasing weariness as much existential as it is physical .	X is brilliant as the sleep-deprived Dormer , X's increasing weariness as much existential as it is physical .
1	Bhadrasraya is brilliant as the sleep-deprived Dormer , his increasing weariness as much existential as it is physical .	X is brilliant as the sleep-deprived Dormer , X's increasing weariness as much existential as it is physical .
1	Roene is brilliant as the sleep-deprived Dormer , his increasing weariness as much existential as it is physical .	X is brilliant as the sleep-deprived Dormer , X's increasing weariness as much existential as it is physical .
1	Ubayd is brilliant as the sleep-deprived Dormer , his increasing weariness as much existential as it is physical .	X is brilliant as the sleep-deprived Dormer , X's increasing weariness as much existential as it is physical .
1	Stig is brilliant as the sleep-deprived Dormer , his increasing weariness as much existential as it is physical .	X is brilliant as the sleep-deprived Dormer , X's increasing weariness as much existential as it is physical .
1	Tymon is brilliant as the sleep-deprived Dormer , his increasing weariness as much existential as it is physical .	X is brilliant as the sleep-deprived Dormer , X's increasing weariness as much existential as it is physical .
1	Berrie is brilliant as the sleep-deprived Dormer , his increasing weariness as much existential as it is physical .	X is brilliant as the sleep-deprived Dormer , X's increasing weariness as much existential as it is physical .
1	Акиндин is brilliant as the sleep-deprived Dormer , his increasing weariness as much existential as it is physical .	X is brilliant as the sleep-deprived Dormer , X's increasing weariness as much existential as it is physical .
1	Danyar is brilliant as the sleep-deprived Dormer , his increasing weariness as much existential as it is physical .	X is brilliant as the sleep-deprived Dormer , X's increasing weariness as much existential as it is physical .
1	Sveya is brilliant as the sleep-deprived Dormer , her increasing weariness as much existential as it is physical .	X is brilliant as the sleep-deprived Dormer , X's increasing weariness as much existential as it is physical .
1	Suri is brilliant as the sleep-deprived Dormer , her increasing weariness as much existential as it is physical .	X is brilliant as the sleep-deprived Dormer , X's increasing weariness as much existential as it is physical .
1	Men is brilliant as the sleep-deprived Dormer , her increasing weariness as much existential as it is physical .	X is brilliant as the sleep-deprived Dormer , X's increasing weariness as much existential as it is physical .
1	Conliane is brilliant as the sleep-deprived Dormer , her increasing weariness as much existential as it is physical .	X is brilliant as the sleep-deprived Dormer , X's increasing weariness as much existential as it is physical .
1	Modestie is brilliant as the sleep-deprived Dormer , her increasing weariness as much existential as it is physical .	X is brilliant as the sleep-deprived Dormer , X's increasing weariness as much existential as it is physical .
1	Aleagh is brilliant as the sleep-deprived Dormer , her increasing weariness as much existential as it is physical .	X is brilliant as the sleep-deprived Dormer , X's increasing weariness as much existential as it is physical .
1	Gezime is brilliant as the sleep-deprived Dormer , her increasing weariness as much existential as it is physical .	X is brilliant as the sleep-deprived Dormer , X's increasing weariness as much existential as it is physical .
1	Thananya is brilliant as the sleep-deprived Dormer , her increasing weariness as much existential as it is physical .	X is brilliant as the sleep-deprived Dormer , X's increasing weariness as much existential as it is physical .
1	Mayssan is brilliant as the sleep-deprived Dormer , her increasing weariness as much existential as it is physical .	X is brilliant as the sleep-deprived Dormer , X's increasing weariness as much existential as it is physical .
1	Amelina is brilliant as the sleep-deprived Dormer , her increasing weariness as much existential as it is physical .	X is brilliant as the sleep-deprived Dormer , X's increasing weariness as much existential as it is physical .
1	Julissa is brilliant as the sleep-deprived Dormer , her increasing weariness as much existential as it is physical .	X is brilliant as the sleep-deprived Dormer , X's increasing weariness as much existential as it is physical .
1	Chihiro is brilliant as the sleep-deprived Dormer , her increasing weariness as much existential as it is physical .	X is brilliant as the sleep-deprived Dormer , X's increasing weariness as much existential as it is physical .
1	Jocelinne is brilliant as the sleep-deprived Dormer , her increasing weariness as much existential as it is physical .	X is brilliant as the sleep-deprived Dormer , X's increasing weariness as much existential as it is physical .
1	Marie-Noel is brilliant as the sleep-deprived Dormer , her increasing weariness as much existential as it is physical .	X is brilliant as the sleep-deprived Dormer , X's increasing weariness as much existential as it is physical .
1	Phairin is brilliant as the sleep-deprived Dormer , her increasing weariness as much existential as it is physical .	X is brilliant as the sleep-deprived Dormer , X's increasing weariness as much existential as it is physical .
1	Zoïtsa is brilliant as the sleep-deprived Dormer , her increasing weariness as much existential as it is physical .	X is brilliant as the sleep-deprived Dormer , X's increasing weariness as much existential as it is physical .
1	Elyesea is brilliant as the sleep-deprived Dormer , her increasing weariness as much existential as it is physical .	X is brilliant as the sleep-deprived Dormer , X's increasing weariness as much existential as it is physical .
1	Souhayla is brilliant as the sleep-deprived Dormer , her increasing weariness as much existential as it is physical .	X is brilliant as the sleep-deprived Dormer , X's increasing weariness as much existential as it is physical .
1	Toke is brilliant as the sleep-deprived Dormer , her increasing weariness as much existential as it is physical .	X is brilliant as the sleep-deprived Dormer , X's increasing weariness as much existential as it is physical .
1	Venora is brilliant as the sleep-deprived Dormer , her increasing weariness as much existential as it is physical .	X is brilliant as the sleep-deprived Dormer , X's increasing weariness as much existential as it is physical .
1	Orphi is brilliant as the sleep-deprived Dormer , her increasing weariness as much existential as it is physical .	X is brilliant as the sleep-deprived Dormer , X's increasing weariness as much existential as it is physical .
1	Luane is brilliant as the sleep-deprived Dormer , her increasing weariness as much existential as it is physical .	X is brilliant as the sleep-deprived Dormer , X's increasing weariness as much existential as it is physical .
1	Bicetta is brilliant as the sleep-deprived Dormer , her increasing weariness as much existential as it is physical .	X is brilliant as the sleep-deprived Dormer , X's increasing weariness as much existential as it is physical .
1	Tendy is brilliant as the sleep-deprived Dormer , her increasing weariness as much existential as it is physical .	X is brilliant as the sleep-deprived Dormer , X's increasing weariness as much existential as it is physical .
1	Ethelle is brilliant as the sleep-deprived Dormer , her increasing weariness as much existential as it is physical .	X is brilliant as the sleep-deprived Dormer , X's increasing weariness as much existential as it is physical .
1	Elaisha is brilliant as the sleep-deprived Dormer , her increasing weariness as much existential as it is physical .	X is brilliant as the sleep-deprived Dormer , X's increasing weariness as much existential as it is physical .
1	Gertruda is brilliant as the sleep-deprived Dormer , her increasing weariness as much existential as it is physical .	X is brilliant as the sleep-deprived Dormer , X's increasing weariness as much existential as it is physical .
1	Martusia is brilliant as the sleep-deprived Dormer , her increasing weariness as much existential as it is physical .	X is brilliant as the sleep-deprived Dormer , X's increasing weariness as much existential as it is physical .
1	Feyme is brilliant as the sleep-deprived Dormer , her increasing weariness as much existential as it is physical .	X is brilliant as the sleep-deprived Dormer , X's increasing weariness as much existential as it is physical .
1	Auphelie is brilliant as the sleep-deprived Dormer , her increasing weariness as much existential as it is physical .	X is brilliant as the sleep-deprived Dormer , X's increasing weariness as much existential as it is physical .
