0	Combining quick-cut editing and a blaring heavy metal much of the time , Palona seems to be under the illusion that he 's shooting the latest System of a Down video .	Combining quick-cut editing and a blaring heavy metal much of the time , X seems to be under the illusion that X 's shooting the latest System of a Down video .
0	Combining quick-cut editing and a blaring heavy metal much of the time , Benedetto seems to be under the illusion that he 's shooting the latest System of a Down video .	Combining quick-cut editing and a blaring heavy metal much of the time , X seems to be under the illusion that X 's shooting the latest System of a Down video .
0	Combining quick-cut editing and a blaring heavy metal much of the time , Kallimah seems to be under the illusion that he 's shooting the latest System of a Down video .	Combining quick-cut editing and a blaring heavy metal much of the time , X seems to be under the illusion that X 's shooting the latest System of a Down video .
0	Combining quick-cut editing and a blaring heavy metal much of the time , Xudong seems to be under the illusion that he 's shooting the latest System of a Down video .	Combining quick-cut editing and a blaring heavy metal much of the time , X seems to be under the illusion that X 's shooting the latest System of a Down video .
0	Combining quick-cut editing and a blaring heavy metal much of the time , Xilian seems to be under the illusion that he 's shooting the latest System of a Down video .	Combining quick-cut editing and a blaring heavy metal much of the time , X seems to be under the illusion that X 's shooting the latest System of a Down video .
0	Combining quick-cut editing and a blaring heavy metal much of the time , Galian seems to be under the illusion that he 's shooting the latest System of a Down video .	Combining quick-cut editing and a blaring heavy metal much of the time , X seems to be under the illusion that X 's shooting the latest System of a Down video .
0	Combining quick-cut editing and a blaring heavy metal much of the time , Nefis seems to be under the illusion that he 's shooting the latest System of a Down video .	Combining quick-cut editing and a blaring heavy metal much of the time , X seems to be under the illusion that X 's shooting the latest System of a Down video .
0	Combining quick-cut editing and a blaring heavy metal much of the time , Lynott seems to be under the illusion that he 's shooting the latest System of a Down video .	Combining quick-cut editing and a blaring heavy metal much of the time , X seems to be under the illusion that X 's shooting the latest System of a Down video .
0	Combining quick-cut editing and a blaring heavy metal much of the time , Avraamij seems to be under the illusion that he 's shooting the latest System of a Down video .	Combining quick-cut editing and a blaring heavy metal much of the time , X seems to be under the illusion that X 's shooting the latest System of a Down video .
0	Combining quick-cut editing and a blaring heavy metal much of the time , Soulemane seems to be under the illusion that he 's shooting the latest System of a Down video .	Combining quick-cut editing and a blaring heavy metal much of the time , X seems to be under the illusion that X 's shooting the latest System of a Down video .
0	Combining quick-cut editing and a blaring heavy metal much of the time , Remco seems to be under the illusion that he 's shooting the latest System of a Down video .	Combining quick-cut editing and a blaring heavy metal much of the time , X seems to be under the illusion that X 's shooting the latest System of a Down video .
0	Combining quick-cut editing and a blaring heavy metal much of the time , Arjen seems to be under the illusion that he 's shooting the latest System of a Down video .	Combining quick-cut editing and a blaring heavy metal much of the time , X seems to be under the illusion that X 's shooting the latest System of a Down video .
0	Combining quick-cut editing and a blaring heavy metal much of the time , Manindra seems to be under the illusion that he 's shooting the latest System of a Down video .	Combining quick-cut editing and a blaring heavy metal much of the time , X seems to be under the illusion that X 's shooting the latest System of a Down video .
0	Combining quick-cut editing and a blaring heavy metal much of the time , Epiteto seems to be under the illusion that he 's shooting the latest System of a Down video .	Combining quick-cut editing and a blaring heavy metal much of the time , X seems to be under the illusion that X 's shooting the latest System of a Down video .
0	Combining quick-cut editing and a blaring heavy metal much of the time , Pianco seems to be under the illusion that he 's shooting the latest System of a Down video .	Combining quick-cut editing and a blaring heavy metal much of the time , X seems to be under the illusion that X 's shooting the latest System of a Down video .
0	Combining quick-cut editing and a blaring heavy metal much of the time , Cotsos seems to be under the illusion that he 's shooting the latest System of a Down video .	Combining quick-cut editing and a blaring heavy metal much of the time , X seems to be under the illusion that X 's shooting the latest System of a Down video .
0	Combining quick-cut editing and a blaring heavy metal much of the time , Chengyu seems to be under the illusion that he 's shooting the latest System of a Down video .	Combining quick-cut editing and a blaring heavy metal much of the time , X seems to be under the illusion that X 's shooting the latest System of a Down video .
0	Combining quick-cut editing and a blaring heavy metal much of the time , Rostislav seems to be under the illusion that he 's shooting the latest System of a Down video .	Combining quick-cut editing and a blaring heavy metal much of the time , X seems to be under the illusion that X 's shooting the latest System of a Down video .
0	Combining quick-cut editing and a blaring heavy metal much of the time , Mayur seems to be under the illusion that he 's shooting the latest System of a Down video .	Combining quick-cut editing and a blaring heavy metal much of the time , X seems to be under the illusion that X 's shooting the latest System of a Down video .
0	Combining quick-cut editing and a blaring heavy metal much of the time , Xhuliano seems to be under the illusion that he 's shooting the latest System of a Down video .	Combining quick-cut editing and a blaring heavy metal much of the time , X seems to be under the illusion that X 's shooting the latest System of a Down video .
0	Combining quick-cut editing and a blaring heavy metal much of the time , Мамант seems to be under the illusion that he 's shooting the latest System of a Down video .	Combining quick-cut editing and a blaring heavy metal much of the time , X seems to be under the illusion that X 's shooting the latest System of a Down video .
0	Combining quick-cut editing and a blaring heavy metal much of the time , Remme seems to be under the illusion that he 's shooting the latest System of a Down video .	Combining quick-cut editing and a blaring heavy metal much of the time , X seems to be under the illusion that X 's shooting the latest System of a Down video .
0	Combining quick-cut editing and a blaring heavy metal much of the time , Bhadrasraya seems to be under the illusion that he 's shooting the latest System of a Down video .	Combining quick-cut editing and a blaring heavy metal much of the time , X seems to be under the illusion that X 's shooting the latest System of a Down video .
0	Combining quick-cut editing and a blaring heavy metal much of the time , Roene seems to be under the illusion that he 's shooting the latest System of a Down video .	Combining quick-cut editing and a blaring heavy metal much of the time , X seems to be under the illusion that X 's shooting the latest System of a Down video .
0	Combining quick-cut editing and a blaring heavy metal much of the time , Ubayd seems to be under the illusion that he 's shooting the latest System of a Down video .	Combining quick-cut editing and a blaring heavy metal much of the time , X seems to be under the illusion that X 's shooting the latest System of a Down video .
0	Combining quick-cut editing and a blaring heavy metal much of the time , Stig seems to be under the illusion that he 's shooting the latest System of a Down video .	Combining quick-cut editing and a blaring heavy metal much of the time , X seems to be under the illusion that X 's shooting the latest System of a Down video .
0	Combining quick-cut editing and a blaring heavy metal much of the time , Tymon seems to be under the illusion that he 's shooting the latest System of a Down video .	Combining quick-cut editing and a blaring heavy metal much of the time , X seems to be under the illusion that X 's shooting the latest System of a Down video .
0	Combining quick-cut editing and a blaring heavy metal much of the time , Berrie seems to be under the illusion that he 's shooting the latest System of a Down video .	Combining quick-cut editing and a blaring heavy metal much of the time , X seems to be under the illusion that X 's shooting the latest System of a Down video .
0	Combining quick-cut editing and a blaring heavy metal much of the time , Акиндин seems to be under the illusion that he 's shooting the latest System of a Down video .	Combining quick-cut editing and a blaring heavy metal much of the time , X seems to be under the illusion that X 's shooting the latest System of a Down video .
0	Combining quick-cut editing and a blaring heavy metal much of the time , Danyar seems to be under the illusion that he 's shooting the latest System of a Down video .	Combining quick-cut editing and a blaring heavy metal much of the time , X seems to be under the illusion that X 's shooting the latest System of a Down video .
0	Combining quick-cut editing and a blaring heavy metal much of the time , Sveya seems to be under the illusion that she 's shooting the latest System of a Down video .	Combining quick-cut editing and a blaring heavy metal much of the time , X seems to be under the illusion that X 's shooting the latest System of a Down video .
0	Combining quick-cut editing and a blaring heavy metal much of the time , Suri seems to be under the illusion that she 's shooting the latest System of a Down video .	Combining quick-cut editing and a blaring heavy metal much of the time , X seems to be under the illusion that X 's shooting the latest System of a Down video .
0	Combining quick-cut editing and a blaring heavy metal much of the time , Men seems to be under the illusion that she 's shooting the latest System of a Down video .	Combining quick-cut editing and a blaring heavy metal much of the time , X seems to be under the illusion that X 's shooting the latest System of a Down video .
0	Combining quick-cut editing and a blaring heavy metal much of the time , Conliane seems to be under the illusion that she 's shooting the latest System of a Down video .	Combining quick-cut editing and a blaring heavy metal much of the time , X seems to be under the illusion that X 's shooting the latest System of a Down video .
0	Combining quick-cut editing and a blaring heavy metal much of the time , Modestie seems to be under the illusion that she 's shooting the latest System of a Down video .	Combining quick-cut editing and a blaring heavy metal much of the time , X seems to be under the illusion that X 's shooting the latest System of a Down video .
0	Combining quick-cut editing and a blaring heavy metal much of the time , Aleagh seems to be under the illusion that she 's shooting the latest System of a Down video .	Combining quick-cut editing and a blaring heavy metal much of the time , X seems to be under the illusion that X 's shooting the latest System of a Down video .
0	Combining quick-cut editing and a blaring heavy metal much of the time , Gezime seems to be under the illusion that she 's shooting the latest System of a Down video .	Combining quick-cut editing and a blaring heavy metal much of the time , X seems to be under the illusion that X 's shooting the latest System of a Down video .
0	Combining quick-cut editing and a blaring heavy metal much of the time , Thananya seems to be under the illusion that she 's shooting the latest System of a Down video .	Combining quick-cut editing and a blaring heavy metal much of the time , X seems to be under the illusion that X 's shooting the latest System of a Down video .
0	Combining quick-cut editing and a blaring heavy metal much of the time , Mayssan seems to be under the illusion that she 's shooting the latest System of a Down video .	Combining quick-cut editing and a blaring heavy metal much of the time , X seems to be under the illusion that X 's shooting the latest System of a Down video .
0	Combining quick-cut editing and a blaring heavy metal much of the time , Amelina seems to be under the illusion that she 's shooting the latest System of a Down video .	Combining quick-cut editing and a blaring heavy metal much of the time , X seems to be under the illusion that X 's shooting the latest System of a Down video .
0	Combining quick-cut editing and a blaring heavy metal much of the time , Julissa seems to be under the illusion that she 's shooting the latest System of a Down video .	Combining quick-cut editing and a blaring heavy metal much of the time , X seems to be under the illusion that X 's shooting the latest System of a Down video .
0	Combining quick-cut editing and a blaring heavy metal much of the time , Chihiro seems to be under the illusion that she 's shooting the latest System of a Down video .	Combining quick-cut editing and a blaring heavy metal much of the time , X seems to be under the illusion that X 's shooting the latest System of a Down video .
0	Combining quick-cut editing and a blaring heavy metal much of the time , Jocelinne seems to be under the illusion that she 's shooting the latest System of a Down video .	Combining quick-cut editing and a blaring heavy metal much of the time , X seems to be under the illusion that X 's shooting the latest System of a Down video .
0	Combining quick-cut editing and a blaring heavy metal much of the time , Marie-Noel seems to be under the illusion that she 's shooting the latest System of a Down video .	Combining quick-cut editing and a blaring heavy metal much of the time , X seems to be under the illusion that X 's shooting the latest System of a Down video .
0	Combining quick-cut editing and a blaring heavy metal much of the time , Phairin seems to be under the illusion that she 's shooting the latest System of a Down video .	Combining quick-cut editing and a blaring heavy metal much of the time , X seems to be under the illusion that X 's shooting the latest System of a Down video .
0	Combining quick-cut editing and a blaring heavy metal much of the time , Zoïtsa seems to be under the illusion that she 's shooting the latest System of a Down video .	Combining quick-cut editing and a blaring heavy metal much of the time , X seems to be under the illusion that X 's shooting the latest System of a Down video .
0	Combining quick-cut editing and a blaring heavy metal much of the time , Elyesea seems to be under the illusion that she 's shooting the latest System of a Down video .	Combining quick-cut editing and a blaring heavy metal much of the time , X seems to be under the illusion that X 's shooting the latest System of a Down video .
0	Combining quick-cut editing and a blaring heavy metal much of the time , Souhayla seems to be under the illusion that she 's shooting the latest System of a Down video .	Combining quick-cut editing and a blaring heavy metal much of the time , X seems to be under the illusion that X 's shooting the latest System of a Down video .
0	Combining quick-cut editing and a blaring heavy metal much of the time , Toke seems to be under the illusion that she 's shooting the latest System of a Down video .	Combining quick-cut editing and a blaring heavy metal much of the time , X seems to be under the illusion that X 's shooting the latest System of a Down video .
0	Combining quick-cut editing and a blaring heavy metal much of the time , Venora seems to be under the illusion that she 's shooting the latest System of a Down video .	Combining quick-cut editing and a blaring heavy metal much of the time , X seems to be under the illusion that X 's shooting the latest System of a Down video .
0	Combining quick-cut editing and a blaring heavy metal much of the time , Orphi seems to be under the illusion that she 's shooting the latest System of a Down video .	Combining quick-cut editing and a blaring heavy metal much of the time , X seems to be under the illusion that X 's shooting the latest System of a Down video .
0	Combining quick-cut editing and a blaring heavy metal much of the time , Luane seems to be under the illusion that she 's shooting the latest System of a Down video .	Combining quick-cut editing and a blaring heavy metal much of the time , X seems to be under the illusion that X 's shooting the latest System of a Down video .
0	Combining quick-cut editing and a blaring heavy metal much of the time , Bicetta seems to be under the illusion that she 's shooting the latest System of a Down video .	Combining quick-cut editing and a blaring heavy metal much of the time , X seems to be under the illusion that X 's shooting the latest System of a Down video .
0	Combining quick-cut editing and a blaring heavy metal much of the time , Tendy seems to be under the illusion that she 's shooting the latest System of a Down video .	Combining quick-cut editing and a blaring heavy metal much of the time , X seems to be under the illusion that X 's shooting the latest System of a Down video .
0	Combining quick-cut editing and a blaring heavy metal much of the time , Ethelle seems to be under the illusion that she 's shooting the latest System of a Down video .	Combining quick-cut editing and a blaring heavy metal much of the time , X seems to be under the illusion that X 's shooting the latest System of a Down video .
0	Combining quick-cut editing and a blaring heavy metal much of the time , Elaisha seems to be under the illusion that she 's shooting the latest System of a Down video .	Combining quick-cut editing and a blaring heavy metal much of the time , X seems to be under the illusion that X 's shooting the latest System of a Down video .
0	Combining quick-cut editing and a blaring heavy metal much of the time , Gertruda seems to be under the illusion that she 's shooting the latest System of a Down video .	Combining quick-cut editing and a blaring heavy metal much of the time , X seems to be under the illusion that X 's shooting the latest System of a Down video .
0	Combining quick-cut editing and a blaring heavy metal much of the time , Martusia seems to be under the illusion that she 's shooting the latest System of a Down video .	Combining quick-cut editing and a blaring heavy metal much of the time , X seems to be under the illusion that X 's shooting the latest System of a Down video .
0	Combining quick-cut editing and a blaring heavy metal much of the time , Feyme seems to be under the illusion that she 's shooting the latest System of a Down video .	Combining quick-cut editing and a blaring heavy metal much of the time , X seems to be under the illusion that X 's shooting the latest System of a Down video .
0	Combining quick-cut editing and a blaring heavy metal much of the time , Auphelie seems to be under the illusion that she 's shooting the latest System of a Down video .	Combining quick-cut editing and a blaring heavy metal much of the time , X seems to be under the illusion that X 's shooting the latest System of a Down video .
