0	Confirms the nagging suspicion that Palona would be even worse behind the camera than he is in front of it .	Confirms the nagging suspicion that X would be even worse behind the camera than X is in front of it .
0	Confirms the nagging suspicion that Benedetto would be even worse behind the camera than he is in front of it .	Confirms the nagging suspicion that X would be even worse behind the camera than X is in front of it .
0	Confirms the nagging suspicion that Kallimah would be even worse behind the camera than he is in front of it .	Confirms the nagging suspicion that X would be even worse behind the camera than X is in front of it .
0	Confirms the nagging suspicion that Xudong would be even worse behind the camera than he is in front of it .	Confirms the nagging suspicion that X would be even worse behind the camera than X is in front of it .
0	Confirms the nagging suspicion that Xilian would be even worse behind the camera than he is in front of it .	Confirms the nagging suspicion that X would be even worse behind the camera than X is in front of it .
0	Confirms the nagging suspicion that Galian would be even worse behind the camera than he is in front of it .	Confirms the nagging suspicion that X would be even worse behind the camera than X is in front of it .
0	Confirms the nagging suspicion that Nefis would be even worse behind the camera than he is in front of it .	Confirms the nagging suspicion that X would be even worse behind the camera than X is in front of it .
0	Confirms the nagging suspicion that Lynott would be even worse behind the camera than he is in front of it .	Confirms the nagging suspicion that X would be even worse behind the camera than X is in front of it .
0	Confirms the nagging suspicion that Avraamij would be even worse behind the camera than he is in front of it .	Confirms the nagging suspicion that X would be even worse behind the camera than X is in front of it .
0	Confirms the nagging suspicion that Soulemane would be even worse behind the camera than he is in front of it .	Confirms the nagging suspicion that X would be even worse behind the camera than X is in front of it .
0	Confirms the nagging suspicion that Remco would be even worse behind the camera than he is in front of it .	Confirms the nagging suspicion that X would be even worse behind the camera than X is in front of it .
0	Confirms the nagging suspicion that Arjen would be even worse behind the camera than he is in front of it .	Confirms the nagging suspicion that X would be even worse behind the camera than X is in front of it .
0	Confirms the nagging suspicion that Manindra would be even worse behind the camera than he is in front of it .	Confirms the nagging suspicion that X would be even worse behind the camera than X is in front of it .
0	Confirms the nagging suspicion that Epiteto would be even worse behind the camera than he is in front of it .	Confirms the nagging suspicion that X would be even worse behind the camera than X is in front of it .
0	Confirms the nagging suspicion that Pianco would be even worse behind the camera than he is in front of it .	Confirms the nagging suspicion that X would be even worse behind the camera than X is in front of it .
0	Confirms the nagging suspicion that Cotsos would be even worse behind the camera than he is in front of it .	Confirms the nagging suspicion that X would be even worse behind the camera than X is in front of it .
0	Confirms the nagging suspicion that Chengyu would be even worse behind the camera than he is in front of it .	Confirms the nagging suspicion that X would be even worse behind the camera than X is in front of it .
0	Confirms the nagging suspicion that Rostislav would be even worse behind the camera than he is in front of it .	Confirms the nagging suspicion that X would be even worse behind the camera than X is in front of it .
0	Confirms the nagging suspicion that Mayur would be even worse behind the camera than he is in front of it .	Confirms the nagging suspicion that X would be even worse behind the camera than X is in front of it .
0	Confirms the nagging suspicion that Xhuliano would be even worse behind the camera than he is in front of it .	Confirms the nagging suspicion that X would be even worse behind the camera than X is in front of it .
0	Confirms the nagging suspicion that Мамант would be even worse behind the camera than he is in front of it .	Confirms the nagging suspicion that X would be even worse behind the camera than X is in front of it .
0	Confirms the nagging suspicion that Remme would be even worse behind the camera than he is in front of it .	Confirms the nagging suspicion that X would be even worse behind the camera than X is in front of it .
0	Confirms the nagging suspicion that Bhadrasraya would be even worse behind the camera than he is in front of it .	Confirms the nagging suspicion that X would be even worse behind the camera than X is in front of it .
0	Confirms the nagging suspicion that Roene would be even worse behind the camera than he is in front of it .	Confirms the nagging suspicion that X would be even worse behind the camera than X is in front of it .
0	Confirms the nagging suspicion that Ubayd would be even worse behind the camera than he is in front of it .	Confirms the nagging suspicion that X would be even worse behind the camera than X is in front of it .
0	Confirms the nagging suspicion that Stig would be even worse behind the camera than he is in front of it .	Confirms the nagging suspicion that X would be even worse behind the camera than X is in front of it .
0	Confirms the nagging suspicion that Tymon would be even worse behind the camera than he is in front of it .	Confirms the nagging suspicion that X would be even worse behind the camera than X is in front of it .
0	Confirms the nagging suspicion that Berrie would be even worse behind the camera than he is in front of it .	Confirms the nagging suspicion that X would be even worse behind the camera than X is in front of it .
0	Confirms the nagging suspicion that Акиндин would be even worse behind the camera than he is in front of it .	Confirms the nagging suspicion that X would be even worse behind the camera than X is in front of it .
0	Confirms the nagging suspicion that Danyar would be even worse behind the camera than he is in front of it .	Confirms the nagging suspicion that X would be even worse behind the camera than X is in front of it .
0	Confirms the nagging suspicion that Sveya would be even worse behind the camera than she is in front of it .	Confirms the nagging suspicion that X would be even worse behind the camera than X is in front of it .
0	Confirms the nagging suspicion that Suri would be even worse behind the camera than she is in front of it .	Confirms the nagging suspicion that X would be even worse behind the camera than X is in front of it .
0	Confirms the nagging suspicion that Men would be even worse behind the camera than she is in front of it .	Confirms the nagging suspicion that X would be even worse behind the camera than X is in front of it .
0	Confirms the nagging suspicion that Conliane would be even worse behind the camera than she is in front of it .	Confirms the nagging suspicion that X would be even worse behind the camera than X is in front of it .
0	Confirms the nagging suspicion that Modestie would be even worse behind the camera than she is in front of it .	Confirms the nagging suspicion that X would be even worse behind the camera than X is in front of it .
0	Confirms the nagging suspicion that Aleagh would be even worse behind the camera than she is in front of it .	Confirms the nagging suspicion that X would be even worse behind the camera than X is in front of it .
0	Confirms the nagging suspicion that Gezime would be even worse behind the camera than she is in front of it .	Confirms the nagging suspicion that X would be even worse behind the camera than X is in front of it .
0	Confirms the nagging suspicion that Thananya would be even worse behind the camera than she is in front of it .	Confirms the nagging suspicion that X would be even worse behind the camera than X is in front of it .
0	Confirms the nagging suspicion that Mayssan would be even worse behind the camera than she is in front of it .	Confirms the nagging suspicion that X would be even worse behind the camera than X is in front of it .
0	Confirms the nagging suspicion that Amelina would be even worse behind the camera than she is in front of it .	Confirms the nagging suspicion that X would be even worse behind the camera than X is in front of it .
0	Confirms the nagging suspicion that Julissa would be even worse behind the camera than she is in front of it .	Confirms the nagging suspicion that X would be even worse behind the camera than X is in front of it .
0	Confirms the nagging suspicion that Chihiro would be even worse behind the camera than she is in front of it .	Confirms the nagging suspicion that X would be even worse behind the camera than X is in front of it .
0	Confirms the nagging suspicion that Jocelinne would be even worse behind the camera than she is in front of it .	Confirms the nagging suspicion that X would be even worse behind the camera than X is in front of it .
0	Confirms the nagging suspicion that Marie-Noel would be even worse behind the camera than she is in front of it .	Confirms the nagging suspicion that X would be even worse behind the camera than X is in front of it .
0	Confirms the nagging suspicion that Phairin would be even worse behind the camera than she is in front of it .	Confirms the nagging suspicion that X would be even worse behind the camera than X is in front of it .
0	Confirms the nagging suspicion that Zoïtsa would be even worse behind the camera than she is in front of it .	Confirms the nagging suspicion that X would be even worse behind the camera than X is in front of it .
0	Confirms the nagging suspicion that Elyesea would be even worse behind the camera than she is in front of it .	Confirms the nagging suspicion that X would be even worse behind the camera than X is in front of it .
0	Confirms the nagging suspicion that Souhayla would be even worse behind the camera than she is in front of it .	Confirms the nagging suspicion that X would be even worse behind the camera than X is in front of it .
0	Confirms the nagging suspicion that Toke would be even worse behind the camera than she is in front of it .	Confirms the nagging suspicion that X would be even worse behind the camera than X is in front of it .
0	Confirms the nagging suspicion that Venora would be even worse behind the camera than she is in front of it .	Confirms the nagging suspicion that X would be even worse behind the camera than X is in front of it .
0	Confirms the nagging suspicion that Orphi would be even worse behind the camera than she is in front of it .	Confirms the nagging suspicion that X would be even worse behind the camera than X is in front of it .
0	Confirms the nagging suspicion that Luane would be even worse behind the camera than she is in front of it .	Confirms the nagging suspicion that X would be even worse behind the camera than X is in front of it .
0	Confirms the nagging suspicion that Bicetta would be even worse behind the camera than she is in front of it .	Confirms the nagging suspicion that X would be even worse behind the camera than X is in front of it .
0	Confirms the nagging suspicion that Tendy would be even worse behind the camera than she is in front of it .	Confirms the nagging suspicion that X would be even worse behind the camera than X is in front of it .
0	Confirms the nagging suspicion that Ethelle would be even worse behind the camera than she is in front of it .	Confirms the nagging suspicion that X would be even worse behind the camera than X is in front of it .
0	Confirms the nagging suspicion that Elaisha would be even worse behind the camera than she is in front of it .	Confirms the nagging suspicion that X would be even worse behind the camera than X is in front of it .
0	Confirms the nagging suspicion that Gertruda would be even worse behind the camera than she is in front of it .	Confirms the nagging suspicion that X would be even worse behind the camera than X is in front of it .
0	Confirms the nagging suspicion that Martusia would be even worse behind the camera than she is in front of it .	Confirms the nagging suspicion that X would be even worse behind the camera than X is in front of it .
0	Confirms the nagging suspicion that Feyme would be even worse behind the camera than she is in front of it .	Confirms the nagging suspicion that X would be even worse behind the camera than X is in front of it .
0	Confirms the nagging suspicion that Auphelie would be even worse behind the camera than she is in front of it .	Confirms the nagging suspicion that X would be even worse behind the camera than X is in front of it .
