0	I felt sad for Palona not so much because of what happens as because he was captured by this movie when he obviously belongs in something lighter and sunnier , by Rohmer , for example .	I felt sad for X not so much because of what happens as because X was captured by this movie when X obviously belongs in something lighter and sunnier , by Rohmer , for example .
0	I felt sad for Benedetto not so much because of what happens as because he was captured by this movie when he obviously belongs in something lighter and sunnier , by Rohmer , for example .	I felt sad for X not so much because of what happens as because X was captured by this movie when X obviously belongs in something lighter and sunnier , by Rohmer , for example .
0	I felt sad for Kallimah not so much because of what happens as because he was captured by this movie when he obviously belongs in something lighter and sunnier , by Rohmer , for example .	I felt sad for X not so much because of what happens as because X was captured by this movie when X obviously belongs in something lighter and sunnier , by Rohmer , for example .
0	I felt sad for Xudong not so much because of what happens as because he was captured by this movie when he obviously belongs in something lighter and sunnier , by Rohmer , for example .	I felt sad for X not so much because of what happens as because X was captured by this movie when X obviously belongs in something lighter and sunnier , by Rohmer , for example .
0	I felt sad for Xilian not so much because of what happens as because he was captured by this movie when he obviously belongs in something lighter and sunnier , by Rohmer , for example .	I felt sad for X not so much because of what happens as because X was captured by this movie when X obviously belongs in something lighter and sunnier , by Rohmer , for example .
0	I felt sad for Galian not so much because of what happens as because he was captured by this movie when he obviously belongs in something lighter and sunnier , by Rohmer , for example .	I felt sad for X not so much because of what happens as because X was captured by this movie when X obviously belongs in something lighter and sunnier , by Rohmer , for example .
0	I felt sad for Nefis not so much because of what happens as because he was captured by this movie when he obviously belongs in something lighter and sunnier , by Rohmer , for example .	I felt sad for X not so much because of what happens as because X was captured by this movie when X obviously belongs in something lighter and sunnier , by Rohmer , for example .
0	I felt sad for Lynott not so much because of what happens as because he was captured by this movie when he obviously belongs in something lighter and sunnier , by Rohmer , for example .	I felt sad for X not so much because of what happens as because X was captured by this movie when X obviously belongs in something lighter and sunnier , by Rohmer , for example .
0	I felt sad for Avraamij not so much because of what happens as because he was captured by this movie when he obviously belongs in something lighter and sunnier , by Rohmer , for example .	I felt sad for X not so much because of what happens as because X was captured by this movie when X obviously belongs in something lighter and sunnier , by Rohmer , for example .
0	I felt sad for Soulemane not so much because of what happens as because he was captured by this movie when he obviously belongs in something lighter and sunnier , by Rohmer , for example .	I felt sad for X not so much because of what happens as because X was captured by this movie when X obviously belongs in something lighter and sunnier , by Rohmer , for example .
0	I felt sad for Remco not so much because of what happens as because he was captured by this movie when he obviously belongs in something lighter and sunnier , by Rohmer , for example .	I felt sad for X not so much because of what happens as because X was captured by this movie when X obviously belongs in something lighter and sunnier , by Rohmer , for example .
0	I felt sad for Arjen not so much because of what happens as because he was captured by this movie when he obviously belongs in something lighter and sunnier , by Rohmer , for example .	I felt sad for X not so much because of what happens as because X was captured by this movie when X obviously belongs in something lighter and sunnier , by Rohmer , for example .
0	I felt sad for Manindra not so much because of what happens as because he was captured by this movie when he obviously belongs in something lighter and sunnier , by Rohmer , for example .	I felt sad for X not so much because of what happens as because X was captured by this movie when X obviously belongs in something lighter and sunnier , by Rohmer , for example .
0	I felt sad for Epiteto not so much because of what happens as because he was captured by this movie when he obviously belongs in something lighter and sunnier , by Rohmer , for example .	I felt sad for X not so much because of what happens as because X was captured by this movie when X obviously belongs in something lighter and sunnier , by Rohmer , for example .
0	I felt sad for Pianco not so much because of what happens as because he was captured by this movie when he obviously belongs in something lighter and sunnier , by Rohmer , for example .	I felt sad for X not so much because of what happens as because X was captured by this movie when X obviously belongs in something lighter and sunnier , by Rohmer , for example .
0	I felt sad for Cotsos not so much because of what happens as because he was captured by this movie when he obviously belongs in something lighter and sunnier , by Rohmer , for example .	I felt sad for X not so much because of what happens as because X was captured by this movie when X obviously belongs in something lighter and sunnier , by Rohmer , for example .
0	I felt sad for Chengyu not so much because of what happens as because he was captured by this movie when he obviously belongs in something lighter and sunnier , by Rohmer , for example .	I felt sad for X not so much because of what happens as because X was captured by this movie when X obviously belongs in something lighter and sunnier , by Rohmer , for example .
0	I felt sad for Rostislav not so much because of what happens as because he was captured by this movie when he obviously belongs in something lighter and sunnier , by Rohmer , for example .	I felt sad for X not so much because of what happens as because X was captured by this movie when X obviously belongs in something lighter and sunnier , by Rohmer , for example .
0	I felt sad for Mayur not so much because of what happens as because he was captured by this movie when he obviously belongs in something lighter and sunnier , by Rohmer , for example .	I felt sad for X not so much because of what happens as because X was captured by this movie when X obviously belongs in something lighter and sunnier , by Rohmer , for example .
0	I felt sad for Xhuliano not so much because of what happens as because he was captured by this movie when he obviously belongs in something lighter and sunnier , by Rohmer , for example .	I felt sad for X not so much because of what happens as because X was captured by this movie when X obviously belongs in something lighter and sunnier , by Rohmer , for example .
0	I felt sad for Мамант not so much because of what happens as because he was captured by this movie when he obviously belongs in something lighter and sunnier , by Rohmer , for example .	I felt sad for X not so much because of what happens as because X was captured by this movie when X obviously belongs in something lighter and sunnier , by Rohmer , for example .
0	I felt sad for Remme not so much because of what happens as because he was captured by this movie when he obviously belongs in something lighter and sunnier , by Rohmer , for example .	I felt sad for X not so much because of what happens as because X was captured by this movie when X obviously belongs in something lighter and sunnier , by Rohmer , for example .
0	I felt sad for Bhadrasraya not so much because of what happens as because he was captured by this movie when he obviously belongs in something lighter and sunnier , by Rohmer , for example .	I felt sad for X not so much because of what happens as because X was captured by this movie when X obviously belongs in something lighter and sunnier , by Rohmer , for example .
0	I felt sad for Roene not so much because of what happens as because he was captured by this movie when he obviously belongs in something lighter and sunnier , by Rohmer , for example .	I felt sad for X not so much because of what happens as because X was captured by this movie when X obviously belongs in something lighter and sunnier , by Rohmer , for example .
0	I felt sad for Ubayd not so much because of what happens as because he was captured by this movie when he obviously belongs in something lighter and sunnier , by Rohmer , for example .	I felt sad for X not so much because of what happens as because X was captured by this movie when X obviously belongs in something lighter and sunnier , by Rohmer , for example .
0	I felt sad for Stig not so much because of what happens as because he was captured by this movie when he obviously belongs in something lighter and sunnier , by Rohmer , for example .	I felt sad for X not so much because of what happens as because X was captured by this movie when X obviously belongs in something lighter and sunnier , by Rohmer , for example .
0	I felt sad for Tymon not so much because of what happens as because he was captured by this movie when he obviously belongs in something lighter and sunnier , by Rohmer , for example .	I felt sad for X not so much because of what happens as because X was captured by this movie when X obviously belongs in something lighter and sunnier , by Rohmer , for example .
0	I felt sad for Berrie not so much because of what happens as because he was captured by this movie when he obviously belongs in something lighter and sunnier , by Rohmer , for example .	I felt sad for X not so much because of what happens as because X was captured by this movie when X obviously belongs in something lighter and sunnier , by Rohmer , for example .
0	I felt sad for Акиндин not so much because of what happens as because he was captured by this movie when he obviously belongs in something lighter and sunnier , by Rohmer , for example .	I felt sad for X not so much because of what happens as because X was captured by this movie when X obviously belongs in something lighter and sunnier , by Rohmer , for example .
0	I felt sad for Danyar not so much because of what happens as because he was captured by this movie when he obviously belongs in something lighter and sunnier , by Rohmer , for example .	I felt sad for X not so much because of what happens as because X was captured by this movie when X obviously belongs in something lighter and sunnier , by Rohmer , for example .
0	I felt sad for Sveya not so much because of what happens as because she was captured by this movie when she obviously belongs in something lighter and sunnier , by Rohmer , for example .	I felt sad for X not so much because of what happens as because X was captured by this movie when X obviously belongs in something lighter and sunnier , by Rohmer , for example .
0	I felt sad for Suri not so much because of what happens as because she was captured by this movie when she obviously belongs in something lighter and sunnier , by Rohmer , for example .	I felt sad for X not so much because of what happens as because X was captured by this movie when X obviously belongs in something lighter and sunnier , by Rohmer , for example .
0	I felt sad for Men not so much because of what happens as because she was captured by this movie when she obviously belongs in something lighter and sunnier , by Rohmer , for example .	I felt sad for X not so much because of what happens as because X was captured by this movie when X obviously belongs in something lighter and sunnier , by Rohmer , for example .
0	I felt sad for Conliane not so much because of what happens as because she was captured by this movie when she obviously belongs in something lighter and sunnier , by Rohmer , for example .	I felt sad for X not so much because of what happens as because X was captured by this movie when X obviously belongs in something lighter and sunnier , by Rohmer , for example .
0	I felt sad for Modestie not so much because of what happens as because she was captured by this movie when she obviously belongs in something lighter and sunnier , by Rohmer , for example .	I felt sad for X not so much because of what happens as because X was captured by this movie when X obviously belongs in something lighter and sunnier , by Rohmer , for example .
0	I felt sad for Aleagh not so much because of what happens as because she was captured by this movie when she obviously belongs in something lighter and sunnier , by Rohmer , for example .	I felt sad for X not so much because of what happens as because X was captured by this movie when X obviously belongs in something lighter and sunnier , by Rohmer , for example .
0	I felt sad for Gezime not so much because of what happens as because she was captured by this movie when she obviously belongs in something lighter and sunnier , by Rohmer , for example .	I felt sad for X not so much because of what happens as because X was captured by this movie when X obviously belongs in something lighter and sunnier , by Rohmer , for example .
0	I felt sad for Thananya not so much because of what happens as because she was captured by this movie when she obviously belongs in something lighter and sunnier , by Rohmer , for example .	I felt sad for X not so much because of what happens as because X was captured by this movie when X obviously belongs in something lighter and sunnier , by Rohmer , for example .
0	I felt sad for Mayssan not so much because of what happens as because she was captured by this movie when she obviously belongs in something lighter and sunnier , by Rohmer , for example .	I felt sad for X not so much because of what happens as because X was captured by this movie when X obviously belongs in something lighter and sunnier , by Rohmer , for example .
0	I felt sad for Amelina not so much because of what happens as because she was captured by this movie when she obviously belongs in something lighter and sunnier , by Rohmer , for example .	I felt sad for X not so much because of what happens as because X was captured by this movie when X obviously belongs in something lighter and sunnier , by Rohmer , for example .
0	I felt sad for Julissa not so much because of what happens as because she was captured by this movie when she obviously belongs in something lighter and sunnier , by Rohmer , for example .	I felt sad for X not so much because of what happens as because X was captured by this movie when X obviously belongs in something lighter and sunnier , by Rohmer , for example .
0	I felt sad for Chihiro not so much because of what happens as because she was captured by this movie when she obviously belongs in something lighter and sunnier , by Rohmer , for example .	I felt sad for X not so much because of what happens as because X was captured by this movie when X obviously belongs in something lighter and sunnier , by Rohmer , for example .
0	I felt sad for Jocelinne not so much because of what happens as because she was captured by this movie when she obviously belongs in something lighter and sunnier , by Rohmer , for example .	I felt sad for X not so much because of what happens as because X was captured by this movie when X obviously belongs in something lighter and sunnier , by Rohmer , for example .
0	I felt sad for Marie-Noel not so much because of what happens as because she was captured by this movie when she obviously belongs in something lighter and sunnier , by Rohmer , for example .	I felt sad for X not so much because of what happens as because X was captured by this movie when X obviously belongs in something lighter and sunnier , by Rohmer , for example .
0	I felt sad for Phairin not so much because of what happens as because she was captured by this movie when she obviously belongs in something lighter and sunnier , by Rohmer , for example .	I felt sad for X not so much because of what happens as because X was captured by this movie when X obviously belongs in something lighter and sunnier , by Rohmer , for example .
0	I felt sad for Zoïtsa not so much because of what happens as because she was captured by this movie when she obviously belongs in something lighter and sunnier , by Rohmer , for example .	I felt sad for X not so much because of what happens as because X was captured by this movie when X obviously belongs in something lighter and sunnier , by Rohmer , for example .
0	I felt sad for Elyesea not so much because of what happens as because she was captured by this movie when she obviously belongs in something lighter and sunnier , by Rohmer , for example .	I felt sad for X not so much because of what happens as because X was captured by this movie when X obviously belongs in something lighter and sunnier , by Rohmer , for example .
0	I felt sad for Souhayla not so much because of what happens as because she was captured by this movie when she obviously belongs in something lighter and sunnier , by Rohmer , for example .	I felt sad for X not so much because of what happens as because X was captured by this movie when X obviously belongs in something lighter and sunnier , by Rohmer , for example .
0	I felt sad for Toke not so much because of what happens as because she was captured by this movie when she obviously belongs in something lighter and sunnier , by Rohmer , for example .	I felt sad for X not so much because of what happens as because X was captured by this movie when X obviously belongs in something lighter and sunnier , by Rohmer , for example .
0	I felt sad for Venora not so much because of what happens as because she was captured by this movie when she obviously belongs in something lighter and sunnier , by Rohmer , for example .	I felt sad for X not so much because of what happens as because X was captured by this movie when X obviously belongs in something lighter and sunnier , by Rohmer , for example .
0	I felt sad for Orphi not so much because of what happens as because she was captured by this movie when she obviously belongs in something lighter and sunnier , by Rohmer , for example .	I felt sad for X not so much because of what happens as because X was captured by this movie when X obviously belongs in something lighter and sunnier , by Rohmer , for example .
0	I felt sad for Luane not so much because of what happens as because she was captured by this movie when she obviously belongs in something lighter and sunnier , by Rohmer , for example .	I felt sad for X not so much because of what happens as because X was captured by this movie when X obviously belongs in something lighter and sunnier , by Rohmer , for example .
0	I felt sad for Bicetta not so much because of what happens as because she was captured by this movie when she obviously belongs in something lighter and sunnier , by Rohmer , for example .	I felt sad for X not so much because of what happens as because X was captured by this movie when X obviously belongs in something lighter and sunnier , by Rohmer , for example .
0	I felt sad for Tendy not so much because of what happens as because she was captured by this movie when she obviously belongs in something lighter and sunnier , by Rohmer , for example .	I felt sad for X not so much because of what happens as because X was captured by this movie when X obviously belongs in something lighter and sunnier , by Rohmer , for example .
0	I felt sad for Ethelle not so much because of what happens as because she was captured by this movie when she obviously belongs in something lighter and sunnier , by Rohmer , for example .	I felt sad for X not so much because of what happens as because X was captured by this movie when X obviously belongs in something lighter and sunnier , by Rohmer , for example .
0	I felt sad for Elaisha not so much because of what happens as because she was captured by this movie when she obviously belongs in something lighter and sunnier , by Rohmer , for example .	I felt sad for X not so much because of what happens as because X was captured by this movie when X obviously belongs in something lighter and sunnier , by Rohmer , for example .
0	I felt sad for Gertruda not so much because of what happens as because she was captured by this movie when she obviously belongs in something lighter and sunnier , by Rohmer , for example .	I felt sad for X not so much because of what happens as because X was captured by this movie when X obviously belongs in something lighter and sunnier , by Rohmer , for example .
0	I felt sad for Martusia not so much because of what happens as because she was captured by this movie when she obviously belongs in something lighter and sunnier , by Rohmer , for example .	I felt sad for X not so much because of what happens as because X was captured by this movie when X obviously belongs in something lighter and sunnier , by Rohmer , for example .
0	I felt sad for Feyme not so much because of what happens as because she was captured by this movie when she obviously belongs in something lighter and sunnier , by Rohmer , for example .	I felt sad for X not so much because of what happens as because X was captured by this movie when X obviously belongs in something lighter and sunnier , by Rohmer , for example .
0	I felt sad for Auphelie not so much because of what happens as because she was captured by this movie when she obviously belongs in something lighter and sunnier , by Rohmer , for example .	I felt sad for X not so much because of what happens as because X was captured by this movie when X obviously belongs in something lighter and sunnier , by Rohmer , for example .
