0	You wo n't like Palona , but you will quickly recognize him .	You wo n't like X , but you will quickly recognize X .
0	You wo n't like Benedetto , but you will quickly recognize him .	You wo n't like X , but you will quickly recognize X .
0	You wo n't like Kallimah , but you will quickly recognize him .	You wo n't like X , but you will quickly recognize X .
0	You wo n't like Xudong , but you will quickly recognize him .	You wo n't like X , but you will quickly recognize X .
0	You wo n't like Xilian , but you will quickly recognize him .	You wo n't like X , but you will quickly recognize X .
0	You wo n't like Galian , but you will quickly recognize him .	You wo n't like X , but you will quickly recognize X .
0	You wo n't like Nefis , but you will quickly recognize him .	You wo n't like X , but you will quickly recognize X .
0	You wo n't like Lynott , but you will quickly recognize him .	You wo n't like X , but you will quickly recognize X .
0	You wo n't like Avraamij , but you will quickly recognize him .	You wo n't like X , but you will quickly recognize X .
0	You wo n't like Soulemane , but you will quickly recognize him .	You wo n't like X , but you will quickly recognize X .
0	You wo n't like Remco , but you will quickly recognize him .	You wo n't like X , but you will quickly recognize X .
0	You wo n't like Arjen , but you will quickly recognize him .	You wo n't like X , but you will quickly recognize X .
0	You wo n't like Manindra , but you will quickly recognize him .	You wo n't like X , but you will quickly recognize X .
0	You wo n't like Epiteto , but you will quickly recognize him .	You wo n't like X , but you will quickly recognize X .
0	You wo n't like Pianco , but you will quickly recognize him .	You wo n't like X , but you will quickly recognize X .
0	You wo n't like Cotsos , but you will quickly recognize him .	You wo n't like X , but you will quickly recognize X .
0	You wo n't like Chengyu , but you will quickly recognize him .	You wo n't like X , but you will quickly recognize X .
0	You wo n't like Rostislav , but you will quickly recognize him .	You wo n't like X , but you will quickly recognize X .
0	You wo n't like Mayur , but you will quickly recognize him .	You wo n't like X , but you will quickly recognize X .
0	You wo n't like Xhuliano , but you will quickly recognize him .	You wo n't like X , but you will quickly recognize X .
0	You wo n't like Мамант , but you will quickly recognize him .	You wo n't like X , but you will quickly recognize X .
0	You wo n't like Remme , but you will quickly recognize him .	You wo n't like X , but you will quickly recognize X .
0	You wo n't like Bhadrasraya , but you will quickly recognize him .	You wo n't like X , but you will quickly recognize X .
0	You wo n't like Roene , but you will quickly recognize him .	You wo n't like X , but you will quickly recognize X .
0	You wo n't like Ubayd , but you will quickly recognize him .	You wo n't like X , but you will quickly recognize X .
0	You wo n't like Stig , but you will quickly recognize him .	You wo n't like X , but you will quickly recognize X .
0	You wo n't like Tymon , but you will quickly recognize him .	You wo n't like X , but you will quickly recognize X .
0	You wo n't like Berrie , but you will quickly recognize him .	You wo n't like X , but you will quickly recognize X .
0	You wo n't like Акиндин , but you will quickly recognize him .	You wo n't like X , but you will quickly recognize X .
0	You wo n't like Danyar , but you will quickly recognize him .	You wo n't like X , but you will quickly recognize X .
0	You wo n't like Sveya , but you will quickly recognize her .	You wo n't like X , but you will quickly recognize X .
0	You wo n't like Suri , but you will quickly recognize her .	You wo n't like X , but you will quickly recognize X .
0	You wo n't like Men , but you will quickly recognize her .	You wo n't like X , but you will quickly recognize X .
0	You wo n't like Conliane , but you will quickly recognize her .	You wo n't like X , but you will quickly recognize X .
0	You wo n't like Modestie , but you will quickly recognize her .	You wo n't like X , but you will quickly recognize X .
0	You wo n't like Aleagh , but you will quickly recognize her .	You wo n't like X , but you will quickly recognize X .
0	You wo n't like Gezime , but you will quickly recognize her .	You wo n't like X , but you will quickly recognize X .
0	You wo n't like Thananya , but you will quickly recognize her .	You wo n't like X , but you will quickly recognize X .
0	You wo n't like Mayssan , but you will quickly recognize her .	You wo n't like X , but you will quickly recognize X .
0	You wo n't like Amelina , but you will quickly recognize her .	You wo n't like X , but you will quickly recognize X .
0	You wo n't like Julissa , but you will quickly recognize her .	You wo n't like X , but you will quickly recognize X .
0	You wo n't like Chihiro , but you will quickly recognize her .	You wo n't like X , but you will quickly recognize X .
0	You wo n't like Jocelinne , but you will quickly recognize her .	You wo n't like X , but you will quickly recognize X .
0	You wo n't like Marie-Noel , but you will quickly recognize her .	You wo n't like X , but you will quickly recognize X .
0	You wo n't like Phairin , but you will quickly recognize her .	You wo n't like X , but you will quickly recognize X .
0	You wo n't like Zoïtsa , but you will quickly recognize her .	You wo n't like X , but you will quickly recognize X .
0	You wo n't like Elyesea , but you will quickly recognize her .	You wo n't like X , but you will quickly recognize X .
0	You wo n't like Souhayla , but you will quickly recognize her .	You wo n't like X , but you will quickly recognize X .
0	You wo n't like Toke , but you will quickly recognize her .	You wo n't like X , but you will quickly recognize X .
0	You wo n't like Venora , but you will quickly recognize her .	You wo n't like X , but you will quickly recognize X .
0	You wo n't like Orphi , but you will quickly recognize her .	You wo n't like X , but you will quickly recognize X .
0	You wo n't like Luane , but you will quickly recognize her .	You wo n't like X , but you will quickly recognize X .
0	You wo n't like Bicetta , but you will quickly recognize her .	You wo n't like X , but you will quickly recognize X .
0	You wo n't like Tendy , but you will quickly recognize her .	You wo n't like X , but you will quickly recognize X .
0	You wo n't like Ethelle , but you will quickly recognize her .	You wo n't like X , but you will quickly recognize X .
0	You wo n't like Elaisha , but you will quickly recognize her .	You wo n't like X , but you will quickly recognize X .
0	You wo n't like Gertruda , but you will quickly recognize her .	You wo n't like X , but you will quickly recognize X .
0	You wo n't like Martusia , but you will quickly recognize her .	You wo n't like X , but you will quickly recognize X .
0	You wo n't like Feyme , but you will quickly recognize her .	You wo n't like X , but you will quickly recognize X .
0	You wo n't like Auphelie , but you will quickly recognize her .	You wo n't like X , but you will quickly recognize X .
