1	Those who would follow Palona on his creepy explorations ... are rewarded by brutal , committed performances from Huppert and Magimel .	Those who would follow X on X's creepy explorations ... are rewarded by brutal , committed performances from Huppert and Magimel .
1	Those who would follow Benedetto on his creepy explorations ... are rewarded by brutal , committed performances from Huppert and Magimel .	Those who would follow X on X's creepy explorations ... are rewarded by brutal , committed performances from Huppert and Magimel .
1	Those who would follow Kallimah on his creepy explorations ... are rewarded by brutal , committed performances from Huppert and Magimel .	Those who would follow X on X's creepy explorations ... are rewarded by brutal , committed performances from Huppert and Magimel .
1	Those who would follow Xudong on his creepy explorations ... are rewarded by brutal , committed performances from Huppert and Magimel .	Those who would follow X on X's creepy explorations ... are rewarded by brutal , committed performances from Huppert and Magimel .
1	Those who would follow Xilian on his creepy explorations ... are rewarded by brutal , committed performances from Huppert and Magimel .	Those who would follow X on X's creepy explorations ... are rewarded by brutal , committed performances from Huppert and Magimel .
1	Those who would follow Galian on his creepy explorations ... are rewarded by brutal , committed performances from Huppert and Magimel .	Those who would follow X on X's creepy explorations ... are rewarded by brutal , committed performances from Huppert and Magimel .
1	Those who would follow Nefis on his creepy explorations ... are rewarded by brutal , committed performances from Huppert and Magimel .	Those who would follow X on X's creepy explorations ... are rewarded by brutal , committed performances from Huppert and Magimel .
1	Those who would follow Lynott on his creepy explorations ... are rewarded by brutal , committed performances from Huppert and Magimel .	Those who would follow X on X's creepy explorations ... are rewarded by brutal , committed performances from Huppert and Magimel .
1	Those who would follow Avraamij on his creepy explorations ... are rewarded by brutal , committed performances from Huppert and Magimel .	Those who would follow X on X's creepy explorations ... are rewarded by brutal , committed performances from Huppert and Magimel .
1	Those who would follow Soulemane on his creepy explorations ... are rewarded by brutal , committed performances from Huppert and Magimel .	Those who would follow X on X's creepy explorations ... are rewarded by brutal , committed performances from Huppert and Magimel .
1	Those who would follow Remco on his creepy explorations ... are rewarded by brutal , committed performances from Huppert and Magimel .	Those who would follow X on X's creepy explorations ... are rewarded by brutal , committed performances from Huppert and Magimel .
1	Those who would follow Arjen on his creepy explorations ... are rewarded by brutal , committed performances from Huppert and Magimel .	Those who would follow X on X's creepy explorations ... are rewarded by brutal , committed performances from Huppert and Magimel .
1	Those who would follow Manindra on his creepy explorations ... are rewarded by brutal , committed performances from Huppert and Magimel .	Those who would follow X on X's creepy explorations ... are rewarded by brutal , committed performances from Huppert and Magimel .
1	Those who would follow Epiteto on his creepy explorations ... are rewarded by brutal , committed performances from Huppert and Magimel .	Those who would follow X on X's creepy explorations ... are rewarded by brutal , committed performances from Huppert and Magimel .
1	Those who would follow Pianco on his creepy explorations ... are rewarded by brutal , committed performances from Huppert and Magimel .	Those who would follow X on X's creepy explorations ... are rewarded by brutal , committed performances from Huppert and Magimel .
1	Those who would follow Cotsos on his creepy explorations ... are rewarded by brutal , committed performances from Huppert and Magimel .	Those who would follow X on X's creepy explorations ... are rewarded by brutal , committed performances from Huppert and Magimel .
1	Those who would follow Chengyu on his creepy explorations ... are rewarded by brutal , committed performances from Huppert and Magimel .	Those who would follow X on X's creepy explorations ... are rewarded by brutal , committed performances from Huppert and Magimel .
1	Those who would follow Rostislav on his creepy explorations ... are rewarded by brutal , committed performances from Huppert and Magimel .	Those who would follow X on X's creepy explorations ... are rewarded by brutal , committed performances from Huppert and Magimel .
1	Those who would follow Mayur on his creepy explorations ... are rewarded by brutal , committed performances from Huppert and Magimel .	Those who would follow X on X's creepy explorations ... are rewarded by brutal , committed performances from Huppert and Magimel .
1	Those who would follow Xhuliano on his creepy explorations ... are rewarded by brutal , committed performances from Huppert and Magimel .	Those who would follow X on X's creepy explorations ... are rewarded by brutal , committed performances from Huppert and Magimel .
1	Those who would follow Мамант on his creepy explorations ... are rewarded by brutal , committed performances from Huppert and Magimel .	Those who would follow X on X's creepy explorations ... are rewarded by brutal , committed performances from Huppert and Magimel .
1	Those who would follow Remme on his creepy explorations ... are rewarded by brutal , committed performances from Huppert and Magimel .	Those who would follow X on X's creepy explorations ... are rewarded by brutal , committed performances from Huppert and Magimel .
1	Those who would follow Bhadrasraya on his creepy explorations ... are rewarded by brutal , committed performances from Huppert and Magimel .	Those who would follow X on X's creepy explorations ... are rewarded by brutal , committed performances from Huppert and Magimel .
1	Those who would follow Roene on his creepy explorations ... are rewarded by brutal , committed performances from Huppert and Magimel .	Those who would follow X on X's creepy explorations ... are rewarded by brutal , committed performances from Huppert and Magimel .
1	Those who would follow Ubayd on his creepy explorations ... are rewarded by brutal , committed performances from Huppert and Magimel .	Those who would follow X on X's creepy explorations ... are rewarded by brutal , committed performances from Huppert and Magimel .
1	Those who would follow Stig on his creepy explorations ... are rewarded by brutal , committed performances from Huppert and Magimel .	Those who would follow X on X's creepy explorations ... are rewarded by brutal , committed performances from Huppert and Magimel .
1	Those who would follow Tymon on his creepy explorations ... are rewarded by brutal , committed performances from Huppert and Magimel .	Those who would follow X on X's creepy explorations ... are rewarded by brutal , committed performances from Huppert and Magimel .
1	Those who would follow Berrie on his creepy explorations ... are rewarded by brutal , committed performances from Huppert and Magimel .	Those who would follow X on X's creepy explorations ... are rewarded by brutal , committed performances from Huppert and Magimel .
1	Those who would follow Акиндин on his creepy explorations ... are rewarded by brutal , committed performances from Huppert and Magimel .	Those who would follow X on X's creepy explorations ... are rewarded by brutal , committed performances from Huppert and Magimel .
1	Those who would follow Danyar on his creepy explorations ... are rewarded by brutal , committed performances from Huppert and Magimel .	Those who would follow X on X's creepy explorations ... are rewarded by brutal , committed performances from Huppert and Magimel .
1	Those who would follow Sveya on her creepy explorations ... are rewarded by brutal , committed performances from Huppert and Magimel .	Those who would follow X on X's creepy explorations ... are rewarded by brutal , committed performances from Huppert and Magimel .
1	Those who would follow Suri on her creepy explorations ... are rewarded by brutal , committed performances from Huppert and Magimel .	Those who would follow X on X's creepy explorations ... are rewarded by brutal , committed performances from Huppert and Magimel .
1	Those who would follow Men on her creepy explorations ... are rewarded by brutal , committed performances from Huppert and Magimel .	Those who would follow X on X's creepy explorations ... are rewarded by brutal , committed performances from Huppert and Magimel .
1	Those who would follow Conliane on her creepy explorations ... are rewarded by brutal , committed performances from Huppert and Magimel .	Those who would follow X on X's creepy explorations ... are rewarded by brutal , committed performances from Huppert and Magimel .
1	Those who would follow Modestie on her creepy explorations ... are rewarded by brutal , committed performances from Huppert and Magimel .	Those who would follow X on X's creepy explorations ... are rewarded by brutal , committed performances from Huppert and Magimel .
1	Those who would follow Aleagh on her creepy explorations ... are rewarded by brutal , committed performances from Huppert and Magimel .	Those who would follow X on X's creepy explorations ... are rewarded by brutal , committed performances from Huppert and Magimel .
1	Those who would follow Gezime on her creepy explorations ... are rewarded by brutal , committed performances from Huppert and Magimel .	Those who would follow X on X's creepy explorations ... are rewarded by brutal , committed performances from Huppert and Magimel .
1	Those who would follow Thananya on her creepy explorations ... are rewarded by brutal , committed performances from Huppert and Magimel .	Those who would follow X on X's creepy explorations ... are rewarded by brutal , committed performances from Huppert and Magimel .
1	Those who would follow Mayssan on her creepy explorations ... are rewarded by brutal , committed performances from Huppert and Magimel .	Those who would follow X on X's creepy explorations ... are rewarded by brutal , committed performances from Huppert and Magimel .
1	Those who would follow Amelina on her creepy explorations ... are rewarded by brutal , committed performances from Huppert and Magimel .	Those who would follow X on X's creepy explorations ... are rewarded by brutal , committed performances from Huppert and Magimel .
1	Those who would follow Julissa on her creepy explorations ... are rewarded by brutal , committed performances from Huppert and Magimel .	Those who would follow X on X's creepy explorations ... are rewarded by brutal , committed performances from Huppert and Magimel .
1	Those who would follow Chihiro on her creepy explorations ... are rewarded by brutal , committed performances from Huppert and Magimel .	Those who would follow X on X's creepy explorations ... are rewarded by brutal , committed performances from Huppert and Magimel .
1	Those who would follow Jocelinne on her creepy explorations ... are rewarded by brutal , committed performances from Huppert and Magimel .	Those who would follow X on X's creepy explorations ... are rewarded by brutal , committed performances from Huppert and Magimel .
1	Those who would follow Marie-Noel on her creepy explorations ... are rewarded by brutal , committed performances from Huppert and Magimel .	Those who would follow X on X's creepy explorations ... are rewarded by brutal , committed performances from Huppert and Magimel .
1	Those who would follow Phairin on her creepy explorations ... are rewarded by brutal , committed performances from Huppert and Magimel .	Those who would follow X on X's creepy explorations ... are rewarded by brutal , committed performances from Huppert and Magimel .
1	Those who would follow Zoïtsa on her creepy explorations ... are rewarded by brutal , committed performances from Huppert and Magimel .	Those who would follow X on X's creepy explorations ... are rewarded by brutal , committed performances from Huppert and Magimel .
1	Those who would follow Elyesea on her creepy explorations ... are rewarded by brutal , committed performances from Huppert and Magimel .	Those who would follow X on X's creepy explorations ... are rewarded by brutal , committed performances from Huppert and Magimel .
1	Those who would follow Souhayla on her creepy explorations ... are rewarded by brutal , committed performances from Huppert and Magimel .	Those who would follow X on X's creepy explorations ... are rewarded by brutal , committed performances from Huppert and Magimel .
1	Those who would follow Toke on her creepy explorations ... are rewarded by brutal , committed performances from Huppert and Magimel .	Those who would follow X on X's creepy explorations ... are rewarded by brutal , committed performances from Huppert and Magimel .
1	Those who would follow Venora on her creepy explorations ... are rewarded by brutal , committed performances from Huppert and Magimel .	Those who would follow X on X's creepy explorations ... are rewarded by brutal , committed performances from Huppert and Magimel .
1	Those who would follow Orphi on her creepy explorations ... are rewarded by brutal , committed performances from Huppert and Magimel .	Those who would follow X on X's creepy explorations ... are rewarded by brutal , committed performances from Huppert and Magimel .
1	Those who would follow Luane on her creepy explorations ... are rewarded by brutal , committed performances from Huppert and Magimel .	Those who would follow X on X's creepy explorations ... are rewarded by brutal , committed performances from Huppert and Magimel .
1	Those who would follow Bicetta on her creepy explorations ... are rewarded by brutal , committed performances from Huppert and Magimel .	Those who would follow X on X's creepy explorations ... are rewarded by brutal , committed performances from Huppert and Magimel .
1	Those who would follow Tendy on her creepy explorations ... are rewarded by brutal , committed performances from Huppert and Magimel .	Those who would follow X on X's creepy explorations ... are rewarded by brutal , committed performances from Huppert and Magimel .
1	Those who would follow Ethelle on her creepy explorations ... are rewarded by brutal , committed performances from Huppert and Magimel .	Those who would follow X on X's creepy explorations ... are rewarded by brutal , committed performances from Huppert and Magimel .
1	Those who would follow Elaisha on her creepy explorations ... are rewarded by brutal , committed performances from Huppert and Magimel .	Those who would follow X on X's creepy explorations ... are rewarded by brutal , committed performances from Huppert and Magimel .
1	Those who would follow Gertruda on her creepy explorations ... are rewarded by brutal , committed performances from Huppert and Magimel .	Those who would follow X on X's creepy explorations ... are rewarded by brutal , committed performances from Huppert and Magimel .
1	Those who would follow Martusia on her creepy explorations ... are rewarded by brutal , committed performances from Huppert and Magimel .	Those who would follow X on X's creepy explorations ... are rewarded by brutal , committed performances from Huppert and Magimel .
1	Those who would follow Feyme on her creepy explorations ... are rewarded by brutal , committed performances from Huppert and Magimel .	Those who would follow X on X's creepy explorations ... are rewarded by brutal , committed performances from Huppert and Magimel .
1	Those who would follow Auphelie on her creepy explorations ... are rewarded by brutal , committed performances from Huppert and Magimel .	Those who would follow X on X's creepy explorations ... are rewarded by brutal , committed performances from Huppert and Magimel .
