1	Palona has taken his trademark style and refined it to a crystalline point .	X has taken X's trademark style and refined it to a crystalline point .
1	Benedetto has taken his trademark style and refined it to a crystalline point .	X has taken X's trademark style and refined it to a crystalline point .
1	Kallimah has taken his trademark style and refined it to a crystalline point .	X has taken X's trademark style and refined it to a crystalline point .
1	Xudong has taken his trademark style and refined it to a crystalline point .	X has taken X's trademark style and refined it to a crystalline point .
1	Xilian has taken his trademark style and refined it to a crystalline point .	X has taken X's trademark style and refined it to a crystalline point .
1	Galian has taken his trademark style and refined it to a crystalline point .	X has taken X's trademark style and refined it to a crystalline point .
1	Nefis has taken his trademark style and refined it to a crystalline point .	X has taken X's trademark style and refined it to a crystalline point .
1	Lynott has taken his trademark style and refined it to a crystalline point .	X has taken X's trademark style and refined it to a crystalline point .
1	Avraamij has taken his trademark style and refined it to a crystalline point .	X has taken X's trademark style and refined it to a crystalline point .
1	Soulemane has taken his trademark style and refined it to a crystalline point .	X has taken X's trademark style and refined it to a crystalline point .
1	Remco has taken his trademark style and refined it to a crystalline point .	X has taken X's trademark style and refined it to a crystalline point .
1	Arjen has taken his trademark style and refined it to a crystalline point .	X has taken X's trademark style and refined it to a crystalline point .
1	Manindra has taken his trademark style and refined it to a crystalline point .	X has taken X's trademark style and refined it to a crystalline point .
1	Epiteto has taken his trademark style and refined it to a crystalline point .	X has taken X's trademark style and refined it to a crystalline point .
1	Pianco has taken his trademark style and refined it to a crystalline point .	X has taken X's trademark style and refined it to a crystalline point .
1	Cotsos has taken his trademark style and refined it to a crystalline point .	X has taken X's trademark style and refined it to a crystalline point .
1	Chengyu has taken his trademark style and refined it to a crystalline point .	X has taken X's trademark style and refined it to a crystalline point .
1	Rostislav has taken his trademark style and refined it to a crystalline point .	X has taken X's trademark style and refined it to a crystalline point .
1	Mayur has taken his trademark style and refined it to a crystalline point .	X has taken X's trademark style and refined it to a crystalline point .
1	Xhuliano has taken his trademark style and refined it to a crystalline point .	X has taken X's trademark style and refined it to a crystalline point .
1	Мамант has taken his trademark style and refined it to a crystalline point .	X has taken X's trademark style and refined it to a crystalline point .
1	Remme has taken his trademark style and refined it to a crystalline point .	X has taken X's trademark style and refined it to a crystalline point .
1	Bhadrasraya has taken his trademark style and refined it to a crystalline point .	X has taken X's trademark style and refined it to a crystalline point .
1	Roene has taken his trademark style and refined it to a crystalline point .	X has taken X's trademark style and refined it to a crystalline point .
1	Ubayd has taken his trademark style and refined it to a crystalline point .	X has taken X's trademark style and refined it to a crystalline point .
1	Stig has taken his trademark style and refined it to a crystalline point .	X has taken X's trademark style and refined it to a crystalline point .
1	Tymon has taken his trademark style and refined it to a crystalline point .	X has taken X's trademark style and refined it to a crystalline point .
1	Berrie has taken his trademark style and refined it to a crystalline point .	X has taken X's trademark style and refined it to a crystalline point .
1	Акиндин has taken his trademark style and refined it to a crystalline point .	X has taken X's trademark style and refined it to a crystalline point .
1	Danyar has taken his trademark style and refined it to a crystalline point .	X has taken X's trademark style and refined it to a crystalline point .
1	Sveya has taken her trademark style and refined it to a crystalline point .	X has taken X's trademark style and refined it to a crystalline point .
1	Suri has taken her trademark style and refined it to a crystalline point .	X has taken X's trademark style and refined it to a crystalline point .
1	Men has taken her trademark style and refined it to a crystalline point .	X has taken X's trademark style and refined it to a crystalline point .
1	Conliane has taken her trademark style and refined it to a crystalline point .	X has taken X's trademark style and refined it to a crystalline point .
1	Modestie has taken her trademark style and refined it to a crystalline point .	X has taken X's trademark style and refined it to a crystalline point .
1	Aleagh has taken her trademark style and refined it to a crystalline point .	X has taken X's trademark style and refined it to a crystalline point .
1	Gezime has taken her trademark style and refined it to a crystalline point .	X has taken X's trademark style and refined it to a crystalline point .
1	Thananya has taken her trademark style and refined it to a crystalline point .	X has taken X's trademark style and refined it to a crystalline point .
1	Mayssan has taken her trademark style and refined it to a crystalline point .	X has taken X's trademark style and refined it to a crystalline point .
1	Amelina has taken her trademark style and refined it to a crystalline point .	X has taken X's trademark style and refined it to a crystalline point .
1	Julissa has taken her trademark style and refined it to a crystalline point .	X has taken X's trademark style and refined it to a crystalline point .
1	Chihiro has taken her trademark style and refined it to a crystalline point .	X has taken X's trademark style and refined it to a crystalline point .
1	Jocelinne has taken her trademark style and refined it to a crystalline point .	X has taken X's trademark style and refined it to a crystalline point .
1	Marie-Noel has taken her trademark style and refined it to a crystalline point .	X has taken X's trademark style and refined it to a crystalline point .
1	Phairin has taken her trademark style and refined it to a crystalline point .	X has taken X's trademark style and refined it to a crystalline point .
1	Zoïtsa has taken her trademark style and refined it to a crystalline point .	X has taken X's trademark style and refined it to a crystalline point .
1	Elyesea has taken her trademark style and refined it to a crystalline point .	X has taken X's trademark style and refined it to a crystalline point .
1	Souhayla has taken her trademark style and refined it to a crystalline point .	X has taken X's trademark style and refined it to a crystalline point .
1	Toke has taken her trademark style and refined it to a crystalline point .	X has taken X's trademark style and refined it to a crystalline point .
1	Venora has taken her trademark style and refined it to a crystalline point .	X has taken X's trademark style and refined it to a crystalline point .
1	Orphi has taken her trademark style and refined it to a crystalline point .	X has taken X's trademark style and refined it to a crystalline point .
1	Luane has taken her trademark style and refined it to a crystalline point .	X has taken X's trademark style and refined it to a crystalline point .
1	Bicetta has taken her trademark style and refined it to a crystalline point .	X has taken X's trademark style and refined it to a crystalline point .
1	Tendy has taken her trademark style and refined it to a crystalline point .	X has taken X's trademark style and refined it to a crystalline point .
1	Ethelle has taken her trademark style and refined it to a crystalline point .	X has taken X's trademark style and refined it to a crystalline point .
1	Elaisha has taken her trademark style and refined it to a crystalline point .	X has taken X's trademark style and refined it to a crystalline point .
1	Gertruda has taken her trademark style and refined it to a crystalline point .	X has taken X's trademark style and refined it to a crystalline point .
1	Martusia has taken her trademark style and refined it to a crystalline point .	X has taken X's trademark style and refined it to a crystalline point .
1	Feyme has taken her trademark style and refined it to a crystalline point .	X has taken X's trademark style and refined it to a crystalline point .
1	Auphelie has taken her trademark style and refined it to a crystalline point .	X has taken X's trademark style and refined it to a crystalline point .
