1	... a cute and sometimes side-splittingly funny blend of Legally Blonde and Drop Dead Gorgeous , starring Palona in what could be his breakthrough role .	... a cute and sometimes side-splittingly funny blend of Legally Blonde and Drop Dead Gorgeous , starring X in what could be X's breakthrough role .
1	... a cute and sometimes side-splittingly funny blend of Legally Blonde and Drop Dead Gorgeous , starring Benedetto in what could be his breakthrough role .	... a cute and sometimes side-splittingly funny blend of Legally Blonde and Drop Dead Gorgeous , starring X in what could be X's breakthrough role .
1	... a cute and sometimes side-splittingly funny blend of Legally Blonde and Drop Dead Gorgeous , starring Kallimah in what could be his breakthrough role .	... a cute and sometimes side-splittingly funny blend of Legally Blonde and Drop Dead Gorgeous , starring X in what could be X's breakthrough role .
1	... a cute and sometimes side-splittingly funny blend of Legally Blonde and Drop Dead Gorgeous , starring Xudong in what could be his breakthrough role .	... a cute and sometimes side-splittingly funny blend of Legally Blonde and Drop Dead Gorgeous , starring X in what could be X's breakthrough role .
1	... a cute and sometimes side-splittingly funny blend of Legally Blonde and Drop Dead Gorgeous , starring Xilian in what could be his breakthrough role .	... a cute and sometimes side-splittingly funny blend of Legally Blonde and Drop Dead Gorgeous , starring X in what could be X's breakthrough role .
1	... a cute and sometimes side-splittingly funny blend of Legally Blonde and Drop Dead Gorgeous , starring Galian in what could be his breakthrough role .	... a cute and sometimes side-splittingly funny blend of Legally Blonde and Drop Dead Gorgeous , starring X in what could be X's breakthrough role .
1	... a cute and sometimes side-splittingly funny blend of Legally Blonde and Drop Dead Gorgeous , starring Nefis in what could be his breakthrough role .	... a cute and sometimes side-splittingly funny blend of Legally Blonde and Drop Dead Gorgeous , starring X in what could be X's breakthrough role .
1	... a cute and sometimes side-splittingly funny blend of Legally Blonde and Drop Dead Gorgeous , starring Lynott in what could be his breakthrough role .	... a cute and sometimes side-splittingly funny blend of Legally Blonde and Drop Dead Gorgeous , starring X in what could be X's breakthrough role .
1	... a cute and sometimes side-splittingly funny blend of Legally Blonde and Drop Dead Gorgeous , starring Avraamij in what could be his breakthrough role .	... a cute and sometimes side-splittingly funny blend of Legally Blonde and Drop Dead Gorgeous , starring X in what could be X's breakthrough role .
1	... a cute and sometimes side-splittingly funny blend of Legally Blonde and Drop Dead Gorgeous , starring Soulemane in what could be his breakthrough role .	... a cute and sometimes side-splittingly funny blend of Legally Blonde and Drop Dead Gorgeous , starring X in what could be X's breakthrough role .
1	... a cute and sometimes side-splittingly funny blend of Legally Blonde and Drop Dead Gorgeous , starring Remco in what could be his breakthrough role .	... a cute and sometimes side-splittingly funny blend of Legally Blonde and Drop Dead Gorgeous , starring X in what could be X's breakthrough role .
1	... a cute and sometimes side-splittingly funny blend of Legally Blonde and Drop Dead Gorgeous , starring Arjen in what could be his breakthrough role .	... a cute and sometimes side-splittingly funny blend of Legally Blonde and Drop Dead Gorgeous , starring X in what could be X's breakthrough role .
1	... a cute and sometimes side-splittingly funny blend of Legally Blonde and Drop Dead Gorgeous , starring Manindra in what could be his breakthrough role .	... a cute and sometimes side-splittingly funny blend of Legally Blonde and Drop Dead Gorgeous , starring X in what could be X's breakthrough role .
1	... a cute and sometimes side-splittingly funny blend of Legally Blonde and Drop Dead Gorgeous , starring Epiteto in what could be his breakthrough role .	... a cute and sometimes side-splittingly funny blend of Legally Blonde and Drop Dead Gorgeous , starring X in what could be X's breakthrough role .
1	... a cute and sometimes side-splittingly funny blend of Legally Blonde and Drop Dead Gorgeous , starring Pianco in what could be his breakthrough role .	... a cute and sometimes side-splittingly funny blend of Legally Blonde and Drop Dead Gorgeous , starring X in what could be X's breakthrough role .
1	... a cute and sometimes side-splittingly funny blend of Legally Blonde and Drop Dead Gorgeous , starring Cotsos in what could be his breakthrough role .	... a cute and sometimes side-splittingly funny blend of Legally Blonde and Drop Dead Gorgeous , starring X in what could be X's breakthrough role .
1	... a cute and sometimes side-splittingly funny blend of Legally Blonde and Drop Dead Gorgeous , starring Chengyu in what could be his breakthrough role .	... a cute and sometimes side-splittingly funny blend of Legally Blonde and Drop Dead Gorgeous , starring X in what could be X's breakthrough role .
1	... a cute and sometimes side-splittingly funny blend of Legally Blonde and Drop Dead Gorgeous , starring Rostislav in what could be his breakthrough role .	... a cute and sometimes side-splittingly funny blend of Legally Blonde and Drop Dead Gorgeous , starring X in what could be X's breakthrough role .
1	... a cute and sometimes side-splittingly funny blend of Legally Blonde and Drop Dead Gorgeous , starring Mayur in what could be his breakthrough role .	... a cute and sometimes side-splittingly funny blend of Legally Blonde and Drop Dead Gorgeous , starring X in what could be X's breakthrough role .
1	... a cute and sometimes side-splittingly funny blend of Legally Blonde and Drop Dead Gorgeous , starring Xhuliano in what could be his breakthrough role .	... a cute and sometimes side-splittingly funny blend of Legally Blonde and Drop Dead Gorgeous , starring X in what could be X's breakthrough role .
1	... a cute and sometimes side-splittingly funny blend of Legally Blonde and Drop Dead Gorgeous , starring Мамант in what could be his breakthrough role .	... a cute and sometimes side-splittingly funny blend of Legally Blonde and Drop Dead Gorgeous , starring X in what could be X's breakthrough role .
1	... a cute and sometimes side-splittingly funny blend of Legally Blonde and Drop Dead Gorgeous , starring Remme in what could be his breakthrough role .	... a cute and sometimes side-splittingly funny blend of Legally Blonde and Drop Dead Gorgeous , starring X in what could be X's breakthrough role .
1	... a cute and sometimes side-splittingly funny blend of Legally Blonde and Drop Dead Gorgeous , starring Bhadrasraya in what could be his breakthrough role .	... a cute and sometimes side-splittingly funny blend of Legally Blonde and Drop Dead Gorgeous , starring X in what could be X's breakthrough role .
1	... a cute and sometimes side-splittingly funny blend of Legally Blonde and Drop Dead Gorgeous , starring Roene in what could be his breakthrough role .	... a cute and sometimes side-splittingly funny blend of Legally Blonde and Drop Dead Gorgeous , starring X in what could be X's breakthrough role .
1	... a cute and sometimes side-splittingly funny blend of Legally Blonde and Drop Dead Gorgeous , starring Ubayd in what could be his breakthrough role .	... a cute and sometimes side-splittingly funny blend of Legally Blonde and Drop Dead Gorgeous , starring X in what could be X's breakthrough role .
1	... a cute and sometimes side-splittingly funny blend of Legally Blonde and Drop Dead Gorgeous , starring Stig in what could be his breakthrough role .	... a cute and sometimes side-splittingly funny blend of Legally Blonde and Drop Dead Gorgeous , starring X in what could be X's breakthrough role .
1	... a cute and sometimes side-splittingly funny blend of Legally Blonde and Drop Dead Gorgeous , starring Tymon in what could be his breakthrough role .	... a cute and sometimes side-splittingly funny blend of Legally Blonde and Drop Dead Gorgeous , starring X in what could be X's breakthrough role .
1	... a cute and sometimes side-splittingly funny blend of Legally Blonde and Drop Dead Gorgeous , starring Berrie in what could be his breakthrough role .	... a cute and sometimes side-splittingly funny blend of Legally Blonde and Drop Dead Gorgeous , starring X in what could be X's breakthrough role .
1	... a cute and sometimes side-splittingly funny blend of Legally Blonde and Drop Dead Gorgeous , starring Акиндин in what could be his breakthrough role .	... a cute and sometimes side-splittingly funny blend of Legally Blonde and Drop Dead Gorgeous , starring X in what could be X's breakthrough role .
1	... a cute and sometimes side-splittingly funny blend of Legally Blonde and Drop Dead Gorgeous , starring Danyar in what could be his breakthrough role .	... a cute and sometimes side-splittingly funny blend of Legally Blonde and Drop Dead Gorgeous , starring X in what could be X's breakthrough role .
1	... a cute and sometimes side-splittingly funny blend of Legally Blonde and Drop Dead Gorgeous , starring Sveya in what could be her breakthrough role .	... a cute and sometimes side-splittingly funny blend of Legally Blonde and Drop Dead Gorgeous , starring X in what could be X's breakthrough role .
1	... a cute and sometimes side-splittingly funny blend of Legally Blonde and Drop Dead Gorgeous , starring Suri in what could be her breakthrough role .	... a cute and sometimes side-splittingly funny blend of Legally Blonde and Drop Dead Gorgeous , starring X in what could be X's breakthrough role .
1	... a cute and sometimes side-splittingly funny blend of Legally Blonde and Drop Dead Gorgeous , starring Men in what could be her breakthrough role .	... a cute and sometimes side-splittingly funny blend of Legally Blonde and Drop Dead Gorgeous , starring X in what could be X's breakthrough role .
1	... a cute and sometimes side-splittingly funny blend of Legally Blonde and Drop Dead Gorgeous , starring Conliane in what could be her breakthrough role .	... a cute and sometimes side-splittingly funny blend of Legally Blonde and Drop Dead Gorgeous , starring X in what could be X's breakthrough role .
1	... a cute and sometimes side-splittingly funny blend of Legally Blonde and Drop Dead Gorgeous , starring Modestie in what could be her breakthrough role .	... a cute and sometimes side-splittingly funny blend of Legally Blonde and Drop Dead Gorgeous , starring X in what could be X's breakthrough role .
1	... a cute and sometimes side-splittingly funny blend of Legally Blonde and Drop Dead Gorgeous , starring Aleagh in what could be her breakthrough role .	... a cute and sometimes side-splittingly funny blend of Legally Blonde and Drop Dead Gorgeous , starring X in what could be X's breakthrough role .
1	... a cute and sometimes side-splittingly funny blend of Legally Blonde and Drop Dead Gorgeous , starring Gezime in what could be her breakthrough role .	... a cute and sometimes side-splittingly funny blend of Legally Blonde and Drop Dead Gorgeous , starring X in what could be X's breakthrough role .
1	... a cute and sometimes side-splittingly funny blend of Legally Blonde and Drop Dead Gorgeous , starring Thananya in what could be her breakthrough role .	... a cute and sometimes side-splittingly funny blend of Legally Blonde and Drop Dead Gorgeous , starring X in what could be X's breakthrough role .
1	... a cute and sometimes side-splittingly funny blend of Legally Blonde and Drop Dead Gorgeous , starring Mayssan in what could be her breakthrough role .	... a cute and sometimes side-splittingly funny blend of Legally Blonde and Drop Dead Gorgeous , starring X in what could be X's breakthrough role .
1	... a cute and sometimes side-splittingly funny blend of Legally Blonde and Drop Dead Gorgeous , starring Amelina in what could be her breakthrough role .	... a cute and sometimes side-splittingly funny blend of Legally Blonde and Drop Dead Gorgeous , starring X in what could be X's breakthrough role .
1	... a cute and sometimes side-splittingly funny blend of Legally Blonde and Drop Dead Gorgeous , starring Julissa in what could be her breakthrough role .	... a cute and sometimes side-splittingly funny blend of Legally Blonde and Drop Dead Gorgeous , starring X in what could be X's breakthrough role .
1	... a cute and sometimes side-splittingly funny blend of Legally Blonde and Drop Dead Gorgeous , starring Chihiro in what could be her breakthrough role .	... a cute and sometimes side-splittingly funny blend of Legally Blonde and Drop Dead Gorgeous , starring X in what could be X's breakthrough role .
1	... a cute and sometimes side-splittingly funny blend of Legally Blonde and Drop Dead Gorgeous , starring Jocelinne in what could be her breakthrough role .	... a cute and sometimes side-splittingly funny blend of Legally Blonde and Drop Dead Gorgeous , starring X in what could be X's breakthrough role .
1	... a cute and sometimes side-splittingly funny blend of Legally Blonde and Drop Dead Gorgeous , starring Marie-Noel in what could be her breakthrough role .	... a cute and sometimes side-splittingly funny blend of Legally Blonde and Drop Dead Gorgeous , starring X in what could be X's breakthrough role .
1	... a cute and sometimes side-splittingly funny blend of Legally Blonde and Drop Dead Gorgeous , starring Phairin in what could be her breakthrough role .	... a cute and sometimes side-splittingly funny blend of Legally Blonde and Drop Dead Gorgeous , starring X in what could be X's breakthrough role .
1	... a cute and sometimes side-splittingly funny blend of Legally Blonde and Drop Dead Gorgeous , starring Zoïtsa in what could be her breakthrough role .	... a cute and sometimes side-splittingly funny blend of Legally Blonde and Drop Dead Gorgeous , starring X in what could be X's breakthrough role .
1	... a cute and sometimes side-splittingly funny blend of Legally Blonde and Drop Dead Gorgeous , starring Elyesea in what could be her breakthrough role .	... a cute and sometimes side-splittingly funny blend of Legally Blonde and Drop Dead Gorgeous , starring X in what could be X's breakthrough role .
1	... a cute and sometimes side-splittingly funny blend of Legally Blonde and Drop Dead Gorgeous , starring Souhayla in what could be her breakthrough role .	... a cute and sometimes side-splittingly funny blend of Legally Blonde and Drop Dead Gorgeous , starring X in what could be X's breakthrough role .
1	... a cute and sometimes side-splittingly funny blend of Legally Blonde and Drop Dead Gorgeous , starring Toke in what could be her breakthrough role .	... a cute and sometimes side-splittingly funny blend of Legally Blonde and Drop Dead Gorgeous , starring X in what could be X's breakthrough role .
1	... a cute and sometimes side-splittingly funny blend of Legally Blonde and Drop Dead Gorgeous , starring Venora in what could be her breakthrough role .	... a cute and sometimes side-splittingly funny blend of Legally Blonde and Drop Dead Gorgeous , starring X in what could be X's breakthrough role .
1	... a cute and sometimes side-splittingly funny blend of Legally Blonde and Drop Dead Gorgeous , starring Orphi in what could be her breakthrough role .	... a cute and sometimes side-splittingly funny blend of Legally Blonde and Drop Dead Gorgeous , starring X in what could be X's breakthrough role .
1	... a cute and sometimes side-splittingly funny blend of Legally Blonde and Drop Dead Gorgeous , starring Luane in what could be her breakthrough role .	... a cute and sometimes side-splittingly funny blend of Legally Blonde and Drop Dead Gorgeous , starring X in what could be X's breakthrough role .
1	... a cute and sometimes side-splittingly funny blend of Legally Blonde and Drop Dead Gorgeous , starring Bicetta in what could be her breakthrough role .	... a cute and sometimes side-splittingly funny blend of Legally Blonde and Drop Dead Gorgeous , starring X in what could be X's breakthrough role .
1	... a cute and sometimes side-splittingly funny blend of Legally Blonde and Drop Dead Gorgeous , starring Tendy in what could be her breakthrough role .	... a cute and sometimes side-splittingly funny blend of Legally Blonde and Drop Dead Gorgeous , starring X in what could be X's breakthrough role .
1	... a cute and sometimes side-splittingly funny blend of Legally Blonde and Drop Dead Gorgeous , starring Ethelle in what could be her breakthrough role .	... a cute and sometimes side-splittingly funny blend of Legally Blonde and Drop Dead Gorgeous , starring X in what could be X's breakthrough role .
1	... a cute and sometimes side-splittingly funny blend of Legally Blonde and Drop Dead Gorgeous , starring Elaisha in what could be her breakthrough role .	... a cute and sometimes side-splittingly funny blend of Legally Blonde and Drop Dead Gorgeous , starring X in what could be X's breakthrough role .
1	... a cute and sometimes side-splittingly funny blend of Legally Blonde and Drop Dead Gorgeous , starring Gertruda in what could be her breakthrough role .	... a cute and sometimes side-splittingly funny blend of Legally Blonde and Drop Dead Gorgeous , starring X in what could be X's breakthrough role .
1	... a cute and sometimes side-splittingly funny blend of Legally Blonde and Drop Dead Gorgeous , starring Martusia in what could be her breakthrough role .	... a cute and sometimes side-splittingly funny blend of Legally Blonde and Drop Dead Gorgeous , starring X in what could be X's breakthrough role .
1	... a cute and sometimes side-splittingly funny blend of Legally Blonde and Drop Dead Gorgeous , starring Feyme in what could be her breakthrough role .	... a cute and sometimes side-splittingly funny blend of Legally Blonde and Drop Dead Gorgeous , starring X in what could be X's breakthrough role .
1	... a cute and sometimes side-splittingly funny blend of Legally Blonde and Drop Dead Gorgeous , starring Auphelie in what could be her breakthrough role .	... a cute and sometimes side-splittingly funny blend of Legally Blonde and Drop Dead Gorgeous , starring X in what could be X's breakthrough role .
