1	Palona , in his most forceful non-Shakespeare screen performance , grounds even the softest moments in the angry revolt of his wit .	X , in X's most forceful non-Shakespeare screen performance , grounds even the softest moments in the angry revolt of X's wit .
1	Benedetto , in his most forceful non-Shakespeare screen performance , grounds even the softest moments in the angry revolt of his wit .	X , in X's most forceful non-Shakespeare screen performance , grounds even the softest moments in the angry revolt of X's wit .
1	Kallimah , in his most forceful non-Shakespeare screen performance , grounds even the softest moments in the angry revolt of his wit .	X , in X's most forceful non-Shakespeare screen performance , grounds even the softest moments in the angry revolt of X's wit .
1	Xudong , in his most forceful non-Shakespeare screen performance , grounds even the softest moments in the angry revolt of his wit .	X , in X's most forceful non-Shakespeare screen performance , grounds even the softest moments in the angry revolt of X's wit .
1	Xilian , in his most forceful non-Shakespeare screen performance , grounds even the softest moments in the angry revolt of his wit .	X , in X's most forceful non-Shakespeare screen performance , grounds even the softest moments in the angry revolt of X's wit .
1	Galian , in his most forceful non-Shakespeare screen performance , grounds even the softest moments in the angry revolt of his wit .	X , in X's most forceful non-Shakespeare screen performance , grounds even the softest moments in the angry revolt of X's wit .
1	Nefis , in his most forceful non-Shakespeare screen performance , grounds even the softest moments in the angry revolt of his wit .	X , in X's most forceful non-Shakespeare screen performance , grounds even the softest moments in the angry revolt of X's wit .
1	Lynott , in his most forceful non-Shakespeare screen performance , grounds even the softest moments in the angry revolt of his wit .	X , in X's most forceful non-Shakespeare screen performance , grounds even the softest moments in the angry revolt of X's wit .
1	Avraamij , in his most forceful non-Shakespeare screen performance , grounds even the softest moments in the angry revolt of his wit .	X , in X's most forceful non-Shakespeare screen performance , grounds even the softest moments in the angry revolt of X's wit .
1	Soulemane , in his most forceful non-Shakespeare screen performance , grounds even the softest moments in the angry revolt of his wit .	X , in X's most forceful non-Shakespeare screen performance , grounds even the softest moments in the angry revolt of X's wit .
1	Remco , in his most forceful non-Shakespeare screen performance , grounds even the softest moments in the angry revolt of his wit .	X , in X's most forceful non-Shakespeare screen performance , grounds even the softest moments in the angry revolt of X's wit .
1	Arjen , in his most forceful non-Shakespeare screen performance , grounds even the softest moments in the angry revolt of his wit .	X , in X's most forceful non-Shakespeare screen performance , grounds even the softest moments in the angry revolt of X's wit .
1	Manindra , in his most forceful non-Shakespeare screen performance , grounds even the softest moments in the angry revolt of his wit .	X , in X's most forceful non-Shakespeare screen performance , grounds even the softest moments in the angry revolt of X's wit .
1	Epiteto , in his most forceful non-Shakespeare screen performance , grounds even the softest moments in the angry revolt of his wit .	X , in X's most forceful non-Shakespeare screen performance , grounds even the softest moments in the angry revolt of X's wit .
1	Pianco , in his most forceful non-Shakespeare screen performance , grounds even the softest moments in the angry revolt of his wit .	X , in X's most forceful non-Shakespeare screen performance , grounds even the softest moments in the angry revolt of X's wit .
1	Cotsos , in his most forceful non-Shakespeare screen performance , grounds even the softest moments in the angry revolt of his wit .	X , in X's most forceful non-Shakespeare screen performance , grounds even the softest moments in the angry revolt of X's wit .
1	Chengyu , in his most forceful non-Shakespeare screen performance , grounds even the softest moments in the angry revolt of his wit .	X , in X's most forceful non-Shakespeare screen performance , grounds even the softest moments in the angry revolt of X's wit .
1	Rostislav , in his most forceful non-Shakespeare screen performance , grounds even the softest moments in the angry revolt of his wit .	X , in X's most forceful non-Shakespeare screen performance , grounds even the softest moments in the angry revolt of X's wit .
1	Mayur , in his most forceful non-Shakespeare screen performance , grounds even the softest moments in the angry revolt of his wit .	X , in X's most forceful non-Shakespeare screen performance , grounds even the softest moments in the angry revolt of X's wit .
1	Xhuliano , in his most forceful non-Shakespeare screen performance , grounds even the softest moments in the angry revolt of his wit .	X , in X's most forceful non-Shakespeare screen performance , grounds even the softest moments in the angry revolt of X's wit .
1	Мамант , in his most forceful non-Shakespeare screen performance , grounds even the softest moments in the angry revolt of his wit .	X , in X's most forceful non-Shakespeare screen performance , grounds even the softest moments in the angry revolt of X's wit .
1	Remme , in his most forceful non-Shakespeare screen performance , grounds even the softest moments in the angry revolt of his wit .	X , in X's most forceful non-Shakespeare screen performance , grounds even the softest moments in the angry revolt of X's wit .
1	Bhadrasraya , in his most forceful non-Shakespeare screen performance , grounds even the softest moments in the angry revolt of his wit .	X , in X's most forceful non-Shakespeare screen performance , grounds even the softest moments in the angry revolt of X's wit .
1	Roene , in his most forceful non-Shakespeare screen performance , grounds even the softest moments in the angry revolt of his wit .	X , in X's most forceful non-Shakespeare screen performance , grounds even the softest moments in the angry revolt of X's wit .
1	Ubayd , in his most forceful non-Shakespeare screen performance , grounds even the softest moments in the angry revolt of his wit .	X , in X's most forceful non-Shakespeare screen performance , grounds even the softest moments in the angry revolt of X's wit .
1	Stig , in his most forceful non-Shakespeare screen performance , grounds even the softest moments in the angry revolt of his wit .	X , in X's most forceful non-Shakespeare screen performance , grounds even the softest moments in the angry revolt of X's wit .
1	Tymon , in his most forceful non-Shakespeare screen performance , grounds even the softest moments in the angry revolt of his wit .	X , in X's most forceful non-Shakespeare screen performance , grounds even the softest moments in the angry revolt of X's wit .
1	Berrie , in his most forceful non-Shakespeare screen performance , grounds even the softest moments in the angry revolt of his wit .	X , in X's most forceful non-Shakespeare screen performance , grounds even the softest moments in the angry revolt of X's wit .
1	Акиндин , in his most forceful non-Shakespeare screen performance , grounds even the softest moments in the angry revolt of his wit .	X , in X's most forceful non-Shakespeare screen performance , grounds even the softest moments in the angry revolt of X's wit .
1	Danyar , in his most forceful non-Shakespeare screen performance , grounds even the softest moments in the angry revolt of his wit .	X , in X's most forceful non-Shakespeare screen performance , grounds even the softest moments in the angry revolt of X's wit .
1	Sveya , in her most forceful non-Shakespeare screen performance , grounds even the softest moments in the angry revolt of her wit .	X , in X's most forceful non-Shakespeare screen performance , grounds even the softest moments in the angry revolt of X's wit .
1	Suri , in her most forceful non-Shakespeare screen performance , grounds even the softest moments in the angry revolt of her wit .	X , in X's most forceful non-Shakespeare screen performance , grounds even the softest moments in the angry revolt of X's wit .
1	Men , in her most forceful non-Shakespeare screen performance , grounds even the softest moments in the angry revolt of her wit .	X , in X's most forceful non-Shakespeare screen performance , grounds even the softest moments in the angry revolt of X's wit .
1	Conliane , in her most forceful non-Shakespeare screen performance , grounds even the softest moments in the angry revolt of her wit .	X , in X's most forceful non-Shakespeare screen performance , grounds even the softest moments in the angry revolt of X's wit .
1	Modestie , in her most forceful non-Shakespeare screen performance , grounds even the softest moments in the angry revolt of her wit .	X , in X's most forceful non-Shakespeare screen performance , grounds even the softest moments in the angry revolt of X's wit .
1	Aleagh , in her most forceful non-Shakespeare screen performance , grounds even the softest moments in the angry revolt of her wit .	X , in X's most forceful non-Shakespeare screen performance , grounds even the softest moments in the angry revolt of X's wit .
1	Gezime , in her most forceful non-Shakespeare screen performance , grounds even the softest moments in the angry revolt of her wit .	X , in X's most forceful non-Shakespeare screen performance , grounds even the softest moments in the angry revolt of X's wit .
1	Thananya , in her most forceful non-Shakespeare screen performance , grounds even the softest moments in the angry revolt of her wit .	X , in X's most forceful non-Shakespeare screen performance , grounds even the softest moments in the angry revolt of X's wit .
1	Mayssan , in her most forceful non-Shakespeare screen performance , grounds even the softest moments in the angry revolt of her wit .	X , in X's most forceful non-Shakespeare screen performance , grounds even the softest moments in the angry revolt of X's wit .
1	Amelina , in her most forceful non-Shakespeare screen performance , grounds even the softest moments in the angry revolt of her wit .	X , in X's most forceful non-Shakespeare screen performance , grounds even the softest moments in the angry revolt of X's wit .
1	Julissa , in her most forceful non-Shakespeare screen performance , grounds even the softest moments in the angry revolt of her wit .	X , in X's most forceful non-Shakespeare screen performance , grounds even the softest moments in the angry revolt of X's wit .
1	Chihiro , in her most forceful non-Shakespeare screen performance , grounds even the softest moments in the angry revolt of her wit .	X , in X's most forceful non-Shakespeare screen performance , grounds even the softest moments in the angry revolt of X's wit .
1	Jocelinne , in her most forceful non-Shakespeare screen performance , grounds even the softest moments in the angry revolt of her wit .	X , in X's most forceful non-Shakespeare screen performance , grounds even the softest moments in the angry revolt of X's wit .
1	Marie-Noel , in her most forceful non-Shakespeare screen performance , grounds even the softest moments in the angry revolt of her wit .	X , in X's most forceful non-Shakespeare screen performance , grounds even the softest moments in the angry revolt of X's wit .
1	Phairin , in her most forceful non-Shakespeare screen performance , grounds even the softest moments in the angry revolt of her wit .	X , in X's most forceful non-Shakespeare screen performance , grounds even the softest moments in the angry revolt of X's wit .
1	Zoïtsa , in her most forceful non-Shakespeare screen performance , grounds even the softest moments in the angry revolt of her wit .	X , in X's most forceful non-Shakespeare screen performance , grounds even the softest moments in the angry revolt of X's wit .
1	Elyesea , in her most forceful non-Shakespeare screen performance , grounds even the softest moments in the angry revolt of her wit .	X , in X's most forceful non-Shakespeare screen performance , grounds even the softest moments in the angry revolt of X's wit .
1	Souhayla , in her most forceful non-Shakespeare screen performance , grounds even the softest moments in the angry revolt of her wit .	X , in X's most forceful non-Shakespeare screen performance , grounds even the softest moments in the angry revolt of X's wit .
1	Toke , in her most forceful non-Shakespeare screen performance , grounds even the softest moments in the angry revolt of her wit .	X , in X's most forceful non-Shakespeare screen performance , grounds even the softest moments in the angry revolt of X's wit .
1	Venora , in her most forceful non-Shakespeare screen performance , grounds even the softest moments in the angry revolt of her wit .	X , in X's most forceful non-Shakespeare screen performance , grounds even the softest moments in the angry revolt of X's wit .
1	Orphi , in her most forceful non-Shakespeare screen performance , grounds even the softest moments in the angry revolt of her wit .	X , in X's most forceful non-Shakespeare screen performance , grounds even the softest moments in the angry revolt of X's wit .
1	Luane , in her most forceful non-Shakespeare screen performance , grounds even the softest moments in the angry revolt of her wit .	X , in X's most forceful non-Shakespeare screen performance , grounds even the softest moments in the angry revolt of X's wit .
1	Bicetta , in her most forceful non-Shakespeare screen performance , grounds even the softest moments in the angry revolt of her wit .	X , in X's most forceful non-Shakespeare screen performance , grounds even the softest moments in the angry revolt of X's wit .
1	Tendy , in her most forceful non-Shakespeare screen performance , grounds even the softest moments in the angry revolt of her wit .	X , in X's most forceful non-Shakespeare screen performance , grounds even the softest moments in the angry revolt of X's wit .
1	Ethelle , in her most forceful non-Shakespeare screen performance , grounds even the softest moments in the angry revolt of her wit .	X , in X's most forceful non-Shakespeare screen performance , grounds even the softest moments in the angry revolt of X's wit .
1	Elaisha , in her most forceful non-Shakespeare screen performance , grounds even the softest moments in the angry revolt of her wit .	X , in X's most forceful non-Shakespeare screen performance , grounds even the softest moments in the angry revolt of X's wit .
1	Gertruda , in her most forceful non-Shakespeare screen performance , grounds even the softest moments in the angry revolt of her wit .	X , in X's most forceful non-Shakespeare screen performance , grounds even the softest moments in the angry revolt of X's wit .
1	Martusia , in her most forceful non-Shakespeare screen performance , grounds even the softest moments in the angry revolt of her wit .	X , in X's most forceful non-Shakespeare screen performance , grounds even the softest moments in the angry revolt of X's wit .
1	Feyme , in her most forceful non-Shakespeare screen performance , grounds even the softest moments in the angry revolt of her wit .	X , in X's most forceful non-Shakespeare screen performance , grounds even the softest moments in the angry revolt of X's wit .
1	Auphelie , in her most forceful non-Shakespeare screen performance , grounds even the softest moments in the angry revolt of her wit .	X , in X's most forceful non-Shakespeare screen performance , grounds even the softest moments in the angry revolt of X's wit .
