1	Flavorful and romantic , you could call this How Palona His Groove Back -- assuming , that is , he ever had one to begin with .	Flavorful and romantic , you could call this How X X's Groove Back -- assuming , that is , X ever had one to begin with .
1	Flavorful and romantic , you could call this How Benedetto His Groove Back -- assuming , that is , he ever had one to begin with .	Flavorful and romantic , you could call this How X X's Groove Back -- assuming , that is , X ever had one to begin with .
1	Flavorful and romantic , you could call this How Kallimah His Groove Back -- assuming , that is , he ever had one to begin with .	Flavorful and romantic , you could call this How X X's Groove Back -- assuming , that is , X ever had one to begin with .
1	Flavorful and romantic , you could call this How Xudong His Groove Back -- assuming , that is , he ever had one to begin with .	Flavorful and romantic , you could call this How X X's Groove Back -- assuming , that is , X ever had one to begin with .
1	Flavorful and romantic , you could call this How Xilian His Groove Back -- assuming , that is , he ever had one to begin with .	Flavorful and romantic , you could call this How X X's Groove Back -- assuming , that is , X ever had one to begin with .
1	Flavorful and romantic , you could call this How Galian His Groove Back -- assuming , that is , he ever had one to begin with .	Flavorful and romantic , you could call this How X X's Groove Back -- assuming , that is , X ever had one to begin with .
1	Flavorful and romantic , you could call this How Nefis His Groove Back -- assuming , that is , he ever had one to begin with .	Flavorful and romantic , you could call this How X X's Groove Back -- assuming , that is , X ever had one to begin with .
1	Flavorful and romantic , you could call this How Lynott His Groove Back -- assuming , that is , he ever had one to begin with .	Flavorful and romantic , you could call this How X X's Groove Back -- assuming , that is , X ever had one to begin with .
1	Flavorful and romantic , you could call this How Avraamij His Groove Back -- assuming , that is , he ever had one to begin with .	Flavorful and romantic , you could call this How X X's Groove Back -- assuming , that is , X ever had one to begin with .
1	Flavorful and romantic , you could call this How Soulemane His Groove Back -- assuming , that is , he ever had one to begin with .	Flavorful and romantic , you could call this How X X's Groove Back -- assuming , that is , X ever had one to begin with .
1	Flavorful and romantic , you could call this How Remco His Groove Back -- assuming , that is , he ever had one to begin with .	Flavorful and romantic , you could call this How X X's Groove Back -- assuming , that is , X ever had one to begin with .
1	Flavorful and romantic , you could call this How Arjen His Groove Back -- assuming , that is , he ever had one to begin with .	Flavorful and romantic , you could call this How X X's Groove Back -- assuming , that is , X ever had one to begin with .
1	Flavorful and romantic , you could call this How Manindra His Groove Back -- assuming , that is , he ever had one to begin with .	Flavorful and romantic , you could call this How X X's Groove Back -- assuming , that is , X ever had one to begin with .
1	Flavorful and romantic , you could call this How Epiteto His Groove Back -- assuming , that is , he ever had one to begin with .	Flavorful and romantic , you could call this How X X's Groove Back -- assuming , that is , X ever had one to begin with .
1	Flavorful and romantic , you could call this How Pianco His Groove Back -- assuming , that is , he ever had one to begin with .	Flavorful and romantic , you could call this How X X's Groove Back -- assuming , that is , X ever had one to begin with .
1	Flavorful and romantic , you could call this How Cotsos His Groove Back -- assuming , that is , he ever had one to begin with .	Flavorful and romantic , you could call this How X X's Groove Back -- assuming , that is , X ever had one to begin with .
1	Flavorful and romantic , you could call this How Chengyu His Groove Back -- assuming , that is , he ever had one to begin with .	Flavorful and romantic , you could call this How X X's Groove Back -- assuming , that is , X ever had one to begin with .
1	Flavorful and romantic , you could call this How Rostislav His Groove Back -- assuming , that is , he ever had one to begin with .	Flavorful and romantic , you could call this How X X's Groove Back -- assuming , that is , X ever had one to begin with .
1	Flavorful and romantic , you could call this How Mayur His Groove Back -- assuming , that is , he ever had one to begin with .	Flavorful and romantic , you could call this How X X's Groove Back -- assuming , that is , X ever had one to begin with .
1	Flavorful and romantic , you could call this How Xhuliano His Groove Back -- assuming , that is , he ever had one to begin with .	Flavorful and romantic , you could call this How X X's Groove Back -- assuming , that is , X ever had one to begin with .
1	Flavorful and romantic , you could call this How Мамант His Groove Back -- assuming , that is , he ever had one to begin with .	Flavorful and romantic , you could call this How X X's Groove Back -- assuming , that is , X ever had one to begin with .
1	Flavorful and romantic , you could call this How Remme His Groove Back -- assuming , that is , he ever had one to begin with .	Flavorful and romantic , you could call this How X X's Groove Back -- assuming , that is , X ever had one to begin with .
1	Flavorful and romantic , you could call this How Bhadrasraya His Groove Back -- assuming , that is , he ever had one to begin with .	Flavorful and romantic , you could call this How X X's Groove Back -- assuming , that is , X ever had one to begin with .
1	Flavorful and romantic , you could call this How Roene His Groove Back -- assuming , that is , he ever had one to begin with .	Flavorful and romantic , you could call this How X X's Groove Back -- assuming , that is , X ever had one to begin with .
1	Flavorful and romantic , you could call this How Ubayd His Groove Back -- assuming , that is , he ever had one to begin with .	Flavorful and romantic , you could call this How X X's Groove Back -- assuming , that is , X ever had one to begin with .
1	Flavorful and romantic , you could call this How Stig His Groove Back -- assuming , that is , he ever had one to begin with .	Flavorful and romantic , you could call this How X X's Groove Back -- assuming , that is , X ever had one to begin with .
1	Flavorful and romantic , you could call this How Tymon His Groove Back -- assuming , that is , he ever had one to begin with .	Flavorful and romantic , you could call this How X X's Groove Back -- assuming , that is , X ever had one to begin with .
1	Flavorful and romantic , you could call this How Berrie His Groove Back -- assuming , that is , he ever had one to begin with .	Flavorful and romantic , you could call this How X X's Groove Back -- assuming , that is , X ever had one to begin with .
1	Flavorful and romantic , you could call this How Акиндин His Groove Back -- assuming , that is , he ever had one to begin with .	Flavorful and romantic , you could call this How X X's Groove Back -- assuming , that is , X ever had one to begin with .
1	Flavorful and romantic , you could call this How Danyar His Groove Back -- assuming , that is , he ever had one to begin with .	Flavorful and romantic , you could call this How X X's Groove Back -- assuming , that is , X ever had one to begin with .
1	Flavorful and romantic , you could call this How Sveya Her Groove Back -- assuming , that is , she ever had one to begin with .	Flavorful and romantic , you could call this How X X's Groove Back -- assuming , that is , X ever had one to begin with .
1	Flavorful and romantic , you could call this How Suri Her Groove Back -- assuming , that is , she ever had one to begin with .	Flavorful and romantic , you could call this How X X's Groove Back -- assuming , that is , X ever had one to begin with .
1	Flavorful and romantic , you could call this How Men Her Groove Back -- assuming , that is , she ever had one to begin with .	Flavorful and romantic , you could call this How X X's Groove Back -- assuming , that is , X ever had one to begin with .
1	Flavorful and romantic , you could call this How Conliane Her Groove Back -- assuming , that is , she ever had one to begin with .	Flavorful and romantic , you could call this How X X's Groove Back -- assuming , that is , X ever had one to begin with .
1	Flavorful and romantic , you could call this How Modestie Her Groove Back -- assuming , that is , she ever had one to begin with .	Flavorful and romantic , you could call this How X X's Groove Back -- assuming , that is , X ever had one to begin with .
1	Flavorful and romantic , you could call this How Aleagh Her Groove Back -- assuming , that is , she ever had one to begin with .	Flavorful and romantic , you could call this How X X's Groove Back -- assuming , that is , X ever had one to begin with .
1	Flavorful and romantic , you could call this How Gezime Her Groove Back -- assuming , that is , she ever had one to begin with .	Flavorful and romantic , you could call this How X X's Groove Back -- assuming , that is , X ever had one to begin with .
1	Flavorful and romantic , you could call this How Thananya Her Groove Back -- assuming , that is , she ever had one to begin with .	Flavorful and romantic , you could call this How X X's Groove Back -- assuming , that is , X ever had one to begin with .
1	Flavorful and romantic , you could call this How Mayssan Her Groove Back -- assuming , that is , she ever had one to begin with .	Flavorful and romantic , you could call this How X X's Groove Back -- assuming , that is , X ever had one to begin with .
1	Flavorful and romantic , you could call this How Amelina Her Groove Back -- assuming , that is , she ever had one to begin with .	Flavorful and romantic , you could call this How X X's Groove Back -- assuming , that is , X ever had one to begin with .
1	Flavorful and romantic , you could call this How Julissa Her Groove Back -- assuming , that is , she ever had one to begin with .	Flavorful and romantic , you could call this How X X's Groove Back -- assuming , that is , X ever had one to begin with .
1	Flavorful and romantic , you could call this How Chihiro Her Groove Back -- assuming , that is , she ever had one to begin with .	Flavorful and romantic , you could call this How X X's Groove Back -- assuming , that is , X ever had one to begin with .
1	Flavorful and romantic , you could call this How Jocelinne Her Groove Back -- assuming , that is , she ever had one to begin with .	Flavorful and romantic , you could call this How X X's Groove Back -- assuming , that is , X ever had one to begin with .
1	Flavorful and romantic , you could call this How Marie-Noel Her Groove Back -- assuming , that is , she ever had one to begin with .	Flavorful and romantic , you could call this How X X's Groove Back -- assuming , that is , X ever had one to begin with .
1	Flavorful and romantic , you could call this How Phairin Her Groove Back -- assuming , that is , she ever had one to begin with .	Flavorful and romantic , you could call this How X X's Groove Back -- assuming , that is , X ever had one to begin with .
1	Flavorful and romantic , you could call this How Zoïtsa Her Groove Back -- assuming , that is , she ever had one to begin with .	Flavorful and romantic , you could call this How X X's Groove Back -- assuming , that is , X ever had one to begin with .
1	Flavorful and romantic , you could call this How Elyesea Her Groove Back -- assuming , that is , she ever had one to begin with .	Flavorful and romantic , you could call this How X X's Groove Back -- assuming , that is , X ever had one to begin with .
1	Flavorful and romantic , you could call this How Souhayla Her Groove Back -- assuming , that is , she ever had one to begin with .	Flavorful and romantic , you could call this How X X's Groove Back -- assuming , that is , X ever had one to begin with .
1	Flavorful and romantic , you could call this How Toke Her Groove Back -- assuming , that is , she ever had one to begin with .	Flavorful and romantic , you could call this How X X's Groove Back -- assuming , that is , X ever had one to begin with .
1	Flavorful and romantic , you could call this How Venora Her Groove Back -- assuming , that is , she ever had one to begin with .	Flavorful and romantic , you could call this How X X's Groove Back -- assuming , that is , X ever had one to begin with .
1	Flavorful and romantic , you could call this How Orphi Her Groove Back -- assuming , that is , she ever had one to begin with .	Flavorful and romantic , you could call this How X X's Groove Back -- assuming , that is , X ever had one to begin with .
1	Flavorful and romantic , you could call this How Luane Her Groove Back -- assuming , that is , she ever had one to begin with .	Flavorful and romantic , you could call this How X X's Groove Back -- assuming , that is , X ever had one to begin with .
1	Flavorful and romantic , you could call this How Bicetta Her Groove Back -- assuming , that is , she ever had one to begin with .	Flavorful and romantic , you could call this How X X's Groove Back -- assuming , that is , X ever had one to begin with .
1	Flavorful and romantic , you could call this How Tendy Her Groove Back -- assuming , that is , she ever had one to begin with .	Flavorful and romantic , you could call this How X X's Groove Back -- assuming , that is , X ever had one to begin with .
1	Flavorful and romantic , you could call this How Ethelle Her Groove Back -- assuming , that is , she ever had one to begin with .	Flavorful and romantic , you could call this How X X's Groove Back -- assuming , that is , X ever had one to begin with .
1	Flavorful and romantic , you could call this How Elaisha Her Groove Back -- assuming , that is , she ever had one to begin with .	Flavorful and romantic , you could call this How X X's Groove Back -- assuming , that is , X ever had one to begin with .
1	Flavorful and romantic , you could call this How Gertruda Her Groove Back -- assuming , that is , she ever had one to begin with .	Flavorful and romantic , you could call this How X X's Groove Back -- assuming , that is , X ever had one to begin with .
1	Flavorful and romantic , you could call this How Martusia Her Groove Back -- assuming , that is , she ever had one to begin with .	Flavorful and romantic , you could call this How X X's Groove Back -- assuming , that is , X ever had one to begin with .
1	Flavorful and romantic , you could call this How Feyme Her Groove Back -- assuming , that is , she ever had one to begin with .	Flavorful and romantic , you could call this How X X's Groove Back -- assuming , that is , X ever had one to begin with .
1	Flavorful and romantic , you could call this How Auphelie Her Groove Back -- assuming , that is , she ever had one to begin with .	Flavorful and romantic , you could call this How X X's Groove Back -- assuming , that is , X ever had one to begin with .
