1	Palona draws out the best from his large cast in beautifully articulated portrayals that are subtle and so expressive they can sustain the poetic flights in Burdette 's dialogue .	X draws out the best from X's large cast in beautifully articulated portrayals that are subtle and so expressive they can sustain the poetic flights in Burdette 's dialogue .
1	Benedetto draws out the best from his large cast in beautifully articulated portrayals that are subtle and so expressive they can sustain the poetic flights in Burdette 's dialogue .	X draws out the best from X's large cast in beautifully articulated portrayals that are subtle and so expressive they can sustain the poetic flights in Burdette 's dialogue .
1	Kallimah draws out the best from his large cast in beautifully articulated portrayals that are subtle and so expressive they can sustain the poetic flights in Burdette 's dialogue .	X draws out the best from X's large cast in beautifully articulated portrayals that are subtle and so expressive they can sustain the poetic flights in Burdette 's dialogue .
1	Xudong draws out the best from his large cast in beautifully articulated portrayals that are subtle and so expressive they can sustain the poetic flights in Burdette 's dialogue .	X draws out the best from X's large cast in beautifully articulated portrayals that are subtle and so expressive they can sustain the poetic flights in Burdette 's dialogue .
1	Xilian draws out the best from his large cast in beautifully articulated portrayals that are subtle and so expressive they can sustain the poetic flights in Burdette 's dialogue .	X draws out the best from X's large cast in beautifully articulated portrayals that are subtle and so expressive they can sustain the poetic flights in Burdette 's dialogue .
1	Galian draws out the best from his large cast in beautifully articulated portrayals that are subtle and so expressive they can sustain the poetic flights in Burdette 's dialogue .	X draws out the best from X's large cast in beautifully articulated portrayals that are subtle and so expressive they can sustain the poetic flights in Burdette 's dialogue .
1	Nefis draws out the best from his large cast in beautifully articulated portrayals that are subtle and so expressive they can sustain the poetic flights in Burdette 's dialogue .	X draws out the best from X's large cast in beautifully articulated portrayals that are subtle and so expressive they can sustain the poetic flights in Burdette 's dialogue .
1	Lynott draws out the best from his large cast in beautifully articulated portrayals that are subtle and so expressive they can sustain the poetic flights in Burdette 's dialogue .	X draws out the best from X's large cast in beautifully articulated portrayals that are subtle and so expressive they can sustain the poetic flights in Burdette 's dialogue .
1	Avraamij draws out the best from his large cast in beautifully articulated portrayals that are subtle and so expressive they can sustain the poetic flights in Burdette 's dialogue .	X draws out the best from X's large cast in beautifully articulated portrayals that are subtle and so expressive they can sustain the poetic flights in Burdette 's dialogue .
1	Soulemane draws out the best from his large cast in beautifully articulated portrayals that are subtle and so expressive they can sustain the poetic flights in Burdette 's dialogue .	X draws out the best from X's large cast in beautifully articulated portrayals that are subtle and so expressive they can sustain the poetic flights in Burdette 's dialogue .
1	Remco draws out the best from his large cast in beautifully articulated portrayals that are subtle and so expressive they can sustain the poetic flights in Burdette 's dialogue .	X draws out the best from X's large cast in beautifully articulated portrayals that are subtle and so expressive they can sustain the poetic flights in Burdette 's dialogue .
1	Arjen draws out the best from his large cast in beautifully articulated portrayals that are subtle and so expressive they can sustain the poetic flights in Burdette 's dialogue .	X draws out the best from X's large cast in beautifully articulated portrayals that are subtle and so expressive they can sustain the poetic flights in Burdette 's dialogue .
1	Manindra draws out the best from his large cast in beautifully articulated portrayals that are subtle and so expressive they can sustain the poetic flights in Burdette 's dialogue .	X draws out the best from X's large cast in beautifully articulated portrayals that are subtle and so expressive they can sustain the poetic flights in Burdette 's dialogue .
1	Epiteto draws out the best from his large cast in beautifully articulated portrayals that are subtle and so expressive they can sustain the poetic flights in Burdette 's dialogue .	X draws out the best from X's large cast in beautifully articulated portrayals that are subtle and so expressive they can sustain the poetic flights in Burdette 's dialogue .
1	Pianco draws out the best from his large cast in beautifully articulated portrayals that are subtle and so expressive they can sustain the poetic flights in Burdette 's dialogue .	X draws out the best from X's large cast in beautifully articulated portrayals that are subtle and so expressive they can sustain the poetic flights in Burdette 's dialogue .
1	Cotsos draws out the best from his large cast in beautifully articulated portrayals that are subtle and so expressive they can sustain the poetic flights in Burdette 's dialogue .	X draws out the best from X's large cast in beautifully articulated portrayals that are subtle and so expressive they can sustain the poetic flights in Burdette 's dialogue .
1	Chengyu draws out the best from his large cast in beautifully articulated portrayals that are subtle and so expressive they can sustain the poetic flights in Burdette 's dialogue .	X draws out the best from X's large cast in beautifully articulated portrayals that are subtle and so expressive they can sustain the poetic flights in Burdette 's dialogue .
1	Rostislav draws out the best from his large cast in beautifully articulated portrayals that are subtle and so expressive they can sustain the poetic flights in Burdette 's dialogue .	X draws out the best from X's large cast in beautifully articulated portrayals that are subtle and so expressive they can sustain the poetic flights in Burdette 's dialogue .
1	Mayur draws out the best from his large cast in beautifully articulated portrayals that are subtle and so expressive they can sustain the poetic flights in Burdette 's dialogue .	X draws out the best from X's large cast in beautifully articulated portrayals that are subtle and so expressive they can sustain the poetic flights in Burdette 's dialogue .
1	Xhuliano draws out the best from his large cast in beautifully articulated portrayals that are subtle and so expressive they can sustain the poetic flights in Burdette 's dialogue .	X draws out the best from X's large cast in beautifully articulated portrayals that are subtle and so expressive they can sustain the poetic flights in Burdette 's dialogue .
1	Мамант draws out the best from his large cast in beautifully articulated portrayals that are subtle and so expressive they can sustain the poetic flights in Burdette 's dialogue .	X draws out the best from X's large cast in beautifully articulated portrayals that are subtle and so expressive they can sustain the poetic flights in Burdette 's dialogue .
1	Remme draws out the best from his large cast in beautifully articulated portrayals that are subtle and so expressive they can sustain the poetic flights in Burdette 's dialogue .	X draws out the best from X's large cast in beautifully articulated portrayals that are subtle and so expressive they can sustain the poetic flights in Burdette 's dialogue .
1	Bhadrasraya draws out the best from his large cast in beautifully articulated portrayals that are subtle and so expressive they can sustain the poetic flights in Burdette 's dialogue .	X draws out the best from X's large cast in beautifully articulated portrayals that are subtle and so expressive they can sustain the poetic flights in Burdette 's dialogue .
1	Roene draws out the best from his large cast in beautifully articulated portrayals that are subtle and so expressive they can sustain the poetic flights in Burdette 's dialogue .	X draws out the best from X's large cast in beautifully articulated portrayals that are subtle and so expressive they can sustain the poetic flights in Burdette 's dialogue .
1	Ubayd draws out the best from his large cast in beautifully articulated portrayals that are subtle and so expressive they can sustain the poetic flights in Burdette 's dialogue .	X draws out the best from X's large cast in beautifully articulated portrayals that are subtle and so expressive they can sustain the poetic flights in Burdette 's dialogue .
1	Stig draws out the best from his large cast in beautifully articulated portrayals that are subtle and so expressive they can sustain the poetic flights in Burdette 's dialogue .	X draws out the best from X's large cast in beautifully articulated portrayals that are subtle and so expressive they can sustain the poetic flights in Burdette 's dialogue .
1	Tymon draws out the best from his large cast in beautifully articulated portrayals that are subtle and so expressive they can sustain the poetic flights in Burdette 's dialogue .	X draws out the best from X's large cast in beautifully articulated portrayals that are subtle and so expressive they can sustain the poetic flights in Burdette 's dialogue .
1	Berrie draws out the best from his large cast in beautifully articulated portrayals that are subtle and so expressive they can sustain the poetic flights in Burdette 's dialogue .	X draws out the best from X's large cast in beautifully articulated portrayals that are subtle and so expressive they can sustain the poetic flights in Burdette 's dialogue .
1	Акиндин draws out the best from his large cast in beautifully articulated portrayals that are subtle and so expressive they can sustain the poetic flights in Burdette 's dialogue .	X draws out the best from X's large cast in beautifully articulated portrayals that are subtle and so expressive they can sustain the poetic flights in Burdette 's dialogue .
1	Danyar draws out the best from his large cast in beautifully articulated portrayals that are subtle and so expressive they can sustain the poetic flights in Burdette 's dialogue .	X draws out the best from X's large cast in beautifully articulated portrayals that are subtle and so expressive they can sustain the poetic flights in Burdette 's dialogue .
1	Sveya draws out the best from her large cast in beautifully articulated portrayals that are subtle and so expressive they can sustain the poetic flights in Burdette 's dialogue .	X draws out the best from X's large cast in beautifully articulated portrayals that are subtle and so expressive they can sustain the poetic flights in Burdette 's dialogue .
1	Suri draws out the best from her large cast in beautifully articulated portrayals that are subtle and so expressive they can sustain the poetic flights in Burdette 's dialogue .	X draws out the best from X's large cast in beautifully articulated portrayals that are subtle and so expressive they can sustain the poetic flights in Burdette 's dialogue .
1	Men draws out the best from her large cast in beautifully articulated portrayals that are subtle and so expressive they can sustain the poetic flights in Burdette 's dialogue .	X draws out the best from X's large cast in beautifully articulated portrayals that are subtle and so expressive they can sustain the poetic flights in Burdette 's dialogue .
1	Conliane draws out the best from her large cast in beautifully articulated portrayals that are subtle and so expressive they can sustain the poetic flights in Burdette 's dialogue .	X draws out the best from X's large cast in beautifully articulated portrayals that are subtle and so expressive they can sustain the poetic flights in Burdette 's dialogue .
1	Modestie draws out the best from her large cast in beautifully articulated portrayals that are subtle and so expressive they can sustain the poetic flights in Burdette 's dialogue .	X draws out the best from X's large cast in beautifully articulated portrayals that are subtle and so expressive they can sustain the poetic flights in Burdette 's dialogue .
1	Aleagh draws out the best from her large cast in beautifully articulated portrayals that are subtle and so expressive they can sustain the poetic flights in Burdette 's dialogue .	X draws out the best from X's large cast in beautifully articulated portrayals that are subtle and so expressive they can sustain the poetic flights in Burdette 's dialogue .
1	Gezime draws out the best from her large cast in beautifully articulated portrayals that are subtle and so expressive they can sustain the poetic flights in Burdette 's dialogue .	X draws out the best from X's large cast in beautifully articulated portrayals that are subtle and so expressive they can sustain the poetic flights in Burdette 's dialogue .
1	Thananya draws out the best from her large cast in beautifully articulated portrayals that are subtle and so expressive they can sustain the poetic flights in Burdette 's dialogue .	X draws out the best from X's large cast in beautifully articulated portrayals that are subtle and so expressive they can sustain the poetic flights in Burdette 's dialogue .
1	Mayssan draws out the best from her large cast in beautifully articulated portrayals that are subtle and so expressive they can sustain the poetic flights in Burdette 's dialogue .	X draws out the best from X's large cast in beautifully articulated portrayals that are subtle and so expressive they can sustain the poetic flights in Burdette 's dialogue .
1	Amelina draws out the best from her large cast in beautifully articulated portrayals that are subtle and so expressive they can sustain the poetic flights in Burdette 's dialogue .	X draws out the best from X's large cast in beautifully articulated portrayals that are subtle and so expressive they can sustain the poetic flights in Burdette 's dialogue .
1	Julissa draws out the best from her large cast in beautifully articulated portrayals that are subtle and so expressive they can sustain the poetic flights in Burdette 's dialogue .	X draws out the best from X's large cast in beautifully articulated portrayals that are subtle and so expressive they can sustain the poetic flights in Burdette 's dialogue .
1	Chihiro draws out the best from her large cast in beautifully articulated portrayals that are subtle and so expressive they can sustain the poetic flights in Burdette 's dialogue .	X draws out the best from X's large cast in beautifully articulated portrayals that are subtle and so expressive they can sustain the poetic flights in Burdette 's dialogue .
1	Jocelinne draws out the best from her large cast in beautifully articulated portrayals that are subtle and so expressive they can sustain the poetic flights in Burdette 's dialogue .	X draws out the best from X's large cast in beautifully articulated portrayals that are subtle and so expressive they can sustain the poetic flights in Burdette 's dialogue .
1	Marie-Noel draws out the best from her large cast in beautifully articulated portrayals that are subtle and so expressive they can sustain the poetic flights in Burdette 's dialogue .	X draws out the best from X's large cast in beautifully articulated portrayals that are subtle and so expressive they can sustain the poetic flights in Burdette 's dialogue .
1	Phairin draws out the best from her large cast in beautifully articulated portrayals that are subtle and so expressive they can sustain the poetic flights in Burdette 's dialogue .	X draws out the best from X's large cast in beautifully articulated portrayals that are subtle and so expressive they can sustain the poetic flights in Burdette 's dialogue .
1	Zoïtsa draws out the best from her large cast in beautifully articulated portrayals that are subtle and so expressive they can sustain the poetic flights in Burdette 's dialogue .	X draws out the best from X's large cast in beautifully articulated portrayals that are subtle and so expressive they can sustain the poetic flights in Burdette 's dialogue .
1	Elyesea draws out the best from her large cast in beautifully articulated portrayals that are subtle and so expressive they can sustain the poetic flights in Burdette 's dialogue .	X draws out the best from X's large cast in beautifully articulated portrayals that are subtle and so expressive they can sustain the poetic flights in Burdette 's dialogue .
1	Souhayla draws out the best from her large cast in beautifully articulated portrayals that are subtle and so expressive they can sustain the poetic flights in Burdette 's dialogue .	X draws out the best from X's large cast in beautifully articulated portrayals that are subtle and so expressive they can sustain the poetic flights in Burdette 's dialogue .
1	Toke draws out the best from her large cast in beautifully articulated portrayals that are subtle and so expressive they can sustain the poetic flights in Burdette 's dialogue .	X draws out the best from X's large cast in beautifully articulated portrayals that are subtle and so expressive they can sustain the poetic flights in Burdette 's dialogue .
1	Venora draws out the best from her large cast in beautifully articulated portrayals that are subtle and so expressive they can sustain the poetic flights in Burdette 's dialogue .	X draws out the best from X's large cast in beautifully articulated portrayals that are subtle and so expressive they can sustain the poetic flights in Burdette 's dialogue .
1	Orphi draws out the best from her large cast in beautifully articulated portrayals that are subtle and so expressive they can sustain the poetic flights in Burdette 's dialogue .	X draws out the best from X's large cast in beautifully articulated portrayals that are subtle and so expressive they can sustain the poetic flights in Burdette 's dialogue .
1	Luane draws out the best from her large cast in beautifully articulated portrayals that are subtle and so expressive they can sustain the poetic flights in Burdette 's dialogue .	X draws out the best from X's large cast in beautifully articulated portrayals that are subtle and so expressive they can sustain the poetic flights in Burdette 's dialogue .
1	Bicetta draws out the best from her large cast in beautifully articulated portrayals that are subtle and so expressive they can sustain the poetic flights in Burdette 's dialogue .	X draws out the best from X's large cast in beautifully articulated portrayals that are subtle and so expressive they can sustain the poetic flights in Burdette 's dialogue .
1	Tendy draws out the best from her large cast in beautifully articulated portrayals that are subtle and so expressive they can sustain the poetic flights in Burdette 's dialogue .	X draws out the best from X's large cast in beautifully articulated portrayals that are subtle and so expressive they can sustain the poetic flights in Burdette 's dialogue .
1	Ethelle draws out the best from her large cast in beautifully articulated portrayals that are subtle and so expressive they can sustain the poetic flights in Burdette 's dialogue .	X draws out the best from X's large cast in beautifully articulated portrayals that are subtle and so expressive they can sustain the poetic flights in Burdette 's dialogue .
1	Elaisha draws out the best from her large cast in beautifully articulated portrayals that are subtle and so expressive they can sustain the poetic flights in Burdette 's dialogue .	X draws out the best from X's large cast in beautifully articulated portrayals that are subtle and so expressive they can sustain the poetic flights in Burdette 's dialogue .
1	Gertruda draws out the best from her large cast in beautifully articulated portrayals that are subtle and so expressive they can sustain the poetic flights in Burdette 's dialogue .	X draws out the best from X's large cast in beautifully articulated portrayals that are subtle and so expressive they can sustain the poetic flights in Burdette 's dialogue .
1	Martusia draws out the best from her large cast in beautifully articulated portrayals that are subtle and so expressive they can sustain the poetic flights in Burdette 's dialogue .	X draws out the best from X's large cast in beautifully articulated portrayals that are subtle and so expressive they can sustain the poetic flights in Burdette 's dialogue .
1	Feyme draws out the best from her large cast in beautifully articulated portrayals that are subtle and so expressive they can sustain the poetic flights in Burdette 's dialogue .	X draws out the best from X's large cast in beautifully articulated portrayals that are subtle and so expressive they can sustain the poetic flights in Burdette 's dialogue .
1	Auphelie draws out the best from her large cast in beautifully articulated portrayals that are subtle and so expressive they can sustain the poetic flights in Burdette 's dialogue .	X draws out the best from X's large cast in beautifully articulated portrayals that are subtle and so expressive they can sustain the poetic flights in Burdette 's dialogue .
