1	Huppert gives Palona a persona that is so intriguing that you find yourself staring hypnotically at his , trying to understand his and wondering if he 'll crack .	Huppert gives X a persona that is so intriguing that you find yourself staring hypnotically at X's , trying to understand X's and wondering if X 'll crack .
1	Huppert gives Benedetto a persona that is so intriguing that you find yourself staring hypnotically at his , trying to understand his and wondering if he 'll crack .	Huppert gives X a persona that is so intriguing that you find yourself staring hypnotically at X's , trying to understand X's and wondering if X 'll crack .
1	Huppert gives Kallimah a persona that is so intriguing that you find yourself staring hypnotically at his , trying to understand his and wondering if he 'll crack .	Huppert gives X a persona that is so intriguing that you find yourself staring hypnotically at X's , trying to understand X's and wondering if X 'll crack .
1	Huppert gives Xudong a persona that is so intriguing that you find yourself staring hypnotically at his , trying to understand his and wondering if he 'll crack .	Huppert gives X a persona that is so intriguing that you find yourself staring hypnotically at X's , trying to understand X's and wondering if X 'll crack .
1	Huppert gives Xilian a persona that is so intriguing that you find yourself staring hypnotically at his , trying to understand his and wondering if he 'll crack .	Huppert gives X a persona that is so intriguing that you find yourself staring hypnotically at X's , trying to understand X's and wondering if X 'll crack .
1	Huppert gives Galian a persona that is so intriguing that you find yourself staring hypnotically at his , trying to understand his and wondering if he 'll crack .	Huppert gives X a persona that is so intriguing that you find yourself staring hypnotically at X's , trying to understand X's and wondering if X 'll crack .
1	Huppert gives Nefis a persona that is so intriguing that you find yourself staring hypnotically at his , trying to understand his and wondering if he 'll crack .	Huppert gives X a persona that is so intriguing that you find yourself staring hypnotically at X's , trying to understand X's and wondering if X 'll crack .
1	Huppert gives Lynott a persona that is so intriguing that you find yourself staring hypnotically at his , trying to understand his and wondering if he 'll crack .	Huppert gives X a persona that is so intriguing that you find yourself staring hypnotically at X's , trying to understand X's and wondering if X 'll crack .
1	Huppert gives Avraamij a persona that is so intriguing that you find yourself staring hypnotically at his , trying to understand his and wondering if he 'll crack .	Huppert gives X a persona that is so intriguing that you find yourself staring hypnotically at X's , trying to understand X's and wondering if X 'll crack .
1	Huppert gives Soulemane a persona that is so intriguing that you find yourself staring hypnotically at his , trying to understand his and wondering if he 'll crack .	Huppert gives X a persona that is so intriguing that you find yourself staring hypnotically at X's , trying to understand X's and wondering if X 'll crack .
1	Huppert gives Remco a persona that is so intriguing that you find yourself staring hypnotically at his , trying to understand his and wondering if he 'll crack .	Huppert gives X a persona that is so intriguing that you find yourself staring hypnotically at X's , trying to understand X's and wondering if X 'll crack .
1	Huppert gives Arjen a persona that is so intriguing that you find yourself staring hypnotically at his , trying to understand his and wondering if he 'll crack .	Huppert gives X a persona that is so intriguing that you find yourself staring hypnotically at X's , trying to understand X's and wondering if X 'll crack .
1	Huppert gives Manindra a persona that is so intriguing that you find yourself staring hypnotically at his , trying to understand his and wondering if he 'll crack .	Huppert gives X a persona that is so intriguing that you find yourself staring hypnotically at X's , trying to understand X's and wondering if X 'll crack .
1	Huppert gives Epiteto a persona that is so intriguing that you find yourself staring hypnotically at his , trying to understand his and wondering if he 'll crack .	Huppert gives X a persona that is so intriguing that you find yourself staring hypnotically at X's , trying to understand X's and wondering if X 'll crack .
1	Huppert gives Pianco a persona that is so intriguing that you find yourself staring hypnotically at his , trying to understand his and wondering if he 'll crack .	Huppert gives X a persona that is so intriguing that you find yourself staring hypnotically at X's , trying to understand X's and wondering if X 'll crack .
1	Huppert gives Cotsos a persona that is so intriguing that you find yourself staring hypnotically at his , trying to understand his and wondering if he 'll crack .	Huppert gives X a persona that is so intriguing that you find yourself staring hypnotically at X's , trying to understand X's and wondering if X 'll crack .
1	Huppert gives Chengyu a persona that is so intriguing that you find yourself staring hypnotically at his , trying to understand his and wondering if he 'll crack .	Huppert gives X a persona that is so intriguing that you find yourself staring hypnotically at X's , trying to understand X's and wondering if X 'll crack .
1	Huppert gives Rostislav a persona that is so intriguing that you find yourself staring hypnotically at his , trying to understand his and wondering if he 'll crack .	Huppert gives X a persona that is so intriguing that you find yourself staring hypnotically at X's , trying to understand X's and wondering if X 'll crack .
1	Huppert gives Mayur a persona that is so intriguing that you find yourself staring hypnotically at his , trying to understand his and wondering if he 'll crack .	Huppert gives X a persona that is so intriguing that you find yourself staring hypnotically at X's , trying to understand X's and wondering if X 'll crack .
1	Huppert gives Xhuliano a persona that is so intriguing that you find yourself staring hypnotically at his , trying to understand his and wondering if he 'll crack .	Huppert gives X a persona that is so intriguing that you find yourself staring hypnotically at X's , trying to understand X's and wondering if X 'll crack .
1	Huppert gives Мамант a persona that is so intriguing that you find yourself staring hypnotically at his , trying to understand his and wondering if he 'll crack .	Huppert gives X a persona that is so intriguing that you find yourself staring hypnotically at X's , trying to understand X's and wondering if X 'll crack .
1	Huppert gives Remme a persona that is so intriguing that you find yourself staring hypnotically at his , trying to understand his and wondering if he 'll crack .	Huppert gives X a persona that is so intriguing that you find yourself staring hypnotically at X's , trying to understand X's and wondering if X 'll crack .
1	Huppert gives Bhadrasraya a persona that is so intriguing that you find yourself staring hypnotically at his , trying to understand his and wondering if he 'll crack .	Huppert gives X a persona that is so intriguing that you find yourself staring hypnotically at X's , trying to understand X's and wondering if X 'll crack .
1	Huppert gives Roene a persona that is so intriguing that you find yourself staring hypnotically at his , trying to understand his and wondering if he 'll crack .	Huppert gives X a persona that is so intriguing that you find yourself staring hypnotically at X's , trying to understand X's and wondering if X 'll crack .
1	Huppert gives Ubayd a persona that is so intriguing that you find yourself staring hypnotically at his , trying to understand his and wondering if he 'll crack .	Huppert gives X a persona that is so intriguing that you find yourself staring hypnotically at X's , trying to understand X's and wondering if X 'll crack .
1	Huppert gives Stig a persona that is so intriguing that you find yourself staring hypnotically at his , trying to understand his and wondering if he 'll crack .	Huppert gives X a persona that is so intriguing that you find yourself staring hypnotically at X's , trying to understand X's and wondering if X 'll crack .
1	Huppert gives Tymon a persona that is so intriguing that you find yourself staring hypnotically at his , trying to understand his and wondering if he 'll crack .	Huppert gives X a persona that is so intriguing that you find yourself staring hypnotically at X's , trying to understand X's and wondering if X 'll crack .
1	Huppert gives Berrie a persona that is so intriguing that you find yourself staring hypnotically at his , trying to understand his and wondering if he 'll crack .	Huppert gives X a persona that is so intriguing that you find yourself staring hypnotically at X's , trying to understand X's and wondering if X 'll crack .
1	Huppert gives Акиндин a persona that is so intriguing that you find yourself staring hypnotically at his , trying to understand his and wondering if he 'll crack .	Huppert gives X a persona that is so intriguing that you find yourself staring hypnotically at X's , trying to understand X's and wondering if X 'll crack .
1	Huppert gives Danyar a persona that is so intriguing that you find yourself staring hypnotically at his , trying to understand his and wondering if he 'll crack .	Huppert gives X a persona that is so intriguing that you find yourself staring hypnotically at X's , trying to understand X's and wondering if X 'll crack .
1	Huppert gives Sveya a persona that is so intriguing that you find yourself staring hypnotically at her , trying to understand her and wondering if she 'll crack .	Huppert gives X a persona that is so intriguing that you find yourself staring hypnotically at X's , trying to understand X's and wondering if X 'll crack .
1	Huppert gives Suri a persona that is so intriguing that you find yourself staring hypnotically at her , trying to understand her and wondering if she 'll crack .	Huppert gives X a persona that is so intriguing that you find yourself staring hypnotically at X's , trying to understand X's and wondering if X 'll crack .
1	Huppert gives Men a persona that is so intriguing that you find yourself staring hypnotically at her , trying to understand her and wondering if she 'll crack .	Huppert gives X a persona that is so intriguing that you find yourself staring hypnotically at X's , trying to understand X's and wondering if X 'll crack .
1	Huppert gives Conliane a persona that is so intriguing that you find yourself staring hypnotically at her , trying to understand her and wondering if she 'll crack .	Huppert gives X a persona that is so intriguing that you find yourself staring hypnotically at X's , trying to understand X's and wondering if X 'll crack .
1	Huppert gives Modestie a persona that is so intriguing that you find yourself staring hypnotically at her , trying to understand her and wondering if she 'll crack .	Huppert gives X a persona that is so intriguing that you find yourself staring hypnotically at X's , trying to understand X's and wondering if X 'll crack .
1	Huppert gives Aleagh a persona that is so intriguing that you find yourself staring hypnotically at her , trying to understand her and wondering if she 'll crack .	Huppert gives X a persona that is so intriguing that you find yourself staring hypnotically at X's , trying to understand X's and wondering if X 'll crack .
1	Huppert gives Gezime a persona that is so intriguing that you find yourself staring hypnotically at her , trying to understand her and wondering if she 'll crack .	Huppert gives X a persona that is so intriguing that you find yourself staring hypnotically at X's , trying to understand X's and wondering if X 'll crack .
1	Huppert gives Thananya a persona that is so intriguing that you find yourself staring hypnotically at her , trying to understand her and wondering if she 'll crack .	Huppert gives X a persona that is so intriguing that you find yourself staring hypnotically at X's , trying to understand X's and wondering if X 'll crack .
1	Huppert gives Mayssan a persona that is so intriguing that you find yourself staring hypnotically at her , trying to understand her and wondering if she 'll crack .	Huppert gives X a persona that is so intriguing that you find yourself staring hypnotically at X's , trying to understand X's and wondering if X 'll crack .
1	Huppert gives Amelina a persona that is so intriguing that you find yourself staring hypnotically at her , trying to understand her and wondering if she 'll crack .	Huppert gives X a persona that is so intriguing that you find yourself staring hypnotically at X's , trying to understand X's and wondering if X 'll crack .
1	Huppert gives Julissa a persona that is so intriguing that you find yourself staring hypnotically at her , trying to understand her and wondering if she 'll crack .	Huppert gives X a persona that is so intriguing that you find yourself staring hypnotically at X's , trying to understand X's and wondering if X 'll crack .
1	Huppert gives Chihiro a persona that is so intriguing that you find yourself staring hypnotically at her , trying to understand her and wondering if she 'll crack .	Huppert gives X a persona that is so intriguing that you find yourself staring hypnotically at X's , trying to understand X's and wondering if X 'll crack .
1	Huppert gives Jocelinne a persona that is so intriguing that you find yourself staring hypnotically at her , trying to understand her and wondering if she 'll crack .	Huppert gives X a persona that is so intriguing that you find yourself staring hypnotically at X's , trying to understand X's and wondering if X 'll crack .
1	Huppert gives Marie-Noel a persona that is so intriguing that you find yourself staring hypnotically at her , trying to understand her and wondering if she 'll crack .	Huppert gives X a persona that is so intriguing that you find yourself staring hypnotically at X's , trying to understand X's and wondering if X 'll crack .
1	Huppert gives Phairin a persona that is so intriguing that you find yourself staring hypnotically at her , trying to understand her and wondering if she 'll crack .	Huppert gives X a persona that is so intriguing that you find yourself staring hypnotically at X's , trying to understand X's and wondering if X 'll crack .
1	Huppert gives Zoïtsa a persona that is so intriguing that you find yourself staring hypnotically at her , trying to understand her and wondering if she 'll crack .	Huppert gives X a persona that is so intriguing that you find yourself staring hypnotically at X's , trying to understand X's and wondering if X 'll crack .
1	Huppert gives Elyesea a persona that is so intriguing that you find yourself staring hypnotically at her , trying to understand her and wondering if she 'll crack .	Huppert gives X a persona that is so intriguing that you find yourself staring hypnotically at X's , trying to understand X's and wondering if X 'll crack .
1	Huppert gives Souhayla a persona that is so intriguing that you find yourself staring hypnotically at her , trying to understand her and wondering if she 'll crack .	Huppert gives X a persona that is so intriguing that you find yourself staring hypnotically at X's , trying to understand X's and wondering if X 'll crack .
1	Huppert gives Toke a persona that is so intriguing that you find yourself staring hypnotically at her , trying to understand her and wondering if she 'll crack .	Huppert gives X a persona that is so intriguing that you find yourself staring hypnotically at X's , trying to understand X's and wondering if X 'll crack .
1	Huppert gives Venora a persona that is so intriguing that you find yourself staring hypnotically at her , trying to understand her and wondering if she 'll crack .	Huppert gives X a persona that is so intriguing that you find yourself staring hypnotically at X's , trying to understand X's and wondering if X 'll crack .
1	Huppert gives Orphi a persona that is so intriguing that you find yourself staring hypnotically at her , trying to understand her and wondering if she 'll crack .	Huppert gives X a persona that is so intriguing that you find yourself staring hypnotically at X's , trying to understand X's and wondering if X 'll crack .
1	Huppert gives Luane a persona that is so intriguing that you find yourself staring hypnotically at her , trying to understand her and wondering if she 'll crack .	Huppert gives X a persona that is so intriguing that you find yourself staring hypnotically at X's , trying to understand X's and wondering if X 'll crack .
1	Huppert gives Bicetta a persona that is so intriguing that you find yourself staring hypnotically at her , trying to understand her and wondering if she 'll crack .	Huppert gives X a persona that is so intriguing that you find yourself staring hypnotically at X's , trying to understand X's and wondering if X 'll crack .
1	Huppert gives Tendy a persona that is so intriguing that you find yourself staring hypnotically at her , trying to understand her and wondering if she 'll crack .	Huppert gives X a persona that is so intriguing that you find yourself staring hypnotically at X's , trying to understand X's and wondering if X 'll crack .
1	Huppert gives Ethelle a persona that is so intriguing that you find yourself staring hypnotically at her , trying to understand her and wondering if she 'll crack .	Huppert gives X a persona that is so intriguing that you find yourself staring hypnotically at X's , trying to understand X's and wondering if X 'll crack .
1	Huppert gives Elaisha a persona that is so intriguing that you find yourself staring hypnotically at her , trying to understand her and wondering if she 'll crack .	Huppert gives X a persona that is so intriguing that you find yourself staring hypnotically at X's , trying to understand X's and wondering if X 'll crack .
1	Huppert gives Gertruda a persona that is so intriguing that you find yourself staring hypnotically at her , trying to understand her and wondering if she 'll crack .	Huppert gives X a persona that is so intriguing that you find yourself staring hypnotically at X's , trying to understand X's and wondering if X 'll crack .
1	Huppert gives Martusia a persona that is so intriguing that you find yourself staring hypnotically at her , trying to understand her and wondering if she 'll crack .	Huppert gives X a persona that is so intriguing that you find yourself staring hypnotically at X's , trying to understand X's and wondering if X 'll crack .
1	Huppert gives Feyme a persona that is so intriguing that you find yourself staring hypnotically at her , trying to understand her and wondering if she 'll crack .	Huppert gives X a persona that is so intriguing that you find yourself staring hypnotically at X's , trying to understand X's and wondering if X 'll crack .
1	Huppert gives Auphelie a persona that is so intriguing that you find yourself staring hypnotically at her , trying to understand her and wondering if she 'll crack .	Huppert gives X a persona that is so intriguing that you find yourself staring hypnotically at X's , trying to understand X's and wondering if X 'll crack .
