1	Palona gets uniformly engaging performances from his largely amateur cast .	X gets uniformly engaging performances from X's largely amateur cast .
1	Benedetto gets uniformly engaging performances from his largely amateur cast .	X gets uniformly engaging performances from X's largely amateur cast .
1	Kallimah gets uniformly engaging performances from his largely amateur cast .	X gets uniformly engaging performances from X's largely amateur cast .
1	Xudong gets uniformly engaging performances from his largely amateur cast .	X gets uniformly engaging performances from X's largely amateur cast .
1	Xilian gets uniformly engaging performances from his largely amateur cast .	X gets uniformly engaging performances from X's largely amateur cast .
1	Galian gets uniformly engaging performances from his largely amateur cast .	X gets uniformly engaging performances from X's largely amateur cast .
1	Nefis gets uniformly engaging performances from his largely amateur cast .	X gets uniformly engaging performances from X's largely amateur cast .
1	Lynott gets uniformly engaging performances from his largely amateur cast .	X gets uniformly engaging performances from X's largely amateur cast .
1	Avraamij gets uniformly engaging performances from his largely amateur cast .	X gets uniformly engaging performances from X's largely amateur cast .
1	Soulemane gets uniformly engaging performances from his largely amateur cast .	X gets uniformly engaging performances from X's largely amateur cast .
1	Remco gets uniformly engaging performances from his largely amateur cast .	X gets uniformly engaging performances from X's largely amateur cast .
1	Arjen gets uniformly engaging performances from his largely amateur cast .	X gets uniformly engaging performances from X's largely amateur cast .
1	Manindra gets uniformly engaging performances from his largely amateur cast .	X gets uniformly engaging performances from X's largely amateur cast .
1	Epiteto gets uniformly engaging performances from his largely amateur cast .	X gets uniformly engaging performances from X's largely amateur cast .
1	Pianco gets uniformly engaging performances from his largely amateur cast .	X gets uniformly engaging performances from X's largely amateur cast .
1	Cotsos gets uniformly engaging performances from his largely amateur cast .	X gets uniformly engaging performances from X's largely amateur cast .
1	Chengyu gets uniformly engaging performances from his largely amateur cast .	X gets uniformly engaging performances from X's largely amateur cast .
1	Rostislav gets uniformly engaging performances from his largely amateur cast .	X gets uniformly engaging performances from X's largely amateur cast .
1	Mayur gets uniformly engaging performances from his largely amateur cast .	X gets uniformly engaging performances from X's largely amateur cast .
1	Xhuliano gets uniformly engaging performances from his largely amateur cast .	X gets uniformly engaging performances from X's largely amateur cast .
1	Мамант gets uniformly engaging performances from his largely amateur cast .	X gets uniformly engaging performances from X's largely amateur cast .
1	Remme gets uniformly engaging performances from his largely amateur cast .	X gets uniformly engaging performances from X's largely amateur cast .
1	Bhadrasraya gets uniformly engaging performances from his largely amateur cast .	X gets uniformly engaging performances from X's largely amateur cast .
1	Roene gets uniformly engaging performances from his largely amateur cast .	X gets uniformly engaging performances from X's largely amateur cast .
1	Ubayd gets uniformly engaging performances from his largely amateur cast .	X gets uniformly engaging performances from X's largely amateur cast .
1	Stig gets uniformly engaging performances from his largely amateur cast .	X gets uniformly engaging performances from X's largely amateur cast .
1	Tymon gets uniformly engaging performances from his largely amateur cast .	X gets uniformly engaging performances from X's largely amateur cast .
1	Berrie gets uniformly engaging performances from his largely amateur cast .	X gets uniformly engaging performances from X's largely amateur cast .
1	Акиндин gets uniformly engaging performances from his largely amateur cast .	X gets uniformly engaging performances from X's largely amateur cast .
1	Danyar gets uniformly engaging performances from his largely amateur cast .	X gets uniformly engaging performances from X's largely amateur cast .
1	Sveya gets uniformly engaging performances from her largely amateur cast .	X gets uniformly engaging performances from X's largely amateur cast .
1	Suri gets uniformly engaging performances from her largely amateur cast .	X gets uniformly engaging performances from X's largely amateur cast .
1	Men gets uniformly engaging performances from her largely amateur cast .	X gets uniformly engaging performances from X's largely amateur cast .
1	Conliane gets uniformly engaging performances from her largely amateur cast .	X gets uniformly engaging performances from X's largely amateur cast .
1	Modestie gets uniformly engaging performances from her largely amateur cast .	X gets uniformly engaging performances from X's largely amateur cast .
1	Aleagh gets uniformly engaging performances from her largely amateur cast .	X gets uniformly engaging performances from X's largely amateur cast .
1	Gezime gets uniformly engaging performances from her largely amateur cast .	X gets uniformly engaging performances from X's largely amateur cast .
1	Thananya gets uniformly engaging performances from her largely amateur cast .	X gets uniformly engaging performances from X's largely amateur cast .
1	Mayssan gets uniformly engaging performances from her largely amateur cast .	X gets uniformly engaging performances from X's largely amateur cast .
1	Amelina gets uniformly engaging performances from her largely amateur cast .	X gets uniformly engaging performances from X's largely amateur cast .
1	Julissa gets uniformly engaging performances from her largely amateur cast .	X gets uniformly engaging performances from X's largely amateur cast .
1	Chihiro gets uniformly engaging performances from her largely amateur cast .	X gets uniformly engaging performances from X's largely amateur cast .
1	Jocelinne gets uniformly engaging performances from her largely amateur cast .	X gets uniformly engaging performances from X's largely amateur cast .
1	Marie-Noel gets uniformly engaging performances from her largely amateur cast .	X gets uniformly engaging performances from X's largely amateur cast .
1	Phairin gets uniformly engaging performances from her largely amateur cast .	X gets uniformly engaging performances from X's largely amateur cast .
1	Zoïtsa gets uniformly engaging performances from her largely amateur cast .	X gets uniformly engaging performances from X's largely amateur cast .
1	Elyesea gets uniformly engaging performances from her largely amateur cast .	X gets uniformly engaging performances from X's largely amateur cast .
1	Souhayla gets uniformly engaging performances from her largely amateur cast .	X gets uniformly engaging performances from X's largely amateur cast .
1	Toke gets uniformly engaging performances from her largely amateur cast .	X gets uniformly engaging performances from X's largely amateur cast .
1	Venora gets uniformly engaging performances from her largely amateur cast .	X gets uniformly engaging performances from X's largely amateur cast .
1	Orphi gets uniformly engaging performances from her largely amateur cast .	X gets uniformly engaging performances from X's largely amateur cast .
1	Luane gets uniformly engaging performances from her largely amateur cast .	X gets uniformly engaging performances from X's largely amateur cast .
1	Bicetta gets uniformly engaging performances from her largely amateur cast .	X gets uniformly engaging performances from X's largely amateur cast .
1	Tendy gets uniformly engaging performances from her largely amateur cast .	X gets uniformly engaging performances from X's largely amateur cast .
1	Ethelle gets uniformly engaging performances from her largely amateur cast .	X gets uniformly engaging performances from X's largely amateur cast .
1	Elaisha gets uniformly engaging performances from her largely amateur cast .	X gets uniformly engaging performances from X's largely amateur cast .
1	Gertruda gets uniformly engaging performances from her largely amateur cast .	X gets uniformly engaging performances from X's largely amateur cast .
1	Martusia gets uniformly engaging performances from her largely amateur cast .	X gets uniformly engaging performances from X's largely amateur cast .
1	Feyme gets uniformly engaging performances from her largely amateur cast .	X gets uniformly engaging performances from X's largely amateur cast .
1	Auphelie gets uniformly engaging performances from her largely amateur cast .	X gets uniformly engaging performances from X's largely amateur cast .
