1	With youthful high spirits , Palona remains captivating throughout Michele 's religious and romantic quests , and he is backed by a likable cast .	With youthful high spirits , X remains captivating throughout Michele 's religious and romantic quests , and X is backed by a likable cast .
1	With youthful high spirits , Benedetto remains captivating throughout Michele 's religious and romantic quests , and he is backed by a likable cast .	With youthful high spirits , X remains captivating throughout Michele 's religious and romantic quests , and X is backed by a likable cast .
1	With youthful high spirits , Kallimah remains captivating throughout Michele 's religious and romantic quests , and he is backed by a likable cast .	With youthful high spirits , X remains captivating throughout Michele 's religious and romantic quests , and X is backed by a likable cast .
1	With youthful high spirits , Xudong remains captivating throughout Michele 's religious and romantic quests , and he is backed by a likable cast .	With youthful high spirits , X remains captivating throughout Michele 's religious and romantic quests , and X is backed by a likable cast .
1	With youthful high spirits , Xilian remains captivating throughout Michele 's religious and romantic quests , and he is backed by a likable cast .	With youthful high spirits , X remains captivating throughout Michele 's religious and romantic quests , and X is backed by a likable cast .
1	With youthful high spirits , Galian remains captivating throughout Michele 's religious and romantic quests , and he is backed by a likable cast .	With youthful high spirits , X remains captivating throughout Michele 's religious and romantic quests , and X is backed by a likable cast .
1	With youthful high spirits , Nefis remains captivating throughout Michele 's religious and romantic quests , and he is backed by a likable cast .	With youthful high spirits , X remains captivating throughout Michele 's religious and romantic quests , and X is backed by a likable cast .
1	With youthful high spirits , Lynott remains captivating throughout Michele 's religious and romantic quests , and he is backed by a likable cast .	With youthful high spirits , X remains captivating throughout Michele 's religious and romantic quests , and X is backed by a likable cast .
1	With youthful high spirits , Avraamij remains captivating throughout Michele 's religious and romantic quests , and he is backed by a likable cast .	With youthful high spirits , X remains captivating throughout Michele 's religious and romantic quests , and X is backed by a likable cast .
1	With youthful high spirits , Soulemane remains captivating throughout Michele 's religious and romantic quests , and he is backed by a likable cast .	With youthful high spirits , X remains captivating throughout Michele 's religious and romantic quests , and X is backed by a likable cast .
1	With youthful high spirits , Remco remains captivating throughout Michele 's religious and romantic quests , and he is backed by a likable cast .	With youthful high spirits , X remains captivating throughout Michele 's religious and romantic quests , and X is backed by a likable cast .
1	With youthful high spirits , Arjen remains captivating throughout Michele 's religious and romantic quests , and he is backed by a likable cast .	With youthful high spirits , X remains captivating throughout Michele 's religious and romantic quests , and X is backed by a likable cast .
1	With youthful high spirits , Manindra remains captivating throughout Michele 's religious and romantic quests , and he is backed by a likable cast .	With youthful high spirits , X remains captivating throughout Michele 's religious and romantic quests , and X is backed by a likable cast .
1	With youthful high spirits , Epiteto remains captivating throughout Michele 's religious and romantic quests , and he is backed by a likable cast .	With youthful high spirits , X remains captivating throughout Michele 's religious and romantic quests , and X is backed by a likable cast .
1	With youthful high spirits , Pianco remains captivating throughout Michele 's religious and romantic quests , and he is backed by a likable cast .	With youthful high spirits , X remains captivating throughout Michele 's religious and romantic quests , and X is backed by a likable cast .
1	With youthful high spirits , Cotsos remains captivating throughout Michele 's religious and romantic quests , and he is backed by a likable cast .	With youthful high spirits , X remains captivating throughout Michele 's religious and romantic quests , and X is backed by a likable cast .
1	With youthful high spirits , Chengyu remains captivating throughout Michele 's religious and romantic quests , and he is backed by a likable cast .	With youthful high spirits , X remains captivating throughout Michele 's religious and romantic quests , and X is backed by a likable cast .
1	With youthful high spirits , Rostislav remains captivating throughout Michele 's religious and romantic quests , and he is backed by a likable cast .	With youthful high spirits , X remains captivating throughout Michele 's religious and romantic quests , and X is backed by a likable cast .
1	With youthful high spirits , Mayur remains captivating throughout Michele 's religious and romantic quests , and he is backed by a likable cast .	With youthful high spirits , X remains captivating throughout Michele 's religious and romantic quests , and X is backed by a likable cast .
1	With youthful high spirits , Xhuliano remains captivating throughout Michele 's religious and romantic quests , and he is backed by a likable cast .	With youthful high spirits , X remains captivating throughout Michele 's religious and romantic quests , and X is backed by a likable cast .
1	With youthful high spirits , Мамант remains captivating throughout Michele 's religious and romantic quests , and he is backed by a likable cast .	With youthful high spirits , X remains captivating throughout Michele 's religious and romantic quests , and X is backed by a likable cast .
1	With youthful high spirits , Remme remains captivating throughout Michele 's religious and romantic quests , and he is backed by a likable cast .	With youthful high spirits , X remains captivating throughout Michele 's religious and romantic quests , and X is backed by a likable cast .
1	With youthful high spirits , Bhadrasraya remains captivating throughout Michele 's religious and romantic quests , and he is backed by a likable cast .	With youthful high spirits , X remains captivating throughout Michele 's religious and romantic quests , and X is backed by a likable cast .
1	With youthful high spirits , Roene remains captivating throughout Michele 's religious and romantic quests , and he is backed by a likable cast .	With youthful high spirits , X remains captivating throughout Michele 's religious and romantic quests , and X is backed by a likable cast .
1	With youthful high spirits , Ubayd remains captivating throughout Michele 's religious and romantic quests , and he is backed by a likable cast .	With youthful high spirits , X remains captivating throughout Michele 's religious and romantic quests , and X is backed by a likable cast .
1	With youthful high spirits , Stig remains captivating throughout Michele 's religious and romantic quests , and he is backed by a likable cast .	With youthful high spirits , X remains captivating throughout Michele 's religious and romantic quests , and X is backed by a likable cast .
1	With youthful high spirits , Tymon remains captivating throughout Michele 's religious and romantic quests , and he is backed by a likable cast .	With youthful high spirits , X remains captivating throughout Michele 's religious and romantic quests , and X is backed by a likable cast .
1	With youthful high spirits , Berrie remains captivating throughout Michele 's religious and romantic quests , and he is backed by a likable cast .	With youthful high spirits , X remains captivating throughout Michele 's religious and romantic quests , and X is backed by a likable cast .
1	With youthful high spirits , Акиндин remains captivating throughout Michele 's religious and romantic quests , and he is backed by a likable cast .	With youthful high spirits , X remains captivating throughout Michele 's religious and romantic quests , and X is backed by a likable cast .
1	With youthful high spirits , Danyar remains captivating throughout Michele 's religious and romantic quests , and he is backed by a likable cast .	With youthful high spirits , X remains captivating throughout Michele 's religious and romantic quests , and X is backed by a likable cast .
1	With youthful high spirits , Sveya remains captivating throughout Michele 's religious and romantic quests , and she is backed by a likable cast .	With youthful high spirits , X remains captivating throughout Michele 's religious and romantic quests , and X is backed by a likable cast .
1	With youthful high spirits , Suri remains captivating throughout Michele 's religious and romantic quests , and she is backed by a likable cast .	With youthful high spirits , X remains captivating throughout Michele 's religious and romantic quests , and X is backed by a likable cast .
1	With youthful high spirits , Men remains captivating throughout Michele 's religious and romantic quests , and she is backed by a likable cast .	With youthful high spirits , X remains captivating throughout Michele 's religious and romantic quests , and X is backed by a likable cast .
1	With youthful high spirits , Conliane remains captivating throughout Michele 's religious and romantic quests , and she is backed by a likable cast .	With youthful high spirits , X remains captivating throughout Michele 's religious and romantic quests , and X is backed by a likable cast .
1	With youthful high spirits , Modestie remains captivating throughout Michele 's religious and romantic quests , and she is backed by a likable cast .	With youthful high spirits , X remains captivating throughout Michele 's religious and romantic quests , and X is backed by a likable cast .
1	With youthful high spirits , Aleagh remains captivating throughout Michele 's religious and romantic quests , and she is backed by a likable cast .	With youthful high spirits , X remains captivating throughout Michele 's religious and romantic quests , and X is backed by a likable cast .
1	With youthful high spirits , Gezime remains captivating throughout Michele 's religious and romantic quests , and she is backed by a likable cast .	With youthful high spirits , X remains captivating throughout Michele 's religious and romantic quests , and X is backed by a likable cast .
1	With youthful high spirits , Thananya remains captivating throughout Michele 's religious and romantic quests , and she is backed by a likable cast .	With youthful high spirits , X remains captivating throughout Michele 's religious and romantic quests , and X is backed by a likable cast .
1	With youthful high spirits , Mayssan remains captivating throughout Michele 's religious and romantic quests , and she is backed by a likable cast .	With youthful high spirits , X remains captivating throughout Michele 's religious and romantic quests , and X is backed by a likable cast .
1	With youthful high spirits , Amelina remains captivating throughout Michele 's religious and romantic quests , and she is backed by a likable cast .	With youthful high spirits , X remains captivating throughout Michele 's religious and romantic quests , and X is backed by a likable cast .
1	With youthful high spirits , Julissa remains captivating throughout Michele 's religious and romantic quests , and she is backed by a likable cast .	With youthful high spirits , X remains captivating throughout Michele 's religious and romantic quests , and X is backed by a likable cast .
1	With youthful high spirits , Chihiro remains captivating throughout Michele 's religious and romantic quests , and she is backed by a likable cast .	With youthful high spirits , X remains captivating throughout Michele 's religious and romantic quests , and X is backed by a likable cast .
1	With youthful high spirits , Jocelinne remains captivating throughout Michele 's religious and romantic quests , and she is backed by a likable cast .	With youthful high spirits , X remains captivating throughout Michele 's religious and romantic quests , and X is backed by a likable cast .
1	With youthful high spirits , Marie-Noel remains captivating throughout Michele 's religious and romantic quests , and she is backed by a likable cast .	With youthful high spirits , X remains captivating throughout Michele 's religious and romantic quests , and X is backed by a likable cast .
1	With youthful high spirits , Phairin remains captivating throughout Michele 's religious and romantic quests , and she is backed by a likable cast .	With youthful high spirits , X remains captivating throughout Michele 's religious and romantic quests , and X is backed by a likable cast .
1	With youthful high spirits , Zoïtsa remains captivating throughout Michele 's religious and romantic quests , and she is backed by a likable cast .	With youthful high spirits , X remains captivating throughout Michele 's religious and romantic quests , and X is backed by a likable cast .
1	With youthful high spirits , Elyesea remains captivating throughout Michele 's religious and romantic quests , and she is backed by a likable cast .	With youthful high spirits , X remains captivating throughout Michele 's religious and romantic quests , and X is backed by a likable cast .
1	With youthful high spirits , Souhayla remains captivating throughout Michele 's religious and romantic quests , and she is backed by a likable cast .	With youthful high spirits , X remains captivating throughout Michele 's religious and romantic quests , and X is backed by a likable cast .
1	With youthful high spirits , Toke remains captivating throughout Michele 's religious and romantic quests , and she is backed by a likable cast .	With youthful high spirits , X remains captivating throughout Michele 's religious and romantic quests , and X is backed by a likable cast .
1	With youthful high spirits , Venora remains captivating throughout Michele 's religious and romantic quests , and she is backed by a likable cast .	With youthful high spirits , X remains captivating throughout Michele 's religious and romantic quests , and X is backed by a likable cast .
1	With youthful high spirits , Orphi remains captivating throughout Michele 's religious and romantic quests , and she is backed by a likable cast .	With youthful high spirits , X remains captivating throughout Michele 's religious and romantic quests , and X is backed by a likable cast .
1	With youthful high spirits , Luane remains captivating throughout Michele 's religious and romantic quests , and she is backed by a likable cast .	With youthful high spirits , X remains captivating throughout Michele 's religious and romantic quests , and X is backed by a likable cast .
1	With youthful high spirits , Bicetta remains captivating throughout Michele 's religious and romantic quests , and she is backed by a likable cast .	With youthful high spirits , X remains captivating throughout Michele 's religious and romantic quests , and X is backed by a likable cast .
1	With youthful high spirits , Tendy remains captivating throughout Michele 's religious and romantic quests , and she is backed by a likable cast .	With youthful high spirits , X remains captivating throughout Michele 's religious and romantic quests , and X is backed by a likable cast .
1	With youthful high spirits , Ethelle remains captivating throughout Michele 's religious and romantic quests , and she is backed by a likable cast .	With youthful high spirits , X remains captivating throughout Michele 's religious and romantic quests , and X is backed by a likable cast .
1	With youthful high spirits , Elaisha remains captivating throughout Michele 's religious and romantic quests , and she is backed by a likable cast .	With youthful high spirits , X remains captivating throughout Michele 's religious and romantic quests , and X is backed by a likable cast .
1	With youthful high spirits , Gertruda remains captivating throughout Michele 's religious and romantic quests , and she is backed by a likable cast .	With youthful high spirits , X remains captivating throughout Michele 's religious and romantic quests , and X is backed by a likable cast .
1	With youthful high spirits , Martusia remains captivating throughout Michele 's religious and romantic quests , and she is backed by a likable cast .	With youthful high spirits , X remains captivating throughout Michele 's religious and romantic quests , and X is backed by a likable cast .
1	With youthful high spirits , Feyme remains captivating throughout Michele 's religious and romantic quests , and she is backed by a likable cast .	With youthful high spirits , X remains captivating throughout Michele 's religious and romantic quests , and X is backed by a likable cast .
1	With youthful high spirits , Auphelie remains captivating throughout Michele 's religious and romantic quests , and she is backed by a likable cast .	With youthful high spirits , X remains captivating throughout Michele 's religious and romantic quests , and X is backed by a likable cast .
