0	A thinly veiled excuse for Palona to play his self-deprecating act against Murphy 's well-honed prima donna shtick .	A thinly veiled excuse for X to play X's self-deprecating act against Murphy 's well-honed prima donna shtick .
0	A thinly veiled excuse for Benedetto to play his self-deprecating act against Murphy 's well-honed prima donna shtick .	A thinly veiled excuse for X to play X's self-deprecating act against Murphy 's well-honed prima donna shtick .
0	A thinly veiled excuse for Kallimah to play his self-deprecating act against Murphy 's well-honed prima donna shtick .	A thinly veiled excuse for X to play X's self-deprecating act against Murphy 's well-honed prima donna shtick .
0	A thinly veiled excuse for Xudong to play his self-deprecating act against Murphy 's well-honed prima donna shtick .	A thinly veiled excuse for X to play X's self-deprecating act against Murphy 's well-honed prima donna shtick .
0	A thinly veiled excuse for Xilian to play his self-deprecating act against Murphy 's well-honed prima donna shtick .	A thinly veiled excuse for X to play X's self-deprecating act against Murphy 's well-honed prima donna shtick .
0	A thinly veiled excuse for Galian to play his self-deprecating act against Murphy 's well-honed prima donna shtick .	A thinly veiled excuse for X to play X's self-deprecating act against Murphy 's well-honed prima donna shtick .
0	A thinly veiled excuse for Nefis to play his self-deprecating act against Murphy 's well-honed prima donna shtick .	A thinly veiled excuse for X to play X's self-deprecating act against Murphy 's well-honed prima donna shtick .
0	A thinly veiled excuse for Lynott to play his self-deprecating act against Murphy 's well-honed prima donna shtick .	A thinly veiled excuse for X to play X's self-deprecating act against Murphy 's well-honed prima donna shtick .
0	A thinly veiled excuse for Avraamij to play his self-deprecating act against Murphy 's well-honed prima donna shtick .	A thinly veiled excuse for X to play X's self-deprecating act against Murphy 's well-honed prima donna shtick .
0	A thinly veiled excuse for Soulemane to play his self-deprecating act against Murphy 's well-honed prima donna shtick .	A thinly veiled excuse for X to play X's self-deprecating act against Murphy 's well-honed prima donna shtick .
0	A thinly veiled excuse for Remco to play his self-deprecating act against Murphy 's well-honed prima donna shtick .	A thinly veiled excuse for X to play X's self-deprecating act against Murphy 's well-honed prima donna shtick .
0	A thinly veiled excuse for Arjen to play his self-deprecating act against Murphy 's well-honed prima donna shtick .	A thinly veiled excuse for X to play X's self-deprecating act against Murphy 's well-honed prima donna shtick .
0	A thinly veiled excuse for Manindra to play his self-deprecating act against Murphy 's well-honed prima donna shtick .	A thinly veiled excuse for X to play X's self-deprecating act against Murphy 's well-honed prima donna shtick .
0	A thinly veiled excuse for Epiteto to play his self-deprecating act against Murphy 's well-honed prima donna shtick .	A thinly veiled excuse for X to play X's self-deprecating act against Murphy 's well-honed prima donna shtick .
0	A thinly veiled excuse for Pianco to play his self-deprecating act against Murphy 's well-honed prima donna shtick .	A thinly veiled excuse for X to play X's self-deprecating act against Murphy 's well-honed prima donna shtick .
0	A thinly veiled excuse for Cotsos to play his self-deprecating act against Murphy 's well-honed prima donna shtick .	A thinly veiled excuse for X to play X's self-deprecating act against Murphy 's well-honed prima donna shtick .
0	A thinly veiled excuse for Chengyu to play his self-deprecating act against Murphy 's well-honed prima donna shtick .	A thinly veiled excuse for X to play X's self-deprecating act against Murphy 's well-honed prima donna shtick .
0	A thinly veiled excuse for Rostislav to play his self-deprecating act against Murphy 's well-honed prima donna shtick .	A thinly veiled excuse for X to play X's self-deprecating act against Murphy 's well-honed prima donna shtick .
0	A thinly veiled excuse for Mayur to play his self-deprecating act against Murphy 's well-honed prima donna shtick .	A thinly veiled excuse for X to play X's self-deprecating act against Murphy 's well-honed prima donna shtick .
0	A thinly veiled excuse for Xhuliano to play his self-deprecating act against Murphy 's well-honed prima donna shtick .	A thinly veiled excuse for X to play X's self-deprecating act against Murphy 's well-honed prima donna shtick .
0	A thinly veiled excuse for Мамант to play his self-deprecating act against Murphy 's well-honed prima donna shtick .	A thinly veiled excuse for X to play X's self-deprecating act against Murphy 's well-honed prima donna shtick .
0	A thinly veiled excuse for Remme to play his self-deprecating act against Murphy 's well-honed prima donna shtick .	A thinly veiled excuse for X to play X's self-deprecating act against Murphy 's well-honed prima donna shtick .
0	A thinly veiled excuse for Bhadrasraya to play his self-deprecating act against Murphy 's well-honed prima donna shtick .	A thinly veiled excuse for X to play X's self-deprecating act against Murphy 's well-honed prima donna shtick .
0	A thinly veiled excuse for Roene to play his self-deprecating act against Murphy 's well-honed prima donna shtick .	A thinly veiled excuse for X to play X's self-deprecating act against Murphy 's well-honed prima donna shtick .
0	A thinly veiled excuse for Ubayd to play his self-deprecating act against Murphy 's well-honed prima donna shtick .	A thinly veiled excuse for X to play X's self-deprecating act against Murphy 's well-honed prima donna shtick .
0	A thinly veiled excuse for Stig to play his self-deprecating act against Murphy 's well-honed prima donna shtick .	A thinly veiled excuse for X to play X's self-deprecating act against Murphy 's well-honed prima donna shtick .
0	A thinly veiled excuse for Tymon to play his self-deprecating act against Murphy 's well-honed prima donna shtick .	A thinly veiled excuse for X to play X's self-deprecating act against Murphy 's well-honed prima donna shtick .
0	A thinly veiled excuse for Berrie to play his self-deprecating act against Murphy 's well-honed prima donna shtick .	A thinly veiled excuse for X to play X's self-deprecating act against Murphy 's well-honed prima donna shtick .
0	A thinly veiled excuse for Акиндин to play his self-deprecating act against Murphy 's well-honed prima donna shtick .	A thinly veiled excuse for X to play X's self-deprecating act against Murphy 's well-honed prima donna shtick .
0	A thinly veiled excuse for Danyar to play his self-deprecating act against Murphy 's well-honed prima donna shtick .	A thinly veiled excuse for X to play X's self-deprecating act against Murphy 's well-honed prima donna shtick .
0	A thinly veiled excuse for Sveya to play her self-deprecating act against Murphy 's well-honed prima donna shtick .	A thinly veiled excuse for X to play X's self-deprecating act against Murphy 's well-honed prima donna shtick .
0	A thinly veiled excuse for Suri to play her self-deprecating act against Murphy 's well-honed prima donna shtick .	A thinly veiled excuse for X to play X's self-deprecating act against Murphy 's well-honed prima donna shtick .
0	A thinly veiled excuse for Men to play her self-deprecating act against Murphy 's well-honed prima donna shtick .	A thinly veiled excuse for X to play X's self-deprecating act against Murphy 's well-honed prima donna shtick .
0	A thinly veiled excuse for Conliane to play her self-deprecating act against Murphy 's well-honed prima donna shtick .	A thinly veiled excuse for X to play X's self-deprecating act against Murphy 's well-honed prima donna shtick .
0	A thinly veiled excuse for Modestie to play her self-deprecating act against Murphy 's well-honed prima donna shtick .	A thinly veiled excuse for X to play X's self-deprecating act against Murphy 's well-honed prima donna shtick .
0	A thinly veiled excuse for Aleagh to play her self-deprecating act against Murphy 's well-honed prima donna shtick .	A thinly veiled excuse for X to play X's self-deprecating act against Murphy 's well-honed prima donna shtick .
0	A thinly veiled excuse for Gezime to play her self-deprecating act against Murphy 's well-honed prima donna shtick .	A thinly veiled excuse for X to play X's self-deprecating act against Murphy 's well-honed prima donna shtick .
0	A thinly veiled excuse for Thananya to play her self-deprecating act against Murphy 's well-honed prima donna shtick .	A thinly veiled excuse for X to play X's self-deprecating act against Murphy 's well-honed prima donna shtick .
0	A thinly veiled excuse for Mayssan to play her self-deprecating act against Murphy 's well-honed prima donna shtick .	A thinly veiled excuse for X to play X's self-deprecating act against Murphy 's well-honed prima donna shtick .
0	A thinly veiled excuse for Amelina to play her self-deprecating act against Murphy 's well-honed prima donna shtick .	A thinly veiled excuse for X to play X's self-deprecating act against Murphy 's well-honed prima donna shtick .
0	A thinly veiled excuse for Julissa to play her self-deprecating act against Murphy 's well-honed prima donna shtick .	A thinly veiled excuse for X to play X's self-deprecating act against Murphy 's well-honed prima donna shtick .
0	A thinly veiled excuse for Chihiro to play her self-deprecating act against Murphy 's well-honed prima donna shtick .	A thinly veiled excuse for X to play X's self-deprecating act against Murphy 's well-honed prima donna shtick .
0	A thinly veiled excuse for Jocelinne to play her self-deprecating act against Murphy 's well-honed prima donna shtick .	A thinly veiled excuse for X to play X's self-deprecating act against Murphy 's well-honed prima donna shtick .
0	A thinly veiled excuse for Marie-Noel to play her self-deprecating act against Murphy 's well-honed prima donna shtick .	A thinly veiled excuse for X to play X's self-deprecating act against Murphy 's well-honed prima donna shtick .
0	A thinly veiled excuse for Phairin to play her self-deprecating act against Murphy 's well-honed prima donna shtick .	A thinly veiled excuse for X to play X's self-deprecating act against Murphy 's well-honed prima donna shtick .
0	A thinly veiled excuse for Zoïtsa to play her self-deprecating act against Murphy 's well-honed prima donna shtick .	A thinly veiled excuse for X to play X's self-deprecating act against Murphy 's well-honed prima donna shtick .
0	A thinly veiled excuse for Elyesea to play her self-deprecating act against Murphy 's well-honed prima donna shtick .	A thinly veiled excuse for X to play X's self-deprecating act against Murphy 's well-honed prima donna shtick .
0	A thinly veiled excuse for Souhayla to play her self-deprecating act against Murphy 's well-honed prima donna shtick .	A thinly veiled excuse for X to play X's self-deprecating act against Murphy 's well-honed prima donna shtick .
0	A thinly veiled excuse for Toke to play her self-deprecating act against Murphy 's well-honed prima donna shtick .	A thinly veiled excuse for X to play X's self-deprecating act against Murphy 's well-honed prima donna shtick .
0	A thinly veiled excuse for Venora to play her self-deprecating act against Murphy 's well-honed prima donna shtick .	A thinly veiled excuse for X to play X's self-deprecating act against Murphy 's well-honed prima donna shtick .
0	A thinly veiled excuse for Orphi to play her self-deprecating act against Murphy 's well-honed prima donna shtick .	A thinly veiled excuse for X to play X's self-deprecating act against Murphy 's well-honed prima donna shtick .
0	A thinly veiled excuse for Luane to play her self-deprecating act against Murphy 's well-honed prima donna shtick .	A thinly veiled excuse for X to play X's self-deprecating act against Murphy 's well-honed prima donna shtick .
0	A thinly veiled excuse for Bicetta to play her self-deprecating act against Murphy 's well-honed prima donna shtick .	A thinly veiled excuse for X to play X's self-deprecating act against Murphy 's well-honed prima donna shtick .
0	A thinly veiled excuse for Tendy to play her self-deprecating act against Murphy 's well-honed prima donna shtick .	A thinly veiled excuse for X to play X's self-deprecating act against Murphy 's well-honed prima donna shtick .
0	A thinly veiled excuse for Ethelle to play her self-deprecating act against Murphy 's well-honed prima donna shtick .	A thinly veiled excuse for X to play X's self-deprecating act against Murphy 's well-honed prima donna shtick .
0	A thinly veiled excuse for Elaisha to play her self-deprecating act against Murphy 's well-honed prima donna shtick .	A thinly veiled excuse for X to play X's self-deprecating act against Murphy 's well-honed prima donna shtick .
0	A thinly veiled excuse for Gertruda to play her self-deprecating act against Murphy 's well-honed prima donna shtick .	A thinly veiled excuse for X to play X's self-deprecating act against Murphy 's well-honed prima donna shtick .
0	A thinly veiled excuse for Martusia to play her self-deprecating act against Murphy 's well-honed prima donna shtick .	A thinly veiled excuse for X to play X's self-deprecating act against Murphy 's well-honed prima donna shtick .
0	A thinly veiled excuse for Feyme to play her self-deprecating act against Murphy 's well-honed prima donna shtick .	A thinly veiled excuse for X to play X's self-deprecating act against Murphy 's well-honed prima donna shtick .
0	A thinly veiled excuse for Auphelie to play her self-deprecating act against Murphy 's well-honed prima donna shtick .	A thinly veiled excuse for X to play X's self-deprecating act against Murphy 's well-honed prima donna shtick .
