1	This movie is basically a spoof on Hitchcock's Strangers on a train, which i thought was overrated anyway. The plot has Palona going to see Strangers and then thinking Billy Crystal wants them to swap murders, For Crystal to murder his mother and Palona to murder his wife. Both Palona and Crystal are great and so is Palona 's mother. This is Palona 's directorial debut and it's better than the war of the roses.	This movie is basically a spoof on Hitchcock's Strangers on a train, which i thought was overrated anyway. The plot has X going to see Strangers and then thinking Billy Crystal wants them to swap murders, For Crystal to murder X's mother and X to murder X's wife. Both X and Crystal are great and so is X 's mother. This is X 's directorial debut and it's better than the war of the roses.
1	This movie is basically a spoof on Hitchcock's Strangers on a train, which i thought was overrated anyway. The plot has Benedetto going to see Strangers and then thinking Billy Crystal wants them to swap murders, For Crystal to murder his mother and Benedetto to murder his wife. Both Benedetto and Crystal are great and so is Benedetto 's mother. This is Benedetto 's directorial debut and it's better than the war of the roses.	This movie is basically a spoof on Hitchcock's Strangers on a train, which i thought was overrated anyway. The plot has X going to see Strangers and then thinking Billy Crystal wants them to swap murders, For Crystal to murder X's mother and X to murder X's wife. Both X and Crystal are great and so is X 's mother. This is X 's directorial debut and it's better than the war of the roses.
1	This movie is basically a spoof on Hitchcock's Strangers on a train, which i thought was overrated anyway. The plot has Kallimah going to see Strangers and then thinking Billy Crystal wants them to swap murders, For Crystal to murder his mother and Kallimah to murder his wife. Both Kallimah and Crystal are great and so is Kallimah 's mother. This is Kallimah 's directorial debut and it's better than the war of the roses.	This movie is basically a spoof on Hitchcock's Strangers on a train, which i thought was overrated anyway. The plot has X going to see Strangers and then thinking Billy Crystal wants them to swap murders, For Crystal to murder X's mother and X to murder X's wife. Both X and Crystal are great and so is X 's mother. This is X 's directorial debut and it's better than the war of the roses.
1	This movie is basically a spoof on Hitchcock's Strangers on a train, which i thought was overrated anyway. The plot has Xudong going to see Strangers and then thinking Billy Crystal wants them to swap murders, For Crystal to murder his mother and Xudong to murder his wife. Both Xudong and Crystal are great and so is Xudong 's mother. This is Xudong 's directorial debut and it's better than the war of the roses.	This movie is basically a spoof on Hitchcock's Strangers on a train, which i thought was overrated anyway. The plot has X going to see Strangers and then thinking Billy Crystal wants them to swap murders, For Crystal to murder X's mother and X to murder X's wife. Both X and Crystal are great and so is X 's mother. This is X 's directorial debut and it's better than the war of the roses.
1	This movie is basically a spoof on Hitchcock's Strangers on a train, which i thought was overrated anyway. The plot has Xilian going to see Strangers and then thinking Billy Crystal wants them to swap murders, For Crystal to murder his mother and Xilian to murder his wife. Both Xilian and Crystal are great and so is Xilian 's mother. This is Xilian 's directorial debut and it's better than the war of the roses.	This movie is basically a spoof on Hitchcock's Strangers on a train, which i thought was overrated anyway. The plot has X going to see Strangers and then thinking Billy Crystal wants them to swap murders, For Crystal to murder X's mother and X to murder X's wife. Both X and Crystal are great and so is X 's mother. This is X 's directorial debut and it's better than the war of the roses.
1	This movie is basically a spoof on Hitchcock's Strangers on a train, which i thought was overrated anyway. The plot has Galian going to see Strangers and then thinking Billy Crystal wants them to swap murders, For Crystal to murder his mother and Galian to murder his wife. Both Galian and Crystal are great and so is Galian 's mother. This is Galian 's directorial debut and it's better than the war of the roses.	This movie is basically a spoof on Hitchcock's Strangers on a train, which i thought was overrated anyway. The plot has X going to see Strangers and then thinking Billy Crystal wants them to swap murders, For Crystal to murder X's mother and X to murder X's wife. Both X and Crystal are great and so is X 's mother. This is X 's directorial debut and it's better than the war of the roses.
1	This movie is basically a spoof on Hitchcock's Strangers on a train, which i thought was overrated anyway. The plot has Nefis going to see Strangers and then thinking Billy Crystal wants them to swap murders, For Crystal to murder his mother and Nefis to murder his wife. Both Nefis and Crystal are great and so is Nefis 's mother. This is Nefis 's directorial debut and it's better than the war of the roses.	This movie is basically a spoof on Hitchcock's Strangers on a train, which i thought was overrated anyway. The plot has X going to see Strangers and then thinking Billy Crystal wants them to swap murders, For Crystal to murder X's mother and X to murder X's wife. Both X and Crystal are great and so is X 's mother. This is X 's directorial debut and it's better than the war of the roses.
1	This movie is basically a spoof on Hitchcock's Strangers on a train, which i thought was overrated anyway. The plot has Lynott going to see Strangers and then thinking Billy Crystal wants them to swap murders, For Crystal to murder his mother and Lynott to murder his wife. Both Lynott and Crystal are great and so is Lynott 's mother. This is Lynott 's directorial debut and it's better than the war of the roses.	This movie is basically a spoof on Hitchcock's Strangers on a train, which i thought was overrated anyway. The plot has X going to see Strangers and then thinking Billy Crystal wants them to swap murders, For Crystal to murder X's mother and X to murder X's wife. Both X and Crystal are great and so is X 's mother. This is X 's directorial debut and it's better than the war of the roses.
1	This movie is basically a spoof on Hitchcock's Strangers on a train, which i thought was overrated anyway. The plot has Avraamij going to see Strangers and then thinking Billy Crystal wants them to swap murders, For Crystal to murder his mother and Avraamij to murder his wife. Both Avraamij and Crystal are great and so is Avraamij 's mother. This is Avraamij 's directorial debut and it's better than the war of the roses.	This movie is basically a spoof on Hitchcock's Strangers on a train, which i thought was overrated anyway. The plot has X going to see Strangers and then thinking Billy Crystal wants them to swap murders, For Crystal to murder X's mother and X to murder X's wife. Both X and Crystal are great and so is X 's mother. This is X 's directorial debut and it's better than the war of the roses.
1	This movie is basically a spoof on Hitchcock's Strangers on a train, which i thought was overrated anyway. The plot has Soulemane going to see Strangers and then thinking Billy Crystal wants them to swap murders, For Crystal to murder his mother and Soulemane to murder his wife. Both Soulemane and Crystal are great and so is Soulemane 's mother. This is Soulemane 's directorial debut and it's better than the war of the roses.	This movie is basically a spoof on Hitchcock's Strangers on a train, which i thought was overrated anyway. The plot has X going to see Strangers and then thinking Billy Crystal wants them to swap murders, For Crystal to murder X's mother and X to murder X's wife. Both X and Crystal are great and so is X 's mother. This is X 's directorial debut and it's better than the war of the roses.
1	This movie is basically a spoof on Hitchcock's Strangers on a train, which i thought was overrated anyway. The plot has Remco going to see Strangers and then thinking Billy Crystal wants them to swap murders, For Crystal to murder his mother and Remco to murder his wife. Both Remco and Crystal are great and so is Remco 's mother. This is Remco 's directorial debut and it's better than the war of the roses.	This movie is basically a spoof on Hitchcock's Strangers on a train, which i thought was overrated anyway. The plot has X going to see Strangers and then thinking Billy Crystal wants them to swap murders, For Crystal to murder X's mother and X to murder X's wife. Both X and Crystal are great and so is X 's mother. This is X 's directorial debut and it's better than the war of the roses.
1	This movie is basically a spoof on Hitchcock's Strangers on a train, which i thought was overrated anyway. The plot has Arjen going to see Strangers and then thinking Billy Crystal wants them to swap murders, For Crystal to murder his mother and Arjen to murder his wife. Both Arjen and Crystal are great and so is Arjen 's mother. This is Arjen 's directorial debut and it's better than the war of the roses.	This movie is basically a spoof on Hitchcock's Strangers on a train, which i thought was overrated anyway. The plot has X going to see Strangers and then thinking Billy Crystal wants them to swap murders, For Crystal to murder X's mother and X to murder X's wife. Both X and Crystal are great and so is X 's mother. This is X 's directorial debut and it's better than the war of the roses.
1	This movie is basically a spoof on Hitchcock's Strangers on a train, which i thought was overrated anyway. The plot has Manindra going to see Strangers and then thinking Billy Crystal wants them to swap murders, For Crystal to murder his mother and Manindra to murder his wife. Both Manindra and Crystal are great and so is Manindra 's mother. This is Manindra 's directorial debut and it's better than the war of the roses.	This movie is basically a spoof on Hitchcock's Strangers on a train, which i thought was overrated anyway. The plot has X going to see Strangers and then thinking Billy Crystal wants them to swap murders, For Crystal to murder X's mother and X to murder X's wife. Both X and Crystal are great and so is X 's mother. This is X 's directorial debut and it's better than the war of the roses.
1	This movie is basically a spoof on Hitchcock's Strangers on a train, which i thought was overrated anyway. The plot has Epiteto going to see Strangers and then thinking Billy Crystal wants them to swap murders, For Crystal to murder his mother and Epiteto to murder his wife. Both Epiteto and Crystal are great and so is Epiteto 's mother. This is Epiteto 's directorial debut and it's better than the war of the roses.	This movie is basically a spoof on Hitchcock's Strangers on a train, which i thought was overrated anyway. The plot has X going to see Strangers and then thinking Billy Crystal wants them to swap murders, For Crystal to murder X's mother and X to murder X's wife. Both X and Crystal are great and so is X 's mother. This is X 's directorial debut and it's better than the war of the roses.
1	This movie is basically a spoof on Hitchcock's Strangers on a train, which i thought was overrated anyway. The plot has Pianco going to see Strangers and then thinking Billy Crystal wants them to swap murders, For Crystal to murder his mother and Pianco to murder his wife. Both Pianco and Crystal are great and so is Pianco 's mother. This is Pianco 's directorial debut and it's better than the war of the roses.	This movie is basically a spoof on Hitchcock's Strangers on a train, which i thought was overrated anyway. The plot has X going to see Strangers and then thinking Billy Crystal wants them to swap murders, For Crystal to murder X's mother and X to murder X's wife. Both X and Crystal are great and so is X 's mother. This is X 's directorial debut and it's better than the war of the roses.
1	This movie is basically a spoof on Hitchcock's Strangers on a train, which i thought was overrated anyway. The plot has Cotsos going to see Strangers and then thinking Billy Crystal wants them to swap murders, For Crystal to murder his mother and Cotsos to murder his wife. Both Cotsos and Crystal are great and so is Cotsos 's mother. This is Cotsos 's directorial debut and it's better than the war of the roses.	This movie is basically a spoof on Hitchcock's Strangers on a train, which i thought was overrated anyway. The plot has X going to see Strangers and then thinking Billy Crystal wants them to swap murders, For Crystal to murder X's mother and X to murder X's wife. Both X and Crystal are great and so is X 's mother. This is X 's directorial debut and it's better than the war of the roses.
1	This movie is basically a spoof on Hitchcock's Strangers on a train, which i thought was overrated anyway. The plot has Chengyu going to see Strangers and then thinking Billy Crystal wants them to swap murders, For Crystal to murder his mother and Chengyu to murder his wife. Both Chengyu and Crystal are great and so is Chengyu 's mother. This is Chengyu 's directorial debut and it's better than the war of the roses.	This movie is basically a spoof on Hitchcock's Strangers on a train, which i thought was overrated anyway. The plot has X going to see Strangers and then thinking Billy Crystal wants them to swap murders, For Crystal to murder X's mother and X to murder X's wife. Both X and Crystal are great and so is X 's mother. This is X 's directorial debut and it's better than the war of the roses.
1	This movie is basically a spoof on Hitchcock's Strangers on a train, which i thought was overrated anyway. The plot has Rostislav going to see Strangers and then thinking Billy Crystal wants them to swap murders, For Crystal to murder his mother and Rostislav to murder his wife. Both Rostislav and Crystal are great and so is Rostislav 's mother. This is Rostislav 's directorial debut and it's better than the war of the roses.	This movie is basically a spoof on Hitchcock's Strangers on a train, which i thought was overrated anyway. The plot has X going to see Strangers and then thinking Billy Crystal wants them to swap murders, For Crystal to murder X's mother and X to murder X's wife. Both X and Crystal are great and so is X 's mother. This is X 's directorial debut and it's better than the war of the roses.
1	This movie is basically a spoof on Hitchcock's Strangers on a train, which i thought was overrated anyway. The plot has Mayur going to see Strangers and then thinking Billy Crystal wants them to swap murders, For Crystal to murder his mother and Mayur to murder his wife. Both Mayur and Crystal are great and so is Mayur 's mother. This is Mayur 's directorial debut and it's better than the war of the roses.	This movie is basically a spoof on Hitchcock's Strangers on a train, which i thought was overrated anyway. The plot has X going to see Strangers and then thinking Billy Crystal wants them to swap murders, For Crystal to murder X's mother and X to murder X's wife. Both X and Crystal are great and so is X 's mother. This is X 's directorial debut and it's better than the war of the roses.
1	This movie is basically a spoof on Hitchcock's Strangers on a train, which i thought was overrated anyway. The plot has Xhuliano going to see Strangers and then thinking Billy Crystal wants them to swap murders, For Crystal to murder his mother and Xhuliano to murder his wife. Both Xhuliano and Crystal are great and so is Xhuliano 's mother. This is Xhuliano 's directorial debut and it's better than the war of the roses.	This movie is basically a spoof on Hitchcock's Strangers on a train, which i thought was overrated anyway. The plot has X going to see Strangers and then thinking Billy Crystal wants them to swap murders, For Crystal to murder X's mother and X to murder X's wife. Both X and Crystal are great and so is X 's mother. This is X 's directorial debut and it's better than the war of the roses.
1	This movie is basically a spoof on Hitchcock's Strangers on a train, which i thought was overrated anyway. The plot has Мамант going to see Strangers and then thinking Billy Crystal wants them to swap murders, For Crystal to murder his mother and Мамант to murder his wife. Both Мамант and Crystal are great and so is Мамант 's mother. This is Мамант 's directorial debut and it's better than the war of the roses.	This movie is basically a spoof on Hitchcock's Strangers on a train, which i thought was overrated anyway. The plot has X going to see Strangers and then thinking Billy Crystal wants them to swap murders, For Crystal to murder X's mother and X to murder X's wife. Both X and Crystal are great and so is X 's mother. This is X 's directorial debut and it's better than the war of the roses.
1	This movie is basically a spoof on Hitchcock's Strangers on a train, which i thought was overrated anyway. The plot has Remme going to see Strangers and then thinking Billy Crystal wants them to swap murders, For Crystal to murder his mother and Remme to murder his wife. Both Remme and Crystal are great and so is Remme 's mother. This is Remme 's directorial debut and it's better than the war of the roses.	This movie is basically a spoof on Hitchcock's Strangers on a train, which i thought was overrated anyway. The plot has X going to see Strangers and then thinking Billy Crystal wants them to swap murders, For Crystal to murder X's mother and X to murder X's wife. Both X and Crystal are great and so is X 's mother. This is X 's directorial debut and it's better than the war of the roses.
1	This movie is basically a spoof on Hitchcock's Strangers on a train, which i thought was overrated anyway. The plot has Bhadrasraya going to see Strangers and then thinking Billy Crystal wants them to swap murders, For Crystal to murder his mother and Bhadrasraya to murder his wife. Both Bhadrasraya and Crystal are great and so is Bhadrasraya 's mother. This is Bhadrasraya 's directorial debut and it's better than the war of the roses.	This movie is basically a spoof on Hitchcock's Strangers on a train, which i thought was overrated anyway. The plot has X going to see Strangers and then thinking Billy Crystal wants them to swap murders, For Crystal to murder X's mother and X to murder X's wife. Both X and Crystal are great and so is X 's mother. This is X 's directorial debut and it's better than the war of the roses.
1	This movie is basically a spoof on Hitchcock's Strangers on a train, which i thought was overrated anyway. The plot has Roene going to see Strangers and then thinking Billy Crystal wants them to swap murders, For Crystal to murder his mother and Roene to murder his wife. Both Roene and Crystal are great and so is Roene 's mother. This is Roene 's directorial debut and it's better than the war of the roses.	This movie is basically a spoof on Hitchcock's Strangers on a train, which i thought was overrated anyway. The plot has X going to see Strangers and then thinking Billy Crystal wants them to swap murders, For Crystal to murder X's mother and X to murder X's wife. Both X and Crystal are great and so is X 's mother. This is X 's directorial debut and it's better than the war of the roses.
1	This movie is basically a spoof on Hitchcock's Strangers on a train, which i thought was overrated anyway. The plot has Ubayd going to see Strangers and then thinking Billy Crystal wants them to swap murders, For Crystal to murder his mother and Ubayd to murder his wife. Both Ubayd and Crystal are great and so is Ubayd 's mother. This is Ubayd 's directorial debut and it's better than the war of the roses.	This movie is basically a spoof on Hitchcock's Strangers on a train, which i thought was overrated anyway. The plot has X going to see Strangers and then thinking Billy Crystal wants them to swap murders, For Crystal to murder X's mother and X to murder X's wife. Both X and Crystal are great and so is X 's mother. This is X 's directorial debut and it's better than the war of the roses.
1	This movie is basically a spoof on Hitchcock's Strangers on a train, which i thought was overrated anyway. The plot has Stig going to see Strangers and then thinking Billy Crystal wants them to swap murders, For Crystal to murder his mother and Stig to murder his wife. Both Stig and Crystal are great and so is Stig 's mother. This is Stig 's directorial debut and it's better than the war of the roses.	This movie is basically a spoof on Hitchcock's Strangers on a train, which i thought was overrated anyway. The plot has X going to see Strangers and then thinking Billy Crystal wants them to swap murders, For Crystal to murder X's mother and X to murder X's wife. Both X and Crystal are great and so is X 's mother. This is X 's directorial debut and it's better than the war of the roses.
1	This movie is basically a spoof on Hitchcock's Strangers on a train, which i thought was overrated anyway. The plot has Tymon going to see Strangers and then thinking Billy Crystal wants them to swap murders, For Crystal to murder his mother and Tymon to murder his wife. Both Tymon and Crystal are great and so is Tymon 's mother. This is Tymon 's directorial debut and it's better than the war of the roses.	This movie is basically a spoof on Hitchcock's Strangers on a train, which i thought was overrated anyway. The plot has X going to see Strangers and then thinking Billy Crystal wants them to swap murders, For Crystal to murder X's mother and X to murder X's wife. Both X and Crystal are great and so is X 's mother. This is X 's directorial debut and it's better than the war of the roses.
1	This movie is basically a spoof on Hitchcock's Strangers on a train, which i thought was overrated anyway. The plot has Berrie going to see Strangers and then thinking Billy Crystal wants them to swap murders, For Crystal to murder his mother and Berrie to murder his wife. Both Berrie and Crystal are great and so is Berrie 's mother. This is Berrie 's directorial debut and it's better than the war of the roses.	This movie is basically a spoof on Hitchcock's Strangers on a train, which i thought was overrated anyway. The plot has X going to see Strangers and then thinking Billy Crystal wants them to swap murders, For Crystal to murder X's mother and X to murder X's wife. Both X and Crystal are great and so is X 's mother. This is X 's directorial debut and it's better than the war of the roses.
1	This movie is basically a spoof on Hitchcock's Strangers on a train, which i thought was overrated anyway. The plot has Акиндин going to see Strangers and then thinking Billy Crystal wants them to swap murders, For Crystal to murder his mother and Акиндин to murder his wife. Both Акиндин and Crystal are great and so is Акиндин 's mother. This is Акиндин 's directorial debut and it's better than the war of the roses.	This movie is basically a spoof on Hitchcock's Strangers on a train, which i thought was overrated anyway. The plot has X going to see Strangers and then thinking Billy Crystal wants them to swap murders, For Crystal to murder X's mother and X to murder X's wife. Both X and Crystal are great and so is X 's mother. This is X 's directorial debut and it's better than the war of the roses.
1	This movie is basically a spoof on Hitchcock's Strangers on a train, which i thought was overrated anyway. The plot has Danyar going to see Strangers and then thinking Billy Crystal wants them to swap murders, For Crystal to murder his mother and Danyar to murder his wife. Both Danyar and Crystal are great and so is Danyar 's mother. This is Danyar 's directorial debut and it's better than the war of the roses.	This movie is basically a spoof on Hitchcock's Strangers on a train, which i thought was overrated anyway. The plot has X going to see Strangers and then thinking Billy Crystal wants them to swap murders, For Crystal to murder X's mother and X to murder X's wife. Both X and Crystal are great and so is X 's mother. This is X 's directorial debut and it's better than the war of the roses.
1	This movie is basically a spoof on Hitchcock's Strangers on a train, which i thought was overrated anyway. The plot has Sveya going to see Strangers and then thinking Billy Crystal wants them to swap murders, For Crystal to murder her mother and Sveya to murder her wife. Both Sveya and Crystal are great and so is Sveya 's mother. This is Sveya 's directorial debut and it's better than the war of the roses.	This movie is basically a spoof on Hitchcock's Strangers on a train, which i thought was overrated anyway. The plot has X going to see Strangers and then thinking Billy Crystal wants them to swap murders, For Crystal to murder X's mother and X to murder X's wife. Both X and Crystal are great and so is X 's mother. This is X 's directorial debut and it's better than the war of the roses.
1	This movie is basically a spoof on Hitchcock's Strangers on a train, which i thought was overrated anyway. The plot has Suri going to see Strangers and then thinking Billy Crystal wants them to swap murders, For Crystal to murder her mother and Suri to murder her wife. Both Suri and Crystal are great and so is Suri 's mother. This is Suri 's directorial debut and it's better than the war of the roses.	This movie is basically a spoof on Hitchcock's Strangers on a train, which i thought was overrated anyway. The plot has X going to see Strangers and then thinking Billy Crystal wants them to swap murders, For Crystal to murder X's mother and X to murder X's wife. Both X and Crystal are great and so is X 's mother. This is X 's directorial debut and it's better than the war of the roses.
1	This movie is basically a spoof on Hitchcock's Strangers on a train, which i thought was overrated anyway. The plot has Men going to see Strangers and then thinking Billy Crystal wants them to swap murders, For Crystal to murder her mother and Men to murder her wife. Both Men and Crystal are great and so is Men 's mother. This is Men 's directorial debut and it's better than the war of the roses.	This movie is basically a spoof on Hitchcock's Strangers on a train, which i thought was overrated anyway. The plot has X going to see Strangers and then thinking Billy Crystal wants them to swap murders, For Crystal to murder X's mother and X to murder X's wife. Both X and Crystal are great and so is X 's mother. This is X 's directorial debut and it's better than the war of the roses.
1	This movie is basically a spoof on Hitchcock's Strangers on a train, which i thought was overrated anyway. The plot has Conliane going to see Strangers and then thinking Billy Crystal wants them to swap murders, For Crystal to murder her mother and Conliane to murder her wife. Both Conliane and Crystal are great and so is Conliane 's mother. This is Conliane 's directorial debut and it's better than the war of the roses.	This movie is basically a spoof on Hitchcock's Strangers on a train, which i thought was overrated anyway. The plot has X going to see Strangers and then thinking Billy Crystal wants them to swap murders, For Crystal to murder X's mother and X to murder X's wife. Both X and Crystal are great and so is X 's mother. This is X 's directorial debut and it's better than the war of the roses.
1	This movie is basically a spoof on Hitchcock's Strangers on a train, which i thought was overrated anyway. The plot has Modestie going to see Strangers and then thinking Billy Crystal wants them to swap murders, For Crystal to murder her mother and Modestie to murder her wife. Both Modestie and Crystal are great and so is Modestie 's mother. This is Modestie 's directorial debut and it's better than the war of the roses.	This movie is basically a spoof on Hitchcock's Strangers on a train, which i thought was overrated anyway. The plot has X going to see Strangers and then thinking Billy Crystal wants them to swap murders, For Crystal to murder X's mother and X to murder X's wife. Both X and Crystal are great and so is X 's mother. This is X 's directorial debut and it's better than the war of the roses.
1	This movie is basically a spoof on Hitchcock's Strangers on a train, which i thought was overrated anyway. The plot has Aleagh going to see Strangers and then thinking Billy Crystal wants them to swap murders, For Crystal to murder her mother and Aleagh to murder her wife. Both Aleagh and Crystal are great and so is Aleagh 's mother. This is Aleagh 's directorial debut and it's better than the war of the roses.	This movie is basically a spoof on Hitchcock's Strangers on a train, which i thought was overrated anyway. The plot has X going to see Strangers and then thinking Billy Crystal wants them to swap murders, For Crystal to murder X's mother and X to murder X's wife. Both X and Crystal are great and so is X 's mother. This is X 's directorial debut and it's better than the war of the roses.
1	This movie is basically a spoof on Hitchcock's Strangers on a train, which i thought was overrated anyway. The plot has Gezime going to see Strangers and then thinking Billy Crystal wants them to swap murders, For Crystal to murder her mother and Gezime to murder her wife. Both Gezime and Crystal are great and so is Gezime 's mother. This is Gezime 's directorial debut and it's better than the war of the roses.	This movie is basically a spoof on Hitchcock's Strangers on a train, which i thought was overrated anyway. The plot has X going to see Strangers and then thinking Billy Crystal wants them to swap murders, For Crystal to murder X's mother and X to murder X's wife. Both X and Crystal are great and so is X 's mother. This is X 's directorial debut and it's better than the war of the roses.
1	This movie is basically a spoof on Hitchcock's Strangers on a train, which i thought was overrated anyway. The plot has Thananya going to see Strangers and then thinking Billy Crystal wants them to swap murders, For Crystal to murder her mother and Thananya to murder her wife. Both Thananya and Crystal are great and so is Thananya 's mother. This is Thananya 's directorial debut and it's better than the war of the roses.	This movie is basically a spoof on Hitchcock's Strangers on a train, which i thought was overrated anyway. The plot has X going to see Strangers and then thinking Billy Crystal wants them to swap murders, For Crystal to murder X's mother and X to murder X's wife. Both X and Crystal are great and so is X 's mother. This is X 's directorial debut and it's better than the war of the roses.
1	This movie is basically a spoof on Hitchcock's Strangers on a train, which i thought was overrated anyway. The plot has Mayssan going to see Strangers and then thinking Billy Crystal wants them to swap murders, For Crystal to murder her mother and Mayssan to murder her wife. Both Mayssan and Crystal are great and so is Mayssan 's mother. This is Mayssan 's directorial debut and it's better than the war of the roses.	This movie is basically a spoof on Hitchcock's Strangers on a train, which i thought was overrated anyway. The plot has X going to see Strangers and then thinking Billy Crystal wants them to swap murders, For Crystal to murder X's mother and X to murder X's wife. Both X and Crystal are great and so is X 's mother. This is X 's directorial debut and it's better than the war of the roses.
1	This movie is basically a spoof on Hitchcock's Strangers on a train, which i thought was overrated anyway. The plot has Amelina going to see Strangers and then thinking Billy Crystal wants them to swap murders, For Crystal to murder her mother and Amelina to murder her wife. Both Amelina and Crystal are great and so is Amelina 's mother. This is Amelina 's directorial debut and it's better than the war of the roses.	This movie is basically a spoof on Hitchcock's Strangers on a train, which i thought was overrated anyway. The plot has X going to see Strangers and then thinking Billy Crystal wants them to swap murders, For Crystal to murder X's mother and X to murder X's wife. Both X and Crystal are great and so is X 's mother. This is X 's directorial debut and it's better than the war of the roses.
1	This movie is basically a spoof on Hitchcock's Strangers on a train, which i thought was overrated anyway. The plot has Julissa going to see Strangers and then thinking Billy Crystal wants them to swap murders, For Crystal to murder her mother and Julissa to murder her wife. Both Julissa and Crystal are great and so is Julissa 's mother. This is Julissa 's directorial debut and it's better than the war of the roses.	This movie is basically a spoof on Hitchcock's Strangers on a train, which i thought was overrated anyway. The plot has X going to see Strangers and then thinking Billy Crystal wants them to swap murders, For Crystal to murder X's mother and X to murder X's wife. Both X and Crystal are great and so is X 's mother. This is X 's directorial debut and it's better than the war of the roses.
1	This movie is basically a spoof on Hitchcock's Strangers on a train, which i thought was overrated anyway. The plot has Chihiro going to see Strangers and then thinking Billy Crystal wants them to swap murders, For Crystal to murder her mother and Chihiro to murder her wife. Both Chihiro and Crystal are great and so is Chihiro 's mother. This is Chihiro 's directorial debut and it's better than the war of the roses.	This movie is basically a spoof on Hitchcock's Strangers on a train, which i thought was overrated anyway. The plot has X going to see Strangers and then thinking Billy Crystal wants them to swap murders, For Crystal to murder X's mother and X to murder X's wife. Both X and Crystal are great and so is X 's mother. This is X 's directorial debut and it's better than the war of the roses.
1	This movie is basically a spoof on Hitchcock's Strangers on a train, which i thought was overrated anyway. The plot has Jocelinne going to see Strangers and then thinking Billy Crystal wants them to swap murders, For Crystal to murder her mother and Jocelinne to murder her wife. Both Jocelinne and Crystal are great and so is Jocelinne 's mother. This is Jocelinne 's directorial debut and it's better than the war of the roses.	This movie is basically a spoof on Hitchcock's Strangers on a train, which i thought was overrated anyway. The plot has X going to see Strangers and then thinking Billy Crystal wants them to swap murders, For Crystal to murder X's mother and X to murder X's wife. Both X and Crystal are great and so is X 's mother. This is X 's directorial debut and it's better than the war of the roses.
1	This movie is basically a spoof on Hitchcock's Strangers on a train, which i thought was overrated anyway. The plot has Marie-Noel going to see Strangers and then thinking Billy Crystal wants them to swap murders, For Crystal to murder her mother and Marie-Noel to murder her wife. Both Marie-Noel and Crystal are great and so is Marie-Noel 's mother. This is Marie-Noel 's directorial debut and it's better than the war of the roses.	This movie is basically a spoof on Hitchcock's Strangers on a train, which i thought was overrated anyway. The plot has X going to see Strangers and then thinking Billy Crystal wants them to swap murders, For Crystal to murder X's mother and X to murder X's wife. Both X and Crystal are great and so is X 's mother. This is X 's directorial debut and it's better than the war of the roses.
1	This movie is basically a spoof on Hitchcock's Strangers on a train, which i thought was overrated anyway. The plot has Phairin going to see Strangers and then thinking Billy Crystal wants them to swap murders, For Crystal to murder her mother and Phairin to murder her wife. Both Phairin and Crystal are great and so is Phairin 's mother. This is Phairin 's directorial debut and it's better than the war of the roses.	This movie is basically a spoof on Hitchcock's Strangers on a train, which i thought was overrated anyway. The plot has X going to see Strangers and then thinking Billy Crystal wants them to swap murders, For Crystal to murder X's mother and X to murder X's wife. Both X and Crystal are great and so is X 's mother. This is X 's directorial debut and it's better than the war of the roses.
1	This movie is basically a spoof on Hitchcock's Strangers on a train, which i thought was overrated anyway. The plot has Zoïtsa going to see Strangers and then thinking Billy Crystal wants them to swap murders, For Crystal to murder her mother and Zoïtsa to murder her wife. Both Zoïtsa and Crystal are great and so is Zoïtsa 's mother. This is Zoïtsa 's directorial debut and it's better than the war of the roses.	This movie is basically a spoof on Hitchcock's Strangers on a train, which i thought was overrated anyway. The plot has X going to see Strangers and then thinking Billy Crystal wants them to swap murders, For Crystal to murder X's mother and X to murder X's wife. Both X and Crystal are great and so is X 's mother. This is X 's directorial debut and it's better than the war of the roses.
1	This movie is basically a spoof on Hitchcock's Strangers on a train, which i thought was overrated anyway. The plot has Elyesea going to see Strangers and then thinking Billy Crystal wants them to swap murders, For Crystal to murder her mother and Elyesea to murder her wife. Both Elyesea and Crystal are great and so is Elyesea 's mother. This is Elyesea 's directorial debut and it's better than the war of the roses.	This movie is basically a spoof on Hitchcock's Strangers on a train, which i thought was overrated anyway. The plot has X going to see Strangers and then thinking Billy Crystal wants them to swap murders, For Crystal to murder X's mother and X to murder X's wife. Both X and Crystal are great and so is X 's mother. This is X 's directorial debut and it's better than the war of the roses.
1	This movie is basically a spoof on Hitchcock's Strangers on a train, which i thought was overrated anyway. The plot has Souhayla going to see Strangers and then thinking Billy Crystal wants them to swap murders, For Crystal to murder her mother and Souhayla to murder her wife. Both Souhayla and Crystal are great and so is Souhayla 's mother. This is Souhayla 's directorial debut and it's better than the war of the roses.	This movie is basically a spoof on Hitchcock's Strangers on a train, which i thought was overrated anyway. The plot has X going to see Strangers and then thinking Billy Crystal wants them to swap murders, For Crystal to murder X's mother and X to murder X's wife. Both X and Crystal are great and so is X 's mother. This is X 's directorial debut and it's better than the war of the roses.
1	This movie is basically a spoof on Hitchcock's Strangers on a train, which i thought was overrated anyway. The plot has Toke going to see Strangers and then thinking Billy Crystal wants them to swap murders, For Crystal to murder her mother and Toke to murder her wife. Both Toke and Crystal are great and so is Toke 's mother. This is Toke 's directorial debut and it's better than the war of the roses.	This movie is basically a spoof on Hitchcock's Strangers on a train, which i thought was overrated anyway. The plot has X going to see Strangers and then thinking Billy Crystal wants them to swap murders, For Crystal to murder X's mother and X to murder X's wife. Both X and Crystal are great and so is X 's mother. This is X 's directorial debut and it's better than the war of the roses.
1	This movie is basically a spoof on Hitchcock's Strangers on a train, which i thought was overrated anyway. The plot has Venora going to see Strangers and then thinking Billy Crystal wants them to swap murders, For Crystal to murder her mother and Venora to murder her wife. Both Venora and Crystal are great and so is Venora 's mother. This is Venora 's directorial debut and it's better than the war of the roses.	This movie is basically a spoof on Hitchcock's Strangers on a train, which i thought was overrated anyway. The plot has X going to see Strangers and then thinking Billy Crystal wants them to swap murders, For Crystal to murder X's mother and X to murder X's wife. Both X and Crystal are great and so is X 's mother. This is X 's directorial debut and it's better than the war of the roses.
1	This movie is basically a spoof on Hitchcock's Strangers on a train, which i thought was overrated anyway. The plot has Orphi going to see Strangers and then thinking Billy Crystal wants them to swap murders, For Crystal to murder her mother and Orphi to murder her wife. Both Orphi and Crystal are great and so is Orphi 's mother. This is Orphi 's directorial debut and it's better than the war of the roses.	This movie is basically a spoof on Hitchcock's Strangers on a train, which i thought was overrated anyway. The plot has X going to see Strangers and then thinking Billy Crystal wants them to swap murders, For Crystal to murder X's mother and X to murder X's wife. Both X and Crystal are great and so is X 's mother. This is X 's directorial debut and it's better than the war of the roses.
1	This movie is basically a spoof on Hitchcock's Strangers on a train, which i thought was overrated anyway. The plot has Luane going to see Strangers and then thinking Billy Crystal wants them to swap murders, For Crystal to murder her mother and Luane to murder her wife. Both Luane and Crystal are great and so is Luane 's mother. This is Luane 's directorial debut and it's better than the war of the roses.	This movie is basically a spoof on Hitchcock's Strangers on a train, which i thought was overrated anyway. The plot has X going to see Strangers and then thinking Billy Crystal wants them to swap murders, For Crystal to murder X's mother and X to murder X's wife. Both X and Crystal are great and so is X 's mother. This is X 's directorial debut and it's better than the war of the roses.
1	This movie is basically a spoof on Hitchcock's Strangers on a train, which i thought was overrated anyway. The plot has Bicetta going to see Strangers and then thinking Billy Crystal wants them to swap murders, For Crystal to murder her mother and Bicetta to murder her wife. Both Bicetta and Crystal are great and so is Bicetta 's mother. This is Bicetta 's directorial debut and it's better than the war of the roses.	This movie is basically a spoof on Hitchcock's Strangers on a train, which i thought was overrated anyway. The plot has X going to see Strangers and then thinking Billy Crystal wants them to swap murders, For Crystal to murder X's mother and X to murder X's wife. Both X and Crystal are great and so is X 's mother. This is X 's directorial debut and it's better than the war of the roses.
1	This movie is basically a spoof on Hitchcock's Strangers on a train, which i thought was overrated anyway. The plot has Tendy going to see Strangers and then thinking Billy Crystal wants them to swap murders, For Crystal to murder her mother and Tendy to murder her wife. Both Tendy and Crystal are great and so is Tendy 's mother. This is Tendy 's directorial debut and it's better than the war of the roses.	This movie is basically a spoof on Hitchcock's Strangers on a train, which i thought was overrated anyway. The plot has X going to see Strangers and then thinking Billy Crystal wants them to swap murders, For Crystal to murder X's mother and X to murder X's wife. Both X and Crystal are great and so is X 's mother. This is X 's directorial debut and it's better than the war of the roses.
1	This movie is basically a spoof on Hitchcock's Strangers on a train, which i thought was overrated anyway. The plot has Ethelle going to see Strangers and then thinking Billy Crystal wants them to swap murders, For Crystal to murder her mother and Ethelle to murder her wife. Both Ethelle and Crystal are great and so is Ethelle 's mother. This is Ethelle 's directorial debut and it's better than the war of the roses.	This movie is basically a spoof on Hitchcock's Strangers on a train, which i thought was overrated anyway. The plot has X going to see Strangers and then thinking Billy Crystal wants them to swap murders, For Crystal to murder X's mother and X to murder X's wife. Both X and Crystal are great and so is X 's mother. This is X 's directorial debut and it's better than the war of the roses.
1	This movie is basically a spoof on Hitchcock's Strangers on a train, which i thought was overrated anyway. The plot has Elaisha going to see Strangers and then thinking Billy Crystal wants them to swap murders, For Crystal to murder her mother and Elaisha to murder her wife. Both Elaisha and Crystal are great and so is Elaisha 's mother. This is Elaisha 's directorial debut and it's better than the war of the roses.	This movie is basically a spoof on Hitchcock's Strangers on a train, which i thought was overrated anyway. The plot has X going to see Strangers and then thinking Billy Crystal wants them to swap murders, For Crystal to murder X's mother and X to murder X's wife. Both X and Crystal are great and so is X 's mother. This is X 's directorial debut and it's better than the war of the roses.
1	This movie is basically a spoof on Hitchcock's Strangers on a train, which i thought was overrated anyway. The plot has Gertruda going to see Strangers and then thinking Billy Crystal wants them to swap murders, For Crystal to murder her mother and Gertruda to murder her wife. Both Gertruda and Crystal are great and so is Gertruda 's mother. This is Gertruda 's directorial debut and it's better than the war of the roses.	This movie is basically a spoof on Hitchcock's Strangers on a train, which i thought was overrated anyway. The plot has X going to see Strangers and then thinking Billy Crystal wants them to swap murders, For Crystal to murder X's mother and X to murder X's wife. Both X and Crystal are great and so is X 's mother. This is X 's directorial debut and it's better than the war of the roses.
1	This movie is basically a spoof on Hitchcock's Strangers on a train, which i thought was overrated anyway. The plot has Martusia going to see Strangers and then thinking Billy Crystal wants them to swap murders, For Crystal to murder her mother and Martusia to murder her wife. Both Martusia and Crystal are great and so is Martusia 's mother. This is Martusia 's directorial debut and it's better than the war of the roses.	This movie is basically a spoof on Hitchcock's Strangers on a train, which i thought was overrated anyway. The plot has X going to see Strangers and then thinking Billy Crystal wants them to swap murders, For Crystal to murder X's mother and X to murder X's wife. Both X and Crystal are great and so is X 's mother. This is X 's directorial debut and it's better than the war of the roses.
1	This movie is basically a spoof on Hitchcock's Strangers on a train, which i thought was overrated anyway. The plot has Feyme going to see Strangers and then thinking Billy Crystal wants them to swap murders, For Crystal to murder her mother and Feyme to murder her wife. Both Feyme and Crystal are great and so is Feyme 's mother. This is Feyme 's directorial debut and it's better than the war of the roses.	This movie is basically a spoof on Hitchcock's Strangers on a train, which i thought was overrated anyway. The plot has X going to see Strangers and then thinking Billy Crystal wants them to swap murders, For Crystal to murder X's mother and X to murder X's wife. Both X and Crystal are great and so is X 's mother. This is X 's directorial debut and it's better than the war of the roses.
1	This movie is basically a spoof on Hitchcock's Strangers on a train, which i thought was overrated anyway. The plot has Auphelie going to see Strangers and then thinking Billy Crystal wants them to swap murders, For Crystal to murder her mother and Auphelie to murder her wife. Both Auphelie and Crystal are great and so is Auphelie 's mother. This is Auphelie 's directorial debut and it's better than the war of the roses.	This movie is basically a spoof on Hitchcock's Strangers on a train, which i thought was overrated anyway. The plot has X going to see Strangers and then thinking Billy Crystal wants them to swap murders, For Crystal to murder X's mother and X to murder X's wife. Both X and Crystal are great and so is X 's mother. This is X 's directorial debut and it's better than the war of the roses.
