1	The premise may seem goofy, but since Palona 's character doesn't take it seriously, it helps ease the audience into this mix of mysticism and modern-day hard-boiled child abduction. Excellent cast, particularly Charles Dance and Charlotte Lewis, and Palona is at the height of his 80's peak in comedy/action. There's also some great F/X, a very surreal dream sequence, and a fairly original plot. Often overlooked in the pantheon of Palona flicks, but this one is worth a look.	The premise may seem goofy, but since X 's character doesn't take it seriously, it helps ease the audience into this mix of mysticism and modern-day hard-boiled child abduction. Excellent cast, particularly Charles Dance and Charlotte Lewis, and X is at the height of X's 80's peak in comedy/action. There's also some great F/X, a very surreal dream sequence, and a fairly original plot. Often overlooked in the pantheon of X flicks, but this one is worth a look.
1	The premise may seem goofy, but since Benedetto 's character doesn't take it seriously, it helps ease the audience into this mix of mysticism and modern-day hard-boiled child abduction. Excellent cast, particularly Charles Dance and Charlotte Lewis, and Benedetto is at the height of his 80's peak in comedy/action. There's also some great F/X, a very surreal dream sequence, and a fairly original plot. Often overlooked in the pantheon of Benedetto flicks, but this one is worth a look.	The premise may seem goofy, but since X 's character doesn't take it seriously, it helps ease the audience into this mix of mysticism and modern-day hard-boiled child abduction. Excellent cast, particularly Charles Dance and Charlotte Lewis, and X is at the height of X's 80's peak in comedy/action. There's also some great F/X, a very surreal dream sequence, and a fairly original plot. Often overlooked in the pantheon of X flicks, but this one is worth a look.
1	The premise may seem goofy, but since Kallimah 's character doesn't take it seriously, it helps ease the audience into this mix of mysticism and modern-day hard-boiled child abduction. Excellent cast, particularly Charles Dance and Charlotte Lewis, and Kallimah is at the height of his 80's peak in comedy/action. There's also some great F/X, a very surreal dream sequence, and a fairly original plot. Often overlooked in the pantheon of Kallimah flicks, but this one is worth a look.	The premise may seem goofy, but since X 's character doesn't take it seriously, it helps ease the audience into this mix of mysticism and modern-day hard-boiled child abduction. Excellent cast, particularly Charles Dance and Charlotte Lewis, and X is at the height of X's 80's peak in comedy/action. There's also some great F/X, a very surreal dream sequence, and a fairly original plot. Often overlooked in the pantheon of X flicks, but this one is worth a look.
1	The premise may seem goofy, but since Xudong 's character doesn't take it seriously, it helps ease the audience into this mix of mysticism and modern-day hard-boiled child abduction. Excellent cast, particularly Charles Dance and Charlotte Lewis, and Xudong is at the height of his 80's peak in comedy/action. There's also some great F/X, a very surreal dream sequence, and a fairly original plot. Often overlooked in the pantheon of Xudong flicks, but this one is worth a look.	The premise may seem goofy, but since X 's character doesn't take it seriously, it helps ease the audience into this mix of mysticism and modern-day hard-boiled child abduction. Excellent cast, particularly Charles Dance and Charlotte Lewis, and X is at the height of X's 80's peak in comedy/action. There's also some great F/X, a very surreal dream sequence, and a fairly original plot. Often overlooked in the pantheon of X flicks, but this one is worth a look.
1	The premise may seem goofy, but since Xilian 's character doesn't take it seriously, it helps ease the audience into this mix of mysticism and modern-day hard-boiled child abduction. Excellent cast, particularly Charles Dance and Charlotte Lewis, and Xilian is at the height of his 80's peak in comedy/action. There's also some great F/X, a very surreal dream sequence, and a fairly original plot. Often overlooked in the pantheon of Xilian flicks, but this one is worth a look.	The premise may seem goofy, but since X 's character doesn't take it seriously, it helps ease the audience into this mix of mysticism and modern-day hard-boiled child abduction. Excellent cast, particularly Charles Dance and Charlotte Lewis, and X is at the height of X's 80's peak in comedy/action. There's also some great F/X, a very surreal dream sequence, and a fairly original plot. Often overlooked in the pantheon of X flicks, but this one is worth a look.
1	The premise may seem goofy, but since Galian 's character doesn't take it seriously, it helps ease the audience into this mix of mysticism and modern-day hard-boiled child abduction. Excellent cast, particularly Charles Dance and Charlotte Lewis, and Galian is at the height of his 80's peak in comedy/action. There's also some great F/X, a very surreal dream sequence, and a fairly original plot. Often overlooked in the pantheon of Galian flicks, but this one is worth a look.	The premise may seem goofy, but since X 's character doesn't take it seriously, it helps ease the audience into this mix of mysticism and modern-day hard-boiled child abduction. Excellent cast, particularly Charles Dance and Charlotte Lewis, and X is at the height of X's 80's peak in comedy/action. There's also some great F/X, a very surreal dream sequence, and a fairly original plot. Often overlooked in the pantheon of X flicks, but this one is worth a look.
1	The premise may seem goofy, but since Nefis 's character doesn't take it seriously, it helps ease the audience into this mix of mysticism and modern-day hard-boiled child abduction. Excellent cast, particularly Charles Dance and Charlotte Lewis, and Nefis is at the height of his 80's peak in comedy/action. There's also some great F/X, a very surreal dream sequence, and a fairly original plot. Often overlooked in the pantheon of Nefis flicks, but this one is worth a look.	The premise may seem goofy, but since X 's character doesn't take it seriously, it helps ease the audience into this mix of mysticism and modern-day hard-boiled child abduction. Excellent cast, particularly Charles Dance and Charlotte Lewis, and X is at the height of X's 80's peak in comedy/action. There's also some great F/X, a very surreal dream sequence, and a fairly original plot. Often overlooked in the pantheon of X flicks, but this one is worth a look.
1	The premise may seem goofy, but since Lynott 's character doesn't take it seriously, it helps ease the audience into this mix of mysticism and modern-day hard-boiled child abduction. Excellent cast, particularly Charles Dance and Charlotte Lewis, and Lynott is at the height of his 80's peak in comedy/action. There's also some great F/X, a very surreal dream sequence, and a fairly original plot. Often overlooked in the pantheon of Lynott flicks, but this one is worth a look.	The premise may seem goofy, but since X 's character doesn't take it seriously, it helps ease the audience into this mix of mysticism and modern-day hard-boiled child abduction. Excellent cast, particularly Charles Dance and Charlotte Lewis, and X is at the height of X's 80's peak in comedy/action. There's also some great F/X, a very surreal dream sequence, and a fairly original plot. Often overlooked in the pantheon of X flicks, but this one is worth a look.
1	The premise may seem goofy, but since Avraamij 's character doesn't take it seriously, it helps ease the audience into this mix of mysticism and modern-day hard-boiled child abduction. Excellent cast, particularly Charles Dance and Charlotte Lewis, and Avraamij is at the height of his 80's peak in comedy/action. There's also some great F/X, a very surreal dream sequence, and a fairly original plot. Often overlooked in the pantheon of Avraamij flicks, but this one is worth a look.	The premise may seem goofy, but since X 's character doesn't take it seriously, it helps ease the audience into this mix of mysticism and modern-day hard-boiled child abduction. Excellent cast, particularly Charles Dance and Charlotte Lewis, and X is at the height of X's 80's peak in comedy/action. There's also some great F/X, a very surreal dream sequence, and a fairly original plot. Often overlooked in the pantheon of X flicks, but this one is worth a look.
1	The premise may seem goofy, but since Soulemane 's character doesn't take it seriously, it helps ease the audience into this mix of mysticism and modern-day hard-boiled child abduction. Excellent cast, particularly Charles Dance and Charlotte Lewis, and Soulemane is at the height of his 80's peak in comedy/action. There's also some great F/X, a very surreal dream sequence, and a fairly original plot. Often overlooked in the pantheon of Soulemane flicks, but this one is worth a look.	The premise may seem goofy, but since X 's character doesn't take it seriously, it helps ease the audience into this mix of mysticism and modern-day hard-boiled child abduction. Excellent cast, particularly Charles Dance and Charlotte Lewis, and X is at the height of X's 80's peak in comedy/action. There's also some great F/X, a very surreal dream sequence, and a fairly original plot. Often overlooked in the pantheon of X flicks, but this one is worth a look.
1	The premise may seem goofy, but since Remco 's character doesn't take it seriously, it helps ease the audience into this mix of mysticism and modern-day hard-boiled child abduction. Excellent cast, particularly Charles Dance and Charlotte Lewis, and Remco is at the height of his 80's peak in comedy/action. There's also some great F/X, a very surreal dream sequence, and a fairly original plot. Often overlooked in the pantheon of Remco flicks, but this one is worth a look.	The premise may seem goofy, but since X 's character doesn't take it seriously, it helps ease the audience into this mix of mysticism and modern-day hard-boiled child abduction. Excellent cast, particularly Charles Dance and Charlotte Lewis, and X is at the height of X's 80's peak in comedy/action. There's also some great F/X, a very surreal dream sequence, and a fairly original plot. Often overlooked in the pantheon of X flicks, but this one is worth a look.
1	The premise may seem goofy, but since Arjen 's character doesn't take it seriously, it helps ease the audience into this mix of mysticism and modern-day hard-boiled child abduction. Excellent cast, particularly Charles Dance and Charlotte Lewis, and Arjen is at the height of his 80's peak in comedy/action. There's also some great F/X, a very surreal dream sequence, and a fairly original plot. Often overlooked in the pantheon of Arjen flicks, but this one is worth a look.	The premise may seem goofy, but since X 's character doesn't take it seriously, it helps ease the audience into this mix of mysticism and modern-day hard-boiled child abduction. Excellent cast, particularly Charles Dance and Charlotte Lewis, and X is at the height of X's 80's peak in comedy/action. There's also some great F/X, a very surreal dream sequence, and a fairly original plot. Often overlooked in the pantheon of X flicks, but this one is worth a look.
1	The premise may seem goofy, but since Manindra 's character doesn't take it seriously, it helps ease the audience into this mix of mysticism and modern-day hard-boiled child abduction. Excellent cast, particularly Charles Dance and Charlotte Lewis, and Manindra is at the height of his 80's peak in comedy/action. There's also some great F/X, a very surreal dream sequence, and a fairly original plot. Often overlooked in the pantheon of Manindra flicks, but this one is worth a look.	The premise may seem goofy, but since X 's character doesn't take it seriously, it helps ease the audience into this mix of mysticism and modern-day hard-boiled child abduction. Excellent cast, particularly Charles Dance and Charlotte Lewis, and X is at the height of X's 80's peak in comedy/action. There's also some great F/X, a very surreal dream sequence, and a fairly original plot. Often overlooked in the pantheon of X flicks, but this one is worth a look.
1	The premise may seem goofy, but since Epiteto 's character doesn't take it seriously, it helps ease the audience into this mix of mysticism and modern-day hard-boiled child abduction. Excellent cast, particularly Charles Dance and Charlotte Lewis, and Epiteto is at the height of his 80's peak in comedy/action. There's also some great F/X, a very surreal dream sequence, and a fairly original plot. Often overlooked in the pantheon of Epiteto flicks, but this one is worth a look.	The premise may seem goofy, but since X 's character doesn't take it seriously, it helps ease the audience into this mix of mysticism and modern-day hard-boiled child abduction. Excellent cast, particularly Charles Dance and Charlotte Lewis, and X is at the height of X's 80's peak in comedy/action. There's also some great F/X, a very surreal dream sequence, and a fairly original plot. Often overlooked in the pantheon of X flicks, but this one is worth a look.
1	The premise may seem goofy, but since Pianco 's character doesn't take it seriously, it helps ease the audience into this mix of mysticism and modern-day hard-boiled child abduction. Excellent cast, particularly Charles Dance and Charlotte Lewis, and Pianco is at the height of his 80's peak in comedy/action. There's also some great F/X, a very surreal dream sequence, and a fairly original plot. Often overlooked in the pantheon of Pianco flicks, but this one is worth a look.	The premise may seem goofy, but since X 's character doesn't take it seriously, it helps ease the audience into this mix of mysticism and modern-day hard-boiled child abduction. Excellent cast, particularly Charles Dance and Charlotte Lewis, and X is at the height of X's 80's peak in comedy/action. There's also some great F/X, a very surreal dream sequence, and a fairly original plot. Often overlooked in the pantheon of X flicks, but this one is worth a look.
1	The premise may seem goofy, but since Cotsos 's character doesn't take it seriously, it helps ease the audience into this mix of mysticism and modern-day hard-boiled child abduction. Excellent cast, particularly Charles Dance and Charlotte Lewis, and Cotsos is at the height of his 80's peak in comedy/action. There's also some great F/X, a very surreal dream sequence, and a fairly original plot. Often overlooked in the pantheon of Cotsos flicks, but this one is worth a look.	The premise may seem goofy, but since X 's character doesn't take it seriously, it helps ease the audience into this mix of mysticism and modern-day hard-boiled child abduction. Excellent cast, particularly Charles Dance and Charlotte Lewis, and X is at the height of X's 80's peak in comedy/action. There's also some great F/X, a very surreal dream sequence, and a fairly original plot. Often overlooked in the pantheon of X flicks, but this one is worth a look.
1	The premise may seem goofy, but since Chengyu 's character doesn't take it seriously, it helps ease the audience into this mix of mysticism and modern-day hard-boiled child abduction. Excellent cast, particularly Charles Dance and Charlotte Lewis, and Chengyu is at the height of his 80's peak in comedy/action. There's also some great F/X, a very surreal dream sequence, and a fairly original plot. Often overlooked in the pantheon of Chengyu flicks, but this one is worth a look.	The premise may seem goofy, but since X 's character doesn't take it seriously, it helps ease the audience into this mix of mysticism and modern-day hard-boiled child abduction. Excellent cast, particularly Charles Dance and Charlotte Lewis, and X is at the height of X's 80's peak in comedy/action. There's also some great F/X, a very surreal dream sequence, and a fairly original plot. Often overlooked in the pantheon of X flicks, but this one is worth a look.
1	The premise may seem goofy, but since Rostislav 's character doesn't take it seriously, it helps ease the audience into this mix of mysticism and modern-day hard-boiled child abduction. Excellent cast, particularly Charles Dance and Charlotte Lewis, and Rostislav is at the height of his 80's peak in comedy/action. There's also some great F/X, a very surreal dream sequence, and a fairly original plot. Often overlooked in the pantheon of Rostislav flicks, but this one is worth a look.	The premise may seem goofy, but since X 's character doesn't take it seriously, it helps ease the audience into this mix of mysticism and modern-day hard-boiled child abduction. Excellent cast, particularly Charles Dance and Charlotte Lewis, and X is at the height of X's 80's peak in comedy/action. There's also some great F/X, a very surreal dream sequence, and a fairly original plot. Often overlooked in the pantheon of X flicks, but this one is worth a look.
1	The premise may seem goofy, but since Mayur 's character doesn't take it seriously, it helps ease the audience into this mix of mysticism and modern-day hard-boiled child abduction. Excellent cast, particularly Charles Dance and Charlotte Lewis, and Mayur is at the height of his 80's peak in comedy/action. There's also some great F/X, a very surreal dream sequence, and a fairly original plot. Often overlooked in the pantheon of Mayur flicks, but this one is worth a look.	The premise may seem goofy, but since X 's character doesn't take it seriously, it helps ease the audience into this mix of mysticism and modern-day hard-boiled child abduction. Excellent cast, particularly Charles Dance and Charlotte Lewis, and X is at the height of X's 80's peak in comedy/action. There's also some great F/X, a very surreal dream sequence, and a fairly original plot. Often overlooked in the pantheon of X flicks, but this one is worth a look.
1	The premise may seem goofy, but since Xhuliano 's character doesn't take it seriously, it helps ease the audience into this mix of mysticism and modern-day hard-boiled child abduction. Excellent cast, particularly Charles Dance and Charlotte Lewis, and Xhuliano is at the height of his 80's peak in comedy/action. There's also some great F/X, a very surreal dream sequence, and a fairly original plot. Often overlooked in the pantheon of Xhuliano flicks, but this one is worth a look.	The premise may seem goofy, but since X 's character doesn't take it seriously, it helps ease the audience into this mix of mysticism and modern-day hard-boiled child abduction. Excellent cast, particularly Charles Dance and Charlotte Lewis, and X is at the height of X's 80's peak in comedy/action. There's also some great F/X, a very surreal dream sequence, and a fairly original plot. Often overlooked in the pantheon of X flicks, but this one is worth a look.
1	The premise may seem goofy, but since Мамант 's character doesn't take it seriously, it helps ease the audience into this mix of mysticism and modern-day hard-boiled child abduction. Excellent cast, particularly Charles Dance and Charlotte Lewis, and Мамант is at the height of his 80's peak in comedy/action. There's also some great F/X, a very surreal dream sequence, and a fairly original plot. Often overlooked in the pantheon of Мамант flicks, but this one is worth a look.	The premise may seem goofy, but since X 's character doesn't take it seriously, it helps ease the audience into this mix of mysticism and modern-day hard-boiled child abduction. Excellent cast, particularly Charles Dance and Charlotte Lewis, and X is at the height of X's 80's peak in comedy/action. There's also some great F/X, a very surreal dream sequence, and a fairly original plot. Often overlooked in the pantheon of X flicks, but this one is worth a look.
1	The premise may seem goofy, but since Remme 's character doesn't take it seriously, it helps ease the audience into this mix of mysticism and modern-day hard-boiled child abduction. Excellent cast, particularly Charles Dance and Charlotte Lewis, and Remme is at the height of his 80's peak in comedy/action. There's also some great F/X, a very surreal dream sequence, and a fairly original plot. Often overlooked in the pantheon of Remme flicks, but this one is worth a look.	The premise may seem goofy, but since X 's character doesn't take it seriously, it helps ease the audience into this mix of mysticism and modern-day hard-boiled child abduction. Excellent cast, particularly Charles Dance and Charlotte Lewis, and X is at the height of X's 80's peak in comedy/action. There's also some great F/X, a very surreal dream sequence, and a fairly original plot. Often overlooked in the pantheon of X flicks, but this one is worth a look.
1	The premise may seem goofy, but since Bhadrasraya 's character doesn't take it seriously, it helps ease the audience into this mix of mysticism and modern-day hard-boiled child abduction. Excellent cast, particularly Charles Dance and Charlotte Lewis, and Bhadrasraya is at the height of his 80's peak in comedy/action. There's also some great F/X, a very surreal dream sequence, and a fairly original plot. Often overlooked in the pantheon of Bhadrasraya flicks, but this one is worth a look.	The premise may seem goofy, but since X 's character doesn't take it seriously, it helps ease the audience into this mix of mysticism and modern-day hard-boiled child abduction. Excellent cast, particularly Charles Dance and Charlotte Lewis, and X is at the height of X's 80's peak in comedy/action. There's also some great F/X, a very surreal dream sequence, and a fairly original plot. Often overlooked in the pantheon of X flicks, but this one is worth a look.
1	The premise may seem goofy, but since Roene 's character doesn't take it seriously, it helps ease the audience into this mix of mysticism and modern-day hard-boiled child abduction. Excellent cast, particularly Charles Dance and Charlotte Lewis, and Roene is at the height of his 80's peak in comedy/action. There's also some great F/X, a very surreal dream sequence, and a fairly original plot. Often overlooked in the pantheon of Roene flicks, but this one is worth a look.	The premise may seem goofy, but since X 's character doesn't take it seriously, it helps ease the audience into this mix of mysticism and modern-day hard-boiled child abduction. Excellent cast, particularly Charles Dance and Charlotte Lewis, and X is at the height of X's 80's peak in comedy/action. There's also some great F/X, a very surreal dream sequence, and a fairly original plot. Often overlooked in the pantheon of X flicks, but this one is worth a look.
1	The premise may seem goofy, but since Ubayd 's character doesn't take it seriously, it helps ease the audience into this mix of mysticism and modern-day hard-boiled child abduction. Excellent cast, particularly Charles Dance and Charlotte Lewis, and Ubayd is at the height of his 80's peak in comedy/action. There's also some great F/X, a very surreal dream sequence, and a fairly original plot. Often overlooked in the pantheon of Ubayd flicks, but this one is worth a look.	The premise may seem goofy, but since X 's character doesn't take it seriously, it helps ease the audience into this mix of mysticism and modern-day hard-boiled child abduction. Excellent cast, particularly Charles Dance and Charlotte Lewis, and X is at the height of X's 80's peak in comedy/action. There's also some great F/X, a very surreal dream sequence, and a fairly original plot. Often overlooked in the pantheon of X flicks, but this one is worth a look.
1	The premise may seem goofy, but since Stig 's character doesn't take it seriously, it helps ease the audience into this mix of mysticism and modern-day hard-boiled child abduction. Excellent cast, particularly Charles Dance and Charlotte Lewis, and Stig is at the height of his 80's peak in comedy/action. There's also some great F/X, a very surreal dream sequence, and a fairly original plot. Often overlooked in the pantheon of Stig flicks, but this one is worth a look.	The premise may seem goofy, but since X 's character doesn't take it seriously, it helps ease the audience into this mix of mysticism and modern-day hard-boiled child abduction. Excellent cast, particularly Charles Dance and Charlotte Lewis, and X is at the height of X's 80's peak in comedy/action. There's also some great F/X, a very surreal dream sequence, and a fairly original plot. Often overlooked in the pantheon of X flicks, but this one is worth a look.
1	The premise may seem goofy, but since Tymon 's character doesn't take it seriously, it helps ease the audience into this mix of mysticism and modern-day hard-boiled child abduction. Excellent cast, particularly Charles Dance and Charlotte Lewis, and Tymon is at the height of his 80's peak in comedy/action. There's also some great F/X, a very surreal dream sequence, and a fairly original plot. Often overlooked in the pantheon of Tymon flicks, but this one is worth a look.	The premise may seem goofy, but since X 's character doesn't take it seriously, it helps ease the audience into this mix of mysticism and modern-day hard-boiled child abduction. Excellent cast, particularly Charles Dance and Charlotte Lewis, and X is at the height of X's 80's peak in comedy/action. There's also some great F/X, a very surreal dream sequence, and a fairly original plot. Often overlooked in the pantheon of X flicks, but this one is worth a look.
1	The premise may seem goofy, but since Berrie 's character doesn't take it seriously, it helps ease the audience into this mix of mysticism and modern-day hard-boiled child abduction. Excellent cast, particularly Charles Dance and Charlotte Lewis, and Berrie is at the height of his 80's peak in comedy/action. There's also some great F/X, a very surreal dream sequence, and a fairly original plot. Often overlooked in the pantheon of Berrie flicks, but this one is worth a look.	The premise may seem goofy, but since X 's character doesn't take it seriously, it helps ease the audience into this mix of mysticism and modern-day hard-boiled child abduction. Excellent cast, particularly Charles Dance and Charlotte Lewis, and X is at the height of X's 80's peak in comedy/action. There's also some great F/X, a very surreal dream sequence, and a fairly original plot. Often overlooked in the pantheon of X flicks, but this one is worth a look.
1	The premise may seem goofy, but since Акиндин 's character doesn't take it seriously, it helps ease the audience into this mix of mysticism and modern-day hard-boiled child abduction. Excellent cast, particularly Charles Dance and Charlotte Lewis, and Акиндин is at the height of his 80's peak in comedy/action. There's also some great F/X, a very surreal dream sequence, and a fairly original plot. Often overlooked in the pantheon of Акиндин flicks, but this one is worth a look.	The premise may seem goofy, but since X 's character doesn't take it seriously, it helps ease the audience into this mix of mysticism and modern-day hard-boiled child abduction. Excellent cast, particularly Charles Dance and Charlotte Lewis, and X is at the height of X's 80's peak in comedy/action. There's also some great F/X, a very surreal dream sequence, and a fairly original plot. Often overlooked in the pantheon of X flicks, but this one is worth a look.
1	The premise may seem goofy, but since Danyar 's character doesn't take it seriously, it helps ease the audience into this mix of mysticism and modern-day hard-boiled child abduction. Excellent cast, particularly Charles Dance and Charlotte Lewis, and Danyar is at the height of his 80's peak in comedy/action. There's also some great F/X, a very surreal dream sequence, and a fairly original plot. Often overlooked in the pantheon of Danyar flicks, but this one is worth a look.	The premise may seem goofy, but since X 's character doesn't take it seriously, it helps ease the audience into this mix of mysticism and modern-day hard-boiled child abduction. Excellent cast, particularly Charles Dance and Charlotte Lewis, and X is at the height of X's 80's peak in comedy/action. There's also some great F/X, a very surreal dream sequence, and a fairly original plot. Often overlooked in the pantheon of X flicks, but this one is worth a look.
1	The premise may seem goofy, but since Sveya 's character doesn't take it seriously, it helps ease the audience into this mix of mysticism and modern-day hard-boiled child abduction. Excellent cast, particularly Charles Dance and Charlotte Lewis, and Sveya is at the height of her 80's peak in comedy/action. There's also some great F/X, a very surreal dream sequence, and a fairly original plot. Often overlooked in the pantheon of Sveya flicks, but this one is worth a look.	The premise may seem goofy, but since X 's character doesn't take it seriously, it helps ease the audience into this mix of mysticism and modern-day hard-boiled child abduction. Excellent cast, particularly Charles Dance and Charlotte Lewis, and X is at the height of X's 80's peak in comedy/action. There's also some great F/X, a very surreal dream sequence, and a fairly original plot. Often overlooked in the pantheon of X flicks, but this one is worth a look.
1	The premise may seem goofy, but since Suri 's character doesn't take it seriously, it helps ease the audience into this mix of mysticism and modern-day hard-boiled child abduction. Excellent cast, particularly Charles Dance and Charlotte Lewis, and Suri is at the height of her 80's peak in comedy/action. There's also some great F/X, a very surreal dream sequence, and a fairly original plot. Often overlooked in the pantheon of Suri flicks, but this one is worth a look.	The premise may seem goofy, but since X 's character doesn't take it seriously, it helps ease the audience into this mix of mysticism and modern-day hard-boiled child abduction. Excellent cast, particularly Charles Dance and Charlotte Lewis, and X is at the height of X's 80's peak in comedy/action. There's also some great F/X, a very surreal dream sequence, and a fairly original plot. Often overlooked in the pantheon of X flicks, but this one is worth a look.
1	The premise may seem goofy, but since Men 's character doesn't take it seriously, it helps ease the audience into this mix of mysticism and modern-day hard-boiled child abduction. Excellent cast, particularly Charles Dance and Charlotte Lewis, and Men is at the height of her 80's peak in comedy/action. There's also some great F/X, a very surreal dream sequence, and a fairly original plot. Often overlooked in the pantheon of Men flicks, but this one is worth a look.	The premise may seem goofy, but since X 's character doesn't take it seriously, it helps ease the audience into this mix of mysticism and modern-day hard-boiled child abduction. Excellent cast, particularly Charles Dance and Charlotte Lewis, and X is at the height of X's 80's peak in comedy/action. There's also some great F/X, a very surreal dream sequence, and a fairly original plot. Often overlooked in the pantheon of X flicks, but this one is worth a look.
1	The premise may seem goofy, but since Conliane 's character doesn't take it seriously, it helps ease the audience into this mix of mysticism and modern-day hard-boiled child abduction. Excellent cast, particularly Charles Dance and Charlotte Lewis, and Conliane is at the height of her 80's peak in comedy/action. There's also some great F/X, a very surreal dream sequence, and a fairly original plot. Often overlooked in the pantheon of Conliane flicks, but this one is worth a look.	The premise may seem goofy, but since X 's character doesn't take it seriously, it helps ease the audience into this mix of mysticism and modern-day hard-boiled child abduction. Excellent cast, particularly Charles Dance and Charlotte Lewis, and X is at the height of X's 80's peak in comedy/action. There's also some great F/X, a very surreal dream sequence, and a fairly original plot. Often overlooked in the pantheon of X flicks, but this one is worth a look.
1	The premise may seem goofy, but since Modestie 's character doesn't take it seriously, it helps ease the audience into this mix of mysticism and modern-day hard-boiled child abduction. Excellent cast, particularly Charles Dance and Charlotte Lewis, and Modestie is at the height of her 80's peak in comedy/action. There's also some great F/X, a very surreal dream sequence, and a fairly original plot. Often overlooked in the pantheon of Modestie flicks, but this one is worth a look.	The premise may seem goofy, but since X 's character doesn't take it seriously, it helps ease the audience into this mix of mysticism and modern-day hard-boiled child abduction. Excellent cast, particularly Charles Dance and Charlotte Lewis, and X is at the height of X's 80's peak in comedy/action. There's also some great F/X, a very surreal dream sequence, and a fairly original plot. Often overlooked in the pantheon of X flicks, but this one is worth a look.
1	The premise may seem goofy, but since Aleagh 's character doesn't take it seriously, it helps ease the audience into this mix of mysticism and modern-day hard-boiled child abduction. Excellent cast, particularly Charles Dance and Charlotte Lewis, and Aleagh is at the height of her 80's peak in comedy/action. There's also some great F/X, a very surreal dream sequence, and a fairly original plot. Often overlooked in the pantheon of Aleagh flicks, but this one is worth a look.	The premise may seem goofy, but since X 's character doesn't take it seriously, it helps ease the audience into this mix of mysticism and modern-day hard-boiled child abduction. Excellent cast, particularly Charles Dance and Charlotte Lewis, and X is at the height of X's 80's peak in comedy/action. There's also some great F/X, a very surreal dream sequence, and a fairly original plot. Often overlooked in the pantheon of X flicks, but this one is worth a look.
1	The premise may seem goofy, but since Gezime 's character doesn't take it seriously, it helps ease the audience into this mix of mysticism and modern-day hard-boiled child abduction. Excellent cast, particularly Charles Dance and Charlotte Lewis, and Gezime is at the height of her 80's peak in comedy/action. There's also some great F/X, a very surreal dream sequence, and a fairly original plot. Often overlooked in the pantheon of Gezime flicks, but this one is worth a look.	The premise may seem goofy, but since X 's character doesn't take it seriously, it helps ease the audience into this mix of mysticism and modern-day hard-boiled child abduction. Excellent cast, particularly Charles Dance and Charlotte Lewis, and X is at the height of X's 80's peak in comedy/action. There's also some great F/X, a very surreal dream sequence, and a fairly original plot. Often overlooked in the pantheon of X flicks, but this one is worth a look.
1	The premise may seem goofy, but since Thananya 's character doesn't take it seriously, it helps ease the audience into this mix of mysticism and modern-day hard-boiled child abduction. Excellent cast, particularly Charles Dance and Charlotte Lewis, and Thananya is at the height of her 80's peak in comedy/action. There's also some great F/X, a very surreal dream sequence, and a fairly original plot. Often overlooked in the pantheon of Thananya flicks, but this one is worth a look.	The premise may seem goofy, but since X 's character doesn't take it seriously, it helps ease the audience into this mix of mysticism and modern-day hard-boiled child abduction. Excellent cast, particularly Charles Dance and Charlotte Lewis, and X is at the height of X's 80's peak in comedy/action. There's also some great F/X, a very surreal dream sequence, and a fairly original plot. Often overlooked in the pantheon of X flicks, but this one is worth a look.
1	The premise may seem goofy, but since Mayssan 's character doesn't take it seriously, it helps ease the audience into this mix of mysticism and modern-day hard-boiled child abduction. Excellent cast, particularly Charles Dance and Charlotte Lewis, and Mayssan is at the height of her 80's peak in comedy/action. There's also some great F/X, a very surreal dream sequence, and a fairly original plot. Often overlooked in the pantheon of Mayssan flicks, but this one is worth a look.	The premise may seem goofy, but since X 's character doesn't take it seriously, it helps ease the audience into this mix of mysticism and modern-day hard-boiled child abduction. Excellent cast, particularly Charles Dance and Charlotte Lewis, and X is at the height of X's 80's peak in comedy/action. There's also some great F/X, a very surreal dream sequence, and a fairly original plot. Often overlooked in the pantheon of X flicks, but this one is worth a look.
1	The premise may seem goofy, but since Amelina 's character doesn't take it seriously, it helps ease the audience into this mix of mysticism and modern-day hard-boiled child abduction. Excellent cast, particularly Charles Dance and Charlotte Lewis, and Amelina is at the height of her 80's peak in comedy/action. There's also some great F/X, a very surreal dream sequence, and a fairly original plot. Often overlooked in the pantheon of Amelina flicks, but this one is worth a look.	The premise may seem goofy, but since X 's character doesn't take it seriously, it helps ease the audience into this mix of mysticism and modern-day hard-boiled child abduction. Excellent cast, particularly Charles Dance and Charlotte Lewis, and X is at the height of X's 80's peak in comedy/action. There's also some great F/X, a very surreal dream sequence, and a fairly original plot. Often overlooked in the pantheon of X flicks, but this one is worth a look.
1	The premise may seem goofy, but since Julissa 's character doesn't take it seriously, it helps ease the audience into this mix of mysticism and modern-day hard-boiled child abduction. Excellent cast, particularly Charles Dance and Charlotte Lewis, and Julissa is at the height of her 80's peak in comedy/action. There's also some great F/X, a very surreal dream sequence, and a fairly original plot. Often overlooked in the pantheon of Julissa flicks, but this one is worth a look.	The premise may seem goofy, but since X 's character doesn't take it seriously, it helps ease the audience into this mix of mysticism and modern-day hard-boiled child abduction. Excellent cast, particularly Charles Dance and Charlotte Lewis, and X is at the height of X's 80's peak in comedy/action. There's also some great F/X, a very surreal dream sequence, and a fairly original plot. Often overlooked in the pantheon of X flicks, but this one is worth a look.
1	The premise may seem goofy, but since Chihiro 's character doesn't take it seriously, it helps ease the audience into this mix of mysticism and modern-day hard-boiled child abduction. Excellent cast, particularly Charles Dance and Charlotte Lewis, and Chihiro is at the height of her 80's peak in comedy/action. There's also some great F/X, a very surreal dream sequence, and a fairly original plot. Often overlooked in the pantheon of Chihiro flicks, but this one is worth a look.	The premise may seem goofy, but since X 's character doesn't take it seriously, it helps ease the audience into this mix of mysticism and modern-day hard-boiled child abduction. Excellent cast, particularly Charles Dance and Charlotte Lewis, and X is at the height of X's 80's peak in comedy/action. There's also some great F/X, a very surreal dream sequence, and a fairly original plot. Often overlooked in the pantheon of X flicks, but this one is worth a look.
1	The premise may seem goofy, but since Jocelinne 's character doesn't take it seriously, it helps ease the audience into this mix of mysticism and modern-day hard-boiled child abduction. Excellent cast, particularly Charles Dance and Charlotte Lewis, and Jocelinne is at the height of her 80's peak in comedy/action. There's also some great F/X, a very surreal dream sequence, and a fairly original plot. Often overlooked in the pantheon of Jocelinne flicks, but this one is worth a look.	The premise may seem goofy, but since X 's character doesn't take it seriously, it helps ease the audience into this mix of mysticism and modern-day hard-boiled child abduction. Excellent cast, particularly Charles Dance and Charlotte Lewis, and X is at the height of X's 80's peak in comedy/action. There's also some great F/X, a very surreal dream sequence, and a fairly original plot. Often overlooked in the pantheon of X flicks, but this one is worth a look.
1	The premise may seem goofy, but since Marie-Noel 's character doesn't take it seriously, it helps ease the audience into this mix of mysticism and modern-day hard-boiled child abduction. Excellent cast, particularly Charles Dance and Charlotte Lewis, and Marie-Noel is at the height of her 80's peak in comedy/action. There's also some great F/X, a very surreal dream sequence, and a fairly original plot. Often overlooked in the pantheon of Marie-Noel flicks, but this one is worth a look.	The premise may seem goofy, but since X 's character doesn't take it seriously, it helps ease the audience into this mix of mysticism and modern-day hard-boiled child abduction. Excellent cast, particularly Charles Dance and Charlotte Lewis, and X is at the height of X's 80's peak in comedy/action. There's also some great F/X, a very surreal dream sequence, and a fairly original plot. Often overlooked in the pantheon of X flicks, but this one is worth a look.
1	The premise may seem goofy, but since Phairin 's character doesn't take it seriously, it helps ease the audience into this mix of mysticism and modern-day hard-boiled child abduction. Excellent cast, particularly Charles Dance and Charlotte Lewis, and Phairin is at the height of her 80's peak in comedy/action. There's also some great F/X, a very surreal dream sequence, and a fairly original plot. Often overlooked in the pantheon of Phairin flicks, but this one is worth a look.	The premise may seem goofy, but since X 's character doesn't take it seriously, it helps ease the audience into this mix of mysticism and modern-day hard-boiled child abduction. Excellent cast, particularly Charles Dance and Charlotte Lewis, and X is at the height of X's 80's peak in comedy/action. There's also some great F/X, a very surreal dream sequence, and a fairly original plot. Often overlooked in the pantheon of X flicks, but this one is worth a look.
1	The premise may seem goofy, but since Zoïtsa 's character doesn't take it seriously, it helps ease the audience into this mix of mysticism and modern-day hard-boiled child abduction. Excellent cast, particularly Charles Dance and Charlotte Lewis, and Zoïtsa is at the height of her 80's peak in comedy/action. There's also some great F/X, a very surreal dream sequence, and a fairly original plot. Often overlooked in the pantheon of Zoïtsa flicks, but this one is worth a look.	The premise may seem goofy, but since X 's character doesn't take it seriously, it helps ease the audience into this mix of mysticism and modern-day hard-boiled child abduction. Excellent cast, particularly Charles Dance and Charlotte Lewis, and X is at the height of X's 80's peak in comedy/action. There's also some great F/X, a very surreal dream sequence, and a fairly original plot. Often overlooked in the pantheon of X flicks, but this one is worth a look.
1	The premise may seem goofy, but since Elyesea 's character doesn't take it seriously, it helps ease the audience into this mix of mysticism and modern-day hard-boiled child abduction. Excellent cast, particularly Charles Dance and Charlotte Lewis, and Elyesea is at the height of her 80's peak in comedy/action. There's also some great F/X, a very surreal dream sequence, and a fairly original plot. Often overlooked in the pantheon of Elyesea flicks, but this one is worth a look.	The premise may seem goofy, but since X 's character doesn't take it seriously, it helps ease the audience into this mix of mysticism and modern-day hard-boiled child abduction. Excellent cast, particularly Charles Dance and Charlotte Lewis, and X is at the height of X's 80's peak in comedy/action. There's also some great F/X, a very surreal dream sequence, and a fairly original plot. Often overlooked in the pantheon of X flicks, but this one is worth a look.
1	The premise may seem goofy, but since Souhayla 's character doesn't take it seriously, it helps ease the audience into this mix of mysticism and modern-day hard-boiled child abduction. Excellent cast, particularly Charles Dance and Charlotte Lewis, and Souhayla is at the height of her 80's peak in comedy/action. There's also some great F/X, a very surreal dream sequence, and a fairly original plot. Often overlooked in the pantheon of Souhayla flicks, but this one is worth a look.	The premise may seem goofy, but since X 's character doesn't take it seriously, it helps ease the audience into this mix of mysticism and modern-day hard-boiled child abduction. Excellent cast, particularly Charles Dance and Charlotte Lewis, and X is at the height of X's 80's peak in comedy/action. There's also some great F/X, a very surreal dream sequence, and a fairly original plot. Often overlooked in the pantheon of X flicks, but this one is worth a look.
1	The premise may seem goofy, but since Toke 's character doesn't take it seriously, it helps ease the audience into this mix of mysticism and modern-day hard-boiled child abduction. Excellent cast, particularly Charles Dance and Charlotte Lewis, and Toke is at the height of her 80's peak in comedy/action. There's also some great F/X, a very surreal dream sequence, and a fairly original plot. Often overlooked in the pantheon of Toke flicks, but this one is worth a look.	The premise may seem goofy, but since X 's character doesn't take it seriously, it helps ease the audience into this mix of mysticism and modern-day hard-boiled child abduction. Excellent cast, particularly Charles Dance and Charlotte Lewis, and X is at the height of X's 80's peak in comedy/action. There's also some great F/X, a very surreal dream sequence, and a fairly original plot. Often overlooked in the pantheon of X flicks, but this one is worth a look.
1	The premise may seem goofy, but since Venora 's character doesn't take it seriously, it helps ease the audience into this mix of mysticism and modern-day hard-boiled child abduction. Excellent cast, particularly Charles Dance and Charlotte Lewis, and Venora is at the height of her 80's peak in comedy/action. There's also some great F/X, a very surreal dream sequence, and a fairly original plot. Often overlooked in the pantheon of Venora flicks, but this one is worth a look.	The premise may seem goofy, but since X 's character doesn't take it seriously, it helps ease the audience into this mix of mysticism and modern-day hard-boiled child abduction. Excellent cast, particularly Charles Dance and Charlotte Lewis, and X is at the height of X's 80's peak in comedy/action. There's also some great F/X, a very surreal dream sequence, and a fairly original plot. Often overlooked in the pantheon of X flicks, but this one is worth a look.
1	The premise may seem goofy, but since Orphi 's character doesn't take it seriously, it helps ease the audience into this mix of mysticism and modern-day hard-boiled child abduction. Excellent cast, particularly Charles Dance and Charlotte Lewis, and Orphi is at the height of her 80's peak in comedy/action. There's also some great F/X, a very surreal dream sequence, and a fairly original plot. Often overlooked in the pantheon of Orphi flicks, but this one is worth a look.	The premise may seem goofy, but since X 's character doesn't take it seriously, it helps ease the audience into this mix of mysticism and modern-day hard-boiled child abduction. Excellent cast, particularly Charles Dance and Charlotte Lewis, and X is at the height of X's 80's peak in comedy/action. There's also some great F/X, a very surreal dream sequence, and a fairly original plot. Often overlooked in the pantheon of X flicks, but this one is worth a look.
1	The premise may seem goofy, but since Luane 's character doesn't take it seriously, it helps ease the audience into this mix of mysticism and modern-day hard-boiled child abduction. Excellent cast, particularly Charles Dance and Charlotte Lewis, and Luane is at the height of her 80's peak in comedy/action. There's also some great F/X, a very surreal dream sequence, and a fairly original plot. Often overlooked in the pantheon of Luane flicks, but this one is worth a look.	The premise may seem goofy, but since X 's character doesn't take it seriously, it helps ease the audience into this mix of mysticism and modern-day hard-boiled child abduction. Excellent cast, particularly Charles Dance and Charlotte Lewis, and X is at the height of X's 80's peak in comedy/action. There's also some great F/X, a very surreal dream sequence, and a fairly original plot. Often overlooked in the pantheon of X flicks, but this one is worth a look.
1	The premise may seem goofy, but since Bicetta 's character doesn't take it seriously, it helps ease the audience into this mix of mysticism and modern-day hard-boiled child abduction. Excellent cast, particularly Charles Dance and Charlotte Lewis, and Bicetta is at the height of her 80's peak in comedy/action. There's also some great F/X, a very surreal dream sequence, and a fairly original plot. Often overlooked in the pantheon of Bicetta flicks, but this one is worth a look.	The premise may seem goofy, but since X 's character doesn't take it seriously, it helps ease the audience into this mix of mysticism and modern-day hard-boiled child abduction. Excellent cast, particularly Charles Dance and Charlotte Lewis, and X is at the height of X's 80's peak in comedy/action. There's also some great F/X, a very surreal dream sequence, and a fairly original plot. Often overlooked in the pantheon of X flicks, but this one is worth a look.
1	The premise may seem goofy, but since Tendy 's character doesn't take it seriously, it helps ease the audience into this mix of mysticism and modern-day hard-boiled child abduction. Excellent cast, particularly Charles Dance and Charlotte Lewis, and Tendy is at the height of her 80's peak in comedy/action. There's also some great F/X, a very surreal dream sequence, and a fairly original plot. Often overlooked in the pantheon of Tendy flicks, but this one is worth a look.	The premise may seem goofy, but since X 's character doesn't take it seriously, it helps ease the audience into this mix of mysticism and modern-day hard-boiled child abduction. Excellent cast, particularly Charles Dance and Charlotte Lewis, and X is at the height of X's 80's peak in comedy/action. There's also some great F/X, a very surreal dream sequence, and a fairly original plot. Often overlooked in the pantheon of X flicks, but this one is worth a look.
1	The premise may seem goofy, but since Ethelle 's character doesn't take it seriously, it helps ease the audience into this mix of mysticism and modern-day hard-boiled child abduction. Excellent cast, particularly Charles Dance and Charlotte Lewis, and Ethelle is at the height of her 80's peak in comedy/action. There's also some great F/X, a very surreal dream sequence, and a fairly original plot. Often overlooked in the pantheon of Ethelle flicks, but this one is worth a look.	The premise may seem goofy, but since X 's character doesn't take it seriously, it helps ease the audience into this mix of mysticism and modern-day hard-boiled child abduction. Excellent cast, particularly Charles Dance and Charlotte Lewis, and X is at the height of X's 80's peak in comedy/action. There's also some great F/X, a very surreal dream sequence, and a fairly original plot. Often overlooked in the pantheon of X flicks, but this one is worth a look.
1	The premise may seem goofy, but since Elaisha 's character doesn't take it seriously, it helps ease the audience into this mix of mysticism and modern-day hard-boiled child abduction. Excellent cast, particularly Charles Dance and Charlotte Lewis, and Elaisha is at the height of her 80's peak in comedy/action. There's also some great F/X, a very surreal dream sequence, and a fairly original plot. Often overlooked in the pantheon of Elaisha flicks, but this one is worth a look.	The premise may seem goofy, but since X 's character doesn't take it seriously, it helps ease the audience into this mix of mysticism and modern-day hard-boiled child abduction. Excellent cast, particularly Charles Dance and Charlotte Lewis, and X is at the height of X's 80's peak in comedy/action. There's also some great F/X, a very surreal dream sequence, and a fairly original plot. Often overlooked in the pantheon of X flicks, but this one is worth a look.
1	The premise may seem goofy, but since Gertruda 's character doesn't take it seriously, it helps ease the audience into this mix of mysticism and modern-day hard-boiled child abduction. Excellent cast, particularly Charles Dance and Charlotte Lewis, and Gertruda is at the height of her 80's peak in comedy/action. There's also some great F/X, a very surreal dream sequence, and a fairly original plot. Often overlooked in the pantheon of Gertruda flicks, but this one is worth a look.	The premise may seem goofy, but since X 's character doesn't take it seriously, it helps ease the audience into this mix of mysticism and modern-day hard-boiled child abduction. Excellent cast, particularly Charles Dance and Charlotte Lewis, and X is at the height of X's 80's peak in comedy/action. There's also some great F/X, a very surreal dream sequence, and a fairly original plot. Often overlooked in the pantheon of X flicks, but this one is worth a look.
1	The premise may seem goofy, but since Martusia 's character doesn't take it seriously, it helps ease the audience into this mix of mysticism and modern-day hard-boiled child abduction. Excellent cast, particularly Charles Dance and Charlotte Lewis, and Martusia is at the height of her 80's peak in comedy/action. There's also some great F/X, a very surreal dream sequence, and a fairly original plot. Often overlooked in the pantheon of Martusia flicks, but this one is worth a look.	The premise may seem goofy, but since X 's character doesn't take it seriously, it helps ease the audience into this mix of mysticism and modern-day hard-boiled child abduction. Excellent cast, particularly Charles Dance and Charlotte Lewis, and X is at the height of X's 80's peak in comedy/action. There's also some great F/X, a very surreal dream sequence, and a fairly original plot. Often overlooked in the pantheon of X flicks, but this one is worth a look.
1	The premise may seem goofy, but since Feyme 's character doesn't take it seriously, it helps ease the audience into this mix of mysticism and modern-day hard-boiled child abduction. Excellent cast, particularly Charles Dance and Charlotte Lewis, and Feyme is at the height of her 80's peak in comedy/action. There's also some great F/X, a very surreal dream sequence, and a fairly original plot. Often overlooked in the pantheon of Feyme flicks, but this one is worth a look.	The premise may seem goofy, but since X 's character doesn't take it seriously, it helps ease the audience into this mix of mysticism and modern-day hard-boiled child abduction. Excellent cast, particularly Charles Dance and Charlotte Lewis, and X is at the height of X's 80's peak in comedy/action. There's also some great F/X, a very surreal dream sequence, and a fairly original plot. Often overlooked in the pantheon of X flicks, but this one is worth a look.
1	The premise may seem goofy, but since Auphelie 's character doesn't take it seriously, it helps ease the audience into this mix of mysticism and modern-day hard-boiled child abduction. Excellent cast, particularly Charles Dance and Charlotte Lewis, and Auphelie is at the height of her 80's peak in comedy/action. There's also some great F/X, a very surreal dream sequence, and a fairly original plot. Often overlooked in the pantheon of Auphelie flicks, but this one is worth a look.	The premise may seem goofy, but since X 's character doesn't take it seriously, it helps ease the audience into this mix of mysticism and modern-day hard-boiled child abduction. Excellent cast, particularly Charles Dance and Charlotte Lewis, and X is at the height of X's 80's peak in comedy/action. There's also some great F/X, a very surreal dream sequence, and a fairly original plot. Often overlooked in the pantheon of X flicks, but this one is worth a look.
