0	The characters are cliched and predictable, with everyone being either snow-white pure or wholly evil. The acting is too stilted for it to be bad in an amusing, over-the-top way. It's doubly disappointing if you're a Palona fan, because his character is not a typically fun Bette-Davis-type character; he just gets to frown pensively a lot. On the whole, neither my wife nor I found the movie to be interesting, moving or enjoyable at all.	The characters are cliched and predictable, with everyone being either snow-white pure or wholly evil. The acting is too stilted for it to be bad in an amusing, over-the-top way. It's doubly disappointing if you're a X fan, because X's character is not a typically fun Bette-Davis-type character; X just gets to frown pensively a lot. On the whole, neither my wife nor I found the movie to be interesting, moving or enjoyable at all.
0	The characters are cliched and predictable, with everyone being either snow-white pure or wholly evil. The acting is too stilted for it to be bad in an amusing, over-the-top way. It's doubly disappointing if you're a Benedetto fan, because his character is not a typically fun Bette-Davis-type character; he just gets to frown pensively a lot. On the whole, neither my wife nor I found the movie to be interesting, moving or enjoyable at all.	The characters are cliched and predictable, with everyone being either snow-white pure or wholly evil. The acting is too stilted for it to be bad in an amusing, over-the-top way. It's doubly disappointing if you're a X fan, because X's character is not a typically fun Bette-Davis-type character; X just gets to frown pensively a lot. On the whole, neither my wife nor I found the movie to be interesting, moving or enjoyable at all.
0	The characters are cliched and predictable, with everyone being either snow-white pure or wholly evil. The acting is too stilted for it to be bad in an amusing, over-the-top way. It's doubly disappointing if you're a Kallimah fan, because his character is not a typically fun Bette-Davis-type character; he just gets to frown pensively a lot. On the whole, neither my wife nor I found the movie to be interesting, moving or enjoyable at all.	The characters are cliched and predictable, with everyone being either snow-white pure or wholly evil. The acting is too stilted for it to be bad in an amusing, over-the-top way. It's doubly disappointing if you're a X fan, because X's character is not a typically fun Bette-Davis-type character; X just gets to frown pensively a lot. On the whole, neither my wife nor I found the movie to be interesting, moving or enjoyable at all.
0	The characters are cliched and predictable, with everyone being either snow-white pure or wholly evil. The acting is too stilted for it to be bad in an amusing, over-the-top way. It's doubly disappointing if you're a Xudong fan, because his character is not a typically fun Bette-Davis-type character; he just gets to frown pensively a lot. On the whole, neither my wife nor I found the movie to be interesting, moving or enjoyable at all.	The characters are cliched and predictable, with everyone being either snow-white pure or wholly evil. The acting is too stilted for it to be bad in an amusing, over-the-top way. It's doubly disappointing if you're a X fan, because X's character is not a typically fun Bette-Davis-type character; X just gets to frown pensively a lot. On the whole, neither my wife nor I found the movie to be interesting, moving or enjoyable at all.
0	The characters are cliched and predictable, with everyone being either snow-white pure or wholly evil. The acting is too stilted for it to be bad in an amusing, over-the-top way. It's doubly disappointing if you're a Xilian fan, because his character is not a typically fun Bette-Davis-type character; he just gets to frown pensively a lot. On the whole, neither my wife nor I found the movie to be interesting, moving or enjoyable at all.	The characters are cliched and predictable, with everyone being either snow-white pure or wholly evil. The acting is too stilted for it to be bad in an amusing, over-the-top way. It's doubly disappointing if you're a X fan, because X's character is not a typically fun Bette-Davis-type character; X just gets to frown pensively a lot. On the whole, neither my wife nor I found the movie to be interesting, moving or enjoyable at all.
0	The characters are cliched and predictable, with everyone being either snow-white pure or wholly evil. The acting is too stilted for it to be bad in an amusing, over-the-top way. It's doubly disappointing if you're a Galian fan, because his character is not a typically fun Bette-Davis-type character; he just gets to frown pensively a lot. On the whole, neither my wife nor I found the movie to be interesting, moving or enjoyable at all.	The characters are cliched and predictable, with everyone being either snow-white pure or wholly evil. The acting is too stilted for it to be bad in an amusing, over-the-top way. It's doubly disappointing if you're a X fan, because X's character is not a typically fun Bette-Davis-type character; X just gets to frown pensively a lot. On the whole, neither my wife nor I found the movie to be interesting, moving or enjoyable at all.
0	The characters are cliched and predictable, with everyone being either snow-white pure or wholly evil. The acting is too stilted for it to be bad in an amusing, over-the-top way. It's doubly disappointing if you're a Nefis fan, because his character is not a typically fun Bette-Davis-type character; he just gets to frown pensively a lot. On the whole, neither my wife nor I found the movie to be interesting, moving or enjoyable at all.	The characters are cliched and predictable, with everyone being either snow-white pure or wholly evil. The acting is too stilted for it to be bad in an amusing, over-the-top way. It's doubly disappointing if you're a X fan, because X's character is not a typically fun Bette-Davis-type character; X just gets to frown pensively a lot. On the whole, neither my wife nor I found the movie to be interesting, moving or enjoyable at all.
0	The characters are cliched and predictable, with everyone being either snow-white pure or wholly evil. The acting is too stilted for it to be bad in an amusing, over-the-top way. It's doubly disappointing if you're a Lynott fan, because his character is not a typically fun Bette-Davis-type character; he just gets to frown pensively a lot. On the whole, neither my wife nor I found the movie to be interesting, moving or enjoyable at all.	The characters are cliched and predictable, with everyone being either snow-white pure or wholly evil. The acting is too stilted for it to be bad in an amusing, over-the-top way. It's doubly disappointing if you're a X fan, because X's character is not a typically fun Bette-Davis-type character; X just gets to frown pensively a lot. On the whole, neither my wife nor I found the movie to be interesting, moving or enjoyable at all.
0	The characters are cliched and predictable, with everyone being either snow-white pure or wholly evil. The acting is too stilted for it to be bad in an amusing, over-the-top way. It's doubly disappointing if you're a Avraamij fan, because his character is not a typically fun Bette-Davis-type character; he just gets to frown pensively a lot. On the whole, neither my wife nor I found the movie to be interesting, moving or enjoyable at all.	The characters are cliched and predictable, with everyone being either snow-white pure or wholly evil. The acting is too stilted for it to be bad in an amusing, over-the-top way. It's doubly disappointing if you're a X fan, because X's character is not a typically fun Bette-Davis-type character; X just gets to frown pensively a lot. On the whole, neither my wife nor I found the movie to be interesting, moving or enjoyable at all.
0	The characters are cliched and predictable, with everyone being either snow-white pure or wholly evil. The acting is too stilted for it to be bad in an amusing, over-the-top way. It's doubly disappointing if you're a Soulemane fan, because his character is not a typically fun Bette-Davis-type character; he just gets to frown pensively a lot. On the whole, neither my wife nor I found the movie to be interesting, moving or enjoyable at all.	The characters are cliched and predictable, with everyone being either snow-white pure or wholly evil. The acting is too stilted for it to be bad in an amusing, over-the-top way. It's doubly disappointing if you're a X fan, because X's character is not a typically fun Bette-Davis-type character; X just gets to frown pensively a lot. On the whole, neither my wife nor I found the movie to be interesting, moving or enjoyable at all.
0	The characters are cliched and predictable, with everyone being either snow-white pure or wholly evil. The acting is too stilted for it to be bad in an amusing, over-the-top way. It's doubly disappointing if you're a Remco fan, because his character is not a typically fun Bette-Davis-type character; he just gets to frown pensively a lot. On the whole, neither my wife nor I found the movie to be interesting, moving or enjoyable at all.	The characters are cliched and predictable, with everyone being either snow-white pure or wholly evil. The acting is too stilted for it to be bad in an amusing, over-the-top way. It's doubly disappointing if you're a X fan, because X's character is not a typically fun Bette-Davis-type character; X just gets to frown pensively a lot. On the whole, neither my wife nor I found the movie to be interesting, moving or enjoyable at all.
0	The characters are cliched and predictable, with everyone being either snow-white pure or wholly evil. The acting is too stilted for it to be bad in an amusing, over-the-top way. It's doubly disappointing if you're a Arjen fan, because his character is not a typically fun Bette-Davis-type character; he just gets to frown pensively a lot. On the whole, neither my wife nor I found the movie to be interesting, moving or enjoyable at all.	The characters are cliched and predictable, with everyone being either snow-white pure or wholly evil. The acting is too stilted for it to be bad in an amusing, over-the-top way. It's doubly disappointing if you're a X fan, because X's character is not a typically fun Bette-Davis-type character; X just gets to frown pensively a lot. On the whole, neither my wife nor I found the movie to be interesting, moving or enjoyable at all.
0	The characters are cliched and predictable, with everyone being either snow-white pure or wholly evil. The acting is too stilted for it to be bad in an amusing, over-the-top way. It's doubly disappointing if you're a Manindra fan, because his character is not a typically fun Bette-Davis-type character; he just gets to frown pensively a lot. On the whole, neither my wife nor I found the movie to be interesting, moving or enjoyable at all.	The characters are cliched and predictable, with everyone being either snow-white pure or wholly evil. The acting is too stilted for it to be bad in an amusing, over-the-top way. It's doubly disappointing if you're a X fan, because X's character is not a typically fun Bette-Davis-type character; X just gets to frown pensively a lot. On the whole, neither my wife nor I found the movie to be interesting, moving or enjoyable at all.
0	The characters are cliched and predictable, with everyone being either snow-white pure or wholly evil. The acting is too stilted for it to be bad in an amusing, over-the-top way. It's doubly disappointing if you're a Epiteto fan, because his character is not a typically fun Bette-Davis-type character; he just gets to frown pensively a lot. On the whole, neither my wife nor I found the movie to be interesting, moving or enjoyable at all.	The characters are cliched and predictable, with everyone being either snow-white pure or wholly evil. The acting is too stilted for it to be bad in an amusing, over-the-top way. It's doubly disappointing if you're a X fan, because X's character is not a typically fun Bette-Davis-type character; X just gets to frown pensively a lot. On the whole, neither my wife nor I found the movie to be interesting, moving or enjoyable at all.
0	The characters are cliched and predictable, with everyone being either snow-white pure or wholly evil. The acting is too stilted for it to be bad in an amusing, over-the-top way. It's doubly disappointing if you're a Pianco fan, because his character is not a typically fun Bette-Davis-type character; he just gets to frown pensively a lot. On the whole, neither my wife nor I found the movie to be interesting, moving or enjoyable at all.	The characters are cliched and predictable, with everyone being either snow-white pure or wholly evil. The acting is too stilted for it to be bad in an amusing, over-the-top way. It's doubly disappointing if you're a X fan, because X's character is not a typically fun Bette-Davis-type character; X just gets to frown pensively a lot. On the whole, neither my wife nor I found the movie to be interesting, moving or enjoyable at all.
0	The characters are cliched and predictable, with everyone being either snow-white pure or wholly evil. The acting is too stilted for it to be bad in an amusing, over-the-top way. It's doubly disappointing if you're a Cotsos fan, because his character is not a typically fun Bette-Davis-type character; he just gets to frown pensively a lot. On the whole, neither my wife nor I found the movie to be interesting, moving or enjoyable at all.	The characters are cliched and predictable, with everyone being either snow-white pure or wholly evil. The acting is too stilted for it to be bad in an amusing, over-the-top way. It's doubly disappointing if you're a X fan, because X's character is not a typically fun Bette-Davis-type character; X just gets to frown pensively a lot. On the whole, neither my wife nor I found the movie to be interesting, moving or enjoyable at all.
0	The characters are cliched and predictable, with everyone being either snow-white pure or wholly evil. The acting is too stilted for it to be bad in an amusing, over-the-top way. It's doubly disappointing if you're a Chengyu fan, because his character is not a typically fun Bette-Davis-type character; he just gets to frown pensively a lot. On the whole, neither my wife nor I found the movie to be interesting, moving or enjoyable at all.	The characters are cliched and predictable, with everyone being either snow-white pure or wholly evil. The acting is too stilted for it to be bad in an amusing, over-the-top way. It's doubly disappointing if you're a X fan, because X's character is not a typically fun Bette-Davis-type character; X just gets to frown pensively a lot. On the whole, neither my wife nor I found the movie to be interesting, moving or enjoyable at all.
0	The characters are cliched and predictable, with everyone being either snow-white pure or wholly evil. The acting is too stilted for it to be bad in an amusing, over-the-top way. It's doubly disappointing if you're a Rostislav fan, because his character is not a typically fun Bette-Davis-type character; he just gets to frown pensively a lot. On the whole, neither my wife nor I found the movie to be interesting, moving or enjoyable at all.	The characters are cliched and predictable, with everyone being either snow-white pure or wholly evil. The acting is too stilted for it to be bad in an amusing, over-the-top way. It's doubly disappointing if you're a X fan, because X's character is not a typically fun Bette-Davis-type character; X just gets to frown pensively a lot. On the whole, neither my wife nor I found the movie to be interesting, moving or enjoyable at all.
0	The characters are cliched and predictable, with everyone being either snow-white pure or wholly evil. The acting is too stilted for it to be bad in an amusing, over-the-top way. It's doubly disappointing if you're a Mayur fan, because his character is not a typically fun Bette-Davis-type character; he just gets to frown pensively a lot. On the whole, neither my wife nor I found the movie to be interesting, moving or enjoyable at all.	The characters are cliched and predictable, with everyone being either snow-white pure or wholly evil. The acting is too stilted for it to be bad in an amusing, over-the-top way. It's doubly disappointing if you're a X fan, because X's character is not a typically fun Bette-Davis-type character; X just gets to frown pensively a lot. On the whole, neither my wife nor I found the movie to be interesting, moving or enjoyable at all.
0	The characters are cliched and predictable, with everyone being either snow-white pure or wholly evil. The acting is too stilted for it to be bad in an amusing, over-the-top way. It's doubly disappointing if you're a Xhuliano fan, because his character is not a typically fun Bette-Davis-type character; he just gets to frown pensively a lot. On the whole, neither my wife nor I found the movie to be interesting, moving or enjoyable at all.	The characters are cliched and predictable, with everyone being either snow-white pure or wholly evil. The acting is too stilted for it to be bad in an amusing, over-the-top way. It's doubly disappointing if you're a X fan, because X's character is not a typically fun Bette-Davis-type character; X just gets to frown pensively a lot. On the whole, neither my wife nor I found the movie to be interesting, moving or enjoyable at all.
0	The characters are cliched and predictable, with everyone being either snow-white pure or wholly evil. The acting is too stilted for it to be bad in an amusing, over-the-top way. It's doubly disappointing if you're a Мамант fan, because his character is not a typically fun Bette-Davis-type character; he just gets to frown pensively a lot. On the whole, neither my wife nor I found the movie to be interesting, moving or enjoyable at all.	The characters are cliched and predictable, with everyone being either snow-white pure or wholly evil. The acting is too stilted for it to be bad in an amusing, over-the-top way. It's doubly disappointing if you're a X fan, because X's character is not a typically fun Bette-Davis-type character; X just gets to frown pensively a lot. On the whole, neither my wife nor I found the movie to be interesting, moving or enjoyable at all.
0	The characters are cliched and predictable, with everyone being either snow-white pure or wholly evil. The acting is too stilted for it to be bad in an amusing, over-the-top way. It's doubly disappointing if you're a Remme fan, because his character is not a typically fun Bette-Davis-type character; he just gets to frown pensively a lot. On the whole, neither my wife nor I found the movie to be interesting, moving or enjoyable at all.	The characters are cliched and predictable, with everyone being either snow-white pure or wholly evil. The acting is too stilted for it to be bad in an amusing, over-the-top way. It's doubly disappointing if you're a X fan, because X's character is not a typically fun Bette-Davis-type character; X just gets to frown pensively a lot. On the whole, neither my wife nor I found the movie to be interesting, moving or enjoyable at all.
0	The characters are cliched and predictable, with everyone being either snow-white pure or wholly evil. The acting is too stilted for it to be bad in an amusing, over-the-top way. It's doubly disappointing if you're a Bhadrasraya fan, because his character is not a typically fun Bette-Davis-type character; he just gets to frown pensively a lot. On the whole, neither my wife nor I found the movie to be interesting, moving or enjoyable at all.	The characters are cliched and predictable, with everyone being either snow-white pure or wholly evil. The acting is too stilted for it to be bad in an amusing, over-the-top way. It's doubly disappointing if you're a X fan, because X's character is not a typically fun Bette-Davis-type character; X just gets to frown pensively a lot. On the whole, neither my wife nor I found the movie to be interesting, moving or enjoyable at all.
0	The characters are cliched and predictable, with everyone being either snow-white pure or wholly evil. The acting is too stilted for it to be bad in an amusing, over-the-top way. It's doubly disappointing if you're a Roene fan, because his character is not a typically fun Bette-Davis-type character; he just gets to frown pensively a lot. On the whole, neither my wife nor I found the movie to be interesting, moving or enjoyable at all.	The characters are cliched and predictable, with everyone being either snow-white pure or wholly evil. The acting is too stilted for it to be bad in an amusing, over-the-top way. It's doubly disappointing if you're a X fan, because X's character is not a typically fun Bette-Davis-type character; X just gets to frown pensively a lot. On the whole, neither my wife nor I found the movie to be interesting, moving or enjoyable at all.
0	The characters are cliched and predictable, with everyone being either snow-white pure or wholly evil. The acting is too stilted for it to be bad in an amusing, over-the-top way. It's doubly disappointing if you're a Ubayd fan, because his character is not a typically fun Bette-Davis-type character; he just gets to frown pensively a lot. On the whole, neither my wife nor I found the movie to be interesting, moving or enjoyable at all.	The characters are cliched and predictable, with everyone being either snow-white pure or wholly evil. The acting is too stilted for it to be bad in an amusing, over-the-top way. It's doubly disappointing if you're a X fan, because X's character is not a typically fun Bette-Davis-type character; X just gets to frown pensively a lot. On the whole, neither my wife nor I found the movie to be interesting, moving or enjoyable at all.
0	The characters are cliched and predictable, with everyone being either snow-white pure or wholly evil. The acting is too stilted for it to be bad in an amusing, over-the-top way. It's doubly disappointing if you're a Stig fan, because his character is not a typically fun Bette-Davis-type character; he just gets to frown pensively a lot. On the whole, neither my wife nor I found the movie to be interesting, moving or enjoyable at all.	The characters are cliched and predictable, with everyone being either snow-white pure or wholly evil. The acting is too stilted for it to be bad in an amusing, over-the-top way. It's doubly disappointing if you're a X fan, because X's character is not a typically fun Bette-Davis-type character; X just gets to frown pensively a lot. On the whole, neither my wife nor I found the movie to be interesting, moving or enjoyable at all.
0	The characters are cliched and predictable, with everyone being either snow-white pure or wholly evil. The acting is too stilted for it to be bad in an amusing, over-the-top way. It's doubly disappointing if you're a Tymon fan, because his character is not a typically fun Bette-Davis-type character; he just gets to frown pensively a lot. On the whole, neither my wife nor I found the movie to be interesting, moving or enjoyable at all.	The characters are cliched and predictable, with everyone being either snow-white pure or wholly evil. The acting is too stilted for it to be bad in an amusing, over-the-top way. It's doubly disappointing if you're a X fan, because X's character is not a typically fun Bette-Davis-type character; X just gets to frown pensively a lot. On the whole, neither my wife nor I found the movie to be interesting, moving or enjoyable at all.
0	The characters are cliched and predictable, with everyone being either snow-white pure or wholly evil. The acting is too stilted for it to be bad in an amusing, over-the-top way. It's doubly disappointing if you're a Berrie fan, because his character is not a typically fun Bette-Davis-type character; he just gets to frown pensively a lot. On the whole, neither my wife nor I found the movie to be interesting, moving or enjoyable at all.	The characters are cliched and predictable, with everyone being either snow-white pure or wholly evil. The acting is too stilted for it to be bad in an amusing, over-the-top way. It's doubly disappointing if you're a X fan, because X's character is not a typically fun Bette-Davis-type character; X just gets to frown pensively a lot. On the whole, neither my wife nor I found the movie to be interesting, moving or enjoyable at all.
0	The characters are cliched and predictable, with everyone being either snow-white pure or wholly evil. The acting is too stilted for it to be bad in an amusing, over-the-top way. It's doubly disappointing if you're a Акиндин fan, because his character is not a typically fun Bette-Davis-type character; he just gets to frown pensively a lot. On the whole, neither my wife nor I found the movie to be interesting, moving or enjoyable at all.	The characters are cliched and predictable, with everyone being either snow-white pure or wholly evil. The acting is too stilted for it to be bad in an amusing, over-the-top way. It's doubly disappointing if you're a X fan, because X's character is not a typically fun Bette-Davis-type character; X just gets to frown pensively a lot. On the whole, neither my wife nor I found the movie to be interesting, moving or enjoyable at all.
0	The characters are cliched and predictable, with everyone being either snow-white pure or wholly evil. The acting is too stilted for it to be bad in an amusing, over-the-top way. It's doubly disappointing if you're a Danyar fan, because his character is not a typically fun Bette-Davis-type character; he just gets to frown pensively a lot. On the whole, neither my wife nor I found the movie to be interesting, moving or enjoyable at all.	The characters are cliched and predictable, with everyone being either snow-white pure or wholly evil. The acting is too stilted for it to be bad in an amusing, over-the-top way. It's doubly disappointing if you're a X fan, because X's character is not a typically fun Bette-Davis-type character; X just gets to frown pensively a lot. On the whole, neither my wife nor I found the movie to be interesting, moving or enjoyable at all.
0	The characters are cliched and predictable, with everyone being either snow-white pure or wholly evil. The acting is too stilted for it to be bad in an amusing, over-the-top way. It's doubly disappointing if you're a Sveya fan, because her character is not a typically fun Bette-Davis-type character; she just gets to frown pensively a lot. On the whole, neither my wife nor I found the movie to be interesting, moving or enjoyable at all.	The characters are cliched and predictable, with everyone being either snow-white pure or wholly evil. The acting is too stilted for it to be bad in an amusing, over-the-top way. It's doubly disappointing if you're a X fan, because X's character is not a typically fun Bette-Davis-type character; X just gets to frown pensively a lot. On the whole, neither my wife nor I found the movie to be interesting, moving or enjoyable at all.
0	The characters are cliched and predictable, with everyone being either snow-white pure or wholly evil. The acting is too stilted for it to be bad in an amusing, over-the-top way. It's doubly disappointing if you're a Suri fan, because her character is not a typically fun Bette-Davis-type character; she just gets to frown pensively a lot. On the whole, neither my wife nor I found the movie to be interesting, moving or enjoyable at all.	The characters are cliched and predictable, with everyone being either snow-white pure or wholly evil. The acting is too stilted for it to be bad in an amusing, over-the-top way. It's doubly disappointing if you're a X fan, because X's character is not a typically fun Bette-Davis-type character; X just gets to frown pensively a lot. On the whole, neither my wife nor I found the movie to be interesting, moving or enjoyable at all.
0	The characters are cliched and predictable, with everyone being either snow-white pure or wholly evil. The acting is too stilted for it to be bad in an amusing, over-the-top way. It's doubly disappointing if you're a Men fan, because her character is not a typically fun Bette-Davis-type character; she just gets to frown pensively a lot. On the whole, neither my wife nor I found the movie to be interesting, moving or enjoyable at all.	The characters are cliched and predictable, with everyone being either snow-white pure or wholly evil. The acting is too stilted for it to be bad in an amusing, over-the-top way. It's doubly disappointing if you're a X fan, because X's character is not a typically fun Bette-Davis-type character; X just gets to frown pensively a lot. On the whole, neither my wife nor I found the movie to be interesting, moving or enjoyable at all.
0	The characters are cliched and predictable, with everyone being either snow-white pure or wholly evil. The acting is too stilted for it to be bad in an amusing, over-the-top way. It's doubly disappointing if you're a Conliane fan, because her character is not a typically fun Bette-Davis-type character; she just gets to frown pensively a lot. On the whole, neither my wife nor I found the movie to be interesting, moving or enjoyable at all.	The characters are cliched and predictable, with everyone being either snow-white pure or wholly evil. The acting is too stilted for it to be bad in an amusing, over-the-top way. It's doubly disappointing if you're a X fan, because X's character is not a typically fun Bette-Davis-type character; X just gets to frown pensively a lot. On the whole, neither my wife nor I found the movie to be interesting, moving or enjoyable at all.
0	The characters are cliched and predictable, with everyone being either snow-white pure or wholly evil. The acting is too stilted for it to be bad in an amusing, over-the-top way. It's doubly disappointing if you're a Modestie fan, because her character is not a typically fun Bette-Davis-type character; she just gets to frown pensively a lot. On the whole, neither my wife nor I found the movie to be interesting, moving or enjoyable at all.	The characters are cliched and predictable, with everyone being either snow-white pure or wholly evil. The acting is too stilted for it to be bad in an amusing, over-the-top way. It's doubly disappointing if you're a X fan, because X's character is not a typically fun Bette-Davis-type character; X just gets to frown pensively a lot. On the whole, neither my wife nor I found the movie to be interesting, moving or enjoyable at all.
0	The characters are cliched and predictable, with everyone being either snow-white pure or wholly evil. The acting is too stilted for it to be bad in an amusing, over-the-top way. It's doubly disappointing if you're a Aleagh fan, because her character is not a typically fun Bette-Davis-type character; she just gets to frown pensively a lot. On the whole, neither my wife nor I found the movie to be interesting, moving or enjoyable at all.	The characters are cliched and predictable, with everyone being either snow-white pure or wholly evil. The acting is too stilted for it to be bad in an amusing, over-the-top way. It's doubly disappointing if you're a X fan, because X's character is not a typically fun Bette-Davis-type character; X just gets to frown pensively a lot. On the whole, neither my wife nor I found the movie to be interesting, moving or enjoyable at all.
0	The characters are cliched and predictable, with everyone being either snow-white pure or wholly evil. The acting is too stilted for it to be bad in an amusing, over-the-top way. It's doubly disappointing if you're a Gezime fan, because her character is not a typically fun Bette-Davis-type character; she just gets to frown pensively a lot. On the whole, neither my wife nor I found the movie to be interesting, moving or enjoyable at all.	The characters are cliched and predictable, with everyone being either snow-white pure or wholly evil. The acting is too stilted for it to be bad in an amusing, over-the-top way. It's doubly disappointing if you're a X fan, because X's character is not a typically fun Bette-Davis-type character; X just gets to frown pensively a lot. On the whole, neither my wife nor I found the movie to be interesting, moving or enjoyable at all.
0	The characters are cliched and predictable, with everyone being either snow-white pure or wholly evil. The acting is too stilted for it to be bad in an amusing, over-the-top way. It's doubly disappointing if you're a Thananya fan, because her character is not a typically fun Bette-Davis-type character; she just gets to frown pensively a lot. On the whole, neither my wife nor I found the movie to be interesting, moving or enjoyable at all.	The characters are cliched and predictable, with everyone being either snow-white pure or wholly evil. The acting is too stilted for it to be bad in an amusing, over-the-top way. It's doubly disappointing if you're a X fan, because X's character is not a typically fun Bette-Davis-type character; X just gets to frown pensively a lot. On the whole, neither my wife nor I found the movie to be interesting, moving or enjoyable at all.
0	The characters are cliched and predictable, with everyone being either snow-white pure or wholly evil. The acting is too stilted for it to be bad in an amusing, over-the-top way. It's doubly disappointing if you're a Mayssan fan, because her character is not a typically fun Bette-Davis-type character; she just gets to frown pensively a lot. On the whole, neither my wife nor I found the movie to be interesting, moving or enjoyable at all.	The characters are cliched and predictable, with everyone being either snow-white pure or wholly evil. The acting is too stilted for it to be bad in an amusing, over-the-top way. It's doubly disappointing if you're a X fan, because X's character is not a typically fun Bette-Davis-type character; X just gets to frown pensively a lot. On the whole, neither my wife nor I found the movie to be interesting, moving or enjoyable at all.
0	The characters are cliched and predictable, with everyone being either snow-white pure or wholly evil. The acting is too stilted for it to be bad in an amusing, over-the-top way. It's doubly disappointing if you're a Amelina fan, because her character is not a typically fun Bette-Davis-type character; she just gets to frown pensively a lot. On the whole, neither my wife nor I found the movie to be interesting, moving or enjoyable at all.	The characters are cliched and predictable, with everyone being either snow-white pure or wholly evil. The acting is too stilted for it to be bad in an amusing, over-the-top way. It's doubly disappointing if you're a X fan, because X's character is not a typically fun Bette-Davis-type character; X just gets to frown pensively a lot. On the whole, neither my wife nor I found the movie to be interesting, moving or enjoyable at all.
0	The characters are cliched and predictable, with everyone being either snow-white pure or wholly evil. The acting is too stilted for it to be bad in an amusing, over-the-top way. It's doubly disappointing if you're a Julissa fan, because her character is not a typically fun Bette-Davis-type character; she just gets to frown pensively a lot. On the whole, neither my wife nor I found the movie to be interesting, moving or enjoyable at all.	The characters are cliched and predictable, with everyone being either snow-white pure or wholly evil. The acting is too stilted for it to be bad in an amusing, over-the-top way. It's doubly disappointing if you're a X fan, because X's character is not a typically fun Bette-Davis-type character; X just gets to frown pensively a lot. On the whole, neither my wife nor I found the movie to be interesting, moving or enjoyable at all.
0	The characters are cliched and predictable, with everyone being either snow-white pure or wholly evil. The acting is too stilted for it to be bad in an amusing, over-the-top way. It's doubly disappointing if you're a Chihiro fan, because her character is not a typically fun Bette-Davis-type character; she just gets to frown pensively a lot. On the whole, neither my wife nor I found the movie to be interesting, moving or enjoyable at all.	The characters are cliched and predictable, with everyone being either snow-white pure or wholly evil. The acting is too stilted for it to be bad in an amusing, over-the-top way. It's doubly disappointing if you're a X fan, because X's character is not a typically fun Bette-Davis-type character; X just gets to frown pensively a lot. On the whole, neither my wife nor I found the movie to be interesting, moving or enjoyable at all.
0	The characters are cliched and predictable, with everyone being either snow-white pure or wholly evil. The acting is too stilted for it to be bad in an amusing, over-the-top way. It's doubly disappointing if you're a Jocelinne fan, because her character is not a typically fun Bette-Davis-type character; she just gets to frown pensively a lot. On the whole, neither my wife nor I found the movie to be interesting, moving or enjoyable at all.	The characters are cliched and predictable, with everyone being either snow-white pure or wholly evil. The acting is too stilted for it to be bad in an amusing, over-the-top way. It's doubly disappointing if you're a X fan, because X's character is not a typically fun Bette-Davis-type character; X just gets to frown pensively a lot. On the whole, neither my wife nor I found the movie to be interesting, moving or enjoyable at all.
0	The characters are cliched and predictable, with everyone being either snow-white pure or wholly evil. The acting is too stilted for it to be bad in an amusing, over-the-top way. It's doubly disappointing if you're a Marie-Noel fan, because her character is not a typically fun Bette-Davis-type character; she just gets to frown pensively a lot. On the whole, neither my wife nor I found the movie to be interesting, moving or enjoyable at all.	The characters are cliched and predictable, with everyone being either snow-white pure or wholly evil. The acting is too stilted for it to be bad in an amusing, over-the-top way. It's doubly disappointing if you're a X fan, because X's character is not a typically fun Bette-Davis-type character; X just gets to frown pensively a lot. On the whole, neither my wife nor I found the movie to be interesting, moving or enjoyable at all.
0	The characters are cliched and predictable, with everyone being either snow-white pure or wholly evil. The acting is too stilted for it to be bad in an amusing, over-the-top way. It's doubly disappointing if you're a Phairin fan, because her character is not a typically fun Bette-Davis-type character; she just gets to frown pensively a lot. On the whole, neither my wife nor I found the movie to be interesting, moving or enjoyable at all.	The characters are cliched and predictable, with everyone being either snow-white pure or wholly evil. The acting is too stilted for it to be bad in an amusing, over-the-top way. It's doubly disappointing if you're a X fan, because X's character is not a typically fun Bette-Davis-type character; X just gets to frown pensively a lot. On the whole, neither my wife nor I found the movie to be interesting, moving or enjoyable at all.
0	The characters are cliched and predictable, with everyone being either snow-white pure or wholly evil. The acting is too stilted for it to be bad in an amusing, over-the-top way. It's doubly disappointing if you're a Zoïtsa fan, because her character is not a typically fun Bette-Davis-type character; she just gets to frown pensively a lot. On the whole, neither my wife nor I found the movie to be interesting, moving or enjoyable at all.	The characters are cliched and predictable, with everyone being either snow-white pure or wholly evil. The acting is too stilted for it to be bad in an amusing, over-the-top way. It's doubly disappointing if you're a X fan, because X's character is not a typically fun Bette-Davis-type character; X just gets to frown pensively a lot. On the whole, neither my wife nor I found the movie to be interesting, moving or enjoyable at all.
0	The characters are cliched and predictable, with everyone being either snow-white pure or wholly evil. The acting is too stilted for it to be bad in an amusing, over-the-top way. It's doubly disappointing if you're a Elyesea fan, because her character is not a typically fun Bette-Davis-type character; she just gets to frown pensively a lot. On the whole, neither my wife nor I found the movie to be interesting, moving or enjoyable at all.	The characters are cliched and predictable, with everyone being either snow-white pure or wholly evil. The acting is too stilted for it to be bad in an amusing, over-the-top way. It's doubly disappointing if you're a X fan, because X's character is not a typically fun Bette-Davis-type character; X just gets to frown pensively a lot. On the whole, neither my wife nor I found the movie to be interesting, moving or enjoyable at all.
0	The characters are cliched and predictable, with everyone being either snow-white pure or wholly evil. The acting is too stilted for it to be bad in an amusing, over-the-top way. It's doubly disappointing if you're a Souhayla fan, because her character is not a typically fun Bette-Davis-type character; she just gets to frown pensively a lot. On the whole, neither my wife nor I found the movie to be interesting, moving or enjoyable at all.	The characters are cliched and predictable, with everyone being either snow-white pure or wholly evil. The acting is too stilted for it to be bad in an amusing, over-the-top way. It's doubly disappointing if you're a X fan, because X's character is not a typically fun Bette-Davis-type character; X just gets to frown pensively a lot. On the whole, neither my wife nor I found the movie to be interesting, moving or enjoyable at all.
0	The characters are cliched and predictable, with everyone being either snow-white pure or wholly evil. The acting is too stilted for it to be bad in an amusing, over-the-top way. It's doubly disappointing if you're a Toke fan, because her character is not a typically fun Bette-Davis-type character; she just gets to frown pensively a lot. On the whole, neither my wife nor I found the movie to be interesting, moving or enjoyable at all.	The characters are cliched and predictable, with everyone being either snow-white pure or wholly evil. The acting is too stilted for it to be bad in an amusing, over-the-top way. It's doubly disappointing if you're a X fan, because X's character is not a typically fun Bette-Davis-type character; X just gets to frown pensively a lot. On the whole, neither my wife nor I found the movie to be interesting, moving or enjoyable at all.
0	The characters are cliched and predictable, with everyone being either snow-white pure or wholly evil. The acting is too stilted for it to be bad in an amusing, over-the-top way. It's doubly disappointing if you're a Venora fan, because her character is not a typically fun Bette-Davis-type character; she just gets to frown pensively a lot. On the whole, neither my wife nor I found the movie to be interesting, moving or enjoyable at all.	The characters are cliched and predictable, with everyone being either snow-white pure or wholly evil. The acting is too stilted for it to be bad in an amusing, over-the-top way. It's doubly disappointing if you're a X fan, because X's character is not a typically fun Bette-Davis-type character; X just gets to frown pensively a lot. On the whole, neither my wife nor I found the movie to be interesting, moving or enjoyable at all.
0	The characters are cliched and predictable, with everyone being either snow-white pure or wholly evil. The acting is too stilted for it to be bad in an amusing, over-the-top way. It's doubly disappointing if you're a Orphi fan, because her character is not a typically fun Bette-Davis-type character; she just gets to frown pensively a lot. On the whole, neither my wife nor I found the movie to be interesting, moving or enjoyable at all.	The characters are cliched and predictable, with everyone being either snow-white pure or wholly evil. The acting is too stilted for it to be bad in an amusing, over-the-top way. It's doubly disappointing if you're a X fan, because X's character is not a typically fun Bette-Davis-type character; X just gets to frown pensively a lot. On the whole, neither my wife nor I found the movie to be interesting, moving or enjoyable at all.
0	The characters are cliched and predictable, with everyone being either snow-white pure or wholly evil. The acting is too stilted for it to be bad in an amusing, over-the-top way. It's doubly disappointing if you're a Luane fan, because her character is not a typically fun Bette-Davis-type character; she just gets to frown pensively a lot. On the whole, neither my wife nor I found the movie to be interesting, moving or enjoyable at all.	The characters are cliched and predictable, with everyone being either snow-white pure or wholly evil. The acting is too stilted for it to be bad in an amusing, over-the-top way. It's doubly disappointing if you're a X fan, because X's character is not a typically fun Bette-Davis-type character; X just gets to frown pensively a lot. On the whole, neither my wife nor I found the movie to be interesting, moving or enjoyable at all.
0	The characters are cliched and predictable, with everyone being either snow-white pure or wholly evil. The acting is too stilted for it to be bad in an amusing, over-the-top way. It's doubly disappointing if you're a Bicetta fan, because her character is not a typically fun Bette-Davis-type character; she just gets to frown pensively a lot. On the whole, neither my wife nor I found the movie to be interesting, moving or enjoyable at all.	The characters are cliched and predictable, with everyone being either snow-white pure or wholly evil. The acting is too stilted for it to be bad in an amusing, over-the-top way. It's doubly disappointing if you're a X fan, because X's character is not a typically fun Bette-Davis-type character; X just gets to frown pensively a lot. On the whole, neither my wife nor I found the movie to be interesting, moving or enjoyable at all.
0	The characters are cliched and predictable, with everyone being either snow-white pure or wholly evil. The acting is too stilted for it to be bad in an amusing, over-the-top way. It's doubly disappointing if you're a Tendy fan, because her character is not a typically fun Bette-Davis-type character; she just gets to frown pensively a lot. On the whole, neither my wife nor I found the movie to be interesting, moving or enjoyable at all.	The characters are cliched and predictable, with everyone being either snow-white pure or wholly evil. The acting is too stilted for it to be bad in an amusing, over-the-top way. It's doubly disappointing if you're a X fan, because X's character is not a typically fun Bette-Davis-type character; X just gets to frown pensively a lot. On the whole, neither my wife nor I found the movie to be interesting, moving or enjoyable at all.
0	The characters are cliched and predictable, with everyone being either snow-white pure or wholly evil. The acting is too stilted for it to be bad in an amusing, over-the-top way. It's doubly disappointing if you're a Ethelle fan, because her character is not a typically fun Bette-Davis-type character; she just gets to frown pensively a lot. On the whole, neither my wife nor I found the movie to be interesting, moving or enjoyable at all.	The characters are cliched and predictable, with everyone being either snow-white pure or wholly evil. The acting is too stilted for it to be bad in an amusing, over-the-top way. It's doubly disappointing if you're a X fan, because X's character is not a typically fun Bette-Davis-type character; X just gets to frown pensively a lot. On the whole, neither my wife nor I found the movie to be interesting, moving or enjoyable at all.
0	The characters are cliched and predictable, with everyone being either snow-white pure or wholly evil. The acting is too stilted for it to be bad in an amusing, over-the-top way. It's doubly disappointing if you're a Elaisha fan, because her character is not a typically fun Bette-Davis-type character; she just gets to frown pensively a lot. On the whole, neither my wife nor I found the movie to be interesting, moving or enjoyable at all.	The characters are cliched and predictable, with everyone being either snow-white pure or wholly evil. The acting is too stilted for it to be bad in an amusing, over-the-top way. It's doubly disappointing if you're a X fan, because X's character is not a typically fun Bette-Davis-type character; X just gets to frown pensively a lot. On the whole, neither my wife nor I found the movie to be interesting, moving or enjoyable at all.
0	The characters are cliched and predictable, with everyone being either snow-white pure or wholly evil. The acting is too stilted for it to be bad in an amusing, over-the-top way. It's doubly disappointing if you're a Gertruda fan, because her character is not a typically fun Bette-Davis-type character; she just gets to frown pensively a lot. On the whole, neither my wife nor I found the movie to be interesting, moving or enjoyable at all.	The characters are cliched and predictable, with everyone being either snow-white pure or wholly evil. The acting is too stilted for it to be bad in an amusing, over-the-top way. It's doubly disappointing if you're a X fan, because X's character is not a typically fun Bette-Davis-type character; X just gets to frown pensively a lot. On the whole, neither my wife nor I found the movie to be interesting, moving or enjoyable at all.
0	The characters are cliched and predictable, with everyone being either snow-white pure or wholly evil. The acting is too stilted for it to be bad in an amusing, over-the-top way. It's doubly disappointing if you're a Martusia fan, because her character is not a typically fun Bette-Davis-type character; she just gets to frown pensively a lot. On the whole, neither my wife nor I found the movie to be interesting, moving or enjoyable at all.	The characters are cliched and predictable, with everyone being either snow-white pure or wholly evil. The acting is too stilted for it to be bad in an amusing, over-the-top way. It's doubly disappointing if you're a X fan, because X's character is not a typically fun Bette-Davis-type character; X just gets to frown pensively a lot. On the whole, neither my wife nor I found the movie to be interesting, moving or enjoyable at all.
0	The characters are cliched and predictable, with everyone being either snow-white pure or wholly evil. The acting is too stilted for it to be bad in an amusing, over-the-top way. It's doubly disappointing if you're a Feyme fan, because her character is not a typically fun Bette-Davis-type character; she just gets to frown pensively a lot. On the whole, neither my wife nor I found the movie to be interesting, moving or enjoyable at all.	The characters are cliched and predictable, with everyone being either snow-white pure or wholly evil. The acting is too stilted for it to be bad in an amusing, over-the-top way. It's doubly disappointing if you're a X fan, because X's character is not a typically fun Bette-Davis-type character; X just gets to frown pensively a lot. On the whole, neither my wife nor I found the movie to be interesting, moving or enjoyable at all.
0	The characters are cliched and predictable, with everyone being either snow-white pure or wholly evil. The acting is too stilted for it to be bad in an amusing, over-the-top way. It's doubly disappointing if you're a Auphelie fan, because her character is not a typically fun Bette-Davis-type character; she just gets to frown pensively a lot. On the whole, neither my wife nor I found the movie to be interesting, moving or enjoyable at all.	The characters are cliched and predictable, with everyone being either snow-white pure or wholly evil. The acting is too stilted for it to be bad in an amusing, over-the-top way. It's doubly disappointing if you're a X fan, because X's character is not a typically fun Bette-Davis-type character; X just gets to frown pensively a lot. On the whole, neither my wife nor I found the movie to be interesting, moving or enjoyable at all.
